Date,Site,Transect,SPECIES CODE,Start,End,difference
05/08/2025,Corrales_SWFL,C,PODEW,0,0.12,0.12
05/08/2025,Corrales_SWFL,C,THPO7,0,1.04,1.04
05/08/2025,Corrales_SWFL,C,SAEX,1.1,1.11,0.01
05/08/2025,Corrales_SWFL,C,THPO7,1.23,1.25,0.02
05/08/2025,Corrales_SWFL,C,DISP,1.33,1.37,0.04
05/08/2025,Corrales_SWFL,C,JUNCU,1.29,1.31,0.02
05/08/2025,Corrales_SWFL,C,JUNCU,1.48,1.5,0.02
05/08/2025,Corrales_SWFL,C,THPO7,1.8,2.85,1.05
05/08/2025,Corrales_SWFL,C,SAEX,1.74,1.8,0.06
05/08/2025,Corrales_SWFL,C,THPO7,3.04,3.96,0.92
05/08/2025,Corrales_SWFL,C,SAEX,2.73,2.75,0.02
05/08/2025,Corrales_SWFL,C,SAEX,3.38,3.72,0.34
05/08/2025,Corrales_SWFL,C,THPO7,4.14,5.69,1.55
05/08/2025,Corrales_SWFL,C,SAEX,4.19,5.57,1.38
05/08/2025,Corrales_SWFL,C,THPO7,6.21,6.27,0.06
05/08/2025,Corrales_SWFL,C,ELAN,6.48,10,3.52
05/08/2025,Corrales_SWFL,C,LATAP,6.58,6.64,0.06
05/08/2025,Corrales_SWFL,C,THPO7,6.78,7.1,0.32
05/08/2025,Corrales_SWFL,C,LATAP,7.41,7.48,0.07
05/08/2025,Corrales_SWFL,C,DISP,7.53,7.56,0.03
05/08/2025,Corrales_SWFL,C,EUOC4,8.15,8.21,0.06
05/08/2025,Corrales_SWFL,C,EUOC4,8.45,8.62,0.17
05/08/2025,Corrales_SWFL,C,EUOC4,8.69,8.72,0.03
05/08/2025,Corrales_SWFL,C,EUOC4,8.95,9,0.05
05/08/2025,Corrales_SWFL,C,DISP,8.89,8.95,0.06
05/08/2025,Corrales_SWFL,C,DISP,8.39,8.4,0.01
05/08/2025,Corrales_SWFL,C,SAEX,8.91,9.93,1.02
05/08/2025,Corrales_SWFL,C,SAEX,9.96,10,0.04
05/08/2025,Corrales_SWFL,C,EUOC4,10,10.09,0.09
05/08/2025,Corrales_SWFL,C,ELAN,10,16.83,6.83
05/08/2025,Corrales_SWFL,C,LATAP,11.75,11.8,0.05
05/08/2025,Corrales_SWFL,C,LATAP,12.15,12.18,0.03
05/08/2025,Corrales_SWFL,C,SARA3,12.46,12.72,0.26
05/08/2025,Corrales_SWFL,C,SAEX,13.78,15.8,2.02
05/08/2025,Corrales_SWFL,C,FOPUP,17.88,17.92,0.04
05/08/2025,Corrales_SWFL,C,SAEX,19.1,20.6,1.5
05/08/2025,Corrales_SWFL,C,ELAN,19.58,24.9,5.32
05/08/2025,Corrales_SWFL,C,SAEX,22.8,23.65,0.85
05/08/2025,Corrales_SWFL,C,MOAL,25.94,25.97,0.03
05/08/2025,Corrales_SWFL,C,SAEX,25.25,25.59,0.34
05/08/2025,Corrales_SWFL,C,SAEX,25.2,27.25,2.05
05/08/2025,Corrales_SWFL,C,ELAN,27.55,28.7,1.15
05/08/2025,Corrales_SWFL,C,SAEX,27.65,28.9,1.25
05/08/2025,Corrales_SWFL,C,DISP/MUAS,28.61,28.65,0.04
05/08/2025,Corrales_SWFL,C,MOAL,28.94,28.96,0.02
05/08/2025,Corrales_SWFL,C,SARA3,28.91,28.92,0.01
05/08/2025,Corrales_SWFL,C,DISP/MUAS,29.23,29.24,0.01
05/08/2025,Corrales_SWFL,C,SAEX,29.1,29.6,0.5
05/08/2025,Corrales_SWFL,C,ELAN,29.65,30,0.35
05/08/2025,Corrales_SWFL,D,ELAN,0,1.52,1.52
05/08/2025,Corrales_SWFL,D,MEOF,0.13,0.3,0.17
05/08/2025,Corrales_SWFL,D,MEOF,0.53,0.59,0.06
05/08/2025,Corrales_SWFL,D,MEOF,0.71,0.77,0.06
05/08/2025,Corrales_SWFL,D,MEOF,0.86,0.94,0.08
05/08/2025,Corrales_SWFL,D,MEOF,0.99,1.01,0.02
05/08/2025,Corrales_SWFL,D,MEOF,1.06,1.08,0.02
05/08/2025,Corrales_SWFL,D,SARA3,1.24,1.98,0.74
05/08/2025,Corrales_SWFL,D,SAEX,0,0.09,0.09
05/08/2025,Corrales_SWFL,D,SAEX,1.22,3,1.78
05/08/2025,Corrales_SWFL,D,ELAN,2.75,3.05,0.3
05/08/2025,Corrales_SWFL,D,THPO7,2.04,2.06,0.02
05/08/2025,Corrales_SWFL,D,MEOF,1.96,1.99,0.03
05/08/2025,Corrales_SWFL,D,MOAL,2.12,2.15,0.03
05/08/2025,Corrales_SWFL,D,MEOF,2.15,2.24,0.09
05/08/2025,Corrales_SWFL,D,MEOF,2.48,2.53,0.05
05/08/2025,Corrales_SWFL,D,MEOF,2.69,2.71,0.02
05/08/2025,Corrales_SWFL,D,MEOF,3.44,3.47,0.03
05/08/2025,Corrales_SWFL,D,MEOF,3.67,3.71,0.04
05/08/2025,Corrales_SWFL,D,SAEX,3.58,10,6.42
05/08/2025,Corrales_SWFL,D,ELAN,3.71,14.5,10.79
05/08/2025,Corrales_SWFL,D,MEOF,7.73,7.76,0.03
05/08/2025,Corrales_SWFL,D,MEOF,12.39,12.52,0.13
05/08/2025,Corrales_SWFL,D,MEOF,12.07,12.1,0.03
05/08/2025,Corrales_SWFL,D,SAEX,12.52,12.76,0.24
05/08/2025,Corrales_SWFL,D,MEOF,12.9,12.91,0.01
05/08/2025,Corrales_SWFL,D,MEOF,13.11,13.15,0.04
05/08/2025,Corrales_SWFL,D,SAEX,14,14.05,0.05
05/08/2025,Corrales_SWFL,D,MEOF,13.54,13.62,0.08
05/08/2025,Corrales_SWFL,D,MEOF,13.73,13.75,0.02
05/08/2025,Corrales_SWFL,D,MEOF,13.91,13.95,0.04
05/08/2025,Corrales_SWFL,D,MEOF,14.15,14.2,0.05
05/08/2025,Corrales_SWFL,D,SAEX,14.33,15.23,0.9
05/08/2025,Corrales_SWFL,D,MEOF,14.78,14.8,0.02
05/08/2025,Corrales_SWFL,D,SAEX,15.22,15.51,0.29
05/08/2025,Corrales_SWFL,D,MEOF,15.32,15.35,0.03
05/08/2025,Corrales_SWFL,D,ULPU,15.49,15.5,0.01
05/08/2025,Corrales_SWFL,D,MEOF,16.23,16.33,0.1
05/08/2025,Corrales_SWFL,D,ELAN,16.93,19.08,2.15
05/08/2025,Corrales_SWFL,D,SARA3,16.83,16.96,0.13
05/08/2025,Corrales_SWFL,D,SAEX,17.41,17.52,0.11
05/08/2025,Corrales_SWFL,D,SAEX,17.78,17.8,0.02
05/08/2025,Corrales_SWFL,D,SAEX,17.97,20.98,3.01
05/08/2025,Corrales_SWFL,D,MEOF,19.1,19.15,0.05
05/08/2025,Corrales_SWFL,D,MEOF,20.17,20.51,0.34
05/08/2025,Corrales_SWFL,D,ELAN,21.53,24.48,2.95
05/08/2025,Corrales_SWFL,D,SARA3,21.73,21.77,0.04
05/08/2025,Corrales_SWFL,D,SAEX,22.13,22.4,0.27
05/08/2025,Corrales_SWFL,D,SARA3,23.93,23.95,0.02
05/08/2025,Corrales_SWFL,D,SAEX,25.69,25.71,0.02
05/08/2025,Corrales_SWFL,D,SARA3,26.06,26.07,0.01
05/08/2025,Corrales_SWFL,D,ELAN,25.6,30,4.4
05/08/2025,Corrales_SWFL,D,ULPU,29.25,30,0.75
05/08/2025,Corrales_SWFL,E,GRASS,0.06,0.09,0.03
05/08/2025,Corrales_SWFL,E,GRASS,0.11,0.17,0.06
05/08/2025,Corrales_SWFL,E,GRASS,0.19,0.25,0.06
05/08/2025,Corrales_SWFL,E,GRASS,0.31,0.4,0.09
05/08/2025,Corrales_SWFL,E,SARA3,0.49,0.93,0.44
05/08/2025,Corrales_SWFL,E,SAEX,0.68,3.7,3.02
05/08/2025,Corrales_SWFL,E,GRASS,0.79,1.01,0.22
05/08/2025,Corrales_SWFL,E,PODEW,0.85,0.87,0.02
05/08/2025,Corrales_SWFL,E,EUOC4,0.76,0.88,0.12
05/08/2025,Corrales_SWFL,E,JUARL,0.94,0.95,0.01
05/08/2025,Corrales_SWFL,E,SARA3,1.11,1.13,0.02
05/08/2025,Corrales_SWFL,E,JUARL,1.19,1.21,0.02
05/08/2025,Corrales_SWFL,E,PODEW,1.18,1.19,0.01
05/08/2025,Corrales_SWFL,E,EUOC4,1.28,1.31,0.03
05/08/2025,Corrales_SWFL,E,JUARL,1.37,1.39,0.02
05/08/2025,Corrales_SWFL,E,PODEW,1.47,1.74,0.27
05/08/2025,Corrales_SWFL,E,JUARL,1.48,1.52,0.04
05/08/2025,Corrales_SWFL,E,GRASS,1.44,1.47,0.03
05/08/2025,Corrales_SWFL,E,EUOC4,1.5,1.58,0.08
05/08/2025,Corrales_SWFL,E,JUARL,1.68,1.7,0.02
05/08/2025,Corrales_SWFL,E,JUARL,1.78,1.82,0.04
05/08/2025,Corrales_SWFL,E,FORB1,2.08,2.12,0.04
05/08/2025,Corrales_SWFL,E,EUOC4,2.24,2.31,0.07
05/08/2025,Corrales_SWFL,E,GRASS,2.35,2.37,0.02
05/08/2025,Corrales_SWFL,E,DISP,2.53,2.58,0.05
05/08/2025,Corrales_SWFL,E,PODEW,2.64,2.66,0.02
05/08/2025,Corrales_SWFL,E,ULPU,2.96,3.26,0.3
05/08/2025,Corrales_SWFL,E,ELAN,2.61,10.05,7.44
05/08/2025,Corrales_SWFL,E,PODEW,2.75,2.76,0.01
05/08/2025,Corrales_SWFL,E,FORB1,2.76,2.83,0.07
05/08/2025,Corrales_SWFL,E,SARA3,3.14,4.15,1.01
05/08/2025,Corrales_SWFL,E,SAEX,4.2,4.96,0.76
05/08/2025,Corrales_SWFL,E,SAEX,5.91,6.48,0.57
05/08/2025,Corrales_SWFL,E,DISP,5.18,5.38,0.2
05/08/2025,Corrales_SWFL,E,DISP,8,8.01,0.01
05/08/2025,Corrales_SWFL,E,SAEX,7.94,8.19,0.25
05/08/2025,Corrales_SWFL,E,GRASS,8.48,8.5,0.02
05/08/2025,Corrales_SWFL,E,PODEW,8.68,8.71,0.03
05/08/2025,Corrales_SWFL,E,SARA3,8.48,8.49,0.01
05/08/2025,Corrales_SWFL,E,SAEX,8.94,10.02,1.08
05/08/2025,Corrales_SWFL,E,PODEW,9.31,9.65,0.34
05/08/2025,Corrales_SWFL,E,SAEX,10.08,10.1,0.02
05/08/2025,Corrales_SWFL,E,PODEW,10.08,10.09,0.01
05/08/2025,Corrales_SWFL,E,ELAN,10.4,11.96,1.56
05/08/2025,Corrales_SWFL,E,DISP/MUAS,10.11,10.13,0.02
05/08/2025,Corrales_SWFL,E,DISP/MUAS,10.44,10.45,0.01
05/08/2025,Corrales_SWFL,E,DISP/MUAS,10.5,10.54,0.04
05/08/2025,Corrales_SWFL,E,DISP/MUAS,10.67,10.73,0.06
05/08/2025,Corrales_SWFL,E,DISP/MUAS,10.86,10.87,0.01
05/08/2025,Corrales_SWFL,E,PODEW,10.99,11,0.01
05/08/2025,Corrales_SWFL,E,PODEW,11.04,11.05,0.01
05/08/2025,Corrales_SWFL,E,SAEX,11.32,11.73,0.41
05/08/2025,Corrales_SWFL,E,DISP/MUAS,11.48,11.5,0.02
05/08/2025,Corrales_SWFL,E,DISP/MUAS,11.54,11.55,0.01
05/08/2025,Corrales_SWFL,E,EUOC4,11.86,11.87,0.01
05/08/2025,Corrales_SWFL,E,DISP/MUAS,11.89,11.9,0.01
05/08/2025,Corrales_SWFL,E,PODEW,11.44,11.96,0.52
05/08/2025,Corrales_SWFL,E,GRASS,11.91,11.93,0.02
05/08/2025,Corrales_SWFL,E,JUNCU,12.1,12.12,0.02
05/08/2025,Corrales_SWFL,E,JUNCU,12.21,12.23,0.02
05/08/2025,Corrales_SWFL,E,BASA4,12.31,12.94,0.63
05/08/2025,Corrales_SWFL,E,SARA3,12.5,12.52,0.02
05/08/2025,Corrales_SWFL,E,SARA3,12.56,12.71,0.15
05/08/2025,Corrales_SWFL,E,PODEW,12.8,12.82,0.02
05/08/2025,Corrales_SWFL,E,SAEX,13.57,13.81,0.24
05/08/2025,Corrales_SWFL,E,GRASS,13.23,13.25,0.02
05/08/2025,Corrales_SWFL,E,SARA3,13.39,13.6,0.21
05/08/2025,Corrales_SWFL,E,SARA3,13.65,13.7,0.05
05/08/2025,Corrales_SWFL,E,PODEW,13.43,13.45,0.02
05/08/2025,Corrales_SWFL,E,ELAN,13.84,13.97,0.13
05/08/2025,Corrales_SWFL,E,GRASS,16.57,16.59,0.02
05/08/2025,Corrales_SWFL,E,SAEX,15.8,16.03,0.23
05/08/2025,Corrales_SWFL,E,SAEX,16.72,16.94,0.22
05/08/2025,Corrales_SWFL,E,DISP/MUAS,16.95,17.01,0.06
05/08/2025,Corrales_SWFL,E,EQLA,16.96,16.97,0.01
05/08/2025,Corrales_SWFL,E,SAEX,17.44,17.46,0.02
05/08/2025,Corrales_SWFL,E,SARA3,17.47,17.8,0.33
05/08/2025,Corrales_SWFL,E,SAEX,17.51,17.8,0.29
05/08/2025,Corrales_SWFL,E,PODEW,18.56,18.88,0.32
05/08/2025,Corrales_SWFL,E,SAEX,18.54,18.81,0.27
05/08/2025,Corrales_SWFL,E,BASA4,18.61,18.63,0.02
05/08/2025,Corrales_SWFL,E,SARA3,18.75,18.89,0.14
05/08/2025,Corrales_SWFL,E,BASA4,19.05,19.08,0.03
05/08/2025,Corrales_SWFL,E,LACTU,19.21,19.27,0.06
05/08/2025,Corrales_SWFL,E,EQLA,19.35,19.36,0.01
05/08/2025,Corrales_SWFL,E,SAEX,19.59,19.66,0.07
05/08/2025,Corrales_SWFL,E,SARA3,19.95,20,0.05
05/08/2025,Corrales_SWFL,E,SAEX,20.19,20.21,0.02
05/08/2025,Corrales_SWFL,E,PODEW,20.06,20.72,0.66
05/08/2025,Corrales_SWFL,E,SAEX,20.77,20.81,0.04
05/08/2025,Corrales_SWFL,E,SCPU10,20.4,20.43,0.03
05/08/2025,Corrales_SWFL,E,SAEX,21.25,21.79,0.54
05/08/2025,Corrales_SWFL,E,EUOC4,22.33,22.39,0.06
05/08/2025,Corrales_SWFL,E,SAEX,22.36,24.53,2.17
05/08/2025,Corrales_SWFL,E,DISP/MUAS,21.88,21.9,0.02
05/08/2025,Corrales_SWFL,E,EUOC4,22.67,22.69,0.02
05/08/2025,Corrales_SWFL,E,EUOC4,24.11,24.17,0.06
05/08/2025,Corrales_SWFL,E,EUOC4,24.63,24.65,0.02
05/08/2025,Corrales_SWFL,E,SARA3,24.67,24.68,0.01
05/08/2025,Corrales_SWFL,E,EQLA,24.25,24.26,0.01
05/08/2025,Corrales_SWFL,E,SCPU10,25.42,25.44,0.02
05/08/2025,Corrales_SWFL,E,DISP/MUAS,24.97,24.98,0.01
05/08/2025,Corrales_SWFL,E,SAEX,25.27,25.82,0.55
05/08/2025,Corrales_SWFL,E,DISP/MUAS,25.74,25.75,0.01
05/08/2025,Corrales_SWFL,E,DISP/MUAS,25.98,26,0.02
05/08/2025,Corrales_SWFL,E,DISP/MUAS,26.16,26.17,0.01
05/08/2025,Corrales_SWFL,E,ELAN,26.07,29.9,3.83
05/08/2025,Corrales_SWFL,E,SARA3,26.81,26.82,0.01
05/08/2025,Corrales_SWFL,E,SARA3,27.17,27.21,0.04
05/08/2025,Corrales_SWFL,E,SARA3,28.89,28.91,0.02
05/08/2025,Corrales_SWFL,E,SARA3,29.4,29.63,0.23
05/08/2025,Corrales_SWFL,F,SARA3,0,4.38,4.38
05/08/2025,Corrales_SWFL,F,DISP,0.71,0.8,0.09
05/08/2025,Corrales_SWFL,F,SARA3,0.82,1.29,0.47
05/08/2025,Corrales_SWFL,F,SAEX,1.05,5.16,4.11
05/08/2025,Corrales_SWFL,F,BASA4,1.82,2.4,0.58
05/08/2025,Corrales_SWFL,F,SARA3,2.2,2.25,0.05
05/08/2025,Corrales_SWFL,F,SARA3,2.64,2.75,0.11
05/08/2025,Corrales_SWFL,F,BASA4,2.72,2.81,0.09
05/08/2025,Corrales_SWFL,F,SARA3,3.29,3.94,0.65
05/08/2025,Corrales_SWFL,F,SARA3,4.42,5.23,0.81
05/08/2025,Corrales_SWFL,F,DISP,5.27,5.3,0.03
05/08/2025,Corrales_SWFL,F,SARA3,5.66,6.17,0.51
05/08/2025,Corrales_SWFL,F,ELAN,5.85,6.52,0.67
05/08/2025,Corrales_SWFL,F,SAEX,6.06,8.61,2.55
05/08/2025,Corrales_SWFL,F,TACH2,7.52,8.75,1.23
05/08/2025,Corrales_SWFL,F,ULPU,9.13,9.21,0.08
05/08/2025,Corrales_SWFL,F,SARA3,8.96,9.9,0.94
05/08/2025,Corrales_SWFL,F,SAEX,9.77,12.51,2.74
05/08/2025,Corrales_SWFL,F,SARA3,11.42,12.21,0.79
05/08/2025,Corrales_SWFL,F,DISP/MUAS,12.95,12.96,0.01
05/08/2025,Corrales_SWFL,F,DISP/MUAS,13.07,13.11,0.04
05/08/2025,Corrales_SWFL,F,SAEX,12.99,14.39,1.4
05/08/2025,Corrales_SWFL,F,ELAN,13.19,17.65,4.46
05/08/2025,Corrales_SWFL,F,DISP/MUAS,14.09,14.1,0.01
05/08/2025,Corrales_SWFL,F,SAEX,15.79,16.01,0.22
05/08/2025,Corrales_SWFL,F,SARA3,16.3,16.82,0.52
05/08/2025,Corrales_SWFL,F,SAEX,17.48,17.49,0.01
05/08/2025,Corrales_SWFL,F,SAEX,17.87,18.2,0.33
05/08/2025,Corrales_SWFL,F,SAEX,18.88,19.1,0.22
05/08/2025,Corrales_SWFL,F,SAEX,19.5,20.28,0.78
05/08/2025,Corrales_SWFL,F,ULPU,20,20.15,0.15
05/08/2025,Corrales_SWFL,F,SAEX,20.6,20.71,0.11
05/08/2025,Corrales_SWFL,F,MEOF,20.45,20.62,0.17
05/08/2025,Corrales_SWFL,F,MEOF,20.89,20.92,0.03
05/08/2025,Corrales_SWFL,F,ELAN,21,21.45,0.45
05/08/2025,Corrales_SWFL,F,SAEX,21.27,22.11,0.84
05/08/2025,Corrales_SWFL,F,ELAN,21.9,27.7,5.8
05/08/2025,Corrales_SWFL,F,SAEX,22.39,22.76,0.37
05/08/2025,Corrales_SWFL,F,MEOF,22.03,22.06,0.03
05/08/2025,Corrales_SWFL,F,MEOF,22.46,22.48,0.02
05/08/2025,Corrales_SWFL,F,SARA3,28.87,28.91,0.04
05/08/2025,Corrales_SWFL,F,SAEX,28.65,28.7,0.05
05/08/2025,Corrales_SWFL,F,BASA4,28.36,28.59,0.23
05/08/2025,Corrales_SWFL,F,ELAN,28.03,28.89,0.86
05/08/2025,Corrales_SWFL,F,BASA4,28.81,29.75,0.94
05/08/2025,Corrales_SWFL,F,MEOF,28.58,28.59,0.01
05/08/2025,Corrales_SWFL,F,SAEX,28.95,30,1.05
05/08/2025,Corrales_SWFL,G,ELAN,0,3.58,3.58
05/08/2025,Corrales_SWFL,G,SARA3,1.26,1.27,0.01
05/08/2025,Corrales_SWFL,G,SAEX,3.6,4.02,0.42
05/08/2025,Corrales_SWFL,G,DISP,4.95,4.97,0.02
05/08/2025,Corrales_SWFL,G,DISP,5.09,5.12,0.03
05/08/2025,Corrales_SWFL,G,DISP,5.29,5.31,0.02
05/08/2025,Corrales_SWFL,G,DISP,5.44,5.59,0.15
05/08/2025,Corrales_SWFL,G,DISP,5.69,5.82,0.13
05/08/2025,Corrales_SWFL,G,MEOF,5.83,5.85,0.02
05/08/2025,Corrales_SWFL,G,SAEX,4.92,5.2,0.28
05/08/2025,Corrales_SWFL,G,SAEX,6.1,6.15,0.05
05/08/2025,Corrales_SWFL,G,DISP,5.92,6.58,0.66
05/08/2025,Corrales_SWFL,G,MEOF,6.08,6.1,0.02
05/08/2025,Corrales_SWFL,G,JUNCU,6.16,6.2,0.04
05/08/2025,Corrales_SWFL,G,MEOF,6.35,6.45,0.1
05/08/2025,Corrales_SWFL,G,EQLA,6.72,6.74,0.02
05/08/2025,Corrales_SWFL,G,DISP,6.73,6.76,0.03
05/08/2025,Corrales_SWFL,G,JUNCU,6.74,6.8,0.06
05/08/2025,Corrales_SWFL,G,JUNCU,6.98,7.01,0.03
05/08/2025,Corrales_SWFL,G,DISP,7.05,7.1,0.05
05/08/2025,Corrales_SWFL,G,MEOF,7.14,7.35,0.21
05/08/2025,Corrales_SWFL,G,DISP,7.32,8.35,1.03
05/08/2025,Corrales_SWFL,G,MEOF,7.53,7.58,0.05
05/08/2025,Corrales_SWFL,G,EQLA,7.83,7.91,0.08
05/08/2025,Corrales_SWFL,G,MEOF,8.08,8.26,0.18
05/08/2025,Corrales_SWFL,G,MEOF,8.4,8.44,0.04
05/08/2025,Corrales_SWFL,G,MEOF,8.54,8.81,0.27
05/08/2025,Corrales_SWFL,G,MEOF,8.9,8.92,0.02
05/08/2025,Corrales_SWFL,G,MUAS,8.54,8.55,0.01
05/08/2025,Corrales_SWFL,G,SARA3,8.39,8.58,0.19
05/08/2025,Corrales_SWFL,G,SAEX,8.6,8.85,0.25
05/08/2025,Corrales_SWFL,G,SARA3,8.92,9.1,0.18
05/08/2025,Corrales_SWFL,G,SARA3,9.2,9.22,0.02
05/08/2025,Corrales_SWFL,G,SARA3,9.48,10.27,0.79
05/08/2025,Corrales_SWFL,G,MEOF,11.18,11.22,0.04
05/08/2025,Corrales_SWFL,G,MEOF,11.31,11.38,0.07
05/08/2025,Corrales_SWFL,G,SAEX,10.9,11.2,0.3
05/08/2025,Corrales_SWFL,G,SAEX,11.55,12.94,1.39
05/08/2025,Corrales_SWFL,G,MEOF,11.71,11.73,0.02
05/08/2025,Corrales_SWFL,G,MEOF,11.99,12.01,0.02
05/08/2025,Corrales_SWFL,G,DISP/MUAS,12.88,12.9,0.02
05/08/2025,Corrales_SWFL,G,DISP/MUAS,13.38,13.55,0.17
05/08/2025,Corrales_SWFL,G,MEOF,13.42,13.58,0.16
05/08/2025,Corrales_SWFL,G,SAEX,13.84,14.68,0.84
05/08/2025,Corrales_SWFL,G,JUARL,13.78,13.85,0.07
05/08/2025,Corrales_SWFL,G,JUARL,13.45,13.48,0.03
05/08/2025,Corrales_SWFL,G,DISP,14.15,14.18,0.03
05/08/2025,Corrales_SWFL,G,CAREX,14.36,14.39,0.03
05/08/2025,Corrales_SWFL,G,JUNCU,14.68,14.69,0.01
05/08/2025,Corrales_SWFL,G,DISP/MUAS,14.68,14.7,0.02
05/08/2025,Corrales_SWFL,G,SARA3,14.77,14.99,0.22
05/08/2025,Corrales_SWFL,G,DISP/MUAS,15.1,15.11,0.01
05/08/2025,Corrales_SWFL,G,DISP/MUAS,15.32,15.33,0.01
05/08/2025,Corrales_SWFL,G,DISP/MUAS,15.44,15.47,0.03
05/08/2025,Corrales_SWFL,G,SAEX,15.21,15.39,0.18
05/08/2025,Corrales_SWFL,G,FORB,15.3,15.31,0.01
05/08/2025,Corrales_SWFL,G,MEOF,16.11,16.14,0.03
05/08/2025,Corrales_SWFL,G,SARA3,16.54,17.95,1.41
05/08/2025,Corrales_SWFL,G,PODEW,16.51,17.48,0.97
05/08/2025,Corrales_SWFL,G,MUAS,18.81,18.9,0.09
05/08/2025,Corrales_SWFL,G,MUAS,18.98,19,0.02
05/08/2025,Corrales_SWFL,G,MUAS,19.21,19.22,0.01
05/08/2025,Corrales_SWFL,G,DISP/MUAS,19.51,19.56,0.05
05/08/2025,Corrales_SWFL,G,SAEX,18.6,18.71,0.11
05/08/2025,Corrales_SWFL,G,SAEX,18.8,18.83,0.03
05/08/2025,Corrales_SWFL,G,SAEX,19.6,19.68,0.08
05/08/2025,Corrales_SWFL,G,MUAS,20,20.05,0.05
05/08/2025,Corrales_SWFL,G,MUAS,20.22,20.24,0.02
05/08/2025,Corrales_SWFL,G,MEOF,20.53,20.55,0.02
05/08/2025,Corrales_SWFL,G,FORB,20.2,20.21,0.01
05/08/2025,Corrales_SWFL,G,FORB,20.25,20.27,0.02
05/08/2025,Corrales_SWFL,G,DISP/MUAS,20.83,20.84,0.01
05/08/2025,Corrales_SWFL,G,DISP/MUAS,20.94,20.97,0.03
05/08/2025,Corrales_SWFL,G,SAEX,20.86,20.91,0.05
05/08/2025,Corrales_SWFL,G,EQLA,20.51,20.53,0.02
05/08/2025,Corrales_SWFL,G,MEOF,21.13,21.16,0.03
05/08/2025,Corrales_SWFL,G,SAEX,21.24,21.31,0.07
05/08/2025,Corrales_SWFL,G,DISP/MUAS,21.3,21.55,0.25
05/08/2025,Corrales_SWFL,G,SAEX,21.9,22.04,0.14
05/08/2025,Corrales_SWFL,G,DISP/MUAS,22,22.1,0.1
05/08/2025,Corrales_SWFL,G,DISP/MUAS,22.43,22.45,0.02
05/08/2025,Corrales_SWFL,G,DISP/MUAS,22.81,22.84,0.03
05/08/2025,Corrales_SWFL,G,SAEX,22.9,22.96,0.06
05/08/2025,Corrales_SWFL,G,MUAS,22.95,22.97,0.02
05/08/2025,Corrales_SWFL,G,MUAS,23.14,23.26,0.12
05/08/2025,Corrales_SWFL,G,MUAS,23.38,23.4,0.02
05/08/2025,Corrales_SWFL,G,SAEX,23.5,23.72,0.22
05/08/2025,Corrales_SWFL,G,DISP/MUAS,23.79,24.06,0.27
05/08/2025,Corrales_SWFL,G,MEOF,24.21,24.23,0.02
05/08/2025,Corrales_SWFL,G,BASA4,24.36,24.49,0.13
05/08/2025,Corrales_SWFL,G,DISP/MUAS,24.24,24.78,0.54
05/08/2025,Corrales_SWFL,G,DISP/MUAS,24.88,24.92,0.04
05/08/2025,Corrales_SWFL,G,DISP/MUAS,25.19,25.25,0.06
05/08/2025,Corrales_SWFL,G,DISP/MUAS,25.3,25.31,0.01
05/08/2025,Corrales_SWFL,G,DISP/MUAS,25.51,25.52,0.01
05/08/2025,Corrales_SWFL,G,SARA3,25.87,26.35,0.48
05/08/2025,Corrales_SWFL,G,SAEX,26.72,27.58,0.86
05/08/2025,Corrales_SWFL,G,SAEX,27.9,28.21,0.31
05/08/2025,Corrales_SWFL,G,BASA4,27.7,29,1.3
05/08/2025,Corrales_SWFL,G,GRASS,28.2,28.22,0.02
05/08/2025,Corrales_SWFL,G,BASA4,29.33,30,0.67
05/08/2025,Corrales_SWFL,G,MEOF,29.27,29.3,0.03
05/08/2025,Corrales_SWFL,G,SARA3,29.55,30,0.45
05/07/2025,Corrales_SWFL,H,SAEX,0.3,2.55,2.25
05/07/2025,Corrales_SWFL,H,PODEW,0.59,0.6,0.01
05/07/2025,Corrales_SWFL,H,CAREX,0.19,0.3,0.11
05/07/2025,Corrales_SWFL,H,CAREX,0.76,0.83,0.07
05/07/2025,Corrales_SWFL,H,ELAN,0.95,3.06,2.11
05/07/2025,Corrales_SWFL,H,CAREX,0.94,0.99,0.05
05/07/2025,Corrales_SWFL,H,EUOC4,1.39,1.4,0.01
05/07/2025,Corrales_SWFL,H,CAREX,1.72,1.75,0.03
05/07/2025,Corrales_SWFL,H,EUOC4,1.83,1.86,0.03
05/07/2025,Corrales_SWFL,H,GRASS,2.45,2.48,0.03
05/07/2025,Corrales_SWFL,H,SAEX,2.81,4.42,1.61
05/07/2025,Corrales_SWFL,H,CAREX,4.51,4.59,0.08
05/07/2025,Corrales_SWFL,H,CAREX,4.74,4.8,0.06
05/07/2025,Corrales_SWFL,H,SARA3,4.95,4.97,0.02
05/07/2025,Corrales_SWFL,H,SAEX,5.3,5.8,0.5
05/07/2025,Corrales_SWFL,H,PODEW,5.77,6.76,0.99
05/07/2025,Corrales_SWFL,H,SARA3,6.01,6.91,0.9
05/07/2025,Corrales_SWFL,H,SAEX,6.48,6.69,0.21
05/07/2025,Corrales_SWFL,H,SARA3,7.61,7.99,0.38
05/07/2025,Corrales_SWFL,H,CAREX,7.91,8.04,0.13
05/07/2025,Corrales_SWFL,H,SAEX,7.32,7.46,0.14
05/07/2025,Corrales_SWFL,H,SAEX,8.12,8.79,0.67
05/07/2025,Corrales_SWFL,H,SARA3,8.92,9.2,0.28
05/07/2025,Corrales_SWFL,H,PODEW,9.79,10.3,0.51
05/07/2025,Corrales_SWFL,H,SAEX,10.1,10.14,0.04
05/07/2025,Corrales_SWFL,H,JUNCU,10.57,10.6,0.03
05/07/2025,Corrales_SWFL,H,SARA3,12.14,12.86,0.72
05/07/2025,Corrales_SWFL,H,EUOC4,13.12,13.15,0.03
05/07/2025,Corrales_SWFL,H,SAEX,13.12,13.2,0.08
05/07/2025,Corrales_SWFL,H,JUNCU,13.67,13.68,0.01
05/07/2025,Corrales_SWFL,H,ELAN,14.05,17.12,3.07
05/07/2025,Corrales_SWFL,H,EUOC4,15.8,15.82,0.02
05/07/2025,Corrales_SWFL,H,SARA3,16.69,16.92,0.23
05/07/2025,Corrales_SWFL,H,SAEX,17.18,17.2,0.02
05/07/2025,Corrales_SWFL,H,SAEX,17.21,17.22,0.01
05/07/2025,Corrales_SWFL,H,SAEX,17.98,18,0.02
05/07/2025,Corrales_SWFL,H,ELAN,18.16,18.18,0.02
05/07/2025,Corrales_SWFL,H,SAEX,18.03,18.05,0.02
05/07/2025,Corrales_SWFL,H,ELAN,18.39,18.71,0.32
05/07/2025,Corrales_SWFL,H,ELAN,18.81,18.9,0.09
05/07/2025,Corrales_SWFL,H,ELAN,19.63,19.65,0.02
05/07/2025,Corrales_SWFL,H,SAEX,20,20.1,0.1
05/07/2025,Corrales_SWFL,H,DISP/MUAS,20.25,20.31,0.06
05/07/2025,Corrales_SWFL,H,DISP/MUAS,20.1,20.19,0.09
05/07/2025,Corrales_SWFL,H,EUOC4,20.2,20.25,0.05
05/07/2025,Corrales_SWFL,H,SARA3,20.07,20.08,0.01
05/07/2025,Corrales_SWFL,H,SAEX,21.52,21.7,0.18
05/07/2025,Corrales_SWFL,H,DISP/MUAS,21.28,21.4,0.12
05/07/2025,Corrales_SWFL,H,DISP/MUAS,21.69,21.89,0.2
05/07/2025,Corrales_SWFL,H,SARA3,21.64,21.66,0.02
05/07/2025,Corrales_SWFL,H,ELAN,21.6,22.8,1.2
05/07/2025,Corrales_SWFL,H,JUARL,22.05,22.06,0.01
05/07/2025,Corrales_SWFL,H,DISP/MUAS,22.2,22.29,0.09
05/07/2025,Corrales_SWFL,H,DISP/MUAS,22.5,22.61,0.11
05/07/2025,Corrales_SWFL,H,DISP/MUAS,22.7,22.71,0.01
05/07/2025,Corrales_SWFL,H,DISP/MUAS,22.82,22.9,0.08
05/07/2025,Corrales_SWFL,H,EUOC4,22.95,23.06,0.11
05/07/2025,Corrales_SWFL,H,DISP/MUAS,23.17,23.35,0.18
05/07/2025,Corrales_SWFL,H,SARA3,23.17,23.25,0.08
05/07/2025,Corrales_SWFL,H,DISP/MUAS,23.46,23.84,0.38
05/07/2025,Corrales_SWFL,H,JUARL,23.56,23.6,0.04
05/07/2025,Corrales_SWFL,H,EQLA,23.89,23.91,0.02
05/07/2025,Corrales_SWFL,H,DISP/MUAS,23.95,24,0.05
05/07/2025,Corrales_SWFL,H,SARA3,24.09,24.1,0.01
05/07/2025,Corrales_SWFL,H,SARA3,24.21,24.23,0.02
05/07/2025,Corrales_SWFL,H,EUOC4,24.2,24.22,0.02
05/07/2025,Corrales_SWFL,H,SAEX,24.42,24.66,0.24
05/07/2025,Corrales_SWFL,H,SARA3,24.62,24.69,0.07
05/07/2025,Corrales_SWFL,H,DISP/MUAS,24.62,24.71,0.09
05/07/2025,Corrales_SWFL,H,DISP/MUAS,24.81,24.82,0.01
05/07/2025,Corrales_SWFL,H,DISP/MUAS,25.12,25.21,0.09
05/07/2025,Corrales_SWFL,H,DISP/MUAS,25.27,25.46,0.19
05/07/2025,Corrales_SWFL,H,SARA3,26.02,26.11,0.09
05/07/2025,Corrales_SWFL,H,EUOC4,26.24,26.25,0.01
05/07/2025,Corrales_SWFL,H,DISP/MUAS,26.26,26.35,0.09
05/07/2025,Corrales_SWFL,H,DISP/MUAS,27.03,27.05,0.02
05/07/2025,Corrales_SWFL,H,SAEX,28,28.04,0.04
05/07/2025,Corrales_SWFL,H,SAEX,29.32,29.34,0.02
05/07/2025,Corrales_SWFL,H,ELAN,29.7,30,0.3
05/07/2025,Corrales_SWFL,I,CAREX,0,0.07,0.07
05/07/2025,Corrales_SWFL,I,CAREX,0.13,0.15,0.02
05/07/2025,Corrales_SWFL,I,ELAN,0,3.7,3.7
05/07/2025,Corrales_SWFL,I,CAREX,0.21,0.3,0.09
05/07/2025,Corrales_SWFL,I,CAREX,0.35,0.37,0.02
05/07/2025,Corrales_SWFL,I,CAREX,0.43,0.44,0.01
05/07/2025,Corrales_SWFL,I,EUOC4,0.85,0.86,0.01
05/07/2025,Corrales_SWFL,I,GRASS,0.97,1.01,0.04
05/07/2025,Corrales_SWFL,I,CAREX,1.69,1.76,0.07
05/07/2025,Corrales_SWFL,I,SAEX,1.45,3.25,1.8
05/07/2025,Corrales_SWFL,I,SARA3,3.34,3.49,0.15
05/07/2025,Corrales_SWFL,I,PODEW,2.7,3.5,0.8
05/07/2025,Corrales_SWFL,I,SAEX,3.42,4.45,1.03
05/07/2025,Corrales_SWFL,I,SAEX,5.05,5.15,0.1
05/07/2025,Corrales_SWFL,I,EUOC4,5.35,5.38,0.03
05/07/2025,Corrales_SWFL,I,DISP,5.58,5.6,0.02
05/07/2025,Corrales_SWFL,I,EUOC4,5.86,5.9,0.04
05/07/2025,Corrales_SWFL,I,DISP,6.18,6.23,0.05
05/07/2025,Corrales_SWFL,I,EQLA,6.28,6.3,0.02
05/07/2025,Corrales_SWFL,I,EUOC4,6.49,6.51,0.02
05/07/2025,Corrales_SWFL,I,PODEW,6.66,6.75,0.09
05/07/2025,Corrales_SWFL,I,SARA3,6.29,6.3,0.01
05/07/2025,Corrales_SWFL,I,SAEX,6.49,7.28,0.79
05/07/2025,Corrales_SWFL,I,SARA3,6.87,6.99,0.12
05/07/2025,Corrales_SWFL,I,EUOC4,6.82,6.84,0.02
05/07/2025,Corrales_SWFL,I,EUOC4,7.26,7.33,0.07
05/07/2025,Corrales_SWFL,I,SARA3,7.36,7.53,0.17
05/07/2025,Corrales_SWFL,I,PODEW,7.78,8.45,0.67
05/07/2025,Corrales_SWFL,I,EUOC4,7.73,7.8,0.07
05/07/2025,Corrales_SWFL,I,SARA3,7.8,7.92,0.12
05/07/2025,Corrales_SWFL,I,FORB,8.55,8.58,0.03
05/07/2025,Corrales_SWFL,I,SAEX,8.7,9.82,1.12
05/07/2025,Corrales_SWFL,I,SARA3,10.35,12.71,2.36
05/07/2025,Corrales_SWFL,I,SAEX,11.15,13.25,2.1
05/07/2025,Corrales_SWFL,I,ELAN,12.05,20,7.95
05/07/2025,Corrales_SWFL,I,EUOC4,12.98,13,0.02
05/07/2025,Corrales_SWFL,I,GRASS,14.4,14.41,0.01
05/07/2025,Corrales_SWFL,I,GRASS,14.56,14.61,0.05
05/07/2025,Corrales_SWFL,I,GRASS,14.67,14.69,0.02
05/07/2025,Corrales_SWFL,I,EUOC4,14.58,14.6,0.02
05/07/2025,Corrales_SWFL,I,GRASS,14.83,14.84,0.01
05/07/2025,Corrales_SWFL,I,EUOC4,15.09,15.2,0.11
05/07/2025,Corrales_SWFL,I,MEOF,15.79,15.8,0.01
05/07/2025,Corrales_SWFL,I,GRASS,16.01,16.03,0.02
05/07/2025,Corrales_SWFL,I,DISP/MUAS,16.49,16.52,0.03
05/07/2025,Corrales_SWFL,I,EUOC4,16.25,16.33,0.08
05/07/2025,Corrales_SWFL,I,MEOF,16.62,16.65,0.03
05/07/2025,Corrales_SWFL,I,MEOF,16.7,16.72,0.02
05/07/2025,Corrales_SWFL,I,DISP/MUAS,16.56,16.58,0.02
05/07/2025,Corrales_SWFL,I,SAEX,16.53,16.8,0.27
05/07/2025,Corrales_SWFL,I,DISP/MUAS,17.2,17.22,0.02
05/07/2025,Corrales_SWFL,I,EUOC4,16.47,16.49,0.02
05/07/2025,Corrales_SWFL,I,MEOF,19.18,19.2,0.02
05/07/2025,Corrales_SWFL,I,EQLA,19.2,19.21,0.01
05/07/2025,Corrales_SWFL,I,MACA2,19.21,19.23,0.02
05/07/2025,Corrales_SWFL,I,MEOF,19.46,19.5,0.04
05/07/2025,Corrales_SWFL,I,DISP/MUAS,19.49,19.5,0.01
05/07/2025,Corrales_SWFL,I,MEOF,19.62,19.76,0.14
05/07/2025,Corrales_SWFL,I,MEOF,19.93,20.09,0.16
05/07/2025,Corrales_SWFL,I,SAEX,19.82,19.85,0.03
05/07/2025,Corrales_SWFL,I,ELAN,20.47,22.31,1.84
05/07/2025,Corrales_SWFL,I,SAEX,20.19,20.21,0.02
05/07/2025,Corrales_SWFL,I,DISP/MUAS,20.21,20.35,0.14
05/07/2025,Corrales_SWFL,I,DISP/MUAS,20.71,20.73,0.02
05/07/2025,Corrales_SWFL,I,SARA3,20.77,20.8,0.03
05/07/2025,Corrales_SWFL,I,DISP/MUAS,20.9,20.95,0.05
05/07/2025,Corrales_SWFL,I,MEOF,21.08,21.1,0.02
05/07/2025,Corrales_SWFL,I,BASA,21.2,21.21,0.01
05/07/2025,Corrales_SWFL,I,SAEX,21.21,21.32,0.11
05/07/2025,Corrales_SWFL,I,DISP/MUAS,21.28,21.36,0.08
05/07/2025,Corrales_SWFL,I,DISP/MUAS,21.46,21.55,0.09
05/07/2025,Corrales_SWFL,I,SARA3,21.83,21.89,0.06
05/07/2025,Corrales_SWFL,I,GRASS,21.74,21.79,0.05
05/07/2025,Corrales_SWFL,I,DISP/MUAS,22.2,22.24,0.04
05/07/2025,Corrales_SWFL,I,DEIL,22.39,22.4,0.01
05/07/2025,Corrales_SWFL,I,DISP/MUAS,22.48,22.56,0.08
05/07/2025,Corrales_SWFL,I,EQLA,22.58,22.6,0.02
05/07/2025,Corrales_SWFL,I,DISP/MUAS,22.65,22.71,0.06
05/07/2025,Corrales_SWFL,I,EQLA,22.75,22.76,0.01
05/07/2025,Corrales_SWFL,I,SARA3,23.13,23.15,0.02
05/07/2025,Corrales_SWFL,I,MEOF,23.44,23.5,0.06
05/07/2025,Corrales_SWFL,I,DISP/MUAS,24.03,24.04,0.01
05/07/2025,Corrales_SWFL,I,SAEX,24.62,24.81,0.19
05/07/2025,Corrales_SWFL,I,SARA3,24.97,24.98,0.01
05/07/2025,Corrales_SWFL,I,DISP/MUAS,24.8,24.81,0.01
05/07/2025,Corrales_SWFL,I,ELAN,24.83,26.42,1.59
05/07/2025,Corrales_SWFL,I,SARA3,25.29,25.3,0.01
05/07/2025,Corrales_SWFL,I,SARA3,25.95,25.98,0.03
05/07/2025,Corrales_SWFL,I,SARA3,26.23,26.25,0.02
05/07/2025,Corrales_SWFL,I,MEOF,26.35,26.42,0.07
05/07/2025,Corrales_SWFL,I,MEOF,26.63,26.67,0.04
05/07/2025,Corrales_SWFL,I,EQLA,26.81,26.82,0.01
05/07/2025,Corrales_SWFL,I,LACTU,26.86,26.9,0.04
05/07/2025,Corrales_SWFL,I,DISP/MUAS,26.89,26.92,0.03
05/07/2025,Corrales_SWFL,I,EQLA,26.97,27.02,0.05
05/07/2025,Corrales_SWFL,I,ELAN,26.92,27.27,0.35
05/07/2025,Corrales_SWFL,I,PODEW,26.83,27.18,0.35
05/07/2025,Corrales_SWFL,I,AMPS,27.78,27.79,0.01
05/07/2025,Corrales_SWFL,I,DISP/MUAS,27.98,27.99,0.01
05/07/2025,Corrales_SWFL,I,DISP/MUAS,29.99,30,0.01
05/07/2025,Corrales_SWFL,I,ELAN,28.01,28.07,0.06
05/07/2025,Corrales_SWFL,J,SAEX,0,1.48,1.48
05/07/2025,Corrales_SWFL,J,ELAN,0,0.07,0.07
05/07/2025,Corrales_SWFL,J,EUOC4,1.02,1.03,0.01
05/07/2025,Corrales_SWFL,J,EQLA,1.03,1.04,0.01
05/07/2025,Corrales_SWFL,J,SARA3,1.09,1.1,0.01
05/07/2025,Corrales_SWFL,J,SARA3,1.15,1.19,0.04
05/07/2025,Corrales_SWFL,J,EUOC4,1.32,1.33,0.01
05/07/2025,Corrales_SWFL,J,EQLA,1.48,1.5,0.02
05/07/2025,Corrales_SWFL,J,EQLA,1.75,1.77,0.02
05/07/2025,Corrales_SWFL,J,ELAN,2,3.7,1.7
05/07/2025,Corrales_SWFL,J,SARA3,2.05,2.06,0.01
05/07/2025,Corrales_SWFL,J,EQLA,2.06,2.09,0.03
05/07/2025,Corrales_SWFL,J,EQLA,2.23,2.27,0.04
05/07/2025,Corrales_SWFL,J,PODEW,2.44,3.08,0.64
05/07/2025,Corrales_SWFL,J,SARA3,3.24,3.57,0.33
05/07/2025,Corrales_SWFL,J,SARA3,4.18,4.2,0.02
05/07/2025,Corrales_SWFL,J,ELAN,3.6,4.62,1.02
05/07/2025,Corrales_SWFL,J,SARA3,4.47,4.56,0.09
05/07/2025,Corrales_SWFL,J,SARA3,4.65,4.81,0.16
05/07/2025,Corrales_SWFL,J,SAEX,3.06,4.48,1.42
05/07/2025,Corrales_SWFL,J,SAEX,4.95,6.55,1.6
05/07/2025,Corrales_SWFL,J,ELAN,4.9,6.03,1.13
05/07/2025,Corrales_SWFL,J,SARA3,5.25,5.26,0.01
05/07/2025,Corrales_SWFL,J,GRASS,5.48,5.56,0.08
05/07/2025,Corrales_SWFL,J,GRASS,5.79,5.95,0.16
05/07/2025,Corrales_SWFL,J,SARA3,5.97,6,0.03
05/07/2025,Corrales_SWFL,J,GRASS,6.08,6.11,0.03
05/07/2025,Corrales_SWFL,J,SARA3,6.47,6.68,0.21
05/07/2025,Corrales_SWFL,J,BASA,6.75,6.82,0.07
05/07/2025,Corrales_SWFL,J,GRASS,6.88,6.92,0.04
05/07/2025,Corrales_SWFL,J,SARA3,6.91,6.92,0.01
05/07/2025,Corrales_SWFL,J,EUOC4,7.09,7.25,0.16
05/07/2025,Corrales_SWFL,J,PODEW,7.35,7.58,0.23
05/07/2025,Corrales_SWFL,J,ELAN,7.7,23.44,15.74
05/07/2025,Corrales_SWFL,J,BASA,8.1,8.12,0.02
05/07/2025,Corrales_SWFL,J,FORB,8.44,8.47,0.03
05/07/2025,Corrales_SWFL,J,GRASS,8.54,8.56,0.02
05/07/2025,Corrales_SWFL,J,PODEW,8.84,8.85,0.01
05/07/2025,Corrales_SWFL,J,EUOC4,9.09,9.13,0.04
05/07/2025,Corrales_SWFL,J,GRASS,9.43,9.44,0.01
05/07/2025,Corrales_SWFL,J,GRASS,9.75,9.79,0.04
05/07/2025,Corrales_SWFL,J,DISP/MUAS,9.89,9.92,0.03
05/07/2025,Corrales_SWFL,J,GRASS,10.02,10.04,0.02
05/07/2025,Corrales_SWFL,J,BASA,10.11,10.35,0.24
05/07/2025,Corrales_SWFL,J,DISP/MUAS,10.32,10.41,0.09
05/07/2025,Corrales_SWFL,J,DISP/MUAS,10.47,10.51,0.04
05/07/2025,Corrales_SWFL,J,EUOC4,10.56,10.64,0.08
05/07/2025,Corrales_SWFL,J,GRASS,10.68,10.7,0.02
05/07/2025,Corrales_SWFL,J,MEOF,10.85,10.88,0.03
05/07/2025,Corrales_SWFL,J,SAEX,10.74,10.85,0.11
05/07/2025,Corrales_SWFL,J,GRASS,11.15,11.16,0.01
05/07/2025,Corrales_SWFL,J,EUOC4,11.7,11.74,0.04
05/07/2025,Corrales_SWFL,J,SAEX,11.8,11.82,0.02
05/07/2025,Corrales_SWFL,J,GRASS,12.45,12.48,0.03
05/07/2025,Corrales_SWFL,J,GRASS,12.77,12.83,0.06
05/07/2025,Corrales_SWFL,J,EQLA,13.55,13.56,0.01
05/07/2025,Corrales_SWFL,J,SARA3,13.6,14.25,0.65
05/07/2025,Corrales_SWFL,J,PODEW,15,20.15,5.15
05/07/2025,Corrales_SWFL,J,DISP/MUAS,14.55,14.56,0.01
05/07/2025,Corrales_SWFL,J,DISP/MUAS,14.61,14.62,0.01
05/07/2025,Corrales_SWFL,J,EQLA,14.63,14.65,0.02
05/07/2025,Corrales_SWFL,J,EQLA,15,15.02,0.02
05/07/2025,Corrales_SWFL,J,DISP/MUAS,15.42,15.43,0.01
05/07/2025,Corrales_SWFL,J,DISP/MUAS,15.7,15.71,0.01
05/07/2025,Corrales_SWFL,J,DISP/MUAS,15.79,15.8,0.01
05/07/2025,Corrales_SWFL,J,DISP/MUAS,15.99,16,0.01
05/07/2025,Corrales_SWFL,J,DISP/MUAS,16.04,16.2,0.16
05/07/2025,Corrales_SWFL,J,DISP/MUAS,16.31,16.42,0.11
05/07/2025,Corrales_SWFL,J,DISP/MUAS,16.98,17,0.02
05/07/2025,Corrales_SWFL,J,DISP/MUAS,17.53,17.55,0.02
05/07/2025,Corrales_SWFL,J,SARA3,19.47,19.94,0.47
05/07/2025,Corrales_SWFL,J,SAEX,23.35,23.63,0.28
05/07/2025,Corrales_SWFL,J,SAEX,24.82,24.86,0.04
05/07/2025,Corrales_SWFL,J,ELAN,25.14,28.2,3.06
05/07/2025,Corrales_SWFL,J,ELAN,28.81,29.93,1.12
05/07/2025,Corrales_SWFL,J,DISP/MUAS,22.83,22.84,0.01
05/07/2025,Corrales_SWFL,J,SARA3,23.15,23.23,0.08
05/07/2025,Corrales_SWFL,J,SARA3,24.36,24.42,0.06
05/07/2025,Corrales_SWFL,J,SARA3,24.65,25.48,0.83
05/07/2025,Corrales_SWFL,J,SARA3,24.8,24.85,0.05
05/07/2025,Corrales_SWFL,J,SARA3,25.05,25.15,0.1
05/07/2025,Corrales_SWFL,J,SARA3,25.97,25.98,0.01
05/07/2025,Corrales_SWFL,J,SARA3,26.11,26.13,0.02
05/07/2025,Corrales_SWFL,J,SARA3,26.29,26.3,0.01
05/07/2025,Corrales_SWFL,J,DISP/MUAS,26.32,26.34,0.02
05/07/2025,Corrales_SWFL,J,SARA3,26.45,26.55,0.1
05/07/2025,Corrales_SWFL,J,SARA3,26.72,26.93,0.21
05/07/2025,Corrales_SWFL,J,SARA3,27.24,27.29,0.05
05/07/2025,Corrales_SWFL,J,SARA3,27.46,27.55,0.09
05/07/2025,Corrales_SWFL,J,SAEX,27.63,27.96,0.33
05/07/2025,Corrales_SWFL,J,SARA3,27.91,28.05,0.14
05/07/2025,Corrales_SWFL,J,SARA3,28.25,28.35,0.1
05/07/2025,Corrales_SWFL,J,SARA3,28.43,28.8,0.37
05/07/2025,Corrales_SWFL,J,SARA3,29.54,29.66,0.12
05/21/2025,Corrales_RAV,A,MEOF,0.06,0.08,0.02
05/21/2025,Corrales_RAV,A,JUNCU,0.15,0.16,0.01
05/21/2025,Corrales_RAV,A,SARA3,0.1,0.12,0.02
05/21/2025,Corrales_RAV,A,SARA3,0.35,0.37,0.02
05/21/2025,Corrales_RAV,A,DISP/MUAS,0.36,0.42,0.06
05/21/2025,Corrales_RAV,A,JUNCU,0.48,0.5,0.02
05/21/2025,Corrales_RAV,A,SARA3,1.02,1.78,0.76
05/21/2025,Corrales_RAV,A,DISP/MUAS,2.12,2.15,0.03
05/21/2025,Corrales_RAV,A,DISP,2.25,2.28,0.03
05/21/2025,Corrales_RAV,A,SAEX,2.44,2.64,0.2
05/21/2025,Corrales_RAV,A,DISP,2.45,2.47,0.02
05/21/2025,Corrales_RAV,A,DISP,2.75,2.79,0.04
05/21/2025,Corrales_RAV,A,CAREX,2.94,2.97,0.03
05/21/2025,Corrales_RAV,A,CAREX,3.04,3.06,0.02
05/21/2025,Corrales_RAV,A,CAREX,3.15,3.18,0.03
05/21/2025,Corrales_RAV,A,DISP/MUAS,3.2,3.22,0.02
05/21/2025,Corrales_RAV,A,SARA3,3.23,3.62,0.39
05/21/2025,Corrales_RAV,A,MUAS,3.71,3.75,0.04
05/21/2025,Corrales_RAV,A,ELAN,3.84,3.91,0.07
05/21/2025,Corrales_RAV,A,SAEX,4.07,4.16,0.09
05/21/2025,Corrales_RAV,A,CAREX,4.25,4.26,0.01
05/21/2025,Corrales_RAV,A,CAREX,4.48,4.5,0.02
05/21/2025,Corrales_RAV,A,CAREX,4.58,4.6,0.02
05/21/2025,Corrales_RAV,A,MEOF,4.63,5.37,0.74
05/21/2025,Corrales_RAV,A,MEOF,5.5,5.66,0.16
05/21/2025,Corrales_RAV,A,MEOF,5.78,5.86,0.08
05/21/2025,Corrales_RAV,A,MEOF,5.95,6.15,0.2
05/21/2025,Corrales_RAV,A,SAEX,4.78,5.1,0.32
05/21/2025,Corrales_RAV,A,DISP/MUAS,5.19,5.31,0.12
05/21/2025,Corrales_RAV,A,DISP/MUAS,5.49,5.58,0.09
05/21/2025,Corrales_RAV,A,DISP/MUAS,5.81,5.82,0.01
05/21/2025,Corrales_RAV,A,SARA3,5.92,5.96,0.04
05/21/2025,Corrales_RAV,A,SARA3,6.01,6.28,0.27
05/21/2025,Corrales_RAV,A,SAEX,6.37,6.45,0.08
05/21/2025,Corrales_RAV,A,MEOF,6.28,6.33,0.05
05/21/2025,Corrales_RAV,A,MEOF,6.47,6.51,0.04
05/21/2025,Corrales_RAV,A,JUNCU,6.68,6.74,0.06
05/21/2025,Corrales_RAV,A,MEOF,6.76,6.91,0.15
05/21/2025,Corrales_RAV,A,SARA3,6.74,6.99,0.25
05/21/2025,Corrales_RAV,A,MEOF,7.24,7.27,0.03
05/21/2025,Corrales_RAV,A,SAEX,7.4,7.5,0.1
05/21/2025,Corrales_RAV,A,SAEX,7.38,7.41,0.03
05/21/2025,Corrales_RAV,A,MEOF,7.46,7.49,0.03
05/21/2025,Corrales_RAV,A,DISP/MUAS,7.64,7.66,0.02
05/21/2025,Corrales_RAV,A,BASA,7.74,7.77,0.03
05/21/2025,Corrales_RAV,A,JUNCU,7.75,7.77,0.02
05/21/2025,Corrales_RAV,A,SARA3,7.9,7.97,0.07
05/21/2025,Corrales_RAV,A,SARA3,8.25,8.4,0.15
05/21/2025,Corrales_RAV,A,MEOF,8.32,8.57,0.25
05/21/2025,Corrales_RAV,A,MEOF,8.72,8.75,0.03
05/21/2025,Corrales_RAV,A,MEOF,8.92,8.95,0.03
05/21/2025,Corrales_RAV,A,MEOF,9,9.05,0.05
05/21/2025,Corrales_RAV,A,SAEX,9.23,9.25,0.02
05/21/2025,Corrales_RAV,A,SARA3,9.49,9.53,0.04
05/21/2025,Corrales_RAV,A,DISP/MUAS,10,10.03,0.03
05/21/2025,Corrales_RAV,A,MEOF,10.35,10.37,0.02
05/21/2025,Corrales_RAV,A,JUNCU,10.32,10.33,0.01
05/21/2025,Corrales_RAV,A,SAEX,10.6,10.63,0.03
05/21/2025,Corrales_RAV,A,JUNCU,10.45,10.48,0.03
05/21/2025,Corrales_RAV,A,SARA3,10.73,10.85,0.12
05/21/2025,Corrales_RAV,A,DISP/MUAS,10.9,10.92,0.02
05/21/2025,Corrales_RAV,A,DISP/MUAS,11.2,11.25,0.05
05/21/2025,Corrales_RAV,A,SARA3,11.54,11.57,0.03
05/21/2025,Corrales_RAV,A,SARA3,11.71,11.72,0.01
05/21/2025,Corrales_RAV,A,SAEX,12.44,12.51,0.07
05/21/2025,Corrales_RAV,A,SARA3,12.6,12.61,0.01
05/21/2025,Corrales_RAV,A,SARA3,12.73,13.51,0.78
05/21/2025,Corrales_RAV,A,SAEX,13.82,14.09,0.27
05/21/2025,Corrales_RAV,A,MEOF,14.34,14.39,0.05
05/21/2025,Corrales_RAV,A,SAEX,14.34,14.35,0.01
05/21/2025,Corrales_RAV,A,SAEX,14.45,14.65,0.2
05/21/2025,Corrales_RAV,A,SARA3,14.43,14.76,0.33
05/21/2025,Corrales_RAV,A,SAEX,14.88,15.3,0.42
05/21/2025,Corrales_RAV,A,BASA,15.02,15.15,0.13
05/21/2025,Corrales_RAV,A,MEOF,15.37,15.51,0.14
05/21/2025,Corrales_RAV,A,SAEX,15.52,15.61,0.09
05/21/2025,Corrales_RAV,A,SARA3,15.94,17,1.06
05/21/2025,Corrales_RAV,A,EUOC4,15.43,15.47,0.04
05/21/2025,Corrales_RAV,A,SARA3,15.8,15.83,0.03
05/21/2025,Corrales_RAV,A,SAEX,17.75,17.78,0.03
05/21/2025,Corrales_RAV,A,DISP/MUAS,17.77,17.9,0.13
05/21/2025,Corrales_RAV,A,SAEX,18.1,18.11,0.01
05/21/2025,Corrales_RAV,A,MUAS,18.38,18.43,0.05
05/21/2025,Corrales_RAV,A,MUAS,18.68,18.7,0.02
05/21/2025,Corrales_RAV,A,MUAS,18.79,18.89,0.1
05/21/2025,Corrales_RAV,A,TACH2,19.18,19.68,0.5
05/21/2025,Corrales_RAV,A,MUAS,19.31,19.34,0.03
05/21/2025,Corrales_RAV,A,JUNCU,19.75,19.76,0.01
05/21/2025,Corrales_RAV,A,JUNCU,19.12,19.13,0.01
05/21/2025,Corrales_RAV,A,JUNCU,19.29,19.3,0.01
05/21/2025,Corrales_RAV,A,JUNCU,19.45,19.5,0.05
05/21/2025,Corrales_RAV,A,JUNCU,19.76,19.81,0.05
05/21/2025,Corrales_RAV,A,DISP/MUAS,20,20.01,0.01
05/21/2025,Corrales_RAV,A,JUNCU,20,20.05,0.05
05/21/2025,Corrales_RAV,A,BASA,20.3,20.37,0.07
05/21/2025,Corrales_RAV,A,SARA3,20.65,20.7,0.05
05/21/2025,Corrales_RAV,A,SARA3,20.83,20.85,0.02
05/21/2025,Corrales_RAV,A,SARA3,20.9,20.98,0.08
05/21/2025,Corrales_RAV,A,SARA3,21.22,21.25,0.03
05/21/2025,Corrales_RAV,A,PODEW,21.8,21.9,0.1
05/21/2025,Corrales_RAV,A,JUNCU,21.92,21.93,0.01
05/21/2025,Corrales_RAV,A,JUNCU,22.07,22.08,0.01
05/21/2025,Corrales_RAV,A,SAEX,22.52,22.77,0.25
05/21/2025,Corrales_RAV,A,SARA3,22.63,22.64,0.01
05/21/2025,Corrales_RAV,A,DISP/MUAS,22.39,22.42,0.03
05/21/2025,Corrales_RAV,A,SAEX,22.38,22.5,0.12
05/21/2025,Corrales_RAV,A,SARA3,22.81,23.92,1.11
05/21/2025,Corrales_RAV,A,DISP/MUAS,23.91,23.92,0.01
05/21/2025,Corrales_RAV,A,JUNCU,23.97,23.98,0.01
05/21/2025,Corrales_RAV,A,JUNCU,24.04,24.05,0.01
05/21/2025,Corrales_RAV,A,JUNCU,24.19,24.2,0.01
05/21/2025,Corrales_RAV,A,ELAN,24.38,25.6,1.22
05/21/2025,Corrales_RAV,A,DISP/MUAS,24.29,24.3,0.01
05/21/2025,Corrales_RAV,A,JUNCU,24.3,24.31,0.01
05/21/2025,Corrales_RAV,A,DISP/MUAS,24.57,24.58,0.01
05/21/2025,Corrales_RAV,A,BASA,25.1,25.12,0.02
05/21/2025,Corrales_RAV,A,BASA,25.19,25.22,0.03
05/21/2025,Corrales_RAV,A,DISP/MUAS,15.65,25.67,10.02
05/21/2025,Corrales_RAV,A,SAEX,25.91,25.99,0.08
05/21/2025,Corrales_RAV,A,JUNCU,26.02,26.05,0.03
05/21/2025,Corrales_RAV,A,ELAN,26.5,26.85,0.35
05/21/2025,Corrales_RAV,A,DISP/MUAS,26.65,26.67,0.02
05/21/2025,Corrales_RAV,A,JUNCU,26.85,26.86,0.01
05/21/2025,Corrales_RAV,A,BASA,27.48,27.78,0.3
05/21/2025,Corrales_RAV,A,ELAN,27.76,29.15,1.39
05/21/2025,Corrales_RAV,A,JUNCU,27.06,27.07,0.01
05/21/2025,Corrales_RAV,A,DISP/MUAS,27.16,27.18,0.02
05/21/2025,Corrales_RAV,A,JUNCU,27.27,27.28,0.01
05/21/2025,Corrales_RAV,A,DISP/MUAS,27.42,27.43,0.01
05/21/2025,Corrales_RAV,A,DISP/MUAS,27.6,27.62,0.02
05/21/2025,Corrales_RAV,A,DISP/MUAS,27.73,27.79,0.06
05/21/2025,Corrales_RAV,A,DISP/MUAS,27.82,27.83,0.01
05/21/2025,Corrales_RAV,A,DISP/MUAS,28.05,28.08,0.03
05/21/2025,Corrales_RAV,A,SARA3,28.9,29.03,0.13
05/21/2025,Corrales_RAV,A,BASA,29.24,30,0.76
05/21/2025,Corrales_RAV,A,DISP/MUAS,29.39,29.41,0.02
05/21/2025,Corrales_RAV,A,DISP/MUAS,29.87,29.99,0.12
05/21/2025,Corrales_RAV,A,SAGO,29.68,30,0.32
05/21/2025,Corrales_RAV,B,CAREX,0.07,0.08,0.01
05/21/2025,Corrales_RAV,B,DISP/MUAS,0.2,0.27,0.07
05/21/2025,Corrales_RAV,B,CAREX,0.28,0.32,0.04
05/21/2025,Corrales_RAV,B,DISP,0.28,0.32,0.04
05/21/2025,Corrales_RAV,B,DISP,0.52,0.65,0.13
05/21/2025,Corrales_RAV,B,CAREX,0.67,0.71,0.04
05/21/2025,Corrales_RAV,B,SAEX,0,1.4,1.4
05/21/2025,Corrales_RAV,B,ELAN,1.08,1.18,0.1
05/21/2025,Corrales_RAV,B,MEOF,1.48,1.51,0.03
05/21/2025,Corrales_RAV,B,ELAN,1.74,6.3,4.56
05/21/2025,Corrales_RAV,B,SARA3,1.55,2.26,0.71
05/21/2025,Corrales_RAV,B,SAEX,1.78,1.8,0.02
05/21/2025,Corrales_RAV,B,SARA3,2.49,2.7,0.21
05/21/2025,Corrales_RAV,B,RIAU,3.75,3.79,0.04
05/21/2025,Corrales_RAV,B,CAREX,4.46,4.5,0.04
05/21/2025,Corrales_RAV,B,FOPUP,7.65,10,2.35
05/21/2025,Corrales_RAV,B,PODEW,8.65,10.59,1.94
05/21/2025,Corrales_RAV,B,ELAN,8.81,10,1.19
05/21/2025,Corrales_RAV,B,DISP,9.6,9.72,0.12
05/21/2025,Corrales_RAV,B,SAGO,9.65,9.68,0.03
05/21/2025,Corrales_RAV,B,ASTER,18.84,18.89,0.05
05/21/2025,Corrales_RAV,B,JUNCU,18.8,18.81,0.01
05/21/2025,Corrales_RAV,B,JUNCU,18.95,18.96,0.01
05/21/2025,Corrales_RAV,B,DISP/MUAS,19.06,19.07,0.01
05/21/2025,Corrales_RAV,B,ASTER,19.29,19.34,0.05
05/21/2025,Corrales_RAV,B,SAEX,19.36,19.41,0.05
05/21/2025,Corrales_RAV,B,SARA3,19.48,20,0.52
05/21/2025,Corrales_RAV,B,ELAN,10,12.64,2.64
05/21/2025,Corrales_RAV,B,PODEW,10,10.9,0.9
05/21/2025,Corrales_RAV,B,SAEX,10.7,10.79,0.09
05/21/2025,Corrales_RAV,B,MUAS,10.5,10.51,0.01
05/21/2025,Corrales_RAV,B,MUAS,10.62,10.64,0.02
05/21/2025,Corrales_RAV,B,MUAS,10.69,10.71,0.02
05/21/2025,Corrales_RAV,B,MUAS,10.93,10.94,0.01
05/21/2025,Corrales_RAV,B,MUAS,11.72,11.9,0.18
05/21/2025,Corrales_RAV,B,SARA3,12.42,12.6,0.18
05/21/2025,Corrales_RAV,B,MEOF,12.57,12.76,0.19
05/21/2025,Corrales_RAV,B,MEOF,12.9,12.93,0.03
05/21/2025,Corrales_RAV,B,MEOF,12.98,13.02,0.04
05/21/2025,Corrales_RAV,B,SAEX,13.21,13.39,0.18
05/21/2025,Corrales_RAV,B,SAEX,13.6,13.8,0.2
05/21/2025,Corrales_RAV,B,MEOF,13.19,13.45,0.26
05/21/2025,Corrales_RAV,B,MEOF,13.69,13.84,0.15
05/21/2025,Corrales_RAV,B,JUNCU,13.52,13.54,0.02
05/21/2025,Corrales_RAV,B,SARA3,13.93,14.24,0.31
05/21/2025,Corrales_RAV,B,MEOF,14.22,14.26,0.04
05/21/2025,Corrales_RAV,B,DISP/MUAS,14.41,14.66,0.25
05/21/2025,Corrales_RAV,B,MEOF,14.56,14.71,0.15
05/21/2025,Corrales_RAV,B,MEOF,14.93,14.97,0.04
05/21/2025,Corrales_RAV,B,ELAN,15.18,16.21,1.03
05/21/2025,Corrales_RAV,B,MEOF,15.04,15.33,0.29
05/21/2025,Corrales_RAV,B,MEOF,15.62,15.91,0.29
05/21/2025,Corrales_RAV,B,DISP/MUAS,15.61,15.7,0.09
05/21/2025,Corrales_RAV,B,DISP/MUAS,16.08,16.12,0.04
05/21/2025,Corrales_RAV,B,DISP/MUAS,16.2,16.26,0.06
05/21/2025,Corrales_RAV,B,JUNCU,16.07,16.09,0.02
05/21/2025,Corrales_RAV,B,MEOF,16.15,16.2,0.05
05/21/2025,Corrales_RAV,B,MEOF,16.42,16.45,0.03
05/21/2025,Corrales_RAV,B,SARA3,16.65,16.83,0.18
05/21/2025,Corrales_RAV,B,MEOF,16.61,16.92,0.31
05/21/2025,Corrales_RAV,B,MEOF,17.09,17.3,0.21
05/21/2025,Corrales_RAV,B,DISP/MUAS,16.97,17.1,0.13
05/21/2025,Corrales_RAV,B,JUNCU,17.15,17.16,0.01
05/21/2025,Corrales_RAV,B,JUNCU,17.44,17.45,0.01
05/21/2025,Corrales_RAV,B,DISP/MUAS,17.69,17.72,0.03
05/21/2025,Corrales_RAV,B,DISP/MUAS,18.06,18.1,0.04
05/21/2025,Corrales_RAV,B,JUNCU,18.33,18.34,0.01
05/21/2025,Corrales_RAV,B,MUAS,18.44,18.62,0.18
05/21/2025,Corrales_RAV,B,SARA3,20.12,20.2,0.08
05/21/2025,Corrales_RAV,B,SARA3,20.44,20.45,0.01
05/21/2025,Corrales_RAV,B,SARA3,20.58,20.6,0.02
05/21/2025,Corrales_RAV,B,SARA3,21.05,21.06,0.01
05/21/2025,Corrales_RAV,B,SAEX,21.32,21.49,0.17
05/21/2025,Corrales_RAV,B,SAEX,21.68,21.79,0.11
05/21/2025,Corrales_RAV,B,EUOC4,21.7,21.74,0.04
05/21/2025,Corrales_RAV,B,SAEX,22.02,22.07,0.05
05/21/2025,Corrales_RAV,B,EUOC4,22.65,22.67,0.02
05/21/2025,Corrales_RAV,B,EUOC4,22.69,22.71,0.02
05/21/2025,Corrales_RAV,B,DISP/MUAS,22.88,22.89,0.01
05/21/2025,Corrales_RAV,B,DISP/MUAS,23.02,23.03,0.01
05/21/2025,Corrales_RAV,B,DISP/MUAS,23.25,23.26,0.01
05/21/2025,Corrales_RAV,B,EUOC4,23.42,23.43,0.01
05/21/2025,Corrales_RAV,B,EUOC4,23.69,23.7,0.01
05/21/2025,Corrales_RAV,B,EUOC4,23.73,23.77,0.04
05/21/2025,Corrales_RAV,B,DISP/MUAS,23.96,23.97,0.01
05/21/2025,Corrales_RAV,B,DISP/MUAS,24.09,24.1,0.01
05/21/2025,Corrales_RAV,B,DISP/MUAS,24.17,24.18,0.01
05/21/2025,Corrales_RAV,B,DISP/MUAS,24.29,24.3,0.01
05/21/2025,Corrales_RAV,B,SARA3,24.45,24.46,0.01
05/21/2025,Corrales_RAV,B,SARA3,24.48,24.49,0.01
05/21/2025,Corrales_RAV,B,EUOC4,24.63,24.64,0.01
05/21/2025,Corrales_RAV,B,DISP/MUAS,24.75,24.79,0.04
05/21/2025,Corrales_RAV,B,DISP/MUAS,24.86,24.9,0.04
05/21/2025,Corrales_RAV,B,DISP/MUAS,24.94,24.95,0.01
05/21/2025,Corrales_RAV,B,DISP/MUAS,25.06,25.07,0.01
05/21/2025,Corrales_RAV,B,DISP/MUAS,25.08,25.09,0.01
05/21/2025,Corrales_RAV,B,EUOC4,24.87,24.88,0.01
05/21/2025,Corrales_RAV,B,EUOC4,25.02,25.06,0.04
05/21/2025,Corrales_RAV,B,DISP/MUAS,25.13,25.15,0.02
05/21/2025,Corrales_RAV,B,SAEX,24.39,24.5,0.11
05/21/2025,Corrales_RAV,B,JUNCU,25.19,25.2,0.01
05/21/2025,Corrales_RAV,B,EUOC4,25.36,25.42,0.06
05/21/2025,Corrales_RAV,B,DISP/MUAS,25.57,25.58,0.01
05/21/2025,Corrales_RAV,B,EUOC4,25.69,25.74,0.05
05/21/2025,Corrales_RAV,B,DISP/MUAS,25.78,25.79,0.01
05/21/2025,Corrales_RAV,B,JUNCU,25.91,25.92,0.01
05/21/2025,Corrales_RAV,B,DISP/MUAS,25.96,25.97,0.01
05/21/2025,Corrales_RAV,B,JUNCU,26.03,26.04,0.01
05/21/2025,Corrales_RAV,B,EUOC4,26.27,26.33,0.06
05/21/2025,Corrales_RAV,B,ELAN,26.05,26.1,0.05
05/21/2025,Corrales_RAV,B,ELAN,26.59,26.68,0.09
05/21/2025,Corrales_RAV,B,DISP/MUAS,26.83,26.84,0.01
05/21/2025,Corrales_RAV,B,EUOC4,26.92,27.04,0.12
05/21/2025,Corrales_RAV,B,DISP/MUAS,27.38,27.4,0.02
05/21/2025,Corrales_RAV,B,DISP/MUAS,27.43,27.45,0.02
05/21/2025,Corrales_RAV,B,ELAN,27.4,28.49,1.09
05/21/2025,Corrales_RAV,B,DISP/MUAS,27.55,27.57,0.02
05/21/2025,Corrales_RAV,B,DISP/MUAS,27.76,27.78,0.02
05/21/2025,Corrales_RAV,B,DISP/MUAS,27.87,27.88,0.01
05/21/2025,Corrales_RAV,B,EUOC4,27.94,27.95,0.01
05/21/2025,Corrales_RAV,B,EUOC4,27.99,28,0.01
05/21/2025,Corrales_RAV,B,EUOC4,28.02,28.06,0.04
05/21/2025,Corrales_RAV,B,DISP/MUAS,28.01,28.03,0.02
05/21/2025,Corrales_RAV,B,DISP/MUAS,28.06,28.1,0.04
05/21/2025,Corrales_RAV,B,DISP/MUAS,28.25,28.28,0.03
05/21/2025,Corrales_RAV,B,DISP/MUAS,28.38,28.39,0.01
05/21/2025,Corrales_RAV,B,DISP/MUAS,28.52,28.58,0.06
05/21/2025,Corrales_RAV,B,DISP/MUAS,28.63,28.64,0.01
05/21/2025,Corrales_RAV,B,DISP/MUAS,28.75,28.76,0.01
05/21/2025,Corrales_RAV,B,JUNCU,28.82,28.83,0.01
05/21/2025,Corrales_RAV,B,DISP/MUAS,28.85,28.87,0.02
05/21/2025,Corrales_RAV,B,EUOC4,28.9,28.91,0.01
05/21/2025,Corrales_RAV,B,EUOC4,28.94,28.95,0.01
05/21/2025,Corrales_RAV,B,DISP/MUAS,28.96,28.98,0.02
05/21/2025,Corrales_RAV,B,JUNCU,29.07,29.08,0.01
05/21/2025,Corrales_RAV,B,DISP/MUAS,29.07,29.13,0.06
05/21/2025,Corrales_RAV,B,DISP/MUAS,29.25,29.26,0.01
05/21/2025,Corrales_RAV,B,DISP/MUAS,29.3,29.32,0.02
05/21/2025,Corrales_RAV,B,DISP/MUAS,29.35,29.41,0.06
05/21/2025,Corrales_RAV,B,PODEW,27.24,29.87,2.63
05/21/2025,Corrales_RAV,B,DISP/MUAS,29.44,29.45,0.01
05/21/2025,Corrales_RAV,B,DISP/MUAS,29.52,29.53,0.01
05/21/2025,Corrales_RAV,B,DISP/MUAS,29.59,29.63,0.04
05/21/2025,Corrales_RAV,B,SARA3,29.74,29.75,0.01
05/21/2025,Corrales_RAV,B,DISP/MUAS,29.8,29.81,0.01
05/21/2025,Corrales_RAV,B,JUNCU,29.85,29.86,0.01
05/21/2025,Corrales_RAV,B,JUNCU,29.87,29.88,0.01
05/21/2025,Corrales_RAV,B,DISP/MUAS,29.9,29.91,0.01
05/21/2025,Corrales_RAV,B,JUNCU,29.95,29.96,0.01
05/21/2025,Corrales_RAV,B,JUNCU,29.97,30,0.03
05/21/2025,Corrales_RAV,C,BASA,0,0.14,0.14
05/21/2025,Corrales_RAV,C,MEOF,0.35,0.4,0.05
05/21/2025,Corrales_RAV,C,SARA3,0.63,0.93,0.3
05/21/2025,Corrales_RAV,C,FORB,0.8,0.83,0.03
05/21/2025,Corrales_RAV,C,CYPER,1.08,1.11,0.03
05/21/2025,Corrales_RAV,C,JUNCU,1.18,1.19,0.01
05/21/2025,Corrales_RAV,C,SAEX,1.51,1.56,0.05
05/21/2025,Corrales_RAV,C,MEOF,1.62,1.65,0.03
05/21/2025,Corrales_RAV,C,SARA3,1.16,1.17,0.01
05/21/2025,Corrales_RAV,C,SARA3,1.92,1.94,0.02
05/21/2025,Corrales_RAV,C,SAEX,1.95,1.98,0.03
05/21/2025,Corrales_RAV,C,MEOF,2.04,2.11,0.07
05/21/2025,Corrales_RAV,C,SAEX,2.23,2.29,0.06
05/21/2025,Corrales_RAV,C,MEOF,2.35,2.51,0.16
05/21/2025,Corrales_RAV,C,SAEX,2.45,2.48,0.03
05/21/2025,Corrales_RAV,C,SARA3,2.54,2.63,0.09
05/21/2025,Corrales_RAV,C,MEOF,2.87,2.95,0.08
05/21/2025,Corrales_RAV,C,SARA3,2.99,3,0.01
05/21/2025,Corrales_RAV,C,SARA3,3.1,3.31,0.21
05/21/2025,Corrales_RAV,C,SAEX,3.17,3.2,0.03
05/21/2025,Corrales_RAV,C,MEOF,3.29,3.47,0.18
05/21/2025,Corrales_RAV,C,JUNCU,3.52,3.54,0.02
05/21/2025,Corrales_RAV,C,MEOF,3.61,3.74,0.13
05/21/2025,Corrales_RAV,C,MEOF,3.79,3.82,0.03
05/21/2025,Corrales_RAV,C,SARA3,3.86,3.9,0.04
05/21/2025,Corrales_RAV,C,MEOF,3.92,3.95,0.03
05/21/2025,Corrales_RAV,C,MEOF,4.13,4.87,0.74
05/21/2025,Corrales_RAV,C,BASA,4.29,4.74,0.45
05/21/2025,Corrales_RAV,C,SARA3,4.84,4.88,0.04
05/21/2025,Corrales_RAV,C,BASA,4.93,4.96,0.03
05/21/2025,Corrales_RAV,C,SAEX,4.95,5.52,0.57
05/21/2025,Corrales_RAV,C,SARA3,4.92,4.94,0.02
05/21/2025,Corrales_RAV,C,MEOF,5.2,5.41,0.21
05/21/2025,Corrales_RAV,C,MEOF,5.53,5.61,0.08
05/21/2025,Corrales_RAV,C,MEOF,5.75,5.82,0.07
05/21/2025,Corrales_RAV,C,MEOF,5.89,6.28,0.39
05/21/2025,Corrales_RAV,C,MEOF,6.3,6.43,0.13
05/21/2025,Corrales_RAV,C,MEOF,6.59,6.65,0.06
05/21/2025,Corrales_RAV,C,BASA,6.86,6.9,0.04
05/21/2025,Corrales_RAV,C,SAEX,6.85,6.9,0.05
05/21/2025,Corrales_RAV,C,BASA,7.13,7.15,0.02
05/21/2025,Corrales_RAV,C,SARA3,7.4,7.6,0.2
05/21/2025,Corrales_RAV,C,SARA3,7.68,7.75,0.07
05/21/2025,Corrales_RAV,C,MEOF,7.84,7.91,0.07
05/21/2025,Corrales_RAV,C,SAEX,7.88,8,0.12
05/21/2025,Corrales_RAV,C,FORB,8.08,8.09,0.01
05/21/2025,Corrales_RAV,C,MEOF,8.23,8.25,0.02
05/21/2025,Corrales_RAV,C,CYPER,8.32,8.33,0.01
05/21/2025,Corrales_RAV,C,DISP/MUAS,8.32,8.34,0.02
05/21/2025,Corrales_RAV,C,DISP/MUAS,8.38,8.4,0.02
05/21/2025,Corrales_RAV,C,SARA3,8.47,8.49,0.02
05/21/2025,Corrales_RAV,C,MEOF,8.53,8.56,0.03
05/21/2025,Corrales_RAV,C,SARA3,8.54,8.61,0.07
05/21/2025,Corrales_RAV,C,SARA3,8.73,8.81,0.08
05/21/2025,Corrales_RAV,C,MEOF,8.78,8.82,0.04
05/21/2025,Corrales_RAV,C,MEOF,8.88,8.9,0.02
05/21/2025,Corrales_RAV,C,SAEX,8.91,8.93,0.02
05/21/2025,Corrales_RAV,C,SARA3,8.99,9.1,0.11
05/21/2025,Corrales_RAV,C,SAEX,9.06,9.09,0.03
05/21/2025,Corrales_RAV,C,SARA3,9.22,9.26,0.04
05/21/2025,Corrales_RAV,C,SAEX,9.35,9.38,0.03
05/21/2025,Corrales_RAV,C,MEOF,9.44,9.46,0.02
05/21/2025,Corrales_RAV,C,JUNCU,9.45,9.46,0.01
05/21/2025,Corrales_RAV,C,MUAS,9.53,9.55,0.02
05/21/2025,Corrales_RAV,C,JUNCU,9.57,9.58,0.01
05/21/2025,Corrales_RAV,C,MEOF,9.77,9.83,0.06
05/21/2025,Corrales_RAV,C,MEOF,9.92,10,0.08
05/21/2025,Corrales_RAV,C,MEOF,10,10.15,0.15
05/21/2025,Corrales_RAV,C,MEOF,10.34,10.42,0.08
05/21/2025,Corrales_RAV,C,MEOF,10.49,10.55,0.06
05/21/2025,Corrales_RAV,C,MEOF,10.6,10.63,0.03
05/21/2025,Corrales_RAV,C,SAEX,10.04,10.1,0.06
05/21/2025,Corrales_RAV,C,DISP/MUAS,10.2,10.24,0.04
05/21/2025,Corrales_RAV,C,JUNCU,10.48,10.5,0.02
05/21/2025,Corrales_RAV,C,DISP/MUAS,10.7,10.72,0.02
05/21/2025,Corrales_RAV,C,SAEX,10.57,10.61,0.04
05/21/2025,Corrales_RAV,C,SARA3,10.93,11.45,0.52
05/21/2025,Corrales_RAV,C,DISP/MUAS,11.7,11.71,0.01
05/21/2025,Corrales_RAV,C,DISP/MUAS,11.83,11.85,0.02
05/21/2025,Corrales_RAV,C,DISP/MUAS,11.95,11.96,0.01
05/21/2025,Corrales_RAV,C,DISP/MUAS,12.05,12.07,0.02
05/21/2025,Corrales_RAV,C,DISP/MUAS,12.1,12.2,0.1
05/21/2025,Corrales_RAV,C,DISP/MUAS,12.3,12.31,0.01
05/21/2025,Corrales_RAV,C,DISP/MUAS,12.41,12.44,0.03
05/21/2025,Corrales_RAV,C,DISP/MUAS,12.59,12.6,0.01
05/21/2025,Corrales_RAV,C,DISP/MUAS,12.76,12.78,0.02
05/21/2025,Corrales_RAV,C,DISP/MUAS,12.96,12.98,0.02
05/21/2025,Corrales_RAV,C,DISP/MUAS,13.02,13.05,0.03
05/21/2025,Corrales_RAV,C,DISP/MUAS,13.15,13.16,0.01
05/21/2025,Corrales_RAV,C,DISP/MUAS,13.18,13.2,0.02
05/21/2025,Corrales_RAV,C,DISP/MUAS,13.3,13.33,0.03
05/21/2025,Corrales_RAV,C,DISP/MUAS,13.39,13.4,0.01
05/21/2025,Corrales_RAV,C,DISP/MUAS,13.47,13.5,0.03
05/21/2025,Corrales_RAV,C,DISP/MUAS,13.6,13.63,0.03
05/21/2025,Corrales_RAV,C,DISP/MUAS,13.89,13.9,0.01
05/21/2025,Corrales_RAV,C,DISP/MUAS,14.1,14.16,0.06
05/21/2025,Corrales_RAV,C,SAEX,12.06,12.17,0.11
05/21/2025,Corrales_RAV,C,SARA3,12.03,12.2,0.17
05/21/2025,Corrales_RAV,C,MEOF,12.52,12.89,0.37
05/21/2025,Corrales_RAV,C,SARA3,13.18,13.19,0.01
05/21/2025,Corrales_RAV,C,PODEW,13.01,15.39,2.38
05/21/2025,Corrales_RAV,C,SAEX,13.3,13.32,0.02
05/21/2025,Corrales_RAV,C,SAEX,13.54,13.56,0.02
05/21/2025,Corrales_RAV,C,ELAN,14.4,16.9,2.5
05/21/2025,Corrales_RAV,C,DISP/MUAS,14.31,14.32,0.01
05/21/2025,Corrales_RAV,C,DISP/MUAS,14.41,14.42,0.01
05/21/2025,Corrales_RAV,C,DISP/MUAS,14.35,14.36,0.01
05/21/2025,Corrales_RAV,C,DISP/MUAS,15.52,15.68,0.16
05/21/2025,Corrales_RAV,C,DISP/MUAS,15.7,15.71,0.01
05/21/2025,Corrales_RAV,C,DISP/MUAS,15.82,15.83,0.01
05/21/2025,Corrales_RAV,C,DISP/MUAS,15.9,15.92,0.02
05/21/2025,Corrales_RAV,C,DISP/MUAS,15.96,15.97,0.01
05/21/2025,Corrales_RAV,C,DISP/MUAS,16.01,16.03,0.02
05/21/2025,Corrales_RAV,C,DISP/MUAS,16.15,16.2,0.05
05/21/2025,Corrales_RAV,C,DISP/MUAS,16.27,16.28,0.01
05/21/2025,Corrales_RAV,C,DISP/MUAS,16.35,16.38,0.03
05/21/2025,Corrales_RAV,C,DISP/MUAS,16.42,16.7,0.28
05/21/2025,Corrales_RAV,C,DISP/MUAS,16.75,16.77,0.02
05/21/2025,Corrales_RAV,C,DISP/MUAS,16.8,16.82,0.02
05/21/2025,Corrales_RAV,C,DISP/MUAS,16.85,16.9,0.05
05/21/2025,Corrales_RAV,C,DISP/MUAS,16.98,16.99,0.01
05/21/2025,Corrales_RAV,C,DISP/MUAS,17.01,17.07,0.06
05/21/2025,Corrales_RAV,C,DISP/MUAS,17.28,17.3,0.02
05/21/2025,Corrales_RAV,C,MUAS,17.35,17.4,0.05
05/21/2025,Corrales_RAV,C,MUAS,17.42,17.74,0.32
05/21/2025,Corrales_RAV,C,ELAN,18.95,19.76,0.81
05/21/2025,Corrales_RAV,C,DISP/MUAS,19.08,19.1,0.02
05/21/2025,Corrales_RAV,C,DISP,19.69,19.72,0.03
05/21/2025,Corrales_RAV,C,ELAN,20,20.05,0.05
05/21/2025,Corrales_RAV,C,JUNCU,20.92,20.93,0.01
05/21/2025,Corrales_RAV,C,EUOC4,21.14,21.16,0.02
05/21/2025,Corrales_RAV,C,EUOC4,21.34,21.39,0.05
05/21/2025,Corrales_RAV,C,EUOC4,21.45,21.47,0.02
05/21/2025,Corrales_RAV,C,EUOC4,21.87,21.88,0.01
05/21/2025,Corrales_RAV,C,EUOC4,21.9,21.92,0.02
05/21/2025,Corrales_RAV,C,EUOC4,21.94,21.96,0.02
05/21/2025,Corrales_RAV,C,EUOC4,22.06,22.07,0.01
05/21/2025,Corrales_RAV,C,EUOC4,22.39,22.45,0.06
05/21/2025,Corrales_RAV,C,ELAN,22.68,22.7,0.02
05/21/2025,Corrales_RAV,C,EUOC4,23.84,23.86,0.02
05/21/2025,Corrales_RAV,C,EUOC4,24.25,24.29,0.04
05/21/2025,Corrales_RAV,C,PODEW,22.7,22.75,0.05
05/21/2025,Corrales_RAV,C,PODEW,23.85,23.9,0.05
05/21/2025,Corrales_RAV,C,JUNCU,24.43,24.48,0.05
05/21/2025,Corrales_RAV,C,JUNCU,24.55,24.56,0.01
05/21/2025,Corrales_RAV,C,EUOC4,24.63,24.75,0.12
05/21/2025,Corrales_RAV,C,SAEX,25.2,25.37,0.17
05/21/2025,Corrales_RAV,C,FOPUP,25.94,25.97,0.03
05/21/2025,Corrales_RAV,C,FOPUP,26.01,26.02,0.01
05/21/2025,Corrales_RAV,C,FOPUP,26.06,26.19,0.13
05/21/2025,Corrales_RAV,C,SAEX,26.14,26.35,0.21
05/21/2025,Corrales_RAV,C,ELAN,25.87,26.32,0.45
05/21/2025,Corrales_RAV,C,SAEX,26.99,27.55,0.56
05/21/2025,Corrales_RAV,C,ELAN,27.33,28.13,0.8
05/21/2025,Corrales_RAV,C,BASA4,29.23,29.26,0.03
05/21/2025,Corrales_RAV,C,BASA4,29.35,30,0.65
05/21/2025,Corrales_RAV,C,JUNCU,26.15,26.16,0.01
05/21/2025,Corrales_RAV,C,JUNCU,26.43,26.44,0.01
05/21/2025,Corrales_RAV,C,JUNCU,26.51,26.53,0.02
05/21/2025,Corrales_RAV,C,JUNCU,26.57,26.58,0.01
05/21/2025,Corrales_RAV,C,JUNCU,26.76,26.77,0.01
05/21/2025,Corrales_RAV,C,JUNCU,26.93,26.94,0.01
05/21/2025,Corrales_RAV,C,JUNCU,27.03,27.55,0.52
05/21/2025,Corrales_RAV,C,JUNCU,28.24,28.25,0.01
05/21/2025,Corrales_RAV,C,JUNCU,28.36,28.94,0.58
05/21/2025,Corrales_RAV,C,JUNCU,28.96,29.5,0.54
05/21/2025,Corrales_RAV,C,JUNCU,29.83,29.84,0.01
05/21/2025,Corrales_RAV,D,CYPER,0,0.02,0.02
05/21/2025,Corrales_RAV,D,EQLA,0.1,0.13,0.03
05/21/2025,Corrales_RAV,D,EQLA,0.26,0.28,0.02
05/21/2025,Corrales_RAV,D,JUNCU,0.38,0.4,0.02
05/21/2025,Corrales_RAV,D,EUOC4,0.44,0.52,0.08
05/21/2025,Corrales_RAV,D,MEOF,0.46,0.47,0.01
05/21/2025,Corrales_RAV,D,JUNCU,0.64,1.65,1.01
05/21/2025,Corrales_RAV,D,BASA,0.66,1.67,1.01
05/21/2025,Corrales_RAV,D,JUNCU,0.73,1.74,1.01
05/21/2025,Corrales_RAV,D,EUOC4,0.85,1.86,1.01
05/21/2025,Corrales_RAV,D,EUOC4,0.95,1.99,1.04
05/21/2025,Corrales_RAV,D,EUOC4,1.11,1.18,0.07
05/21/2025,Corrales_RAV,D,EUOC4,1.21,1.25,0.04
05/21/2025,Corrales_RAV,D,EQLA,1.34,1.38,0.04
05/21/2025,Corrales_RAV,D,EUOC4,1.37,1.39,0.02
05/21/2025,Corrales_RAV,D,JUNCU,1.43,1.45,0.02
05/21/2025,Corrales_RAV,D,SARA3,1.48,1.5,0.02
05/21/2025,Corrales_RAV,D,SAEX,1.6,1.68,0.08
05/21/2025,Corrales_RAV,D,JUNCU,1.74,1.76,0.02
05/21/2025,Corrales_RAV,D,JUNCU,1.95,1.96,0.01
05/21/2025,Corrales_RAV,D,EQLA,2.01,2.03,0.02
05/21/2025,Corrales_RAV,D,SARA3,2.13,2.15,0.02
05/21/2025,Corrales_RAV,D,EUOC4,2.21,2.25,0.04
05/21/2025,Corrales_RAV,D,EQLA,2.24,2.25,0.01
05/21/2025,Corrales_RAV,D,EQLA,2.33,2.34,0.01
05/21/2025,Corrales_RAV,D,BASA,2.33,2.35,0.02
05/21/2025,Corrales_RAV,D,SARA3,2.37,2.4,0.03
05/21/2025,Corrales_RAV,D,EUOC4,2.49,2.52,0.03
05/21/2025,Corrales_RAV,D,EQLA,2.52,2.54,0.02
05/21/2025,Corrales_RAV,D,JUNCU,2.59,2.6,0.01
05/21/2025,Corrales_RAV,D,EQLA,2.6,2.62,0.02
05/21/2025,Corrales_RAV,D,EQLA,2.77,2.78,0.01
05/21/2025,Corrales_RAV,D,BASA,2.71,2.75,0.04
05/21/2025,Corrales_RAV,D,SAEX,2.78,2.86,0.08
05/21/2025,Corrales_RAV,D,SARA3,2.98,3.25,0.27
05/21/2025,Corrales_RAV,D,BASA,3.15,3.19,0.04
05/21/2025,Corrales_RAV,D,PODEW,3.3,3.38,0.08
05/21/2025,Corrales_RAV,D,EUOC4,3.35,3.39,0.04
05/21/2025,Corrales_RAV,D,EUOC4,3.46,3.49,0.03
05/21/2025,Corrales_RAV,D,EUOC4,3.53,3.54,0.01
05/21/2025,Corrales_RAV,D,SARA3,3.59,3.74,0.15
05/21/2025,Corrales_RAV,D,JUNCU,3.73,3.78,0.05
05/21/2025,Corrales_RAV,D,EUOC4,3.92,3.95,0.03
05/21/2025,Corrales_RAV,D,JUNCU,4.24,4.25,0.01
05/21/2025,Corrales_RAV,D,EUOC4,4.26,5.28,1.02
05/21/2025,Corrales_RAV,D,DISP/MUAS,4.33,4.34,0.01
05/21/2025,Corrales_RAV,D,JUNCU,4.33,4.38,0.05
05/21/2025,Corrales_RAV,D,EUOC4,4.4,4.48,0.08
05/21/2025,Corrales_RAV,D,PODEW,4.47,4.48,0.01
05/21/2025,Corrales_RAV,D,SARA3,4.6,4.62,0.02
05/21/2025,Corrales_RAV,D,JUNCU,4.78,4.8,0.02
05/21/2025,Corrales_RAV,D,PODEW,4.83,4.85,0.02
05/21/2025,Corrales_RAV,D,EQLA,4.86,4.87,0.01
05/21/2025,Corrales_RAV,D,SARA3,4.88,4.9,0.02
05/21/2025,Corrales_RAV,D,JUNCU,4.92,4.94,0.02
05/21/2025,Corrales_RAV,D,PODEW,4.99,5,0.01
05/21/2025,Corrales_RAV,D,JUNCU,5.04,5.06,0.02
05/21/2025,Corrales_RAV,D,SARA3,5.05,5.07,0.02
05/21/2025,Corrales_RAV,D,FORB,5.11,5.13,0.02
05/21/2025,Corrales_RAV,D,SARA3,5.14,5.15,0.01
05/21/2025,Corrales_RAV,D,DISP/MUAS,5.19,5.28,0.09
05/21/2025,Corrales_RAV,D,PODEW,5.25,5.26,0.01
05/21/2025,Corrales_RAV,D,DISP/MUAS,5.29,5.3,0.01
05/21/2025,Corrales_RAV,D,MEOF,5.57,5.6,0.03
05/21/2025,Corrales_RAV,D,MEOF,5.62,5.65,0.03
05/21/2025,Corrales_RAV,D,EUOC4,5.64,5.66,0.02
05/21/2025,Corrales_RAV,D,DISP/MUAS,5.73,5.76,0.03
05/21/2025,Corrales_RAV,D,MEOF,5.77,5.82,0.05
05/21/2025,Corrales_RAV,D,SARA3,5.79,5.86,0.07
05/21/2025,Corrales_RAV,D,SARA3,5.92,5.94,0.02
05/21/2025,Corrales_RAV,D,SARA3,5.96,6,0.04
05/21/2025,Corrales_RAV,D,EQLA,5.94,5.96,0.02
05/21/2025,Corrales_RAV,D,SARA3,6.03,6.05,0.02
05/21/2025,Corrales_RAV,D,SAEX,5.98,6.06,0.08
05/21/2025,Corrales_RAV,D,JUNCU,6.05,6.15,0.1
05/21/2025,Corrales_RAV,D,EUOC4,6.24,6.28,0.04
05/21/2025,Corrales_RAV,D,JUNCU,6.52,6.56,0.04
05/21/2025,Corrales_RAV,D,JUNCU,6.59,6.65,0.06
05/21/2025,Corrales_RAV,D,JUNCU,6.75,6.76,0.01
05/21/2025,Corrales_RAV,D,SARA3,6.75,6.78,0.03
05/21/2025,Corrales_RAV,D,PODEW,6.86,6.87,0.01
05/21/2025,Corrales_RAV,D,FORB,6.88,6.9,0.02
05/21/2025,Corrales_RAV,D,FORB,7.75,7.76,0.01
05/21/2025,Corrales_RAV,D,JUNCU,7.86,7.87,0.01
05/21/2025,Corrales_RAV,D,JUNCU,7.99,8,0.01
05/21/2025,Corrales_RAV,D,JUNCU,8.15,8.16,0.01
05/21/2025,Corrales_RAV,D,JUNCU,8.25,8.27,0.02
05/21/2025,Corrales_RAV,D,EUOC4,8.38,8.4,0.02
05/21/2025,Corrales_RAV,D,MEOF,8.45,8.49,0.04
05/21/2025,Corrales_RAV,D,BASA,8.61,8.69,0.08
05/21/2025,Corrales_RAV,D,SARA3,8.7,8.79,0.09
05/21/2025,Corrales_RAV,D,SARA3,8.86,9,0.14
05/21/2025,Corrales_RAV,D,JUNCU,10.03,10.05,0.02
05/21/2025,Corrales_RAV,D,JUNCU,10.07,10.1,0.03
05/21/2025,Corrales_RAV,D,BASA,10.31,10.32,0.01
05/21/2025,Corrales_RAV,D,JUNCU,10.3,10.33,0.03
05/21/2025,Corrales_RAV,D,JUNCU,10.39,10.49,0.1
05/21/2025,Corrales_RAV,D,JUNCU,10.9,10.92,0.02
05/21/2025,Corrales_RAV,D,JUNCU,10.99,11.01,0.02
05/21/2025,Corrales_RAV,D,JUNCU,11.23,11.26,0.03
05/21/2025,Corrales_RAV,D,JUNCU,11.47,11.5,0.03
05/21/2025,Corrales_RAV,D,JUNCU,11.75,11.83,0.08
05/21/2025,Corrales_RAV,D,JUNCU,11.92,11.98,0.06
05/21/2025,Corrales_RAV,D,JUNCU,12.1,12.12,0.02
05/21/2025,Corrales_RAV,D,JUNCU,12.17,12.18,0.01
05/21/2025,Corrales_RAV,D,JUNCU,12.31,12.34,0.03
05/21/2025,Corrales_RAV,D,JUNCU,12.58,12.6,0.02
05/21/2025,Corrales_RAV,D,JUNCU,12.72,12.73,0.01
05/21/2025,Corrales_RAV,D,JUNCU,13.01,13.04,0.03
05/21/2025,Corrales_RAV,D,JUNCU,13.13,13.15,0.02
05/21/2025,Corrales_RAV,D,JUNCU,13.59,13.64,0.05
05/21/2025,Corrales_RAV,D,JUNCU,14.4,14.42,0.02
05/21/2025,Corrales_RAV,D,JUNCU,14.5,14.53,0.03
05/21/2025,Corrales_RAV,D,JUNCU,14.56,14.6,0.04
05/21/2025,Corrales_RAV,D,JUNCU,14.75,14.77,0.02
05/21/2025,Corrales_RAV,D,JUNCU,15.7,15.72,0.02
05/21/2025,Corrales_RAV,D,JUNCU,15.84,15.85,0.01
05/21/2025,Corrales_RAV,D,JUNCU,16.15,16.16,0.01
05/21/2025,Corrales_RAV,D,JUNCU,16.68,16.69,0.01
05/21/2025,Corrales_RAV,D,JUNCU,16.81,16.82,0.01
05/21/2025,Corrales_RAV,D,JUNCU,16.95,16.96,0.01
05/21/2025,Corrales_RAV,D,JUNCU,17,17.05,0.05
05/21/2025,Corrales_RAV,D,JUNCU,17.31,17.32,0.01
05/21/2025,Corrales_RAV,D,JUNCU,17.55,17.56,0.01
05/21/2025,Corrales_RAV,D,JUNCU,17.6,17.62,0.02
05/21/2025,Corrales_RAV,D,JUNCU,17.64,17.65,0.01
05/21/2025,Corrales_RAV,D,JUNCU,17.72,17.74,0.02
05/21/2025,Corrales_RAV,D,JUNCU,17.83,17.96,0.13
05/21/2025,Corrales_RAV,D,JUNCU,18.2,18.21,0.01
05/21/2025,Corrales_RAV,D,JUNCU,18.56,18.57,0.01
05/21/2025,Corrales_RAV,D,JUNCU,18.62,18.63,0.01
05/21/2025,Corrales_RAV,D,JUNCU,18.75,18.78,0.03
05/21/2025,Corrales_RAV,D,JUNCU,18.92,18.96,0.04
05/21/2025,Corrales_RAV,D,JUNCU,19.32,19.37,0.05
05/21/2025,Corrales_RAV,D,JUNCU,19.49,19.52,0.03
05/21/2025,Corrales_RAV,D,DISP/MUAS,10.32,10.34,0.02
05/21/2025,Corrales_RAV,D,SARA3,10.45,10.47,0.02
05/21/2025,Corrales_RAV,D,SARA3,10.56,10.84,0.28
05/21/2025,Corrales_RAV,D,SAEX,11,11.01,0.01
05/21/2025,Corrales_RAV,D,SAEX,11.33,11.35,0.02
05/21/2025,Corrales_RAV,D,EUOC4,11.29,11.3,0.01
05/21/2025,Corrales_RAV,D,EUOC4,11.42,11.45,0.03
05/21/2025,Corrales_RAV,D,ELAN,12.02,12.49,0.47
05/21/2025,Corrales_RAV,D,EUOC4,12.15,12.18,0.03
05/21/2025,Corrales_RAV,D,BASA,12.18,12.22,0.04
05/21/2025,Corrales_RAV,D,EUOC4,12.86,12.87,0.01
05/21/2025,Corrales_RAV,D,SARA3,12.77,12.78,0.01
05/21/2025,Corrales_RAV,D,SARA3,12.9,12.91,0.01
05/21/2025,Corrales_RAV,D,SARA3,13.15,13.17,0.02
05/21/2025,Corrales_RAV,D,SARA3,13.28,13.49,0.21
05/21/2025,Corrales_RAV,D,DISP/MUAS,13.46,13.47,0.01
05/21/2025,Corrales_RAV,D,DISP/MUAS,13.63,13.65,0.02
05/21/2025,Corrales_RAV,D,SARA3,13.69,13.7,0.01
05/21/2025,Corrales_RAV,D,SARA3,13.8,14.11,0.31
05/21/2025,Corrales_RAV,D,SARA3,14.18,14.2,0.02
05/21/2025,Corrales_RAV,D,SARA3,14.3,14.35,0.05
05/21/2025,Corrales_RAV,D,SAEX,13.88,13.94,0.06
05/21/2025,Corrales_RAV,D,SAEX,14,14.01,0.01
05/21/2025,Corrales_RAV,D,SARA3,14.99,15.25,0.26
05/21/2025,Corrales_RAV,D,PODEW,15.38,15.41,0.03
05/21/2025,Corrales_RAV,D,PODEW,15.67,15.7,0.03
05/21/2025,Corrales_RAV,D,SAEX,15.78,15.79,0.01
05/21/2025,Corrales_RAV,D,MEOF,15.97,15.98,0.01
05/21/2025,Corrales_RAV,D,BASA,16.27,16.3,0.03
05/21/2025,Corrales_RAV,D,APCA,16.3,16.32,0.02
05/21/2025,Corrales_RAV,D,JUNCU,16.64,16.66,0.02
05/21/2025,Corrales_RAV,D,BASA,16.79,16.8,0.01
05/21/2025,Corrales_RAV,D,BASA,16.83,16.84,0.01
05/21/2025,Corrales_RAV,D,BASA,16.9,16.93,0.03
05/21/2025,Corrales_RAV,D,BASA,17,17.01,0.01
05/21/2025,Corrales_RAV,D,JUNCU,17,17.01,0.01
05/21/2025,Corrales_RAV,D,SARA3,17.16,17.24,0.08
05/21/2025,Corrales_RAV,D,BASA,17.18,17.3,0.12
05/21/2025,Corrales_RAV,D,PODEW,17.32,17.33,0.01
05/21/2025,Corrales_RAV,D,SAEX,17.41,17.52,0.11
05/21/2025,Corrales_RAV,D,BASA,17.49,17.53,0.04
05/21/2025,Corrales_RAV,D,BASA,17.67,17.7,0.03
05/21/2025,Corrales_RAV,D,SAEX,18.05,18.14,0.09
05/21/2025,Corrales_RAV,D,PODEW,18.33,18.35,0.02
05/21/2025,Corrales_RAV,D,SAEX,18.55,18.57,0.02
05/21/2025,Corrales_RAV,D,BASA,18.62,18.64,0.02
05/21/2025,Corrales_RAV,D,BASA,18.8,18.93,0.13
05/21/2025,Corrales_RAV,D,SARA3,19.02,19.15,0.13
05/21/2025,Corrales_RAV,D,BASA,19.6,19.68,0.08
05/21/2025,Corrales_RAV,D,SARA3,19.73,19.87,0.14
05/21/2025,Corrales_RAV,D,DISP/MUAS,19.9,19.91,0.01
05/21/2025,Corrales_RAV,D,SARA3,9,9.26,0.26
05/21/2025,Corrales_RAV,D,SAEX,9.15,9.22,0.07
05/21/2025,Corrales_RAV,D,JUNCU,9.38,9.42,0.04
05/21/2025,Corrales_RAV,D,EUOC4,9.4,9.42,0.02
05/21/2025,Corrales_RAV,D,EUOC4,9.48,9.49,0.01
05/21/2025,Corrales_RAV,D,DISP/MUAS,9.56,9.59,0.03
05/21/2025,Corrales_RAV,D,JUNCU,9.6,9.65,0.05
05/21/2025,Corrales_RAV,D,JUNCU,9.74,9.76,0.02
05/21/2025,Corrales_RAV,D,JUNCU,9.8,9.82,0.02
05/21/2025,Corrales_RAV,D,JUNCU,9.85,9.88,0.03
05/21/2025,Corrales_RAV,D,JUNCU,9.99,10,0.01
05/21/2025,Corrales_RAV,D,SAEX,9.68,9.71,0.03
05/21/2025,Corrales_RAV,D,SARA3,9.6,9.61,0.01
05/21/2025,Corrales_RAV,D,SARA3,9.7,9.72,0.02
05/21/2025,Corrales_RAV,D,SARA3,9.73,9.74,0.01
05/21/2025,Corrales_RAV,D,SARA3,9.88,9.89,0.01
05/21/2025,Corrales_RAV,D,EUOC4,20.1,20.11,0.01
05/21/2025,Corrales_RAV,D,PODEW,20.2,20.25,0.05
05/21/2025,Corrales_RAV,D,SAEX,20.21,20.24,0.03
05/21/2025,Corrales_RAV,D,EUOC4,21.22,21.25,0.03
05/21/2025,Corrales_RAV,D,JUNCU,21.42,21.43,0.01
05/21/2025,Corrales_RAV,D,BASA,21.8,21.82,0.02
05/21/2025,Corrales_RAV,D,EUOC4,22.33,22.4,0.07
05/21/2025,Corrales_RAV,D,PODEW,22.81,22.9,0.09
05/21/2025,Corrales_RAV,D,BASA,23.01,23.17,0.16
05/21/2025,Corrales_RAV,D,BASA,24.54,24.59,0.05
05/21/2025,Corrales_RAV,D,BASA,24.83,24.87,0.04
05/21/2025,Corrales_RAV,D,BASA,24.92,24.94,0.02
05/21/2025,Corrales_RAV,D,BASA,24.97,25.02,0.05
05/21/2025,Corrales_RAV,D,EQLA,25.04,25.05,0.01
05/21/2025,Corrales_RAV,D,BASA,25.42,25.45,0.03
05/21/2025,Corrales_RAV,D,BASA,25.74,25.78,0.04
05/21/2025,Corrales_RAV,D,MEOF,27.16,27.19,0.03
05/21/2025,Corrales_RAV,D,SARA3,27.88,27.89,0.01
05/21/2025,Corrales_RAV,D,SARA3,28.71,28.74,0.03
05/21/2025,Corrales_RAV,D,SARA3,28.97,29.04,0.07
05/21/2025,Corrales_RAV,D,EQLA,29.09,29.11,0.02
05/21/2025,Corrales_RAV,D,EUOC4,29.25,29.29,0.04
05/21/2025,Corrales_RAV,D,SARA3,29.56,29.63,0.07
05/21/2025,Corrales_RAV,D,SARA3,29.77,30,0.23
05/21/2025,Corrales_RAV,D,SAEX,26.91,26.93,0.02
05/21/2025,Corrales_RAV,D,JUNCU,6.99,7.01,0.02
05/21/2025,Corrales_RAV,D,SARA3,7.02,7.06,0.04
05/21/2025,Corrales_RAV,D,JUNCU,7.09,7.12,0.03
05/21/2025,Corrales_RAV,D,JUNCU,7.16,7.18,0.02
05/21/2025,Corrales_RAV,D,JUNCU,7.21,7.24,0.03
05/21/2025,Corrales_RAV,D,JUNCU,7.29,7.3,0.01
05/21/2025,Corrales_RAV,D,BASA,7.34,7.39,0.05
05/21/2025,Corrales_RAV,D,JUNCU,7.45,7.47,0.02
05/21/2025,Corrales_RAV,D,JUNCU,7.54,7.56,0.02
05/21/2025,Corrales_RAV,D,JUNCU,7.58,7.6,0.02
05/21/2025,Corrales_RAV,D,JUNCU,7.62,7.63,0.01
05/21/2025,Corrales_RAV,D,SARA3,7.67,7.68,0.01
05/21/2025,Corrales_RAV,D,JUNCU,7.72,7.75,0.03
05/21/2025,Corrales_RAV,D,SAEX,7.78,7.79,0.01
05/12/2025,Corrales_SWFL,A,CAREX,0,0.8,0.8
05/12/2025,Corrales_SWFL,A,ELAN,0,3.39,3.39
05/12/2025,Corrales_SWFL,A,SAEX,0,1.51,1.51
05/12/2025,Corrales_SWFL,A,THPO7,0.18,0.66,0.48
05/12/2025,Corrales_SWFL,A,CAREX,1,1.04,0.04
05/12/2025,Corrales_SWFL,A,CAREX,1.4,1.44,0.04
05/12/2025,Corrales_SWFL,A,CAREX,1.58,1.63,0.05
05/12/2025,Corrales_SWFL,A,CAREX,1.85,2.25,0.4
05/12/2025,Corrales_SWFL,A,CAREX,2.34,2.48,0.14
05/12/2025,Corrales_SWFL,A,SAEX,2.41,5.6,3.19
05/12/2025,Corrales_SWFL,A,CAREX,2.51,2.54,0.03
05/12/2025,Corrales_SWFL,A,CAREX,2.69,2.72,0.03
05/12/2025,Corrales_SWFL,A,CAREX,2.9,2.99,0.09
05/12/2025,Corrales_SWFL,A,CAREX,3.21,3.52,0.31
05/12/2025,Corrales_SWFL,A,GRASS,3.53,3.57,0.04
05/12/2025,Corrales_SWFL,A,CAREX,3.66,3.93,0.27
05/12/2025,Corrales_SWFL,A,CAREX,3.45,4.23,0.78
05/12/2025,Corrales_SWFL,A,CAREX,4.33,4.52,0.19
05/12/2025,Corrales_SWFL,A,CAREX,4.66,4.79,0.13
05/12/2025,Corrales_SWFL,A,CAREX,4.85,4.92,0.07
05/12/2025,Corrales_SWFL,A,CAREX,5.08,5.46,0.38
05/12/2025,Corrales_SWFL,A,SAEX,6.18,12.23,6.05
05/12/2025,Corrales_SWFL,A,CAREX,5.87,6.22,0.35
05/12/2025,Corrales_SWFL,A,CAREX,6.38,6.65,0.27
05/12/2025,Corrales_SWFL,A,CAREX,6.74,6.85,0.11
05/12/2025,Corrales_SWFL,A,JUNCU,7.19,7.22,0.03
05/12/2025,Corrales_SWFL,A,CAREX,7.3,7.31,0.01
05/12/2025,Corrales_SWFL,A,CAREX,7.38,7.4,0.02
05/12/2025,Corrales_SWFL,A,GRASS,7.64,7.75,0.11
05/12/2025,Corrales_SWFL,A,GRASS,7.88,7.9,0.02
05/12/2025,Corrales_SWFL,A,CAREX,8.12,8.21,0.09
05/12/2025,Corrales_SWFL,A,CAREX,8.25,8.39,0.14
05/12/2025,Corrales_SWFL,A,GRASS,8.44,8.46,0.02
05/12/2025,Corrales_SWFL,A,CAREX,9,9.02,0.02
05/12/2025,Corrales_SWFL,A,CAREX,9.07,9.08,0.01
05/12/2025,Corrales_SWFL,A,CAREX,9.28,9.45,0.17
05/12/2025,Corrales_SWFL,A,CAREX,9.6,9.69,0.09
05/12/2025,Corrales_SWFL,A,GRASS,10.14,10.15,0.01
05/12/2025,Corrales_SWFL,A,CAREX,10.4,10.42,0.02
05/12/2025,Corrales_SWFL,A,GRASS,10.89,10.93,0.04
05/12/2025,Corrales_SWFL,A,CAREX,13.04,13.06,0.02
05/12/2025,Corrales_SWFL,A,CAREX,13.28,13.33,0.05
05/12/2025,Corrales_SWFL,A,CAREX,13.45,13.5,0.05
05/12/2025,Corrales_SWFL,A,EUOC4,13.5,13.56,0.06
05/12/2025,Corrales_SWFL,A,EUOC4,13.65,13.69,0.04
05/12/2025,Corrales_SWFL,A,GRASS,13.63,13.66,0.03
05/12/2025,Corrales_SWFL,A,CAREX,13.86,13.91,0.05
05/12/2025,Corrales_SWFL,A,GRASS,14.01,14.09,0.08
05/12/2025,Corrales_SWFL,A,ULPU,14,15,1
05/12/2025,Corrales_SWFL,A,CAREX,14.18,14.33,0.15
05/12/2025,Corrales_SWFL,A,CAREX,14.47,14.55,0.08
05/12/2025,Corrales_SWFL,A,EUOC4,14.56,14.62,0.06
05/12/2025,Corrales_SWFL,A,GRASS,14.72,14.79,0.07
05/12/2025,Corrales_SWFL,A,GRASS,14.98,15,0.02
05/12/2025,Corrales_SWFL,A,EQUIS,27.02,27.03,0.01
05/12/2025,Corrales_SWFL,A,SAEX,27.04,27.07,0.03
05/12/2025,Corrales_SWFL,A,GRASS,27.23,27.29,0.06
05/12/2025,Corrales_SWFL,A,SAEX,27.28,27.56,0.28
05/12/2025,Corrales_SWFL,A,CAREX,27.71,27.73,0.02
05/12/2025,Corrales_SWFL,A,CAREX,27.88,27.9,0.02
05/12/2025,Corrales_SWFL,A,CAREX,28.05,28.06,0.01
05/12/2025,Corrales_SWFL,A,ELAN,28.09,30,1.91
05/12/2025,Corrales_SWFL,A,SARA3,29.31,29.34,0.03
05/12/2025,Corrales_SWFL,A,ULPU,15,15.45,0.45
05/12/2025,Corrales_SWFL,A,PODEW,15,15.18,0.18
05/12/2025,Corrales_SWFL,A,EUOC4,15.15,15.17,0.02
05/12/2025,Corrales_SWFL,A,CAREX,15.17,15.18,0.01
05/12/2025,Corrales_SWFL,A,CAREX,15.21,15.23,0.02
05/12/2025,Corrales_SWFL,A,PODEW,15.65,15.67,0.02
05/12/2025,Corrales_SWFL,A,DISP/MUAS,15.39,15.41,0.02
05/12/2025,Corrales_SWFL,A,EUOC4,15.46,15.57,0.11
05/12/2025,Corrales_SWFL,A,CAREX,15.53,15.62,0.09
05/12/2025,Corrales_SWFL,A,SAEX,15.82,15.91,0.09
05/12/2025,Corrales_SWFL,A,EUOC4,15.71,15.73,0.02
05/12/2025,Corrales_SWFL,A,CAREX,15.89,15.92,0.03
05/12/2025,Corrales_SWFL,A,DISP/MUAS,16.23,16.24,0.01
05/12/2025,Corrales_SWFL,A,DISP/MUAS,16.48,16.59,0.11
05/12/2025,Corrales_SWFL,A,CAREX,16.54,16.62,0.08
05/12/2025,Corrales_SWFL,A,SAEX,16.83,17.92,1.09
05/12/2025,Corrales_SWFL,A,SARA3,17.18,18.07,0.89
05/12/2025,Corrales_SWFL,A,SAEX,18.44,18.52,0.08
05/12/2025,Corrales_SWFL,A,CAREX,18.54,18.65,0.11
05/12/2025,Corrales_SWFL,A,DISP/MUAS,18.84,18.87,0.03
05/12/2025,Corrales_SWFL,A,SAEX,18.85,18.87,0.02
05/12/2025,Corrales_SWFL,A,SAEX,19.12,19.2,0.08
05/12/2025,Corrales_SWFL,A,SARA3,19.3,19.35,0.05
05/12/2025,Corrales_SWFL,A,SAEX,19.95,20.57,0.62
05/12/2025,Corrales_SWFL,A,SAEX,22.86,23.29,0.43
05/12/2025,Corrales_SWFL,A,SAEX,23.82,24.04,0.22
05/12/2025,Corrales_SWFL,A,CAREX,24.16,24.19,0.03
05/12/2025,Corrales_SWFL,A,JUNCU,24.19,24.23,0.04
05/12/2025,Corrales_SWFL,A,SAEX,24.49,25.08,0.59
05/12/2025,Corrales_SWFL,A,GRASS,24.46,24.51,0.05
05/12/2025,Corrales_SWFL,A,CAREX,25,25.05,0.05
05/12/2025,Corrales_SWFL,A,GRASS,25.33,25.37,0.04
05/12/2025,Corrales_SWFL,A,CAREX,25.55,25.59,0.04
05/12/2025,Corrales_SWFL,A,GRASS,25.9,25.95,0.05
05/12/2025,Corrales_SWFL,A,SAEX,26.31,26.73,0.42
05/12/2025,Corrales_SWFL,A,CAREX,26.12,26.15,0.03
05/12/2025,Corrales_SWFL,A,GRASS,26.12,26.24,0.12
05/12/2025,Corrales_SWFL,A,CAREX,26.55,26.71,0.16
05/12/2025,Corrales_SWFL,A,CAREX,26.81,26.83,0.02
05/12/2025,Corrales_SWFL,B,THPO7,0.12,0.13,0.01
05/12/2025,Corrales_SWFL,B,THPO7,0.17,0.2,0.03
05/12/2025,Corrales_SWFL,B,THPO7,0.25,0.3,0.05
05/12/2025,Corrales_SWFL,B,THPO7,0.34,1.25,0.91
05/12/2025,Corrales_SWFL,B,SAEX,1.46,1.73,0.27
05/12/2025,Corrales_SWFL,B,THPO7,1.4,1.45,0.05
05/12/2025,Corrales_SWFL,B,SAEX,2.05,2.12,0.07
05/12/2025,Corrales_SWFL,B,THPO7,1.5,1.7,0.2
05/12/2025,Corrales_SWFL,B,THPO7,1.79,1.83,0.04
05/12/2025,Corrales_SWFL,B,THPO7,2.16,2.18,0.02
05/12/2025,Corrales_SWFL,B,SAEX,2.66,2.86,0.2
05/12/2025,Corrales_SWFL,B,CAREX,2.31,2.34,0.03
05/12/2025,Corrales_SWFL,B,CAREX,2.71,2.81,0.1
05/12/2025,Corrales_SWFL,B,THPO7,2.84,2.9,0.06
05/12/2025,Corrales_SWFL,B,THPO7,2.98,3.03,0.05
05/12/2025,Corrales_SWFL,B,CAREX,2.98,3,0.02
05/12/2025,Corrales_SWFL,B,CAREX,3.08,3.12,0.04
05/12/2025,Corrales_SWFL,B,CAREX,3.28,3.3,0.02
05/12/2025,Corrales_SWFL,B,CAREX,3.4,3.63,0.23
05/12/2025,Corrales_SWFL,B,BASC,3.53,3.81,0.28
05/12/2025,Corrales_SWFL,B,SAEX,3.93,4.31,0.38
05/12/2025,Corrales_SWFL,B,CAREX,3.89,3.91,0.02
05/12/2025,Corrales_SWFL,B,CAREX,4,4.02,0.02
05/12/2025,Corrales_SWFL,B,CAREX,4.24,4.3,0.06
05/12/2025,Corrales_SWFL,B,CAREX,4.54,4.55,0.01
05/12/2025,Corrales_SWFL,B,CAREX,4.59,4.6,0.01
05/12/2025,Corrales_SWFL,B,CAREX,4.8,4.86,0.06
05/12/2025,Corrales_SWFL,B,CAREX,4.9,4.91,0.01
05/12/2025,Corrales_SWFL,B,CAREX,5.04,5.2,0.16
05/12/2025,Corrales_SWFL,B,SAEX,5.26,7.9,2.64
05/12/2025,Corrales_SWFL,B,DISP,5.33,5.38,0.05
05/12/2025,Corrales_SWFL,B,CAREX,5.47,5.54,0.07
05/12/2025,Corrales_SWFL,B,PODEW,5.47,5.52,0.05
05/12/2025,Corrales_SWFL,B,CAREX,5.8,5.82,0.02
05/12/2025,Corrales_SWFL,B,SARA3,5.93,5.96,0.03
05/12/2025,Corrales_SWFL,B,SARA3,6.04,6.05,0.01
05/12/2025,Corrales_SWFL,B,CAREX,6.2,6.21,0.01
05/12/2025,Corrales_SWFL,B,CAREX,6.3,6.31,0.01
05/12/2025,Corrales_SWFL,B,CAREX,6.5,6.6,0.1
05/12/2025,Corrales_SWFL,B,EUOC4,6.69,6.75,0.06
05/12/2025,Corrales_SWFL,B,EUOC4,6.88,6.98,0.1
05/12/2025,Corrales_SWFL,B,CAREX,7.49,7.58,0.09
05/12/2025,Corrales_SWFL,B,ELAN,7.79,8.57,0.78
05/12/2025,Corrales_SWFL,B,CAREX,7.78,7.8,0.02
05/12/2025,Corrales_SWFL,B,SAEX,8.89,9.69,0.8
05/12/2025,Corrales_SWFL,B,ELAN,8.74,8.79,0.05
05/12/2025,Corrales_SWFL,B,EUOC4,9.48,9.52,0.04
05/12/2025,Corrales_SWFL,B,ELAN,9.87,10.39,0.52
05/12/2025,Corrales_SWFL,B,ELAN,10.7,12.39,1.69
05/12/2025,Corrales_SWFL,B,SAEX,10.75,15,4.25
05/12/2025,Corrales_SWFL,B,CAREX,10.4,10.44,0.04
05/12/2025,Corrales_SWFL,B,CAREX,11.04,11.05,0.01
05/12/2025,Corrales_SWFL,B,CAREX,11.44,11.46,0.02
05/12/2025,Corrales_SWFL,B,EUOC4,11.64,11.67,0.03
05/12/2025,Corrales_SWFL,B,SARA3,11.5,11.75,0.25
05/12/2025,Corrales_SWFL,B,CAREX,11.78,11.81,0.03
05/12/2025,Corrales_SWFL,B,EUOC4,12.34,12.36,0.02
05/12/2025,Corrales_SWFL,B,CAREX,12.65,12.71,0.06
05/12/2025,Corrales_SWFL,B,CAREX,13.08,13.2,0.12
05/12/2025,Corrales_SWFL,B,CAREX,13.28,13.32,0.04
05/12/2025,Corrales_SWFL,B,CAREX,13.5,13.58,0.08
05/12/2025,Corrales_SWFL,B,EUOC4,13.95,14.16,0.21
05/12/2025,Corrales_SWFL,B,EUOC4,14.44,14.49,0.05
05/12/2025,Corrales_SWFL,B,EUOC4,14.6,14.75,0.15
05/12/2025,Corrales_SWFL,B,ELAN,15,15.15,0.15
05/12/2025,Corrales_SWFL,B,SAEX,15,15.55,0.55
05/12/2025,Corrales_SWFL,B,EUOC4,15,15.06,0.06
05/12/2025,Corrales_SWFL,B,CAREX,15.1,15.13,0.03
05/12/2025,Corrales_SWFL,B,CAREX,15.34,15.51,0.17
05/12/2025,Corrales_SWFL,B,ELAN,15.05,15.3,0.25
05/12/2025,Corrales_SWFL,B,ELAN,15.83,20.23,4.4
05/12/2025,Corrales_SWFL,B,CAREX,16.03,16.08,0.05
05/12/2025,Corrales_SWFL,B,DISP/MUAS,15.73,15.85,0.12
05/12/2025,Corrales_SWFL,B,DISP/MUAS,16.07,16.15,0.08
05/12/2025,Corrales_SWFL,B,CAREX,16.3,16.31,0.01
05/12/2025,Corrales_SWFL,B,CAREX,16.56,16.57,0.01
05/12/2025,Corrales_SWFL,B,CAREX,16.78,16.93,0.15
05/12/2025,Corrales_SWFL,B,DISP/MUAS,16.9,16.93,0.03
05/12/2025,Corrales_SWFL,B,CAREX,17.63,17.67,0.04
05/12/2025,Corrales_SWFL,B,CAREX,18.53,18.55,0.02
05/12/2025,Corrales_SWFL,B,SAEX,19.45,19.9,0.45
05/12/2025,Corrales_SWFL,B,CAPE42,19.75,20.22,0.47
05/12/2025,Corrales_SWFL,B,MOAL,19.79,19.8,0.01
05/12/2025,Corrales_SWFL,B,CAREX,20.49,20.5,0.01
05/12/2025,Corrales_SWFL,B,LATAP,20.63,20.65,0.02
05/12/2025,Corrales_SWFL,B,LATAP,20.71,20.72,0.01
05/12/2025,Corrales_SWFL,B,CAREX,21.01,21.34,0.33
05/12/2025,Corrales_SWFL,B,LATAP,21.03,21.1,0.07
05/12/2025,Corrales_SWFL,B,CAREX,21.49,21.91,0.42
05/12/2025,Corrales_SWFL,B,SAEX,20.91,22.2,1.29
05/12/2025,Corrales_SWFL,B,LATAP,21.91,21.92,0.01
05/12/2025,Corrales_SWFL,B,PASM,22.59,23.29,0.7
05/12/2025,Corrales_SWFL,B,EUOC4,23.17,23.21,0.04
05/12/2025,Corrales_SWFL,B,SAEX,23.1,30,6.9
05/12/2025,Corrales_SWFL,B,DISP/MUAS,23.48,23.49,0.01
05/12/2025,Corrales_SWFL,B,DISP/MUAS,23.62,23.81,0.19
05/12/2025,Corrales_SWFL,B,DISP/MUAS,23.91,23.93,0.02
05/12/2025,Corrales_SWFL,B,PASM,23.95,24.34,0.39
05/12/2025,Corrales_SWFL,B,CAREX,24.23,24.34,0.11
05/12/2025,Corrales_SWFL,B,CAPE42,24.67,24.68,0.01
05/12/2025,Corrales_SWFL,B,CAPE42,24.83,24.95,0.12
05/12/2025,Corrales_SWFL,B,LATAP,25.12,25.17,0.05
05/12/2025,Corrales_SWFL,B,DISP/MUAS,25.6,25.61,0.01
05/12/2025,Corrales_SWFL,B,DISP/MUAS,26.02,26.05,0.03
05/12/2025,Corrales_SWFL,B,CAREX,27.13,27.15,0.02
05/12/2025,Corrales_SWFL,B,PASM,27.21,27.3,0.09
05/12/2025,Corrales_SWFL,B,PASM,27.7,27.72,0.02
05/12/2025,Corrales_SWFL,B,LATAP,27.9,28.01,0.11
05/12/2025,Corrales_SWFL,B,SARA3,28.57,28.62,0.05
05/12/2025,Corrales_SWFL,B,SARA3,29.58,29.6,0.02
05/12/2025,Corrales_SWFL,B,SARA3,29.99,30,0.01
05/12/2025,Corrales_SWFL,B,SARA3,29.65,29.66,0.01
05/27/2025,Corrales_RAV,E,PODEW,0,3.1,3.1
05/27/2025,Corrales_RAV,E,EUOC4,0.09,0.1,0.01
05/27/2025,Corrales_RAV,E,MEOF,0.28,0.34,0.06
05/27/2025,Corrales_RAV,E,MEOF,0.52,0.71,0.19
05/27/2025,Corrales_RAV,E,SAEX,1.12,1.15,0.03
05/27/2025,Corrales_RAV,E,SARA3,1.09,1.1,0.01
05/27/2025,Corrales_RAV,E,SARA3,1.14,1.22,0.08
05/27/2025,Corrales_RAV,E,SARA3,1.26,1.27,0.01
05/27/2025,Corrales_RAV,E,BASA4,2.2,3.2,1
05/27/2025,Corrales_RAV,E,FOPUP,2.88,4.73,1.85
05/27/2025,Corrales_RAV,E,SAEX,3.26,3.27,0.01
05/27/2025,Corrales_RAV,E,SAEX,4.1,4.12,0.02
05/27/2025,Corrales_RAV,E,PAVI5,4.52,4.53,0.01
05/27/2025,Corrales_RAV,E,SAEX,5.02,5.6,0.58
05/27/2025,Corrales_RAV,E,SARA3,4.92,4.93,0.01
05/27/2025,Corrales_RAV,E,SAEX,5.7,5.72,0.02
05/27/2025,Corrales_RAV,E,SARA3,5.51,5.52,0.01
05/27/2025,Corrales_RAV,E,SARA3,5.61,5.62,0.01
05/27/2025,Corrales_RAV,E,SARA3,5.85,6.26,0.41
05/27/2025,Corrales_RAV,E,AIAL,6.12,6.79,0.67
05/27/2025,Corrales_RAV,E,MEOF,5.9,6.02,0.12
05/27/2025,Corrales_RAV,E,MEOF,6.95,6.98,0.03
05/27/2025,Corrales_RAV,E,ELAN,6.3,8.1,1.8
05/27/2025,Corrales_RAV,E,SAEX,7.02,7.18,0.16
05/27/2025,Corrales_RAV,E,MOAL,8.2,11.3,3.1
05/27/2025,Corrales_RAV,E,AIAL,14.6,15.4,0.8
05/27/2025,Corrales_RAV,E,ELAN,15.8,17.95,2.15
05/27/2025,Corrales_RAV,E,MEOF,17.35,17.38,0.03
05/27/2025,Corrales_RAV,E,EUOC4,18.65,18.69,0.04
05/27/2025,Corrales_RAV,E,EUOC4,18.99,19.04,0.05
05/27/2025,Corrales_RAV,E,EUOC4,19.28,19.3,0.02
05/27/2025,Corrales_RAV,E,EUOC4,19.6,19.62,0.02
05/27/2025,Corrales_RAV,E,EUOC4,19.68,19.73,0.05
05/27/2025,Corrales_RAV,E,SARA3,19.85,19.93,0.08
05/27/2025,Corrales_RAV,E,ELAN,24.32,25.2,0.88
05/27/2025,Corrales_RAV,E,ELAN,26.16,27.54,1.38
05/27/2025,Corrales_RAV,E,EUOC4,25.09,25.14,0.05
05/27/2025,Corrales_RAV,E,CYPER,25.2,25.22,0.02
05/27/2025,Corrales_RAV,E,CYPER,25.46,25.47,0.01
05/27/2025,Corrales_RAV,E,CYPER,25.83,25.85,0.02
05/27/2025,Corrales_RAV,E,JUARL,25.9,25.91,0.01
05/27/2025,Corrales_RAV,E,SARA3,20,20.03,0.03
05/27/2025,Corrales_RAV,E,SARA3,20.11,20.13,0.02
05/27/2025,Corrales_RAV,E,MEOF,20.09,20.11,0.02
05/27/2025,Corrales_RAV,E,MEOF,20.3,20.33,0.03
05/27/2025,Corrales_RAV,E,EUOC4,20.62,20.64,0.02
05/27/2025,Corrales_RAV,E,SARA3,20.68,20.79,0.11
05/27/2025,Corrales_RAV,E,SAEX,20.7,20.87,0.17
05/27/2025,Corrales_RAV,E,BASA4,21.1,21.21,0.11
05/27/2025,Corrales_RAV,E,SAEX,21.25,21.39,0.14
05/27/2025,Corrales_RAV,E,DISP/MUAS,21.15,21.18,0.03
05/27/2025,Corrales_RAV,E,MEOF,21.32,21.44,0.12
05/27/2025,Corrales_RAV,E,ELAN,21.28,21.31,0.03
05/27/2025,Corrales_RAV,E,DISP/MUAS,21.6,21.69,0.09
05/27/2025,Corrales_RAV,E,EUOC4,21.62,21.64,0.02
05/27/2025,Corrales_RAV,E,MEOF,21.68,21.76,0.08
05/27/2025,Corrales_RAV,E,EUOC4,21.84,21.91,0.07
05/27/2025,Corrales_RAV,E,MEOF,21.85,21.97,0.12
05/27/2025,Corrales_RAV,E,CYPER,22.25,22.27,0.02
05/27/2025,Corrales_RAV,E,FORB,22.03,22.05,0.02
05/27/2025,Corrales_RAV,E,JUNCU,22.2,22.21,0.01
05/27/2025,Corrales_RAV,E,MEOF,22.4,22.44,0.04
05/27/2025,Corrales_RAV,E,SARA3,22.75,22.78,0.03
05/27/2025,Corrales_RAV,E,FORB,22.8,22.82,0.02
05/27/2025,Corrales_RAV,E,MEOF,22.93,22.95,0.02
05/27/2025,Corrales_RAV,E,MEOF,23.08,23.1,0.02
05/27/2025,Corrales_RAV,E,SARA3,22.65,22.66,0.01
05/27/2025,Corrales_RAV,E,SARA3,22.83,22.86,0.03
05/27/2025,Corrales_RAV,E,SARA3,22.95,22.96,0.01
05/27/2025,Corrales_RAV,E,EUOC4,23.19,23.25,0.06
05/27/2025,Corrales_RAV,E,PODEW,23.4,23.52,0.12
05/27/2025,Corrales_RAV,E,JUNCU,23.33,23.35,0.02
05/27/2025,Corrales_RAV,E,JUNCU,23.44,23.46,0.02
05/27/2025,Corrales_RAV,E,EUOC4,23.73,23.75,0.02
05/27/2025,Corrales_RAV,E,JUNCU,23.63,23.7,0.07
05/27/2025,Corrales_RAV,E,CYPER,23.78,23.82,0.04
05/27/2025,Corrales_RAV,E,SARA3,23.95,24.15,0.2
05/27/2025,Corrales_RAV,E,BASA,23.52,23.7,0.18
05/27/2025,Corrales_RAV,E,BASA,24.2,24.22,0.02
05/27/2025,Corrales_RAV,E,CYPER,24.34,24.42,0.08
05/27/2025,Corrales_RAV,E,EUOC4,24.73,24.76,0.03
05/27/2025,Corrales_RAV,E,CYPER,24.7,24.72,0.02
05/27/2025,Corrales_RAV,E,CYPER,24.94,24.98,0.04
05/27/2025,Corrales_RAV,E,EUOC4,26.15,26.17,0.02
05/27/2025,Corrales_RAV,E,CYPER,26.35,26.4,0.05
05/27/2025,Corrales_RAV,E,EUOC4,26.86,26.9,0.04
05/27/2025,Corrales_RAV,E,SARA3,27.76,27.77,0.01
05/27/2025,Corrales_RAV,E,SARA3,27.92,27.93,0.01
05/27/2025,Corrales_RAV,E,SARA3,28.71,28.73,0.02
05/27/2025,Corrales_RAV,E,BASA,28.99,29.06,0.07
05/27/2025,Corrales_RAV,E,SARA3,29.09,29.1,0.01
05/27/2025,Corrales_RAV,E,CYPER,29.39,29.4,0.01
05/27/2025,Corrales_RAV,F,PODEW,0,0.85,0.85
05/27/2025,Corrales_RAV,F,BASA4,0.58,0.6,0.02
05/27/2025,Corrales_RAV,F,CYPER,1.01,1.02,0.01
05/27/2025,Corrales_RAV,F,SAEX,2.2,2.21,0.01
05/27/2025,Corrales_RAV,F,CYPER,2.75,2.77,0.02
05/27/2025,Corrales_RAV,F,SARA3,3.22,3.23,0.01
05/27/2025,Corrales_RAV,F,SARA3,3.36,3.37,0.01
05/27/2025,Corrales_RAV,F,SARA3,3.48,3.51,0.03
05/27/2025,Corrales_RAV,F,SARA3,3.59,3.81,0.22
05/27/2025,Corrales_RAV,F,CYPER,3.94,3.95,0.01
05/27/2025,Corrales_RAV,F,CYPER,4.23,4.25,0.02
05/27/2025,Corrales_RAV,F,CYPER,4.76,4.78,0.02
05/27/2025,Corrales_RAV,F,CYPER,5.03,5.07,0.04
05/27/2025,Corrales_RAV,F,SAEX,4.92,5,0.08
05/27/2025,Corrales_RAV,F,SAEX,5.19,5.21,0.02
05/27/2025,Corrales_RAV,F,CYPER,5.09,5.13,0.04
05/27/2025,Corrales_RAV,F,MEOF,5.31,5.36,0.05
05/27/2025,Corrales_RAV,F,SARA3,5.43,5.6,0.17
05/27/2025,Corrales_RAV,F,SAEX,5.71,5.9,0.19
05/27/2025,Corrales_RAV,F,SARA3,5.85,5.86,0.01
05/27/2025,Corrales_RAV,F,CYPER,6,6.01,0.01
05/27/2025,Corrales_RAV,F,SARA3,6.01,6.02,0.01
05/27/2025,Corrales_RAV,F,SARA3,6.18,6.79,0.61
05/27/2025,Corrales_RAV,F,SARA3,7,7.02,0.02
05/27/2025,Corrales_RAV,F,CYPER,7.28,7.34,0.06
05/27/2025,Corrales_RAV,F,SAEX,7.27,7.29,0.02
05/27/2025,Corrales_RAV,F,ELAN,7.5,7.53,0.03
05/27/2025,Corrales_RAV,F,SAEX,7.5,7.62,0.12
05/27/2025,Corrales_RAV,F,ELAN,8.03,13.4,5.37
05/27/2025,Corrales_RAV,F,SARA3,7.99,8.32,0.33
05/27/2025,Corrales_RAV,F,DISP/MUAS,8.4,8.42,0.02
05/27/2025,Corrales_RAV,F,CIRSI,9.13,9.25,0.12
05/27/2025,Corrales_RAV,F,CYPER,9.71,9.72,0.01
05/27/2025,Corrales_RAV,F,CYPER,9.92,9.93,0.01
05/27/2025,Corrales_RAV,F,MEOF,10.36,10.38,0.02
05/27/2025,Corrales_RAV,F,SARA3,11.75,12,0.25
05/27/2025,Corrales_RAV,F,SARA3,12.61,12.66,0.05
05/27/2025,Corrales_RAV,F,SARA3,12.73,12.76,0.03
05/27/2025,Corrales_RAV,F,SARA3,15.11,15.13,0.02
05/27/2025,Corrales_RAV,F,SARA3,15.22,15.23,0.01
05/27/2025,Corrales_RAV,F,SARA3,15.31,15.34,0.03
05/27/2025,Corrales_RAV,F,SARA3,15.43,15.44,0.01
05/27/2025,Corrales_RAV,F,SARA3,15.55,15.57,0.02
05/27/2025,Corrales_RAV,F,SARA3,15.61,15.62,0.01
05/27/2025,Corrales_RAV,F,SARA3,15.68,15.74,0.06
05/27/2025,Corrales_RAV,F,SARA3,15.82,15.87,0.05
05/27/2025,Corrales_RAV,F,SARA3,15.99,16,0.01
05/27/2025,Corrales_RAV,F,SARA3,16.04,16.16,0.12
05/27/2025,Corrales_RAV,F,BASA/BASA4,16.07,16.11,0.04
05/27/2025,Corrales_RAV,F,SARA3,16.9,16.91,0.01
05/27/2025,Corrales_RAV,F,SARA3,17,17.07,0.07
05/27/2025,Corrales_RAV,F,SARA3,17.2,17.28,0.08
05/27/2025,Corrales_RAV,F,MEOF,17.5,17.56,0.06
05/27/2025,Corrales_RAV,F,MEOF,17.61,17.62,0.01
05/27/2025,Corrales_RAV,F,MEOF,17.65,17.68,0.03
05/27/2025,Corrales_RAV,F,CYPER,17.79,17.8,0.01
05/27/2025,Corrales_RAV,F,SARA3,18.5,20.11,1.61
05/27/2025,Corrales_RAV,F,MEOF,18.64,18.81,0.17
05/27/2025,Corrales_RAV,F,ELAN,19.3,30,10.7
05/27/2025,Corrales_RAV,F,SAEX,20.56,20.6,0.04
05/27/2025,Corrales_RAV,F,SARA3,28.91,30,1.09
05/27/2025,Corrales_RAV,F,MEOF,13.14,13.8,0.66
05/27/2025,Corrales_RAV,F,MEOF,13.25,13.29,0.04
05/27/2025,Corrales_RAV,F,MEOF,13.35,13.41,0.06
05/27/2025,Corrales_RAV,F,MEOF,13.45,13.47,0.02
05/27/2025,Corrales_RAV,F,MEOF,13.85,13.86,0.01
05/27/2025,Corrales_RAV,F,SARA3,14.05,14.06,0.01
05/27/2025,Corrales_RAV,F,SARA3,14.4,14.45,0.05
05/27/2025,Corrales_RAV,F,MEOF,14.48,14.51,0.03
05/27/2025,Corrales_RAV,F,SARA3,14.59,14.6,0.01
05/27/2025,Corrales_RAV,G,DISP/MUAS,0.19,0.2,0.01
05/27/2025,Corrales_RAV,G,MEOF,0.21,0.22,0.01
05/27/2025,Corrales_RAV,G,MEOF,0.27,0.33,0.06
05/27/2025,Corrales_RAV,G,MEOF,0.47,0.49,0.02
05/27/2025,Corrales_RAV,G,SARA3,0.58,0.64,0.06
05/27/2025,Corrales_RAV,G,DISP/MUAS,0.69,0.7,0.01
05/27/2025,Corrales_RAV,G,MEOF,0.73,0.77,0.04
05/27/2025,Corrales_RAV,G,CYPER,0.79,0.8,0.01
05/27/2025,Corrales_RAV,G,MEOF,0.92,0.94,0.02
05/27/2025,Corrales_RAV,G,MEOF,0.99,1.01,0.02
05/27/2025,Corrales_RAV,G,MEOF,1.07,1.09,0.02
05/27/2025,Corrales_RAV,G,SARA3,1.1,1.18,0.08
05/27/2025,Corrales_RAV,G,SARA3,1.27,1.28,0.01
05/27/2025,Corrales_RAV,G,SARA3,1.36,1.42,0.06
05/27/2025,Corrales_RAV,G,MEOF,1.31,1.32,0.01
05/27/2025,Corrales_RAV,G,EUOC4,1.55,1.56,0.01
05/27/2025,Corrales_RAV,G,SARA3,1.61,1.64,0.03
05/27/2025,Corrales_RAV,G,EUOC4,2.07,2.09,0.02
05/27/2025,Corrales_RAV,G,EUOC4,2.73,2.75,0.02
05/27/2025,Corrales_RAV,G,DISP/MUAS,2.76,2.77,0.01
05/27/2025,Corrales_RAV,G,MEOF,3.01,3.09,0.08
05/27/2025,Corrales_RAV,G,DISP/MUAS,3.01,3.02,0.01
05/27/2025,Corrales_RAV,G,SARA3,3.03,3.07,0.04
05/27/2025,Corrales_RAV,G,SARA3,3.16,3.22,0.06
05/27/2025,Corrales_RAV,G,SARA3,3.27,3.59,0.32
05/27/2025,Corrales_RAV,G,SARA3,3.89,3.9,0.01
05/27/2025,Corrales_RAV,G,MEOF,4.09,4.1,0.01
05/27/2025,Corrales_RAV,G,SARA3,4.4,4.45,0.05
05/27/2025,Corrales_RAV,G,SARA3,4.54,4.81,0.27
05/27/2025,Corrales_RAV,G,ELAN,4.96,5.08,0.12
05/27/2025,Corrales_RAV,G,SARA3,4.9,4.92,0.02
05/27/2025,Corrales_RAV,G,SARA3,5.04,5.16,0.12
05/27/2025,Corrales_RAV,G,SARA3,5.46,5.85,0.39
05/27/2025,Corrales_RAV,G,MEOF,6.1,6.28,0.18
05/27/2025,Corrales_RAV,G,SARA3,6.33,6.37,0.04
05/27/2025,Corrales_RAV,G,MEOF,6.54,6.58,0.04
05/27/2025,Corrales_RAV,G,SARA3,6.65,6.7,0.05
05/27/2025,Corrales_RAV,G,SARA3,6.79,7.42,0.63
05/27/2025,Corrales_RAV,G,MEOF,7.1,7.11,0.01
05/27/2025,Corrales_RAV,G,MEOF,7.15,7.16,0.01
05/27/2025,Corrales_RAV,G,SARA3,7.32,7.44,0.12
05/27/2025,Corrales_RAV,G,MEOF,7.35,7.37,0.02
05/27/2025,Corrales_RAV,G,MEOF,7.55,7.58,0.03
05/27/2025,Corrales_RAV,G,SARA3,8.08,8.09,0.01
05/27/2025,Corrales_RAV,G,SARA3,8.4,8.41,0.01
05/27/2025,Corrales_RAV,G,SARA3,8.48,8.84,0.36
05/27/2025,Corrales_RAV,G,EUOC4,8.99,9.02,0.03
05/27/2025,Corrales_RAV,G,SARA3,9.07,9.78,0.71
05/27/2025,Corrales_RAV,G,EUOC4,10.35,10.37,0.02
05/27/2025,Corrales_RAV,G,EUOC4,10.89,10.9,0.01
05/27/2025,Corrales_RAV,G,SARA3,10.92,10.93,0.01
05/27/2025,Corrales_RAV,G,SARA3,11.05,11.44,0.39
05/27/2025,Corrales_RAV,G,BASA,11.28,11.33,0.05
05/27/2025,Corrales_RAV,G,SARA3,11.26,11.42,0.16
05/27/2025,Corrales_RAV,G,BASA,11.51,11.79,0.28
05/27/2025,Corrales_RAV,G,MEOF,11.36,11.38,0.02
05/27/2025,Corrales_RAV,G,MEOF,11.49,11.7,0.21
05/27/2025,Corrales_RAV,G,MEOF,11.8,12.06,0.26
05/27/2025,Corrales_RAV,G,MEOF,12.1,12.13,0.03
05/27/2025,Corrales_RAV,G,SARA3,12.1,13,0.9
05/27/2025,Corrales_RAV,G,MEOF,12.25,12.32,0.07
05/27/2025,Corrales_RAV,G,MEOF,15.05,15.07,0.02
05/27/2025,Corrales_RAV,G,EUOC4,15.13,15.16,0.03
05/27/2025,Corrales_RAV,G,MEOF,15.19,15.27,0.08
05/27/2025,Corrales_RAV,G,MEOF,15.39,15.45,0.06
05/27/2025,Corrales_RAV,G,SARA3,15.08,15.09,0.01
05/27/2025,Corrales_RAV,G,MEOF,16.27,16.3,0.03
05/27/2025,Corrales_RAV,G,MEOF,16.44,16.91,0.47
05/27/2025,Corrales_RAV,G,SARA3,16.74,16.92,0.18
05/27/2025,Corrales_RAV,G,SARA3,17.15,17.17,0.02
05/27/2025,Corrales_RAV,G,MEOF,17.22,17.29,0.07
05/27/2025,Corrales_RAV,G,SARA3,17.41,17.44,0.03
05/27/2025,Corrales_RAV,G,SARA3,17.49,17.5,0.01
05/27/2025,Corrales_RAV,G,MEOF,17.66,17.85,0.19
05/27/2025,Corrales_RAV,G,SARA3,17.92,18.55,0.63
05/27/2025,Corrales_RAV,G,SAEX,18.63,18.65,0.02
05/27/2025,Corrales_RAV,G,MEOF,18.78,18.83,0.05
05/27/2025,Corrales_RAV,G,SAEX,19,19.01,0.01
05/27/2025,Corrales_RAV,G,SAEX,19.13,19.18,0.05
05/27/2025,Corrales_RAV,G,MEOF,19.13,19.15,0.02
05/27/2025,Corrales_RAV,G,MEOF,19.29,19.33,0.04
05/27/2025,Corrales_RAV,G,MEOF,19.4,19.49,0.09
05/27/2025,Corrales_RAV,G,MEOF,19.54,19.6,0.06
05/27/2025,Corrales_RAV,G,SARA3,19.76,19.77,0.01
05/27/2025,Corrales_RAV,G,MEOF,19.7,19.85,0.15
05/27/2025,Corrales_RAV,G,MEOF,20,20.04,0.04
05/27/2025,Corrales_RAV,G,SARA3,20.03,20.06,0.03
05/27/2025,Corrales_RAV,G,SARA3,20.12,20.15,0.03
05/27/2025,Corrales_RAV,G,MEOF,20.7,20.73,0.03
05/27/2025,Corrales_RAV,G,MEOF,20.89,20.9,0.01
05/27/2025,Corrales_RAV,G,MEOF,20.93,20.95,0.02
05/27/2025,Corrales_RAV,G,SARA3,21.09,21.11,0.02
05/27/2025,Corrales_RAV,G,SARA3,21.19,21.22,0.03
05/27/2025,Corrales_RAV,G,SARA3,21.38,21.4,0.02
05/27/2025,Corrales_RAV,G,SARA3,21.5,21.51,0.01
05/27/2025,Corrales_RAV,G,SARA3,21.62,22.11,0.49
05/27/2025,Corrales_RAV,G,SARA3,22.16,22.18,0.02
05/27/2025,Corrales_RAV,G,SARA3,22.28,22.29,0.01
05/27/2025,Corrales_RAV,G,SARA3,22.46,22.81,0.35
05/27/2025,Corrales_RAV,G,SARA3,22.87,22.88,0.01
05/27/2025,Corrales_RAV,G,MEOF,22.65,22.69,0.04
05/27/2025,Corrales_RAV,G,MEOF,22.78,22.8,0.02
05/27/2025,Corrales_RAV,G,MEOF,22.86,23.15,0.29
05/27/2025,Corrales_RAV,G,MEOF,23.3,23.33,0.03
05/27/2025,Corrales_RAV,G,MEOF,23.38,24.35,0.97
05/27/2025,Corrales_RAV,G,MEOF,24.45,24.51,0.06
05/27/2025,Corrales_RAV,G,MEOF,24.64,25.13,0.49
05/27/2025,Corrales_RAV,G,MEOF,25.24,25.3,0.06
05/27/2025,Corrales_RAV,G,MEOF,25.38,25.75,0.37
05/27/2025,Corrales_RAV,G,MEOF,25.95,26,0.05
05/27/2025,Corrales_RAV,G,SARA3,25.73,25.97,0.24
05/27/2025,Corrales_RAV,G,MEOF,26.54,26.81,0.27
05/27/2025,Corrales_RAV,G,MEOF,26.85,26.87,0.02
05/27/2025,Corrales_RAV,G,MEOF,26.9,26.97,0.07
05/27/2025,Corrales_RAV,G,MEOF,27.12,27.24,0.12
05/27/2025,Corrales_RAV,G,MEOF,27.34,27.51,0.17
05/27/2025,Corrales_RAV,G,MEOF,27.74,27.8,0.06
05/27/2025,Corrales_RAV,G,MEOF,27.93,28.07,0.14
05/27/2025,Corrales_RAV,G,MEOF,28.11,28.26,0.15
05/27/2025,Corrales_RAV,G,MEOF,28.93,29.49,0.56
05/27/2025,Corrales_RAV,G,SARA3,28.36,28.4,0.04
05/27/2025,Corrales_RAV,G,SOAS,28.3,28.41,0.11
05/27/2025,Corrales_RAV,G,EUOC4,13,13.03,0.03
05/27/2025,Corrales_RAV,G,SARA3,13.14,13.15,0.01
05/27/2025,Corrales_RAV,G,EUOC4,13.39,13.45,0.06
05/27/2025,Corrales_RAV,G,SAEX,13.54,13.64,0.1
05/27/2025,Corrales_RAV,G,EUOC4,13.75,13.77,0.02
05/27/2025,Corrales_RAV,G,MEOF,13.82,13.89,0.07
05/27/2025,Corrales_RAV,G,MEOF,13.93,13.95,0.02
05/27/2025,Corrales_RAV,G,EUOC4,14.1,14.13,0.03
05/27/2025,Corrales_RAV,G,MEOF,14.18,14.25,0.07
05/27/2025,Corrales_RAV,G,MEOF,14.31,14.43,0.12
05/27/2025,Corrales_RAV,G,MEOF,14.6,14.61,0.01
05/27/2025,Corrales_RAV,G,SARA3,14.61,14.63,0.02
05/27/2025,Corrales_RAV,G,MEOF,14.68,14.7,0.02
05/27/2025,Corrales_RAV,G,MEOF,14.97,14.99,0.02
05/28/2025,Corrales_RAV,H,DISP/MUAS,9.7,9.72,0.02
05/28/2025,Corrales_RAV,H,DISP/MUAS,9.87,9.88,0.01
05/28/2025,Corrales_RAV,H,DISP/MUAS,9.95,9.96,0.01
05/28/2025,Corrales_RAV,H,DISP/MUAS,10,10.01,0.01
05/28/2025,Corrales_RAV,H,SARA3,10.09,10.1,0.01
05/28/2025,Corrales_RAV,H,SARA3,10.32,10.33,0.01
05/28/2025,Corrales_RAV,H,MEOF,19.95,20.01,0.06
05/28/2025,Corrales_RAV,H,MEOF,20.1,20.13,0.03
05/28/2025,Corrales_RAV,H,MEOF,20.3,20.5,0.2
05/28/2025,Corrales_RAV,H,ELAN,19.5,19.61,0.11
05/28/2025,Corrales_RAV,H,SARA3,19.5,20.06,0.56
05/28/2025,Corrales_RAV,H,SAEX,20.19,20.27,0.08
05/28/2025,Corrales_RAV,H,MEOF,29.7,29.72,0.02
05/28/2025,Corrales_RAV,H,MEOF,29.76,29.8,0.04
05/28/2025,Corrales_RAV,H,PAOB,29.92,29.93,0.01
05/28/2025,Corrales_RAV,H,POPR,0.27,0.28,0.01
05/28/2025,Corrales_RAV,H,PODEW,0,4.8,4.8
05/28/2025,Corrales_RAV,H,SAEX,0,0.4,0.4
05/28/2025,Corrales_RAV,H,SAEX,0.78,1.02,0.24
05/28/2025,Corrales_RAV,H,SAEX,1.11,1.17,0.06
05/28/2025,Corrales_RAV,H,DISP/MUAS,1.36,1.4,0.04
05/28/2025,Corrales_RAV,H,DISP/MUAS,1.71,1.72,0.01
05/28/2025,Corrales_RAV,H,DISP/MUAS,1.78,1.95,0.17
05/28/2025,Corrales_RAV,H,DISP/MUAS,2.21,2.25,0.04
05/28/2025,Corrales_RAV,H,DISP/MUAS,2.4,2.66,0.26
05/28/2025,Corrales_RAV,H,DISP/MUAS,2.5,2.82,0.32
05/28/2025,Corrales_RAV,H,DISP/MUAS,3.01,3.3,0.29
05/28/2025,Corrales_RAV,H,DISP/MUAS,3.35,5.39,2.04
05/28/2025,Corrales_RAV,H,DISP/MUAS,5.54,9.61,4.07
05/28/2025,Corrales_RAV,H,TACH2,3.7,3.75,0.05
05/28/2025,Corrales_RAV,H,SAEX,3.85,4.25,0.4
05/28/2025,Corrales_RAV,H,TACH2,4.8,5.2,0.4
05/28/2025,Corrales_RAV,H,ELAN,7.5,8.38,0.88
05/28/2025,Corrales_RAV,H,SAEX,8.2,8.57,0.37
05/28/2025,Corrales_RAV,H,SAEX,8.8,9,0.2
05/28/2025,Corrales_RAV,H,SARA3,8.56,9.15,0.59
05/28/2025,Corrales_RAV,H,DISP/MUAS,9.11,9.13,0.02
05/28/2025,Corrales_RAV,H,EUOC4,9.22,9.24,0.02
05/28/2025,Corrales_RAV,H,DISP/MUAS,9.35,9.56,0.21
05/28/2025,Corrales_RAV,H,AMPS,10.6,10.62,0.02
05/28/2025,Corrales_RAV,H,SAEX,10.65,10.67,0.02
05/28/2025,Corrales_RAV,H,AMPS,10.71,10.72,0.01
05/28/2025,Corrales_RAV,H,DISP/MUAS,10.75,10.82,0.07
05/28/2025,Corrales_RAV,H,MEOF,11.1,11.21,0.11
05/28/2025,Corrales_RAV,H,DISP/MUAS,11.09,11.11,0.02
05/28/2025,Corrales_RAV,H,CYPER,11.7,11.71,0.01
05/28/2025,Corrales_RAV,H,SARA3,11.84,12.18,0.34
05/28/2025,Corrales_RAV,H,SAEX,11.92,12.05,0.13
05/28/2025,Corrales_RAV,H,DISP/MUAS,12.35,12.38,0.03
05/28/2025,Corrales_RAV,H,SARA3,12.6,12.61,0.01
05/28/2025,Corrales_RAV,H,SARA3,12.75,12.84,0.09
05/28/2025,Corrales_RAV,H,SAEX,13.05,13.12,0.07
05/28/2025,Corrales_RAV,H,MEOF,13.59,13.6,0.01
05/28/2025,Corrales_RAV,H,MEOF,13.73,13.76,0.03
05/28/2025,Corrales_RAV,H,AMPS,13.99,14.01,0.02
05/28/2025,Corrales_RAV,H,MEOF,14.49,14.5,0.01
05/28/2025,Corrales_RAV,H,MEOF,15.41,15.6,0.19
05/28/2025,Corrales_RAV,H,MEOF,15.72,15.79,0.07
05/28/2025,Corrales_RAV,H,MEOF,16,16.03,0.03
05/28/2025,Corrales_RAV,H,AMPS,16.2,16.23,0.03
05/28/2025,Corrales_RAV,H,BASA4,16.46,16.52,0.06
05/28/2025,Corrales_RAV,H,SAEX,16.45,16.5,0.05
05/28/2025,Corrales_RAV,H,MEOF,16.47,17.58,1.11
05/28/2025,Corrales_RAV,H,BASA4,16.87,16.9,0.03
05/28/2025,Corrales_RAV,H,BASA4,16.98,17.06,0.08
05/28/2025,Corrales_RAV,H,SARA3,17.52,17.55,0.03
05/28/2025,Corrales_RAV,H,MEOF,17.7,17.73,0.03
05/28/2025,Corrales_RAV,H,MEOF,17.95,18.02,0.07
05/28/2025,Corrales_RAV,H,SARA3,18.21,18.25,0.04
05/28/2025,Corrales_RAV,H,AMPS,18.15,18.19,0.04
05/28/2025,Corrales_RAV,H,MEOF,18.6,18.64,0.04
05/28/2025,Corrales_RAV,H,MEOF,18.71,18.73,0.02
05/28/2025,Corrales_RAV,H,AMPS,18.67,18.71,0.04
05/28/2025,Corrales_RAV,H,SAEX,18.76,18.81,0.05
05/28/2025,Corrales_RAV,H,ELAN,19.09,19.49,0.4
05/28/2025,Corrales_RAV,H,SARA3,19.23,19.5,0.27
05/28/2025,Corrales_RAV,H,MEOF,20.5,20.53,0.03
05/28/2025,Corrales_RAV,H,MEOF,20.73,20.92,0.19
05/28/2025,Corrales_RAV,H,MEOF,21,21.11,0.11
05/28/2025,Corrales_RAV,H,PAOB,21.19,21.24,0.05
05/28/2025,Corrales_RAV,H,SAEX,21.32,21.37,0.05
05/28/2025,Corrales_RAV,H,PAOB,21.41,21.57,0.16
05/28/2025,Corrales_RAV,H,SARA3,21.45,22.49,1.04
05/28/2025,Corrales_RAV,H,SAEX,22.61,22.65,0.04
05/28/2025,Corrales_RAV,H,SAEX,23.24,23.25,0.01
05/28/2025,Corrales_RAV,H,DISP/MUAS,22.9,22.98,0.08
05/28/2025,Corrales_RAV,H,MEOF,22.98,23,0.02
05/28/2025,Corrales_RAV,H,PAOB,23.12,23.2,0.08
05/28/2025,Corrales_RAV,H,PAOB,23.26,23.29,0.03
05/28/2025,Corrales_RAV,H,MEOF,23.35,23.39,0.04
05/28/2025,Corrales_RAV,H,SAEX,23.55,23.6,0.05
05/28/2025,Corrales_RAV,H,MEOF,23.71,23.82,0.11
05/28/2025,Corrales_RAV,H,MEOF,23.87,23.9,0.03
05/28/2025,Corrales_RAV,H,SAGO,23.77,24.81,1.04
05/28/2025,Corrales_RAV,H,MEOF,23.99,24.21,0.22
05/28/2025,Corrales_RAV,H,PAOB,23.95,23.97,0.02
05/28/2025,Corrales_RAV,H,PAOB,24.13,24.19,0.06
05/28/2025,Corrales_RAV,H,PAOB,24.34,24.36,0.02
05/28/2025,Corrales_RAV,H,MEOF,24.27,24.31,0.04
05/28/2025,Corrales_RAV,H,PAOB,24.89,24.93,0.04
05/28/2025,Corrales_RAV,H,SARA3,25.01,25.16,0.15
05/28/2025,Corrales_RAV,H,MEOF,25.29,25.52,0.23
05/28/2025,Corrales_RAV,H,SAEX,25.08,25.09,0.01
05/28/2025,Corrales_RAV,H,PAOB,25.33,25.35,0.02
05/28/2025,Corrales_RAV,H,PAOB,25.44,25.45,0.01
05/28/2025,Corrales_RAV,H,BASA4,25.73,25.9,0.17
05/28/2025,Corrales_RAV,H,MEOF,25.83,26.05,0.22
05/28/2025,Corrales_RAV,H,MEOF,26.1,26.12,0.02
05/28/2025,Corrales_RAV,H,PAOB,25.8,25.83,0.03
05/28/2025,Corrales_RAV,H,PAOB,25.91,25.95,0.04
05/28/2025,Corrales_RAV,H,PAOB,26.12,26.14,0.02
05/28/2025,Corrales_RAV,H,PAOB,26.31,26.41,0.1
05/28/2025,Corrales_RAV,H,PAOB,26.49,26.56,0.07
05/28/2025,Corrales_RAV,H,SAEX,26.5,26.67,0.17
05/28/2025,Corrales_RAV,H,PAOB,26.68,26.77,0.09
05/28/2025,Corrales_RAV,H,PAOB,27,27.03,0.03
05/28/2025,Corrales_RAV,H,PAOB,27.15,27.17,0.02
05/28/2025,Corrales_RAV,H,MEOF,26.75,26.77,0.02
05/28/2025,Corrales_RAV,H,MEOF,26.83,26.89,0.06
05/28/2025,Corrales_RAV,H,MEOF,26.95,27.06,0.11
05/28/2025,Corrales_RAV,H,MEOF,27.13,27.41,0.28
05/28/2025,Corrales_RAV,H,MEOF,27.45,27.47,0.02
05/28/2025,Corrales_RAV,H,MEOF,27.55,27.68,0.13
05/28/2025,Corrales_RAV,H,MEOF,27.78,27.82,0.04
05/28/2025,Corrales_RAV,H,PAOB,27.38,27.39,0.01
05/28/2025,Corrales_RAV,H,PAOB,27.47,27.48,0.01
05/28/2025,Corrales_RAV,H,PAOB,27.59,27.62,0.03
05/28/2025,Corrales_RAV,H,PAOB,27.66,27.68,0.02
05/28/2025,Corrales_RAV,H,PAOB,27.74,27.75,0.01
05/28/2025,Corrales_RAV,H,PAOB,27.87,27.88,0.01
05/28/2025,Corrales_RAV,H,MEOF,27.85,27.89,0.04
05/28/2025,Corrales_RAV,H,MEOF,28.05,28.07,0.02
05/28/2025,Corrales_RAV,H,MEOF,28.11,28.2,0.09
05/28/2025,Corrales_RAV,H,MEOF,28.28,28.3,0.02
05/28/2025,Corrales_RAV,H,MEOF,28.4,28.42,0.02
05/28/2025,Corrales_RAV,H,MEOF,28.47,28.49,0.02
05/28/2025,Corrales_RAV,H,PAOB,28.01,28.02,0.01
05/28/2025,Corrales_RAV,H,PAOB,28.06,28.09,0.03
05/28/2025,Corrales_RAV,H,PAOB,28.29,28.3,0.01
05/28/2025,Corrales_RAV,H,PAOB,28.49,28.58,0.09
05/28/2025,Corrales_RAV,H,PAOB,28.71,28.79,0.08
05/28/2025,Corrales_RAV,H,PAOB,29.31,29.34,0.03
05/28/2025,Corrales_RAV,H,MEOF,29.31,29.37,0.06
05/28/2025,Corrales_RAV,H,MEOF,29.44,29.47,0.03
05/28/2025,Corrales_RAV,I,MEOF,0.4,0.45,0.05
05/28/2025,Corrales_RAV,I,MEOF,0.5,0.56,0.06
05/28/2025,Corrales_RAV,I,MEOF,0.62,0.71,0.09
05/28/2025,Corrales_RAV,I,DISP/MUAS,0.79,0.8,0.01
05/28/2025,Corrales_RAV,I,MEOF,0.82,0.89,0.07
05/28/2025,Corrales_RAV,I,SAEX,1.1,1.15,0.05
05/28/2025,Corrales_RAV,I,BASA,1.24,1.51,0.27
05/28/2025,Corrales_RAV,I,BASA,1.68,1.69,0.01
05/28/2025,Corrales_RAV,I,MEOF,2.32,2.35,0.03
05/28/2025,Corrales_RAV,I,MEOF,2.52,3.89,1.37
05/28/2025,Corrales_RAV,I,SAEX,3.95,3.99,0.04
05/28/2025,Corrales_RAV,I,MEOF,4.12,4.2,0.08
05/28/2025,Corrales_RAV,I,SAEX,4.19,4.21,0.02
05/28/2025,Corrales_RAV,I,MEOF,4.29,5.83,1.54
05/28/2025,Corrales_RAV,I,SAEX,4.87,4.92,0.05
05/28/2025,Corrales_RAV,I,MEOF,6.01,6.02,0.01
05/28/2025,Corrales_RAV,I,MEOF,6.36,6.38,0.02
05/28/2025,Corrales_RAV,I,MEOF,6.54,6.69,0.15
05/28/2025,Corrales_RAV,I,MEOF,7.15,7.18,0.03
05/28/2025,Corrales_RAV,I,MEOF,7.24,7.27,0.03
05/28/2025,Corrales_RAV,I,SARA3,7.73,7.75,0.02
05/28/2025,Corrales_RAV,I,SARA3,7.87,7.9,0.03
05/28/2025,Corrales_RAV,I,SARA3,7.97,8.05,0.08
05/28/2025,Corrales_RAV,I,ELAN,7.5,9.35,1.85
05/28/2025,Corrales_RAV,I,SARA3,8.25,8.4,0.15
05/28/2025,Corrales_RAV,I,BASA,8.39,8.8,0.41
05/28/2025,Corrales_RAV,I,SAEX,9.22,9.45,0.23
05/28/2025,Corrales_RAV,I,MEOF,9.35,9.48,0.13
05/28/2025,Corrales_RAV,I,SARA3,9.69,10.36,0.67
05/28/2025,Corrales_RAV,I,MEOF,10.14,10.21,0.07
05/28/2025,Corrales_RAV,I,MEOF,10.35,10.38,0.03
05/28/2025,Corrales_RAV,I,MEOF,10.51,10.53,0.02
05/28/2025,Corrales_RAV,I,MEOF,10.71,10.82,0.11
05/28/2025,Corrales_RAV,I,MEOF,10.92,11,0.08
05/28/2025,Corrales_RAV,I,MEOF,11.04,11.28,0.24
05/28/2025,Corrales_RAV,I,SAEX,11.02,11.51,0.49
05/28/2025,Corrales_RAV,I,MEOF,11.85,11.9,0.05
05/28/2025,Corrales_RAV,I,BASA,12.7,12.79,0.09
05/28/2025,Corrales_RAV,I,SAEX,12.8,13.14,0.34
05/28/2025,Corrales_RAV,I,MEOF,13.25,13.26,0.01
05/28/2025,Corrales_RAV,I,MEOF,13.32,13.33,0.01
05/28/2025,Corrales_RAV,I,MEOF,13.44,13.49,0.05
05/28/2025,Corrales_RAV,I,MEOF,13.56,13.6,0.04
05/28/2025,Corrales_RAV,I,MEOF,13.64,13.7,0.06
05/28/2025,Corrales_RAV,I,MEOF,13.77,13.8,0.03
05/28/2025,Corrales_RAV,I,SAEX,13.96,14.05,0.09
05/28/2025,Corrales_RAV,I,MEOF,14.09,14.38,0.29
05/28/2025,Corrales_RAV,I,MEOF,14.54,15,0.46
05/28/2025,Corrales_RAV,I,MEOF,27.54,28.19,0.65
05/28/2025,Corrales_RAV,I,MEOF,28.86,28.88,0.02
05/28/2025,Corrales_RAV,I,MEOF,28.89,29.35,0.46
05/28/2025,Corrales_RAV,I,MEOF,29.43,29.54,0.11
05/28/2025,Corrales_RAV,I,MEOF,29.92,29.96,0.04
05/28/2025,Corrales_RAV,I,ELAN,28.85,30,1.15
05/28/2025,Corrales_RAV,I,MEOF,15,15.47,0.47
05/28/2025,Corrales_RAV,I,MEOF,15.57,15.71,0.14
05/28/2025,Corrales_RAV,I,MEOF,16.01,16.02,0.01
05/28/2025,Corrales_RAV,I,MEOF,16.06,16.1,0.04
05/28/2025,Corrales_RAV,I,MEOF,16.24,16.41,0.17
05/28/2025,Corrales_RAV,I,SAEX,16.53,16.57,0.04
05/28/2025,Corrales_RAV,I,MEOF,16.48,16.51,0.03
05/28/2025,Corrales_RAV,I,MEOF,16.71,16.72,0.01
05/28/2025,Corrales_RAV,I,MEOF,16.97,17.11,0.14
05/28/2025,Corrales_RAV,I,MEOF,17.15,17.98,0.83
05/28/2025,Corrales_RAV,I,SAEX,17.55,17.57,0.02
05/28/2025,Corrales_RAV,I,SAEX,17.61,17.64,0.03
05/28/2025,Corrales_RAV,I,MEOF,18.03,18.19,0.16
05/28/2025,Corrales_RAV,I,MEOF,18.29,18.51,0.22
05/28/2025,Corrales_RAV,I,MEOF,18.54,18.83,0.29
05/28/2025,Corrales_RAV,I,SAEX,18.84,19.27,0.43
05/28/2025,Corrales_RAV,I,MEOF,19.02,19.08,0.06
05/28/2025,Corrales_RAV,I,MEOF,19.31,19.35,0.04
05/28/2025,Corrales_RAV,I,MEOF,19.41,19.54,0.13
05/28/2025,Corrales_RAV,I,MEOF,19.65,19.69,0.04
05/28/2025,Corrales_RAV,I,SAEX,19.69,19.71,0.02
05/28/2025,Corrales_RAV,I,MEOF,19.77,19.82,0.05
05/28/2025,Corrales_RAV,I,MEOF,19.9,19.97,0.07
05/28/2025,Corrales_RAV,I,BASA4,20.12,20.47,0.35
05/28/2025,Corrales_RAV,I,MEOF,20.38,20.42,0.04
05/28/2025,Corrales_RAV,I,MEOF,20.58,20.63,0.05
05/28/2025,Corrales_RAV,I,MEOF,20.88,20.92,0.04
05/28/2025,Corrales_RAV,I,SAEX,21.43,22.48,1.05
05/28/2025,Corrales_RAV,I,MEOF,23.27,23.32,0.05
05/28/2025,Corrales_RAV,I,MEOF,23.37,23.44,0.07
05/28/2025,Corrales_RAV,I,SAEX,23.84,24.28,0.44
05/28/2025,Corrales_RAV,I,MEOF,24.5,24.53,0.03
05/28/2025,Corrales_RAV,I,BASA4,24.66,25.76,1.1
05/28/2025,Corrales_RAV,I,MEOF,25.53,25.57,0.04
05/28/2025,Corrales_RAV,I,SAEX,26.14,26.96,0.82
05/28/2025,Corrales_RAV,I,MEOF,26.5,26.71,0.21
05/28/2025,Corrales_RAV,J,TACH2,0,7.6,7.6
05/28/2025,Corrales_RAV,J,ELAN,0,1.45,1.45
05/28/2025,Corrales_RAV,J,ELAN,2.04,4.6,2.56
05/28/2025,Corrales_RAV,J,FOPUP,4.53,7.82,3.29
05/28/2025,Corrales_RAV,J,SAEX,7.32,10,2.68
05/28/2025,Corrales_RAV,J,ELAN,8.75,10,1.25
05/28/2025,Corrales_RAV,J,PODEW,7.98,8.62,0.64
05/28/2025,Corrales_RAV,J,DISP,2.35,2.37,0.02
05/28/2025,Corrales_RAV,J,DISP,2.82,2.88,0.06
05/28/2025,Corrales_RAV,J,DISP,3.29,3.31,0.02
05/28/2025,Corrales_RAV,J,DISP,3.37,3.38,0.01
05/28/2025,Corrales_RAV,J,DISP,3.45,3.54,0.09
05/28/2025,Corrales_RAV,J,DISP,3.79,3.8,0.01
05/28/2025,Corrales_RAV,J,DISP,3.95,4,0.05
05/28/2025,Corrales_RAV,J,DISP,4.11,4.14,0.03
05/28/2025,Corrales_RAV,J,DISP,4.19,4.2,0.01
05/28/2025,Corrales_RAV,J,DISP,4.23,4.24,0.01
05/28/2025,Corrales_RAV,J,DISP,4.4,4.44,0.04
05/28/2025,Corrales_RAV,J,DISP,4.56,4.63,0.07
05/28/2025,Corrales_RAV,J,DISP,4.7,4.71,0.01
05/28/2025,Corrales_RAV,J,FEAR3,4.46,4.48,0.02
05/28/2025,Corrales_RAV,J,FEAR3,4.24,4.25,0.01
05/28/2025,Corrales_RAV,J,FEAR3,6.7,6.71,0.01
05/28/2025,Corrales_RAV,J,FEAR3,6.82,6.86,0.04
05/28/2025,Corrales_RAV,J,FEAR3,6.98,6.99,0.01
05/28/2025,Corrales_RAV,J,FEAR3,7.05,7.06,0.01
05/28/2025,Corrales_RAV,J,EQLA,7.21,7.22,0.01
05/28/2025,Corrales_RAV,J,EUOC4,7.32,7.41,0.09
05/28/2025,Corrales_RAV,J,EUOC4,7.61,7.62,0.01
05/28/2025,Corrales_RAV,J,EUOC4,7.75,7.77,0.02
05/28/2025,Corrales_RAV,J,DISP,7.75,7.76,0.01
05/28/2025,Corrales_RAV,J,EUOC4,8.06,8.12,0.06
05/28/2025,Corrales_RAV,J,EUOC4,8.2,8.24,0.04
05/28/2025,Corrales_RAV,J,EQLA,8.5,8.51,0.01
05/28/2025,Corrales_RAV,J,EUOC4,8.7,8.84,0.14
05/28/2025,Corrales_RAV,J,EQLA,8.9,8.94,0.04
05/28/2025,Corrales_RAV,J,SARA3,9,9.29,0.29
05/28/2025,Corrales_RAV,J,EUOC4,9.39,9.5,0.11
05/28/2025,Corrales_RAV,J,CYPER,9.49,9.51,0.02
05/28/2025,Corrales_RAV,J,EQLA,9.58,9.59,0.01
05/28/2025,Corrales_RAV,J,CYPER,9.66,9.67,0.01
05/28/2025,Corrales_RAV,J,EUOC4,9.62,9.63,0.01
05/28/2025,Corrales_RAV,J,MEOF,9.78,9.8,0.02
05/28/2025,Corrales_RAV,J,EUOC4,9.79,9.81,0.02
05/28/2025,Corrales_RAV,J,CYPER,9.78,9.8,0.02
05/28/2025,Corrales_RAV,J,CYPER,9.92,9.93,0.01
05/28/2025,Corrales_RAV,J,EUOC4,9.92,10,0.08
05/28/2025,Corrales_RAV,J,EQLA,9.95,9.97,0.02
05/28/2025,Corrales_RAV,J,PAVI5,5.89,5.95,0.06
05/28/2025,Corrales_RAV,J,ELAN,24.12,26.93,2.81
05/28/2025,Corrales_RAV,J,SAEX,25.32,25.4,0.08
05/28/2025,Corrales_RAV,J,CYPER,25.01,25.02,0.01
05/28/2025,Corrales_RAV,J,CYPER,25.62,25.63,0.01
05/28/2025,Corrales_RAV,J,CYPER,25.9,25.91,0.01
05/28/2025,Corrales_RAV,J,DISP/MUAS,26.1,26.12,0.02
05/28/2025,Corrales_RAV,J,DISP/MUAS,26.22,26.23,0.01
05/28/2025,Corrales_RAV,J,CYPER,26.25,26.26,0.01
05/28/2025,Corrales_RAV,J,CYPER,26.3,26.33,0.03
05/28/2025,Corrales_RAV,J,CYPER,26.58,26.59,0.01
05/28/2025,Corrales_RAV,J,SARA3,26.77,26.79,0.02
05/28/2025,Corrales_RAV,J,SARA3,26.83,27.26,0.43
05/28/2025,Corrales_RAV,J,SAEX,27.32,27.33,0.01
05/28/2025,Corrales_RAV,J,DISP/MUAS,27.18,27.2,0.02
05/28/2025,Corrales_RAV,J,CYPER,27.41,27.42,0.01
05/28/2025,Corrales_RAV,J,CYPER,27.53,27.59,0.06
05/28/2025,Corrales_RAV,J,CYPER,27.57,27.58,0.01
05/28/2025,Corrales_RAV,J,SAEX,27.69,28,0.31
05/28/2025,Corrales_RAV,J,SAEX,28.15,28.19,0.04
05/28/2025,Corrales_RAV,J,CYPER,27.61,27.63,0.02
05/28/2025,Corrales_RAV,J,CYPER,27.84,27.85,0.01
05/28/2025,Corrales_RAV,J,CYPER,28.03,28.04,0.01
05/28/2025,Corrales_RAV,J,CYPER,28.19,28.2,0.01
05/28/2025,Corrales_RAV,J,CYPER,28.34,28.36,0.02
05/28/2025,Corrales_RAV,J,CYPER,28.51,28.52,0.01
05/28/2025,Corrales_RAV,J,EUOC4,28.45,28.48,0.03
05/28/2025,Corrales_RAV,J,CYPER,28.62,28.64,0.02
05/28/2025,Corrales_RAV,J,MEOF,28.74,28.75,0.01
05/28/2025,Corrales_RAV,J,SAEX,29.66,29.9,0.24
05/28/2025,Corrales_RAV,J,SARA3,29.99,30,0.01
05/28/2025,Corrales_RAV,J,EQLA,10,10.01,0.01
05/28/2025,Corrales_RAV,J,EQLA,10.03,10.04,0.01
05/28/2025,Corrales_RAV,J,EQLA,10.07,10.08,0.01
05/28/2025,Corrales_RAV,J,ELAN,10,11.02,1.02
05/28/2025,Corrales_RAV,J,EUOC4,10,10.02,0.02
05/28/2025,Corrales_RAV,J,DISP/MUAS,10,10.01,0.01
05/28/2025,Corrales_RAV,J,MEOF,10.15,10.16,0.01
05/28/2025,Corrales_RAV,J,MEOF,10.22,10.24,0.02
05/28/2025,Corrales_RAV,J,EQLA,10.31,10.32,0.01
05/28/2025,Corrales_RAV,J,DISP/MUAS,10.38,10.4,0.02
05/28/2025,Corrales_RAV,J,EUOC4,10.43,10.53,0.1
05/28/2025,Corrales_RAV,J,EUOC4,10.59,10.6,0.01
05/28/2025,Corrales_RAV,J,CAREX,10.65,10.67,0.02
05/28/2025,Corrales_RAV,J,SARA3,10.3,10.31,0.01
05/28/2025,Corrales_RAV,J,SARA3,10.47,10.49,0.02
05/28/2025,Corrales_RAV,J,EQLA,10.75,10.76,0.01
05/28/2025,Corrales_RAV,J,SARA3,10.8,10.82,0.02
05/28/2025,Corrales_RAV,J,EUOC4,10.9,10.93,0.03
05/28/2025,Corrales_RAV,J,SARA3,10.91,11.05,0.14
05/28/2025,Corrales_RAV,J,EUOC4,11.09,11.15,0.06
05/28/2025,Corrales_RAV,J,ELAN,11.5,13.6,2.1
05/28/2025,Corrales_RAV,J,EUOC4,11.6,11.65,0.05
05/28/2025,Corrales_RAV,J,SARA3,11.69,11.9,0.21
05/28/2025,Corrales_RAV,J,FOPUP,11.65,11.66,0.01
05/28/2025,Corrales_RAV,J,EUOC4,11.82,12.08,0.26
05/28/2025,Corrales_RAV,J,EUOC4,12.16,12.17,0.01
05/28/2025,Corrales_RAV,J,EUOC4,12.24,12.25,0.01
05/28/2025,Corrales_RAV,J,DISP/MUAS,12.2,12.22,0.02
05/28/2025,Corrales_RAV,J,EUOC4,12.69,12.7,0.01
05/28/2025,Corrales_RAV,J,EUOC4,12.75,13.14,0.39
05/28/2025,Corrales_RAV,J,DISP/MUAS,12.9,12.91,0.01
05/28/2025,Corrales_RAV,J,EUOC4,13.36,13.49,0.13
05/28/2025,Corrales_RAV,J,EUOC4,13.7,13.82,0.12
05/28/2025,Corrales_RAV,J,SARA3,13.82,13.83,0.01
05/28/2025,Corrales_RAV,J,SAEX,13.78,13.86,0.08
05/28/2025,Corrales_RAV,J,EUOC4,13.95,13.96,0.01
05/28/2025,Corrales_RAV,J,MEOF,14.05,14.07,0.02
05/28/2025,Corrales_RAV,J,DISP/MUAS,14.14,14.15,0.01
05/28/2025,Corrales_RAV,J,SAEX,14.26,14.35,0.09
05/28/2025,Corrales_RAV,J,SARA3,14.36,14.42,0.06
05/28/2025,Corrales_RAV,J,SARA3,13.57,14.58,1.01
05/28/2025,Corrales_RAV,J,DISP/MUAS,14.91,14.92,0.01
05/28/2025,Corrales_RAV,J,SARA3,15,15.53,0.53
05/28/2025,Corrales_RAV,J,EUOC4,15.93,15.97,0.04
05/28/2025,Corrales_RAV,J,EUOC4,16.01,16.12,0.11
05/28/2025,Corrales_RAV,J,SARA3,16.09,16.1,0.01
05/28/2025,Corrales_RAV,J,SARA3,16.22,16.23,0.01
05/28/2025,Corrales_RAV,J,DISP/MUAS,16.23,16.25,0.02
05/28/2025,Corrales_RAV,J,SARA3,16.32,16.34,0.02
05/28/2025,Corrales_RAV,J,SARA3,16.39,16.46,0.07
05/28/2025,Corrales_RAV,J,EUOC4,16.45,16.53,0.08
05/28/2025,Corrales_RAV,J,EUOC4,16.71,16.72,0.01
05/28/2025,Corrales_RAV,J,EUOC4,16.82,16.89,0.07
05/28/2025,Corrales_RAV,J,EUOC4,17.09,17.1,0.01
05/28/2025,Corrales_RAV,J,DISP/MUAS,17.27,17.28,0.01
05/28/2025,Corrales_RAV,J,SAEX,17.49,17.53,0.04
05/28/2025,Corrales_RAV,J,DISP/MUAS,17.64,17.65,0.01
05/28/2025,Corrales_RAV,J,SAEX,17.87,17.91,0.04
05/28/2025,Corrales_RAV,J,EUOC4,17.88,17.91,0.03
05/28/2025,Corrales_RAV,J,DISP/MUAS,17.95,17.96,0.01
05/28/2025,Corrales_RAV,J,DISP/MUAS,18,18.01,0.01
05/28/2025,Corrales_RAV,J,SARA3,18.07,18.22,0.15
05/28/2025,Corrales_RAV,J,SARA3,18.26,18.27,0.01
05/28/2025,Corrales_RAV,J,SARA3,18.3,18.31,0.01
05/28/2025,Corrales_RAV,J,SARA3,18.39,18.4,0.01
05/28/2025,Corrales_RAV,J,SARA3,18.45,18.81,0.36
05/28/2025,Corrales_RAV,J,EUOC4,18.49,18.52,0.03
05/28/2025,Corrales_RAV,J,SARA3,18.92,18.93,0.01
05/28/2025,Corrales_RAV,J,SARA3,19,19.05,0.05
05/28/2025,Corrales_RAV,J,EQLA,19.17,19.18,0.01
05/28/2025,Corrales_RAV,J,AMPS,19,19.02,0.02
05/28/2025,Corrales_RAV,J,DISP/MUAS,18.95,19.01,0.06
05/28/2025,Corrales_RAV,J,DISP/MUAS,19.41,19.42,0.01
05/28/2025,Corrales_RAV,J,DISP/MUAS,19.52,19.53,0.01
05/28/2025,Corrales_RAV,J,DISP/MUAS,19.7,19.71,0.01
05/28/2025,Corrales_RAV,J,DISP/MUAS,19.79,19.8,0.01
05/28/2025,Corrales_RAV,J,EQLA,19.82,19.83,0.01
05/28/2025,Corrales_RAV,J,DISP/MUAS,19.96,19.98,0.02
05/28/2025,Corrales_RAV,J,DISP/MUAS,20.07,20.19,0.12
05/28/2025,Corrales_RAV,J,CYPER,20.21,20.22,0.01
05/28/2025,Corrales_RAV,J,CYPER,20.53,20.56,0.03
05/28/2025,Corrales_RAV,J,BASA4,20,21.82,1.82
05/28/2025,Corrales_RAV,J,DISP/MUAS,20.86,20.87,0.01
05/28/2025,Corrales_RAV,J,DISP/MUAS,20.91,20.92,0.01
05/28/2025,Corrales_RAV,J,CYPER,20.97,20.98,0.01
05/28/2025,Corrales_RAV,J,DISP/MUAS,21.14,21.27,0.13
05/28/2025,Corrales_RAV,J,DISP/MUAS,21.38,21.4,0.02
05/28/2025,Corrales_RAV,J,CYPER,21.6,21.61,0.01
05/28/2025,Corrales_RAV,J,CYPER,21.92,21.95,0.03
05/28/2025,Corrales_RAV,J,CYPER,22.06,22.07,0.01
05/28/2025,Corrales_RAV,J,CYPER,22.2,22.21,0.01
05/28/2025,Corrales_RAV,J,DISP/MUAS,22.25,22.31,0.06
05/28/2025,Corrales_RAV,J,DISP/MUAS,22.61,22.62,0.01
05/28/2025,Corrales_RAV,J,DISP/MUAS,23,23.05,0.05
05/28/2025,Corrales_RAV,J,CYPER,23.04,23.07,0.03
05/28/2025,Corrales_RAV,J,DISP/MUAS,23.12,23.13,0.01
05/28/2025,Corrales_RAV,J,DISP/MUAS,23.25,23.26,0.01
05/28/2025,Corrales_RAV,J,CYPER,23.49,23.51,0.02
05/28/2025,Corrales_RAV,J,DISP/MUAS,23.54,23.6,0.06
05/28/2025,Corrales_RAV,J,DISP/MUAS,23.69,23.7,0.01
05/28/2025,Corrales_RAV,J,DISP/MUAS,23.75,23.76,0.01
05/28/2025,Corrales_RAV,J,MEOF,23.85,23.86,0.01
05/28/2025,Corrales_RAV,J,CYPER,24,24.01,0.01
05/28/2025,Corrales_RAV,J,DISP/MUAS,24.04,24.13,0.09
05/28/2025,Corrales_RAV,J,CYPER,24.05,24.06,0.01
05/28/2025,Corrales_RAV,J,DISP/MUAS,24.2,24.21,0.01
05/28/2025,Corrales_RAV,J,CYPER,24.25,24.3,0.05
05/28/2025,Corrales_RAV,J,DISP/MUAS,24.33,24.41,0.08
05/28/2025,Corrales_RAV,J,DISP/MUAS,24.52,24.56,0.04
05/28/2025,Corrales_RAV,J,DISP/MUAS,24.95,24.96,0.01
