Year,Month,Site number,Site name,Precipitation canopy mm,Precipitation open mm,Monthly mean precipitation mm,Latitude,Longitude,Reaches,Season
1997,4,1,Alameda,48.26,63.5,55.879999999999995,35.1880598884,-106.646949118,Angostura Reach,Spring
1997,5,1,Alameda,12.7,12.192,12.446,35.1880598884,-106.646949118,Angostura Reach,Spring
1997,5,3,Los Lunas,.,.,.,34.8123850767529,-106.714471968474,Isleta Reach,Spring
1997,6,1,Alameda,31.75,63.5,47.625,35.1880598884,-106.646949118,Angostura Reach,Monsoon
1997,6,2,Rio Grande Nature Center,21.844,30.48,26.162,35.1267624154,-106.688450012,Angostura Reach,Monsoon
1997,6,3,Los Lunas,.,.,.,34.8123850767529,-106.714471968474,Isleta Reach,Monsoon
1997,7,1,Alameda,.,.,.,35.1880598884,-106.646949118,Angostura Reach,Monsoon
1997,7,2,Rio Grande Nature Center,.,25.4,25.4,35.1267624154,-106.688450012,Angostura Reach,Monsoon
1997,7,3,Los Lunas,.,.,.,34.8123850767529,-106.714471968474,Isleta Reach,Monsoon
1997,8,1,Alameda,81.28,104.14,92.71,35.1880598884,-106.646949118,Angostura Reach,Monsoon
1997,8,2,Rio Grande Nature Center,38.354,66.04,52.197,35.1267624154,-106.688450012,Angostura Reach,Monsoon
1997,8,3,Los Lunas,.,.,.,34.8123850767529,-106.714471968474,Isleta Reach,Monsoon
1997,9,1,Alameda,22.86,20.32,21.59,35.1880598884,-106.646949118,Angostura Reach,Fall
1997,9,2,Rio Grande Nature Center,38.1,53.34,45.72,35.1267624154,-106.688450012,Angostura Reach,Fall
1997,9,3,Los Lunas,.,.,.,34.8123850767529,-106.714471968474,Isleta Reach,Fall
1997,10,1,Alameda,32.512,.,32.512,35.1880598884,-106.646949118,Angostura Reach,Fall
1997,10,2,Rio Grande Nature Center,48.26,53.34,50.8,35.1267624154,-106.688450012,Angostura Reach,Fall
1997,10,3,Los Lunas,43.18,22.86,33.019999999999996,34.8123850767529,-106.714471968474,Isleta Reach,Fall
1997,11,1,Alameda,12.7,12.7,12.7,35.1880598884,-106.646949118,Angostura Reach,Winter
1997,11,2,Rio Grande Nature Center,.,.,.,35.1267624154,-106.688450012,Angostura Reach,Winter
1997,11,3,Los Lunas,11.938,17.78,14.859000000000002,34.8123850767529,-106.714471968474,Isleta Reach,Winter
1997,12,1,Alameda,12.7,20.32,16.509999999999998,35.1880598884,-106.646949118,Angostura Reach,Winter
1997,12,2,Rio Grande Nature Center,16.764,15.24,16.002,35.1267624154,-106.688450012,Angostura Reach,Winter
1997,12,3,Los Lunas,11.684,6.096,8.89,34.8123850767529,-106.714471968474,Isleta Reach,Winter
1998,1,1,Alameda,6.096,10.414,8.254999999999999,35.1880598884,-106.646949118,Angostura Reach,Winter
1998,1,2,Rio Grande Nature Center,10.668,12.7,11.684,35.1267624154,-106.688450012,Angostura Reach,Winter
1998,1,3,Los Lunas,12.954,15.494,14.224,34.8123850767529,-106.714471968474,Isleta Reach,Winter
1998,2,1,Alameda,8.89,12.7,10.795,35.1880598884,-106.646949118,Angostura Reach,Winter
1998,2,2,Rio Grande Nature Center,.,.,.,35.1267624154,-106.688450012,Angostura Reach,Winter
1998,2,3,Los Lunas,10.16,16.51,13.335,34.8123850767529,-106.714471968474,Isleta Reach,Winter
1998,2,4,Belen,21.59,22.86,22.225,34.6481124155284,-106.737727748983,Isleta Reach,Winter
1998,3,1,Alameda,31.75,40.64,36.195,35.1880598884,-106.646949118,Angostura Reach,Spring
1998,3,2,Rio Grande Nature Center,39.37,43.18,41.275,35.1267624154,-106.688450012,Angostura Reach,Spring
1998,3,3,Los Lunas,48.26,53.34,50.8,34.8123850767529,-106.714471968474,Isleta Reach,Spring
1998,3,4,Belen,38.1,38.1,38.1,34.6481124155284,-106.737727748983,Isleta Reach,Spring
1998,4,1,Alameda,5.334,7.62,6.477,35.1880598884,-106.646949118,Angostura Reach,Spring
1998,4,2,Rio Grande Nature Center,.,.,.,35.1267624154,-106.688450012,Angostura Reach,Spring
1998,4,3,Los Lunas,5.08,8.89,6.985,34.8123850767529,-106.714471968474,Isleta Reach,Spring
1998,4,4,Belen,7.62,8.636,8.128,34.6481124155284,-106.737727748983,Isleta Reach,Spring
1998,5,1,Alameda,20.32,17.78,19.05,35.1880598884,-106.646949118,Angostura Reach,Spring
1998,5,2,Rio Grande Nature Center,17.272,17.78,17.526,35.1267624154,-106.688450012,Angostura Reach,Spring
1998,5,3,Los Lunas,4.572,7.366,5.968999999999999,34.8123850767529,-106.714471968474,Isleta Reach,Spring
1998,5,4,Belen,5.08,5.08,5.08,34.6481124155284,-106.737727748983,Isleta Reach,Spring
1998,6,1,Alameda,0.762,1.778,1.27,35.1880598884,-106.646949118,Angostura Reach,Monsoon
1998,6,2,Rio Grande Nature Center,1.016,1.524,1.27,35.1267624154,-106.688450012,Angostura Reach,Monsoon
1998,6,3,Los Lunas,4.572,6.35,5.461,34.8123850767529,-106.714471968474,Isleta Reach,Monsoon
1998,6,4,Belen,.,8.382,8.382,34.6481124155284,-106.737727748983,Isleta Reach,Monsoon
1998,7,1,Alameda,15.24,20.32,17.78,35.1880598884,-106.646949118,Angostura Reach,Monsoon
1998,7,2,Rio Grande Nature Center,12.7,15.24,13.97,35.1267624154,-106.688450012,Angostura Reach,Monsoon
1998,7,3,Los Lunas,30.48,41.91,36.195,34.8123850767529,-106.714471968474,Isleta Reach,Monsoon
1998,7,4,Belen,40.64,44.704,42.672,34.6481124155284,-106.737727748983,Isleta Reach,Monsoon
1998,8,1,Alameda,3.81,7.62,5.715,35.1880598884,-106.646949118,Angostura Reach,Monsoon
1998,8,2,Rio Grande Nature Center,24.892,29.21,27.051,35.1267624154,-106.688450012,Angostura Reach,Monsoon
1998,8,3,Los Lunas,24.13,40.64,32.385,34.8123850767529,-106.714471968474,Isleta Reach,Monsoon
1998,8,4,Belen,10.16,13.716,11.938,34.6481124155284,-106.737727748983,Isleta Reach,Monsoon
1998,9,1,Alameda,4.826,5.588,5.207,35.1880598884,-106.646949118,Angostura Reach,Fall
1998,9,2,Rio Grande Nature Center,7.112,5.08,6.096,35.1267624154,-106.688450012,Angostura Reach,Fall
1998,9,3,Los Lunas,48.26,50.292,49.276,34.8123850767529,-106.714471968474,Isleta Reach,Fall
1998,9,4,Belen,3.81,5.588,4.699,34.6481124155284,-106.737727748983,Isleta Reach,Fall
1998,10,1,Alameda,18.288,22.86,20.574,35.1880598884,-106.646949118,Angostura Reach,Fall
1998,10,2,Rio Grande Nature Center,31.75,20.828,26.289,35.1267624154,-106.688450012,Angostura Reach,Fall
1998,10,3,Los Lunas,11.938,15.24,13.589,34.8123850767529,-106.714471968474,Isleta Reach,Fall
1998,10,4,Belen,9.652,12.192,10.922,34.6481124155284,-106.737727748983,Isleta Reach,Fall
1998,11,1,Alameda,24.638,38.1,31.369,35.1880598884,-106.646949118,Angostura Reach,Winter
1998,11,2,Rio Grande Nature Center,27.94,29.21,28.575000000000003,35.1267624154,-106.688450012,Angostura Reach,Winter
1998,11,3,Los Lunas,21.59,30.48,26.035,34.8123850767529,-106.714471968474,Isleta Reach,Winter
1998,11,4,Belen,21.336,25.4,23.368,34.6481124155284,-106.737727748983,Isleta Reach,Winter
1998,12,1,Alameda,1.27,3.048,2.159,35.1880598884,-106.646949118,Angostura Reach,Winter
1998,12,2,Rio Grande Nature Center,6.858,7.62,7.239,35.1267624154,-106.688450012,Angostura Reach,Winter
1998,12,3,Los Lunas,7.62,12.7,10.16,34.8123850767529,-106.714471968474,Isleta Reach,Winter
1998,12,4,Belen,7.62,7.112,7.366,34.6481124155284,-106.737727748983,Isleta Reach,Winter
1999,1,1,Alameda,0,0,0,35.1880598884,-106.646949118,Angostura Reach,Winter
1999,1,2,Rio Grande Nature Center,0,0,0,35.1267624154,-106.688450012,Angostura Reach,Winter
1999,1,3,Los Lunas,0,2.54,1.27,34.8123850767529,-106.714471968474,Isleta Reach,Winter
1999,1,4,Belen,0,0,0,34.6481124155284,-106.737727748983,Isleta Reach,Winter
1999,2,1,Alameda,3.048,3.81,3.4290000000000003,35.1880598884,-106.646949118,Angostura Reach,Winter
1999,2,2,Rio Grande Nature Center,3.302,3.302,3.302,35.1267624154,-106.688450012,Angostura Reach,Winter
1999,2,3,Los Lunas,2.54,3.048,2.794,34.8123850767529,-106.714471968474,Isleta Reach,Winter
1999,2,4,Belen,10.16,10.16,10.16,34.6481124155284,-106.737727748983,Isleta Reach,Winter
1999,3,1,Alameda,7.62,9.144,8.382,35.1880598884,-106.646949118,Angostura Reach,Spring
1999,3,2,Rio Grande Nature Center,12.954,11.176,12.065,35.1267624154,-106.688450012,Angostura Reach,Spring
1999,3,3,Los Lunas,.,.,.,34.8123850767529,-106.714471968474,Isleta Reach,Spring
1999,3,4,Belen,.,.,.,34.6481124155284,-106.737727748983,Isleta Reach,Spring
1999,4,1,Alameda,.,.,.,35.1880598884,-106.646949118,Angostura Reach,Spring
1999,4,2,Rio Grande Nature Center,.,.,.,35.1267624154,-106.688450012,Angostura Reach,Spring
1999,4,3,Los Lunas,12.7,15.24,13.97,34.8123850767529,-106.714471968474,Isleta Reach,Spring
1999,4,4,Belen,9.906,2.54,6.223000000000001,34.6481124155284,-106.737727748983,Isleta Reach,Spring
1999,5,1,Alameda,27.94,.,27.94,35.1880598884,-106.646949118,Angostura Reach,Spring
1999,5,2,Rio Grande Nature Center,15.24,14.732,14.986,35.1267624154,-106.688450012,Angostura Reach,Spring
1999,5,3,Los Lunas,17.78,20.32,19.05,34.8123850767529,-106.714471968474,Isleta Reach,Spring
1999,5,4,Belen,.,.,.,34.6481124155284,-106.737727748983,Isleta Reach,Spring
1999,6,1,Alameda,.,.,.,35.1880598884,-106.646949118,Angostura Reach,Monsoon
1999,6,2,Rio Grande Nature Center,4.572,4.826,4.699,35.1267624154,-106.688450012,Angostura Reach,Monsoon
1999,6,3,Los Lunas,.,.,.,34.8123850767529,-106.714471968474,Isleta Reach,Monsoon
1999,6,4,Belen,.,.,.,34.6481124155284,-106.737727748983,Isleta Reach,Monsoon
1999,7,1,Alameda,34.798,48.26,41.529,35.1880598884,-106.646949118,Angostura Reach,Monsoon
1999,7,2,Rio Grande Nature Center,27.94,34.29,31.115,35.1267624154,-106.688450012,Angostura Reach,Monsoon
1999,7,3,Los Lunas,.,.,.,34.8123850767529,-106.714471968474,Isleta Reach,Monsoon
1999,7,4,Belen,25.4,29.21,27.305,34.6481124155284,-106.737727748983,Isleta Reach,Monsoon
1999,8,1,Alameda,88.9,107.95,98.425,35.1880598884,-106.646949118,Angostura Reach,Monsoon
1999,8,2,Rio Grande Nature Center,104.14,124.46,114.3,35.1267624154,-106.688450012,Angostura Reach,Monsoon
1999,8,3,Los Lunas,0.9,1.55,1.225,34.8123850767529,-106.714471968474,Isleta Reach,Monsoon
1999,8,4,Belen,95.25,95.25,95.25,34.6481124155284,-106.737727748983,Isleta Reach,Monsoon
1999,8,5,Santa Ana,74.93,88.9,81.915,35.34284,-106.5458,Angostura Reach,Monsoon
1999,9,1,Alameda,1.27,4.572,2.9210000000000003,35.1880598884,-106.646949118,Angostura Reach,Fall
1999,9,2,Rio Grande Nature Center,13.208,10.16,11.684,35.1267624154,-106.688450012,Angostura Reach,Fall
1999,9,3,Los Lunas,4.572,8.128,6.35,34.8123850767529,-106.714471968474,Isleta Reach,Fall
1999,9,4,Belen,10.16,14.732,12.446,34.6481124155284,-106.737727748983,Isleta Reach,Fall
1999,9,5,Santa Ana,3.81,10.16,6.985,35.34284,-106.5458,Angostura Reach,Fall
1999,10,1,Alameda,7.112,10.414,8.763,35.1880598884,-106.646949118,Angostura Reach,Fall
1999,10,2,Rio Grande Nature Center,15.494,16.256,15.875,35.1267624154,-106.688450012,Angostura Reach,Fall
1999,10,3,Los Lunas,5.08,9.652,7.366,34.8123850767529,-106.714471968474,Isleta Reach,Fall
1999,10,4,Belen,7.62,10.414,9.017,34.6481124155284,-106.737727748983,Isleta Reach,Fall
1999,10,5,Santa Ana,5.08,6.096,5.588,35.34284,-106.5458,Angostura Reach,Fall
1999,11,1,Alameda,0.254,0.254,0.254,35.1880598884,-106.646949118,Angostura Reach,Winter
1999,11,2,Rio Grande Nature Center,1.016,0.762,0.889,35.1267624154,-106.688450012,Angostura Reach,Winter
1999,11,3,Los Lunas,0,0,0,34.8123850767529,-106.714471968474,Isleta Reach,Winter
1999,11,4,Belen,3.048,3.81,3.4290000000000003,34.6481124155284,-106.737727748983,Isleta Reach,Winter
1999,11,5,Santa Ana,0,0,0,35.34284,-106.5458,Angostura Reach,Winter
1999,12,1,Alameda,2.54,3.81,3.175,35.1880598884,-106.646949118,Angostura Reach,Winter
1999,12,2,Rio Grande Nature Center,3.81,3.556,3.683,35.1267624154,-106.688450012,Angostura Reach,Winter
1999,12,3,Los Lunas,12.7,20.32,16.509999999999998,34.8123850767529,-106.714471968474,Isleta Reach,Winter
1999,12,4,Belen,5.08,10.16,7.62,34.6481124155284,-106.737727748983,Isleta Reach,Winter
1999,12,5,Santa Ana,.,.,.,35.34284,-106.5458,Angostura Reach,Winter
2000,1,1,Alameda,0,0.254,0.127,35.1880598884,-106.646949118,Angostura Reach,Winter
2000,1,2,Rio Grande Nature Center,3.556,3.556,3.556,35.1267624154,-106.688450012,Angostura Reach,Winter
2000,1,3,Los Lunas,.,3.048,3.048,34.8123850767529,-106.714471968474,Isleta Reach,Winter
2000,1,4,Belen,1.778,2.794,2.286,34.6481124155284,-106.737727748983,Isleta Reach,Winter
2000,1,5,Santa Ana,2.54,3.302,2.9210000000000003,35.34284,-106.5458,Angostura Reach,Winter
2000,2,1,Alameda,3.302,5.334,4.318,35.1880598884,-106.646949118,Angostura Reach,Winter
2000,2,2,Rio Grande Nature Center,9.652,0,4.826,35.1267624154,-106.688450012,Angostura Reach,Winter
2000,2,3,Los Lunas,3.81,4.826,4.318,34.8123850767529,-106.714471968474,Isleta Reach,Winter
2000,2,4,Belen,4.318,4.826,4.571999999999999,34.6481124155284,-106.737727748983,Isleta Reach,Winter
2000,2,5,Santa Ana,5.334,3.81,4.572,35.34284,-106.5458,Angostura Reach,Winter
2000,3,1,Alameda,10.668,14.224,12.446,35.1880598884,-106.646949118,Angostura Reach,Spring
2000,3,2,Rio Grande Nature Center,13.716,.,13.716,35.1267624154,-106.688450012,Angostura Reach,Spring
2000,3,3,Los Lunas,19.812,.,19.812,34.8123850767529,-106.714471968474,Isleta Reach,Spring
2000,3,4,Belen,36.83,43.18,40.004999999999995,34.6481124155284,-106.737727748983,Isleta Reach,Spring
2000,3,5,Santa Ana,16.256,20.32,18.288,35.34284,-106.5458,Angostura Reach,Spring
2000,3,6,Savannah,59.944,62.992,61.468,35.1428674147,-106.681982289,Angostura Reach,Spring
2000,4,1,Alameda,15.24,12.7,13.97,35.1880598884,-106.646949118,Angostura Reach,Spring
2000,4,2,Rio Grande Nature Center,.,27.94,27.94,35.1267624154,-106.688450012,Angostura Reach,Spring
2000,4,3,Los Lunas,9.652,13.208,11.43,34.8123850767529,-106.714471968474,Isleta Reach,Spring
2000,4,4,Belen,10.668,6.096,8.382,34.6481124155284,-106.737727748983,Isleta Reach,Spring
2000,4,5,Santa Ana,7.62,12.192,9.906,35.34284,-106.5458,Angostura Reach,Spring
2000,4,6,Savannah,17.526,24.892,21.209,35.1428674147,-106.681982289,Angostura Reach,Spring
2000,5,1,Alameda,0,0,0,35.1880598884,-106.646949118,Angostura Reach,Spring
2000,5,2,Rio Grande Nature Center,0,0,0,35.1267624154,-106.688450012,Angostura Reach,Spring
2000,5,3,Los Lunas,8.89,5.08,6.985,34.8123850767529,-106.714471968474,Isleta Reach,Spring
2000,5,4,Belen,.,.,.,34.6481124155284,-106.737727748983,Isleta Reach,Spring
2000,5,5,Santa Ana,.,.,.,35.34284,-106.5458,Angostura Reach,Spring
2000,5,6,Savannah,0,0,0,35.1428674147,-106.681982289,Angostura Reach,Spring
2000,6,1,Alameda,7.112,7.112,7.112,35.1880598884,-106.646949118,Angostura Reach,Monsoon
2000,6,2,Rio Grande Nature Center,17.272,19.812,18.542,35.1267624154,-106.688450012,Angostura Reach,Monsoon
2000,6,3,Los Lunas,0,1.016,0.508,34.8123850767529,-106.714471968474,Isleta Reach,Monsoon
2000,6,4,Belen,27.94,34.29,31.115,34.6481124155284,-106.737727748983,Isleta Reach,Monsoon
2000,6,5,Santa Ana,6.096,2.032,4.064,35.34284,-106.5458,Angostura Reach,Monsoon
2000,6,6,Savannah,16.51,21.59,19.05,35.1428674147,-106.681982289,Angostura Reach,Monsoon
2000,7,1,Alameda,7.62,7.874,7.747,35.1880598884,-106.646949118,Angostura Reach,Monsoon
2000,7,2,Rio Grande Nature Center,.,.,.,35.1267624154,-106.688450012,Angostura Reach,Monsoon
2000,7,3,Los Lunas,15.24,33.02,24.130000000000003,34.8123850767529,-106.714471968474,Isleta Reach,Monsoon
2000,7,4,Belen,12.7,15.24,13.97,34.6481124155284,-106.737727748983,Isleta Reach,Monsoon
2000,7,5,Santa Ana,.,.,.,35.34284,-106.5458,Angostura Reach,Monsoon
2000,7,6,Savannah,16.51,17.526,17.018,35.1428674147,-106.681982289,Angostura Reach,Monsoon
2000,8,1,Alameda,19.304,27.94,23.622,35.1880598884,-106.646949118,Angostura Reach,Monsoon
2000,8,2,Rio Grande Nature Center,15.24,15.24,15.24,35.1267624154,-106.688450012,Angostura Reach,Monsoon
2000,8,3,Los Lunas,7.874,12.446,10.16,34.8123850767529,-106.714471968474,Isleta Reach,Monsoon
2000,8,4,Belen,14.986,21.082,18.034,34.6481124155284,-106.737727748983,Isleta Reach,Monsoon
2000,8,5,Santa Ana,.,1.778,1.778,35.34284,-106.5458,Angostura Reach,Monsoon
2000,8,6,Savannah,0,5.08,2.54,35.1428674147,-106.681982289,Angostura Reach,Monsoon
2000,9,1,Alameda,21.082,27.432,24.257,35.1880598884,-106.646949118,Angostura Reach,Fall
2000,9,2,Rio Grande Nature Center,9.906,10.414,10.16,35.1267624154,-106.688450012,Angostura Reach,Fall
2000,9,3,Los Lunas,12.446,19.05,15.748,34.8123850767529,-106.714471968474,Isleta Reach,Fall
2000,9,4,Belen,12.954,19.05,16.002000000000002,34.6481124155284,-106.737727748983,Isleta Reach,Fall
2000,9,5,Santa Ana,15.24,25.4,20.32,35.34284,-106.5458,Angostura Reach,Fall
2000,9,6,Savannah,14.478,26.924,20.701,35.1428674147,-106.681982289,Angostura Reach,Fall
2000,9,7,Lemitar,1.778,5.588,3.683,34.1670457032,-106.889953039,San Acacia Reach,Fall
2000,10,1,Alameda,41.91,45.974,43.94199999999999,35.1880598884,-106.646949118,Angostura Reach,Fall
2000,10,2,Rio Grande Nature Center,33.02,40.894,36.957,35.1267624154,-106.688450012,Angostura Reach,Fall
2000,10,3,Los Lunas,37.084,44.958,41.021,34.8123850767529,-106.714471968474,Isleta Reach,Fall
2000,10,4,Belen,50.8,57.15,53.974999999999994,34.6481124155284,-106.737727748983,Isleta Reach,Fall
2000,10,5,Santa Ana,27.178,38.1,32.639,35.34284,-106.5458,Angostura Reach,Fall
2000,10,6,Savannah,19.05,40.894,29.972,35.1428674147,-106.681982289,Angostura Reach,Fall
2000,10,7,Lemitar,4.572,15.494,10.033,34.1670457032,-106.889953039,San Acacia Reach,Fall
2000,11,1,Alameda,30.48,16.256,23.368,35.1880598884,-106.646949118,Angostura Reach,Winter
2000,11,2,Rio Grande Nature Center,34.29,41.91,38.099999999999994,35.1267624154,-106.688450012,Angostura Reach,Winter
2000,11,3,Los Lunas,25.908,41.91,33.909,34.8123850767529,-106.714471968474,Isleta Reach,Winter
2000,11,4,Belen,38.1,50.8,44.45,34.6481124155284,-106.737727748983,Isleta Reach,Winter
2000,11,5,Santa Ana,31.75,44.45,38.1,35.34284,-106.5458,Angostura Reach,Winter
2000,11,6,Savannah,16.764,36.83,26.796999999999997,35.1428674147,-106.681982289,Angostura Reach,Winter
2000,11,7,Lemitar,16.51,34.036,25.273000000000003,34.1670457032,-106.889953039,San Acacia Reach,Winter
2000,12,1,Alameda,12.7,12.7,12.7,35.1880598884,-106.646949118,Angostura Reach,Winter
2000,12,2,Rio Grande Nature Center,15.494,18.034,16.764,35.1267624154,-106.688450012,Angostura Reach,Winter
2000,12,3,Los Lunas,7.874,14.478,11.176,34.8123850767529,-106.714471968474,Isleta Reach,Winter
2000,12,4,Belen,15.24,15.24,15.24,34.6481124155284,-106.737727748983,Isleta Reach,Winter
2000,12,5,Santa Ana,12.7,15.24,13.97,35.34284,-106.5458,Angostura Reach,Winter
2000,12,6,Savannah,22.86,10.668,16.764,35.1428674147,-106.681982289,Angostura Reach,Winter
2000,12,7,Lemitar,7.112,8.89,8.001000000000001,34.1670457032,-106.889953039,San Acacia Reach,Winter
2001,1,1,Alameda,8,11,9.5,35.1880598884,-106.646949118,Angostura Reach,Winter
2001,1,2,Rio Grande Nature Center,11.2,11.5,11.35,35.1267624154,-106.688450012,Angostura Reach,Winter
2001,1,3,Los Lunas,7,12.5,9.75,34.8123850767529,-106.714471968474,Isleta Reach,Winter
2001,1,4,Belen,22.5,22.5,22.5,34.6481124155284,-106.737727748983,Isleta Reach,Winter
2001,1,5,Santa Ana,4,10,7,35.34284,-106.5458,Angostura Reach,Winter
2001,1,6,Savannah,10,8.5,9.25,35.1428674147,-106.681982289,Angostura Reach,Winter
2001,1,7,Lemitar,.,.,.,34.1670457032,-106.889953039,San Acacia Reach,Winter
2001,2,1,Alameda,5,4.8,4.9,35.1880598884,-106.646949118,Angostura Reach,Winter
2001,2,2,Rio Grande Nature Center,8.6,6.2,7.4,35.1267624154,-106.688450012,Angostura Reach,Winter
2001,2,3,Los Lunas,17.7,21,19.35,34.8123850767529,-106.714471968474,Isleta Reach,Winter
2001,2,4,Belen,19,1.5,10.25,34.6481124155284,-106.737727748983,Isleta Reach,Winter
2001,2,5,Santa Ana,11.7,12.7,12.2,35.34284,-106.5458,Angostura Reach,Winter
2001,2,6,Savannah,6,8.5,7.25,35.1428674147,-106.681982289,Angostura Reach,Winter
2001,2,7,Lemitar,16.5,11.2,13.85,34.1670457032,-106.889953039,San Acacia Reach,Winter
2001,3,1,Alameda,14,16.5,15.25,35.1880598884,-106.646949118,Angostura Reach,Spring
2001,3,2,Rio Grande Nature Center,13.2,14.7,13.95,35.1267624154,-106.688450012,Angostura Reach,Spring
2001,3,3,Los Lunas,8,20.5,14.25,34.8123850767529,-106.714471968474,Isleta Reach,Spring
2001,3,4,Belen,42,20,31,34.6481124155284,-106.737727748983,Isleta Reach,Spring
2001,3,5,Santa Ana,.,.,.,35.34284,-106.5458,Angostura Reach,Spring
2001,3,6,Savannah,7.5,12,9.75,35.1428674147,-106.681982289,Angostura Reach,Spring
2001,3,7,Lemitar,24,34,29,34.1670457032,-106.889953039,San Acacia Reach,Spring
2001,4,1,Alameda,4,1.6,2.8,35.1880598884,-106.646949118,Angostura Reach,Spring
2001,4,2,Rio Grande Nature Center,4.4,5.8,5.1,35.1267624154,-106.688450012,Angostura Reach,Spring
2001,4,3,Los Lunas,1.8,3.4,2.6,34.8123850767529,-106.714471968474,Isleta Reach,Spring
2001,4,4,Belen,.,.,.,34.6481124155284,-106.737727748983,Isleta Reach,Spring
2001,4,5,Santa Ana,3.8,7.6,5.699999999999999,35.34284,-106.5458,Angostura Reach,Spring
2001,4,6,Savannah,4.3,0.5,2.4,35.1428674147,-106.681982289,Angostura Reach,Spring
2001,4,7,Lemitar,0.2,0.5,0.35,34.1670457032,-106.889953039,San Acacia Reach,Spring
2001,5,1,Alameda,.,.,.,35.1880598884,-106.646949118,Angostura Reach,Spring
2001,5,2,Rio Grande Nature Center,4.2,6.4,5.300000000000001,35.1267624154,-106.688450012,Angostura Reach,Spring
2001,5,3,Los Lunas,1,1,1,34.8123850767529,-106.714471968474,Isleta Reach,Spring
2001,5,4,Belen,2.5,4,3.25,34.6481124155284,-106.737727748983,Isleta Reach,Spring
2001,5,5,Santa Ana,2.5,5,3.75,35.34284,-106.5458,Angostura Reach,Spring
2001,5,6,Savannah,5,10,7.5,35.1428674147,-106.681982289,Angostura Reach,Spring
2001,5,7,Lemitar,0.5,2,1.25,34.1670457032,-106.889953039,San Acacia Reach,Spring
2001,6,1,Alameda,1,3.8,2.4,35.1880598884,-106.646949118,Angostura Reach,Monsoon
2001,6,2,Rio Grande Nature Center,1,3.3,2.15,35.1267624154,-106.688450012,Angostura Reach,Monsoon
2001,6,3,Los Lunas,0,2,1,34.8123850767529,-106.714471968474,Isleta Reach,Monsoon
2001,6,4,Belen,1.1,3.2,2.1500000000000004,34.6481124155284,-106.737727748983,Isleta Reach,Monsoon
2001,6,5,Santa Ana,15,23,19,35.34284,-106.5458,Angostura Reach,Monsoon
2001,6,6,Savannah,1.4,1.8,1.6,35.1428674147,-106.681982289,Angostura Reach,Monsoon
2001,6,7,Lemitar,0.6,3,1.8,34.1670457032,-106.889953039,San Acacia Reach,Monsoon
2001,7,1,Alameda,9,17,13,35.1880598884,-106.646949118,Angostura Reach,Monsoon
2001,7,2,Rio Grande Nature Center,8.6,14,11.3,35.1267624154,-106.688450012,Angostura Reach,Monsoon
2001,7,3,Los Lunas,9,17.5,13.25,34.8123850767529,-106.714471968474,Isleta Reach,Monsoon
2001,7,4,Belen,7,22,14.5,34.6481124155284,-106.737727748983,Isleta Reach,Monsoon
2001,7,5,Santa Ana,.,.,.,35.34284,-106.5458,Angostura Reach,Monsoon
2001,7,6,Savannah,6,11.5,8.75,35.1428674147,-106.681982289,Angostura Reach,Monsoon
2001,7,7,Lemitar,9.4,12.5,10.95,34.1670457032,-106.889953039,San Acacia Reach,Monsoon
2001,8,1,Alameda,19,34,26.5,35.1880598884,-106.646949118,Angostura Reach,Monsoon
2001,8,2,Rio Grande Nature Center,18.5,34.8,26.65,35.1267624154,-106.688450012,Angostura Reach,Monsoon
2001,8,3,Los Lunas,10,25,17.5,34.8123850767529,-106.714471968474,Isleta Reach,Monsoon
2001,8,4,Belen,10,19,14.5,34.6481124155284,-106.737727748983,Isleta Reach,Monsoon
2001,8,5,Santa Ana,67,72.4,69.7,35.34284,-106.5458,Angostura Reach,Monsoon
2001,8,6,Savannah,11,35,23,35.1428674147,-106.681982289,Angostura Reach,Monsoon
2001,8,7,Lemitar,30.2,28.5,29.35,34.1670457032,-106.889953039,San Acacia Reach,Monsoon
2001,9,1,Alameda,3.3,12,7.65,35.1880598884,-106.646949118,Angostura Reach,Fall
2001,9,2,Rio Grande Nature Center,3.4,7,5.2,35.1267624154,-106.688450012,Angostura Reach,Fall
2001,9,3,Los Lunas,2,6.5,4.25,34.8123850767529,-106.714471968474,Isleta Reach,Fall
2001,9,4,Belen,9,5.75,7.375,34.6481124155284,-106.737727748983,Isleta Reach,Fall
2001,9,5,Santa Ana,3.8,8.9,6.35,35.34284,-106.5458,Angostura Reach,Fall
2001,9,6,Savannah,50,40,45,35.1428674147,-106.681982289,Angostura Reach,Fall
2001,9,7,Lemitar,2.3,3,2.65,34.1670457032,-106.889953039,San Acacia Reach,Fall
2001,10,1,Alameda,1.3,1,1.15,35.1880598884,-106.646949118,Angostura Reach,Fall
2001,10,2,Rio Grande Nature Center,0,0,0,35.1267624154,-106.688450012,Angostura Reach,Fall
2001,10,3,Los Lunas,1,1.8,1.4,34.8123850767529,-106.714471968474,Isleta Reach,Fall
2001,10,4,Belen,2,0,1,34.6481124155284,-106.737727748983,Isleta Reach,Fall
2001,10,5,Santa Ana,2,4,3,35.34284,-106.5458,Angostura Reach,Fall
2001,10,6,Savannah,0,0,0,35.1428674147,-106.681982289,Angostura Reach,Fall
2001,10,7,Lemitar,.,.,.,34.1670457032,-106.889953039,San Acacia Reach,Fall
2001,11,1,Alameda,3.8,6.6,5.199999999999999,35.1880598884,-106.646949118,Angostura Reach,Winter
2001,11,2,Rio Grande Nature Center,4.6,7.6,6.1,35.1267624154,-106.688450012,Angostura Reach,Winter
2001,11,3,Los Lunas,17.5,24,20.75,34.8123850767529,-106.714471968474,Isleta Reach,Winter
2001,11,4,Belen,15,20,17.5,34.6481124155284,-106.737727748983,Isleta Reach,Winter
2001,11,5,Santa Ana,8,0,4,35.34284,-106.5458,Angostura Reach,Winter
2001,11,6,Savannah,4.8,7,5.9,35.1428674147,-106.681982289,Angostura Reach,Winter
2001,11,7,Lemitar,9.9,20,14.95,34.1670457032,-106.889953039,San Acacia Reach,Winter
2001,12,1,Alameda,8,9,8.5,35.1880598884,-106.646949118,Angostura Reach,Winter
2001,12,2,Rio Grande Nature Center,8,7,7.5,35.1267624154,-106.688450012,Angostura Reach,Winter
2001,12,3,Los Lunas,2.5,2.5,2.5,34.8123850767529,-106.714471968474,Isleta Reach,Winter
2001,12,4,Belen,4,0,2,34.6481124155284,-106.737727748983,Isleta Reach,Winter
2001,12,5,Santa Ana,11.4,12.7,12.05,35.34284,-106.5458,Angostura Reach,Winter
2001,12,6,Savannah,7,39,23,35.1428674147,-106.681982289,Angostura Reach,Winter
2001,12,7,Lemitar,3.4,5,4.2,34.1670457032,-106.889953039,San Acacia Reach,Winter
2002,1,1,Alameda,.,9,9,35.1880598884,-106.646949118,Angostura Reach,Winter
2002,1,2,Rio Grande Nature Center,8,9,8.5,35.1267624154,-106.688450012,Angostura Reach,Winter
2002,1,3,Los Lunas,5,12,8.5,34.8123850767529,-106.714471968474,Isleta Reach,Winter
2002,1,4,Belen,5.5,7.2,6.35,34.6481124155284,-106.737727748983,Isleta Reach,Winter
2002,1,5,Santa Ana,10.2,12.7,11.45,35.34284,-106.5458,Angostura Reach,Winter
2002,1,6,Savannah,17.5,17.5,17.5,35.1428674147,-106.681982289,Angostura Reach,Winter
2002,1,7,Lemitar,9.9,12.7,11.3,34.1670457032,-106.889953039,San Acacia Reach,Winter
2002,1,8,Hispanic Cultural Center,.,.,.,35.0688083802,-106.65807622,Angostura Reach,Winter
2002,2,1,Alameda,5.2,7.9,6.550000000000001,35.1880598884,-106.646949118,Angostura Reach,Winter
2002,2,2,Rio Grande Nature Center,5,5,5,35.1267624154,-106.688450012,Angostura Reach,Winter
2002,2,3,Los Lunas,2.5,8.25,5.375,34.8123850767529,-106.714471968474,Isleta Reach,Winter
2002,2,4,Belen,0.8,1.6,1.2000000000000002,34.6481124155284,-106.737727748983,Isleta Reach,Winter
2002,2,5,Santa Ana,3.2,6,4.6,35.34284,-106.5458,Angostura Reach,Winter
2002,2,6,Savannah,5.8,8.1,6.949999999999999,35.1428674147,-106.681982289,Angostura Reach,Winter
2002,2,7,Lemitar,4.3,4.3,4.3,34.1670457032,-106.889953039,San Acacia Reach,Winter
2002,2,8,Hispanic Cultural Center,0,0.5,0.25,35.0688083802,-106.65807622,Angostura Reach,Winter
2002,3,1,Alameda,4.2,3.5,3.85,35.1880598884,-106.646949118,Angostura Reach,Spring
2002,3,2,Rio Grande Nature Center,0,0,0,35.1267624154,-106.688450012,Angostura Reach,Spring
2002,3,3,Los Lunas,0.6,0.9,0.75,34.8123850767529,-106.714471968474,Isleta Reach,Spring
2002,3,4,Belen,0,0,0,34.6481124155284,-106.737727748983,Isleta Reach,Spring
2002,3,5,Santa Ana,0.8,0.4,0.6000000000000001,35.34284,-106.5458,Angostura Reach,Spring
2002,3,6,Savannah,.,2.2,2.2,35.1428674147,-106.681982289,Angostura Reach,Spring
2002,3,7,Lemitar,0,3,1.5,34.1670457032,-106.889953039,San Acacia Reach,Spring
2002,3,8,Hispanic Cultural Center,0,0,0,35.0688083802,-106.65807622,Angostura Reach,Spring
2002,4,1,Alameda,0.15,6.5,3.325,35.1880598884,-106.646949118,Angostura Reach,Spring
2002,4,2,Rio Grande Nature Center,5.4,6,5.7,35.1267624154,-106.688450012,Angostura Reach,Spring
2002,4,3,Los Lunas,1.4,3.8,2.5999999999999996,34.8123850767529,-106.714471968474,Isleta Reach,Spring
2002,4,4,Belen,0,0,0,34.6481124155284,-106.737727748983,Isleta Reach,Spring
2002,4,5,Santa Ana,1,2.5,1.75,35.34284,-106.5458,Angostura Reach,Spring
2002,4,6,Savannah,3.4,5.8,4.6,35.1428674147,-106.681982289,Angostura Reach,Spring
2002,4,7,Lemitar,0,0,0,34.1670457032,-106.889953039,San Acacia Reach,Spring
2002,4,8,Hispanic Cultural Center,0,4,2,35.0688083802,-106.65807622,Angostura Reach,Spring
2002,5,1,Alameda,2.8,3.2,3,35.1880598884,-106.646949118,Angostura Reach,Spring
2002,5,2,Rio Grande Nature Center,0,0,0,35.1267624154,-106.688450012,Angostura Reach,Spring
2002,5,3,Los Lunas,2,2.5,2.25,34.8123850767529,-106.714471968474,Isleta Reach,Spring
2002,5,4,Belen,13,16.5,14.75,34.6481124155284,-106.737727748983,Isleta Reach,Spring
2002,5,5,Santa Ana,.,.,.,35.34284,-106.5458,Angostura Reach,Spring
2002,5,6,Savannah,0,0,0,35.1428674147,-106.681982289,Angostura Reach,Spring
2002,5,7,Lemitar,10.5,14.5,12.5,34.1670457032,-106.889953039,San Acacia Reach,Spring
2002,5,8,Hispanic Cultural Center,3.3,0,1.65,35.0688083802,-106.65807622,Angostura Reach,Spring
2002,6,1,Alameda,0,0.7,0.35,35.1880598884,-106.646949118,Angostura Reach,Monsoon
2002,6,2,Rio Grande Nature Center,12.5,13.5,13,35.1267624154,-106.688450012,Angostura Reach,Monsoon
2002,6,3,Los Lunas,0,0,0,34.8123850767529,-106.714471968474,Isleta Reach,Monsoon
2002,6,4,Belen,0,8,4,34.6481124155284,-106.737727748983,Isleta Reach,Monsoon
2002,6,5,Santa Ana,0.5,1,0.75,35.34284,-106.5458,Angostura Reach,Monsoon
2002,6,6,Savannah,2,4.2,3.1,35.1428674147,-106.681982289,Angostura Reach,Monsoon
2002,6,7,Lemitar,6.8,5,5.9,34.1670457032,-106.889953039,San Acacia Reach,Monsoon
2002,6,8,Hispanic Cultural Center,2,1.2,1.6,35.0688083802,-106.65807622,Angostura Reach,Monsoon
2002,7,1,Alameda,4,10,7,35.1880598884,-106.646949118,Angostura Reach,Monsoon
2002,7,2,Rio Grande Nature Center,32,.,32,35.1267624154,-106.688450012,Angostura Reach,Monsoon
2002,7,3,Los Lunas,54,100,77,34.8123850767529,-106.714471968474,Isleta Reach,Monsoon
2002,7,4,Belen,1,4.3,2.65,34.6481124155284,-106.737727748983,Isleta Reach,Monsoon
2002,7,5,Santa Ana,2,25,13.5,35.34284,-106.5458,Angostura Reach,Monsoon
2002,7,6,Savannah,3,7.5,5.25,35.1428674147,-106.681982289,Angostura Reach,Monsoon
2002,7,7,Lemitar,6,17.5,11.75,34.1670457032,-106.889953039,San Acacia Reach,Monsoon
2002,7,8,Hispanic Cultural Center,0,1.3,0.65,35.0688083802,-106.65807622,Angostura Reach,Monsoon
2002,7,10,Diversion,4,10,7,35.191618922399996,-106.643382687,Angostura Reach,Monsoon
2002,8,1,Alameda,.,.,.,35.1880598884,-106.646949118,Angostura Reach,Monsoon
2002,8,2,Rio Grande Nature Center,30.1,27.5,28.8,35.1267624154,-106.688450012,Angostura Reach,Monsoon
2002,8,3,Los Lunas,0,5,2.5,34.8123850767529,-106.714471968474,Isleta Reach,Monsoon
2002,8,4,Belen,0,0,0,34.6481124155284,-106.737727748983,Isleta Reach,Monsoon
2002,8,5,Santa Ana,38,33,35.5,35.34284,-106.5458,Angostura Reach,Monsoon
2002,8,6,Savannah,27.9,38.3,33.099999999999994,35.1428674147,-106.681982289,Angostura Reach,Monsoon
2002,8,7,Lemitar,25,30,27.5,34.1670457032,-106.889953039,San Acacia Reach,Monsoon
2002,8,8,Hispanic Cultural Center,23,.,23,35.0688083802,-106.65807622,Angostura Reach,Monsoon
2002,8,10,Diversion,.,.,.,35.191618922399996,-106.643382687,Angostura Reach,Monsoon
2002,9,1,Alameda,39,47,43,35.1880598884,-106.646949118,Angostura Reach,Fall
2002,9,2,Rio Grande Nature Center,27.5,35,31.25,35.1267624154,-106.688450012,Angostura Reach,Fall
2002,9,3,Los Lunas,35,47,41,34.8123850767529,-106.714471968474,Isleta Reach,Fall
2002,9,4,Belen,40,59,49.5,34.6481124155284,-106.737727748983,Isleta Reach,Fall
2002,9,5,Santa Ana,23.5,35,29.25,35.34284,-106.5458,Angostura Reach,Fall
2002,9,6,Savannah,20,37.5,28.75,35.1428674147,-106.681982289,Angostura Reach,Fall
2002,9,7,Lemitar,48,80,64,34.1670457032,-106.889953039,San Acacia Reach,Fall
2002,9,8,Hispanic Cultural Center,17,31,24,35.0688083802,-106.65807622,Angostura Reach,Fall
2002,9,10,Diversion,.,.,.,35.191618922399996,-106.643382687,Angostura Reach,Fall
2002,10,1,Alameda,3,6,4.5,35.1880598884,-106.646949118,Angostura Reach,Fall
2002,10,2,Rio Grande Nature Center,4,8,6,35.1267624154,-106.688450012,Angostura Reach,Fall
2002,10,3,Los Lunas,10.5,15.3,12.9,34.8123850767529,-106.714471968474,Isleta Reach,Fall
2002,10,4,Belen,.,2.03,2.03,34.6481124155284,-106.737727748983,Isleta Reach,Fall
2002,10,5,Santa Ana,.,.,.,35.34284,-106.5458,Angostura Reach,Fall
2002,10,6,Savannah,2.5,8,5.25,35.1428674147,-106.681982289,Angostura Reach,Fall
2002,10,7,Lemitar,9,14.5,11.75,34.1670457032,-106.889953039,San Acacia Reach,Fall
2002,10,8,Hispanic Cultural Center,2.4,7,4.7,35.0688083802,-106.65807622,Angostura Reach,Fall
2002,10,10,Diversion,.,.,.,35.191618922399996,-106.643382687,Angostura Reach,Fall
2002,10,11,Calabacillas,0.8,4,2.4,35.1946222612,-106.646350963,Angostura Reach,Fall
2002,11,1,Alameda,30,5,17.5,35.1880598884,-106.646949118,Angostura Reach,Winter
2002,11,2,Rio Grande Nature Center,35.5,30.5,33,35.1267624154,-106.688450012,Angostura Reach,Winter
2002,11,3,Los Lunas,11.5,31,21.25,34.8123850767529,-106.714471968474,Isleta Reach,Winter
2002,11,4,Belen,30,60,45,34.6481124155284,-106.737727748983,Isleta Reach,Winter
2002,11,5,Santa Ana,.,.,.,35.34284,-106.5458,Angostura Reach,Winter
2002,11,6,Savannah,.,.,.,35.1428674147,-106.681982289,Angostura Reach,Winter
2002,11,7,Lemitar,8,13.5,10.75,34.1670457032,-106.889953039,San Acacia Reach,Winter
2002,11,8,Hispanic Cultural Center,14,20.2,17.1,35.0688083802,-106.65807622,Angostura Reach,Winter
2002,11,10,Diversion,22,16.5,19.25,35.191618922399996,-106.643382687,Angostura Reach,Winter
2002,11,11,Calabacillas,20.5,21.5,21,35.1946222612,-106.646350963,Angostura Reach,Winter
2002,11,12,Minnow,.,.,.,35.1972256042,-106.644122231,Angostura Reach,Winter
2002,12,1,Alameda,4,7,5.5,35.1880598884,-106.646949118,Angostura Reach,Winter
2002,12,2,Rio Grande Nature Center,.,.,.,35.1267624154,-106.688450012,Angostura Reach,Winter
2002,12,3,Los Lunas,5,11,8,34.8123850767529,-106.714471968474,Isleta Reach,Winter
2002,12,4,Belen,14,12.5,13.25,34.6481124155284,-106.737727748983,Isleta Reach,Winter
2002,12,5,Santa Ana,7.6,11.7,9.65,35.34284,-106.5458,Angostura Reach,Winter
2002,12,6,Savannah,25.1,45,35.05,35.1428674147,-106.681982289,Angostura Reach,Winter
2002,12,7,Lemitar,8.5,15,11.75,34.1670457032,-106.889953039,San Acacia Reach,Winter
2002,12,8,Hispanic Cultural Center,5,11.5,8.25,35.0688083802,-106.65807622,Angostura Reach,Winter
2002,12,10,Diversion,6.5,0,3.25,35.191618922399996,-106.643382687,Angostura Reach,Winter
2002,12,11,Calabacillas,4,6,5,35.1946222612,-106.646350963,Angostura Reach,Winter
2002,12,12,Minnow,1.5,6.5,4,35.1972256042,-106.644122231,Angostura Reach,Winter
2003,1,1,Alameda,3.2,7.5,5.35,35.1880598884,-106.646949118,Angostura Reach,Winter
2003,1,2,Rio Grande Nature Center,.,.,.,35.1267624154,-106.688450012,Angostura Reach,Winter
2003,1,3,Los Lunas,0.7,0.4,0.55,34.8123850767529,-106.714471968474,Isleta Reach,Winter
2003,1,4,Belen,3,3,3,34.6481124155284,-106.737727748983,Isleta Reach,Winter
2003,1,5,Santa Ana,7.6,11.7,9.65,35.34284,-106.5458,Angostura Reach,Winter
2003,1,6,Savannah,0,0,0,35.1428674147,-106.681982289,Angostura Reach,Winter
2003,1,7,Lemitar,.,.,.,34.1670457032,-106.889953039,San Acacia Reach,Winter
2003,1,8,Hispanic Cultural Center,0,0,0,35.0688083802,-106.65807622,Angostura Reach,Winter
2003,1,10,Diversion,0,0,0,35.191618922399996,-106.643382687,Angostura Reach,Winter
2003,1,11,Calabacillas,0,0.5,0.25,35.1946222612,-106.646350963,Angostura Reach,Winter
2003,1,12,Minnow,0.3,0,0.15,35.1972256042,-106.644122231,Angostura Reach,Winter
2003,2,1,Alameda,5,8,6.5,35.1880598884,-106.646949118,Angostura Reach,Winter
2003,2,2,Rio Grande Nature Center,7.5,8.5,8,35.1267624154,-106.688450012,Angostura Reach,Winter
2003,2,3,Los Lunas,3.8,8,5.9,34.8123850767529,-106.714471968474,Isleta Reach,Winter
2003,2,4,Belen,3.2,5,4.1,34.6481124155284,-106.737727748983,Isleta Reach,Winter
2003,2,5,Santa Ana,7.6,11.7,9.65,35.34284,-106.5458,Angostura Reach,Winter
2003,2,6,Savannah,5,7,6,35.1428674147,-106.681982289,Angostura Reach,Winter
2003,2,7,Lemitar,3.1,5,4.05,34.1670457032,-106.889953039,San Acacia Reach,Winter
2003,2,8,Hispanic Cultural Center,12.5,16,14.25,35.0688083802,-106.65807622,Angostura Reach,Winter
2003,2,10,Diversion,7,7.2,7.1,35.191618922399996,-106.643382687,Angostura Reach,Winter
2003,2,11,Calabacillas,3.8,.,3.8,35.1946222612,-106.646350963,Angostura Reach,Winter
2003,2,12,Minnow,5,70,37.5,35.1972256042,-106.644122231,Angostura Reach,Winter
2003,3,1,Alameda,8.2,3.1,5.6499999999999995,35.1880598884,-106.646949118,Angostura Reach,Spring
2003,3,2,Rio Grande Nature Center,.,.,.,35.1267624154,-106.688450012,Angostura Reach,Spring
2003,3,3,Los Lunas,9.3,17.5,13.4,34.8123850767529,-106.714471968474,Isleta Reach,Spring
2003,3,4,Belen,7.6,10,8.8,34.6481124155284,-106.737727748983,Isleta Reach,Spring
2003,3,5,Santa Ana,12.7,2.5,7.6,35.34284,-106.5458,Angostura Reach,Spring
2003,3,6,Savannah,8.5,12.5,10.5,35.1428674147,-106.681982289,Angostura Reach,Spring
2003,3,7,Lemitar,.,.,.,34.1670457032,-106.889953039,San Acacia Reach,Spring
2003,3,8,Hispanic Cultural Center,9,12.7,10.85,35.0688083802,-106.65807622,Angostura Reach,Spring
2003,3,10,Diversion,10,12,11,35.191618922399996,-106.643382687,Angostura Reach,Spring
2003,3,11,Calabacillas,7,9,8,35.1946222612,-106.646350963,Angostura Reach,Spring
2003,3,12,Minnow,3.6,8.2,5.8999999999999995,35.1972256042,-106.644122231,Angostura Reach,Spring
2003,4,1,Alameda,27.5,29,28.25,35.1880598884,-106.646949118,Angostura Reach,Spring
2003,4,2,Rio Grande Nature Center,.,.,.,35.1267624154,-106.688450012,Angostura Reach,Spring
2003,4,3,Los Lunas,13.5,21.5,17.5,34.8123850767529,-106.714471968474,Isleta Reach,Spring
2003,4,4,Belen,9,11,10,34.6481124155284,-106.737727748983,Isleta Reach,Spring
2003,4,5,Santa Ana,.,.,.,35.34284,-106.5458,Angostura Reach,Spring
2003,4,6,Savannah,27.5,32,29.75,35.1428674147,-106.681982289,Angostura Reach,Spring
2003,4,7,Lemitar,2.2,2.2,2.2,34.1670457032,-106.889953039,San Acacia Reach,Spring
2003,4,8,Hispanic Cultural Center,30,44,37,35.0688083802,-106.65807622,Angostura Reach,Spring
2003,4,10,Diversion,26,39,32.5,35.191618922399996,-106.643382687,Angostura Reach,Spring
2003,4,11,Calabacillas,23.5,22.5,23,35.1946222612,-106.646350963,Angostura Reach,Spring
2003,4,12,Minnow,17.8,25,21.4,35.1972256042,-106.644122231,Angostura Reach,Spring
2003,4,13,Harrison,.,.,.,35.0150622305,-106.673722917,Angostura Reach,Spring
2003,5,1,Alameda,0,0,0,35.1880598884,-106.646949118,Angostura Reach,Spring
2003,5,2,Rio Grande Nature Center,.,.,.,35.1267624154,-106.688450012,Angostura Reach,Spring
2003,5,3,Los Lunas,0,0,0,34.8123850767529,-106.714471968474,Isleta Reach,Spring
2003,5,4,Belen,0,0,0,34.6481124155284,-106.737727748983,Isleta Reach,Spring
2003,5,5,Santa Ana,.,.,.,35.34284,-106.5458,Angostura Reach,Spring
2003,5,6,Savannah,0,0,0,35.1428674147,-106.681982289,Angostura Reach,Spring
2003,5,7,Lemitar,0,0,0,34.1670457032,-106.889953039,San Acacia Reach,Spring
2003,5,8,Hispanic Cultural Center,0,0,0,35.0688083802,-106.65807622,Angostura Reach,Spring
2003,5,10,Diversion,0,0,0,35.191618922399996,-106.643382687,Angostura Reach,Spring
2003,5,11,Calabacillas,0,0,0,35.1946222612,-106.646350963,Angostura Reach,Spring
2003,5,12,Minnow,0,0,0,35.1972256042,-106.644122231,Angostura Reach,Spring
2003,5,13,Harrison,0,0,0,35.0150622305,-106.673722917,Angostura Reach,Spring
2003,6,1,Alameda,1,3,2,35.1880598884,-106.646949118,Angostura Reach,Monsoon
2003,6,2,Rio Grande Nature Center,2.1,4.2,3.1500000000000004,35.1267624154,-106.688450012,Angostura Reach,Monsoon
2003,6,3,Los Lunas,0.7,3.4,2.05,34.8123850767529,-106.714471968474,Isleta Reach,Monsoon
2003,6,4,Belen,0.5,2.5,1.5,34.6481124155284,-106.737727748983,Isleta Reach,Monsoon
2003,6,5,Santa Ana,3.8,7.6,5.699999999999999,35.34284,-106.5458,Angostura Reach,Monsoon
2003,6,6,Savannah,1.4,4.2,2.8,35.1428674147,-106.681982289,Angostura Reach,Monsoon
2003,6,7,Lemitar,1,2.8,1.9,34.1670457032,-106.889953039,San Acacia Reach,Monsoon
2003,6,8,Hispanic Cultural Center,3.5,6.5,5,35.0688083802,-106.65807622,Angostura Reach,Monsoon
2003,6,10,Diversion,0,0.05,0.025,35.191618922399996,-106.643382687,Angostura Reach,Monsoon
2003,6,11,Calabacillas,0,0.75,0.375,35.1946222612,-106.646350963,Angostura Reach,Monsoon
2003,6,12,Minnow,0,1.1,0.55,35.1972256042,-106.644122231,Angostura Reach,Monsoon
2003,6,13,Harrison,5.2,5,5.1,35.0150622305,-106.673722917,Angostura Reach,Monsoon
2003,6,15,Valencia Cleared,.,.,.,34.6486505386211,-106.739180486447,Isleta Reach,Monsoon
2003,6,16,Valencia Forest,.,.,.,34.6472147233729,-106.738922864063,Isleta Reach,Monsoon
2003,7,1,Alameda,0,1.2,0.6,35.1880598884,-106.646949118,Angostura Reach,Monsoon
2003,7,2,Rio Grande Nature Center,0,0,0,35.1267624154,-106.688450012,Angostura Reach,Monsoon
2003,7,3,Los Lunas,0,4,2,34.8123850767529,-106.714471968474,Isleta Reach,Monsoon
2003,7,4,Belen,0,2,1,34.6481124155284,-106.737727748983,Isleta Reach,Monsoon
2003,7,5,Santa Ana,2.5,1,1.75,35.34284,-106.5458,Angostura Reach,Monsoon
2003,7,6,Savannah,0,0.3,0.15,35.1428674147,-106.681982289,Angostura Reach,Monsoon
2003,7,7,Lemitar,1.5,5,3.25,34.1670457032,-106.889953039,San Acacia Reach,Monsoon
2003,7,8,Hispanic Cultural Center,0,0,0,35.0688083802,-106.65807622,Angostura Reach,Monsoon
2003,7,10,Diversion,0,0,0,35.191618922399996,-106.643382687,Angostura Reach,Monsoon
2003,7,11,Calabacillas,0,0,0,35.1946222612,-106.646350963,Angostura Reach,Monsoon
2003,7,12,Minnow,0,0,0,35.1972256042,-106.644122231,Angostura Reach,Monsoon
2003,7,13,Harrison,1.5,1.5,1.5,35.0150622305,-106.673722917,Angostura Reach,Monsoon
2003,7,15,Valencia Cleared,0,0.6,0.3,34.6486505386211,-106.739180486447,Isleta Reach,Monsoon
2003,7,16,Valencia Forest,0,1.2,0.6,34.6472147233729,-106.738922864063,Isleta Reach,Monsoon
2003,8,1,Alameda,3,12.5,7.75,35.1880598884,-106.646949118,Angostura Reach,Monsoon
2003,8,2,Rio Grande Nature Center,1.3,2.6,1.95,35.1267624154,-106.688450012,Angostura Reach,Monsoon
2003,8,3,Los Lunas,0,12.5,6.25,34.8123850767529,-106.714471968474,Isleta Reach,Monsoon
2003,8,4,Belen,21.3,33,27.15,34.6481124155284,-106.737727748983,Isleta Reach,Monsoon
2003,8,5,Santa Ana,.,.,.,35.34284,-106.5458,Angostura Reach,Monsoon
2003,8,6,Savannah,.,.,.,35.1428674147,-106.681982289,Angostura Reach,Monsoon
2003,8,7,Lemitar,1,7,4,34.1670457032,-106.889953039,San Acacia Reach,Monsoon
2003,8,8,Hispanic Cultural Center,1,6,3.5,35.0688083802,-106.65807622,Angostura Reach,Monsoon
2003,8,10,Diversion,6,5,5.5,35.191618922399996,-106.643382687,Angostura Reach,Monsoon
2003,8,11,Calabacillas,2.9,15.6,9.25,35.1946222612,-106.646350963,Angostura Reach,Monsoon
2003,8,12,Minnow,6,22.5,14.25,35.1972256042,-106.644122231,Angostura Reach,Monsoon
2003,8,13,Harrison,13,17.3,15.15,35.0150622305,-106.673722917,Angostura Reach,Monsoon
2003,8,15,Valencia Cleared,12.5,27.5,20,34.6486505386211,-106.739180486447,Isleta Reach,Monsoon
2003,8,16,Valencia Forest,13.5,32.5,23,34.6472147233729,-106.738922864063,Isleta Reach,Monsoon
2003,9,1,Alameda,8,15,11.5,35.1880598884,-106.646949118,Angostura Reach,Fall
2003,9,2,Rio Grande Nature Center,17,24,20.5,35.1267624154,-106.688450012,Angostura Reach,Fall
2003,9,3,Los Lunas,13,32,22.5,34.8123850767529,-106.714471968474,Isleta Reach,Fall
2003,9,4,Belen,44.5,58.5,51.5,34.6481124155284,-106.737727748983,Isleta Reach,Fall
2003,9,5,Santa Ana,.,.,.,35.34284,-106.5458,Angostura Reach,Fall
2003,9,6,Savannah,22,.,22,35.1428674147,-106.681982289,Angostura Reach,Fall
2003,9,7,Lemitar,6,19,12.5,34.1670457032,-106.889953039,San Acacia Reach,Fall
2003,9,8,Hispanic Cultural Center,3.3,10.4,6.85,35.0688083802,-106.65807622,Angostura Reach,Fall
2003,9,10,Diversion,7,6,6.5,35.191618922399996,-106.643382687,Angostura Reach,Fall
2003,9,11,Calabacillas,3.8,11.5,7.65,35.1946222612,-106.646350963,Angostura Reach,Fall
2003,9,12,Minnow,4.8,17.5,11.15,35.1972256042,-106.644122231,Angostura Reach,Fall
2003,9,13,Harrison,13,15,14,35.0150622305,-106.673722917,Angostura Reach,Fall
2003,9,15,Valencia Cleared,39.5,55,47.25,34.6486505386211,-106.739180486447,Isleta Reach,Fall
2003,9,16,Valencia Forest,41.5,51.5,46.5,34.6472147233729,-106.738922864063,Isleta Reach,Fall
2003,10,1,Alameda,18,28,23,35.1880598884,-106.646949118,Angostura Reach,Fall
2003,10,2,Rio Grande Nature Center,20,27,23.5,35.1267624154,-106.688450012,Angostura Reach,Fall
2003,10,3,Los Lunas,16,29,22.5,34.8123850767529,-106.714471968474,Isleta Reach,Fall
2003,10,4,Belen,27.9,35.6,31.75,34.6481124155284,-106.737727748983,Isleta Reach,Fall
2003,10,5,Santa Ana,30.5,53,41.75,35.34284,-106.5458,Angostura Reach,Fall
2003,10,6,Savannah,.,.,.,35.1428674147,-106.681982289,Angostura Reach,Fall
2003,10,7,Lemitar,35,54,44.5,34.1670457032,-106.889953039,San Acacia Reach,Fall
2003,10,8,Hispanic Cultural Center,0,35,17.5,35.0688083802,-106.65807622,Angostura Reach,Fall
2003,10,10,Diversion,19,22.5,20.75,35.191618922399996,-106.643382687,Angostura Reach,Fall
2003,10,11,Calabacillas,.,22.5,22.5,35.1946222612,-106.646350963,Angostura Reach,Fall
2003,10,12,Minnow,15.5,24,19.75,35.1972256042,-106.644122231,Angostura Reach,Fall
2003,10,13,Harrison,32,34,33,35.0150622305,-106.673722917,Angostura Reach,Fall
2003,10,14,Sevilleta,27.5,39,33.25,34.2586573236,-106.883372761,San Acacia Reach,Fall
2003,10,15,Valencia Cleared,11,34,22.5,34.6486505386211,-106.739180486447,Isleta Reach,Fall
2003,10,16,Valencia Forest,30,34,32,34.6472147233729,-106.738922864063,Isleta Reach,Fall
2003,11,1,Alameda,17,22,19.5,35.1880598884,-106.646949118,Angostura Reach,Winter
2003,11,2,Rio Grande Nature Center,15,20,17.5,35.1267624154,-106.688450012,Angostura Reach,Winter
2003,11,3,Los Lunas,16,22,19,34.8123850767529,-106.714471968474,Isleta Reach,Winter
2003,11,4,Belen,8.6,13.2,10.9,34.6481124155284,-106.737727748983,Isleta Reach,Winter
2003,11,5,Santa Ana,.,.,.,35.34284,-106.5458,Angostura Reach,Winter
2003,11,6,Savannah,10,20.5,15.25,35.1428674147,-106.681982289,Angostura Reach,Winter
2003,11,7,Lemitar,6.5,12,9.25,34.1670457032,-106.889953039,San Acacia Reach,Winter
2003,11,8,Hispanic Cultural Center,6,15.5,10.75,35.0688083802,-106.65807622,Angostura Reach,Winter
2003,11,10,Diversion,10,36,23,35.191618922399996,-106.643382687,Angostura Reach,Winter
2003,11,11,Calabacillas,12.5,15,13.75,35.1946222612,-106.646350963,Angostura Reach,Winter
2003,11,12,Minnow,12,18,15,35.1972256042,-106.644122231,Angostura Reach,Winter
2003,11,13,Harrison,12.5,20,16.25,35.0150622305,-106.673722917,Angostura Reach,Winter
2003,11,14,Sevilleta,12,13.5,12.75,34.2586573236,-106.883372761,San Acacia Reach,Winter
2003,11,15,Valencia Cleared,5,14,9.5,34.6486505386211,-106.739180486447,Isleta Reach,Winter
2003,11,16,Valencia Forest,17.5,15.5,16.5,34.6472147233729,-106.738922864063,Isleta Reach,Winter
2003,12,1,Alameda,3.4,6.2,4.8,35.1880598884,-106.646949118,Angostura Reach,Winter
2003,12,2,Rio Grande Nature Center,4,3.6,3.8,35.1267624154,-106.688450012,Angostura Reach,Winter
2003,12,3,Los Lunas,1.8,4.1,2.9499999999999997,34.8123850767529,-106.714471968474,Isleta Reach,Winter
2003,12,4,Belen,0,0,0,34.6481124155284,-106.737727748983,Isleta Reach,Winter
2003,12,5,Santa Ana,.,.,.,35.34284,-106.5458,Angostura Reach,Winter
2003,12,6,Savannah,.,.,.,35.1428674147,-106.681982289,Angostura Reach,Winter
2003,12,7,Lemitar,0,0,0,34.1670457032,-106.889953039,San Acacia Reach,Winter
2003,12,8,Hispanic Cultural Center,2.2,3.4,2.8,35.0688083802,-106.65807622,Angostura Reach,Winter
2003,12,10,Diversion,.,.,.,35.191618922399996,-106.643382687,Angostura Reach,Winter
2003,12,11,Calabacillas,3,3.8,3.4,35.1946222612,-106.646350963,Angostura Reach,Winter
2003,12,12,Minnow,2,3,2.5,35.1972256042,-106.644122231,Angostura Reach,Winter
2003,12,13,Harrison,3.5,3.4,3.45,35.0150622305,-106.673722917,Angostura Reach,Winter
2003,12,14,Sevilleta,1.4,0.7,1.0499999999999998,34.2586573236,-106.883372761,San Acacia Reach,Winter
2003,12,15,Valencia Cleared,0.4,2.5,1.45,34.6486505386211,-106.739180486447,Isleta Reach,Winter
2003,12,16,Valencia Forest,0,0.5,0.25,34.6472147233729,-106.738922864063,Isleta Reach,Winter
2004,1,1,Alameda,2.2,4.7,3.45,35.1880598884,-106.646949118,Angostura Reach,Winter
2004,1,2,Rio Grande Nature Center,.,.,.,35.1267624154,-106.688450012,Angostura Reach,Winter
2004,1,3,Los Lunas,2.8,3.4,3.0999999999999996,34.8123850767529,-106.714471968474,Isleta Reach,Winter
2004,1,4,Belen,3.8,2.5,3.15,34.6481124155284,-106.737727748983,Isleta Reach,Winter
2004,1,5,Santa Ana,.,.,.,35.34284,-106.5458,Angostura Reach,Winter
2004,1,6,Savannah,1.8,3.4,2.6,35.1428674147,-106.681982289,Angostura Reach,Winter
2004,1,7,Lemitar,.,.,.,34.1670457032,-106.889953039,San Acacia Reach,Winter
2004,1,8,Hispanic Cultural Center,0.6,0,0.3,35.0688083802,-106.65807622,Angostura Reach,Winter
2004,1,10,Diversion,.,.,.,35.191618922399996,-106.643382687,Angostura Reach,Winter
2004,1,11,Calabacillas,0.7,2.5,1.6,35.1946222612,-106.646350963,Angostura Reach,Winter
2004,1,12,Minnow,0.9,2.4,1.65,35.1972256042,-106.644122231,Angostura Reach,Winter
2004,1,13,Harrison,1.2,4.2,2.7,35.0150622305,-106.673722917,Angostura Reach,Winter
2004,1,14,Sevilleta,2,2,2,34.2586573236,-106.883372761,San Acacia Reach,Winter
2004,1,15,Valencia Cleared,0.4,1.7,1.05,34.6486505386211,-106.739180486447,Isleta Reach,Winter
2004,1,16,Valencia Forest,0,1,0.5,34.6472147233729,-106.738922864063,Isleta Reach,Winter
2004,2,1,Alameda,2.4,4.4,3.4000000000000004,35.1880598884,-106.646949118,Angostura Reach,Winter
2004,2,2,Rio Grande Nature Center,2.1,3.6,2.85,35.1267624154,-106.688450012,Angostura Reach,Winter
2004,2,3,Los Lunas,1.7,4.8,3.25,34.8123850767529,-106.714471968474,Isleta Reach,Winter
2004,2,4,Belen,5,7.6,6.3,34.6481124155284,-106.737727748983,Isleta Reach,Winter
2004,2,5,Santa Ana,.,.,.,35.34284,-106.5458,Angostura Reach,Winter
2004,2,6,Savannah,3.4,5.6,4.5,35.1428674147,-106.681982289,Angostura Reach,Winter
2004,2,7,Lemitar,1,2,1.5,34.1670457032,-106.889953039,San Acacia Reach,Winter
2004,2,8,Hispanic Cultural Center,0.3,0.3,0.3,35.0688083802,-106.65807622,Angostura Reach,Winter
2004,2,10,Diversion,.,2.3,2.3,35.191618922399996,-106.643382687,Angostura Reach,Winter
2004,2,11,Calabacillas,1,.,1,35.1946222612,-106.646350963,Angostura Reach,Winter
2004,2,12,Minnow,1,2.2,1.6,35.1972256042,-106.644122231,Angostura Reach,Winter
2004,2,13,Harrison,1.4,4,2.7,35.0150622305,-106.673722917,Angostura Reach,Winter
2004,2,14,Sevilleta,4,6.8,5.4,34.2586573236,-106.883372761,San Acacia Reach,Winter
2004,2,15,Valencia Cleared,4,5,4.5,34.6486505386211,-106.739180486447,Isleta Reach,Winter
2004,2,16,Valencia Forest,3,6,4.5,34.6472147233729,-106.738922864063,Isleta Reach,Winter
2004,3,1,Alameda,49,54,51.5,35.1880598884,-106.646949118,Angostura Reach,Spring
2004,3,2,Rio Grande Nature Center,41,44,42.5,35.1267624154,-106.688450012,Angostura Reach,Spring
2004,3,3,Los Lunas,25.5,36,30.75,34.8123850767529,-106.714471968474,Isleta Reach,Spring
2004,3,4,Belen,22.8,31.7,27.25,34.6481124155284,-106.737727748983,Isleta Reach,Spring
2004,3,5,Santa Ana,.,.,.,35.34284,-106.5458,Angostura Reach,Spring
2004,3,6,Savannah,43,53,48,35.1428674147,-106.681982289,Angostura Reach,Spring
2004,3,7,Lemitar,53,84,68.5,34.1670457032,-106.889953039,San Acacia Reach,Spring
2004,3,8,Hispanic Cultural Center,34,46,40,35.0688083802,-106.65807622,Angostura Reach,Spring
2004,3,10,Diversion,.,50,50,35.191618922399996,-106.643382687,Angostura Reach,Spring
2004,3,11,Calabacillas,42,45,43.5,35.1946222612,-106.646350963,Angostura Reach,Spring
2004,3,12,Minnow,.,.,.,35.1972256042,-106.644122231,Angostura Reach,Spring
2004,3,13,Harrison,36,39,37.5,35.0150622305,-106.673722917,Angostura Reach,Spring
2004,3,14,Sevilleta,22,28,25,34.2586573236,-106.883372761,San Acacia Reach,Spring
2004,3,15,Valencia Cleared,15,27.5,21.25,34.6486505386211,-106.739180486447,Isleta Reach,Spring
2004,3,16,Valencia Forest,20,27.6,23.8,34.6472147233729,-106.738922864063,Isleta Reach,Spring
2004,4,1,Alameda,59,65,62,35.1880598884,-106.646949118,Angostura Reach,Spring
2004,4,2,Rio Grande Nature Center,65.5,65,65.25,35.1267624154,-106.688450012,Angostura Reach,Spring
2004,4,3,Los Lunas,80,55,67.5,34.8123850767529,-106.714471968474,Isleta Reach,Spring
2004,4,4,Belen,63.5,82.5,73,34.6481124155284,-106.737727748983,Isleta Reach,Spring
2004,4,5,Santa Ana,.,.,.,35.34284,-106.5458,Angostura Reach,Spring
2004,4,6,Savannah,39,41,40,35.1428674147,-106.681982289,Angostura Reach,Spring
2004,4,7,Lemitar,40,55,47.5,34.1670457032,-106.889953039,San Acacia Reach,Spring
2004,4,8,Hispanic Cultural Center,56,70,63,35.0688083802,-106.65807622,Angostura Reach,Spring
2004,4,10,Diversion,59,75,67,35.191618922399996,-106.643382687,Angostura Reach,Spring
2004,4,11,Calabacillas,67,54,60.5,35.1946222612,-106.646350963,Angostura Reach,Spring
2004,4,12,Minnow,57.5,76,66.75,35.1972256042,-106.644122231,Angostura Reach,Spring
2004,4,13,Harrison,95,152,123.5,35.0150622305,-106.673722917,Angostura Reach,Spring
2004,4,14,Sevilleta,35,55,45,34.2586573236,-106.883372761,San Acacia Reach,Spring
2004,4,15,Valencia Cleared,57,67.5,62.25,34.6486505386211,-106.739180486447,Isleta Reach,Spring
2004,4,16,Valencia Forest,55,73,64,34.6472147233729,-106.738922864063,Isleta Reach,Spring
2004,4,17,Montano,.,.,.,35.1452628545,-106.680332705,Angostura Reach,Spring
2004,4,18,Reynolds Cleared,.,.,.,34.6567454384498,-106.738602216398,Isleta Reach,Spring
2004,4,19,Reynolds Forest,.,.,.,34.657611462267496,-106.739436295579,Isleta Reach,Spring
2004,5,1,Alameda,.,.,.,35.1880598884,-106.646949118,Angostura Reach,Spring
2004,5,2,Rio Grande Nature Center,.,.,.,35.1267624154,-106.688450012,Angostura Reach,Spring
2004,5,3,Los Lunas,1.6,2,1.8,34.8123850767529,-106.714471968474,Isleta Reach,Spring
2004,5,4,Belen,1.2,2,1.6,34.6481124155284,-106.737727748983,Isleta Reach,Spring
2004,5,5,Santa Ana,.,.,.,35.34284,-106.5458,Angostura Reach,Spring
2004,5,6,Savannah,0,0,0,35.1428674147,-106.681982289,Angostura Reach,Spring
2004,5,7,Lemitar,.,.,.,34.1670457032,-106.889953039,San Acacia Reach,Spring
2004,5,8,Hispanic Cultural Center,0,0,0,35.0688083802,-106.65807622,Angostura Reach,Spring
2004,5,10,Diversion,.,.,.,35.191618922399996,-106.643382687,Angostura Reach,Spring
2004,5,11,Calabacillas,0,5,2.5,35.1946222612,-106.646350963,Angostura Reach,Spring
2004,5,12,Minnow,0,0,0,35.1972256042,-106.644122231,Angostura Reach,Spring
2004,5,13,Harrison,0,0,0,35.0150622305,-106.673722917,Angostura Reach,Spring
2004,5,14,Sevilleta,0,0,0,34.2586573236,-106.883372761,San Acacia Reach,Spring
2004,5,15,Valencia Cleared,0,0,0,34.6486505386211,-106.739180486447,Isleta Reach,Spring
2004,5,16,Valencia Forest,0,0,0,34.6472147233729,-106.738922864063,Isleta Reach,Spring
2004,5,17,Montano,.,.,.,35.1452628545,-106.680332705,Angostura Reach,Spring
2004,5,18,Reynolds Cleared,.,.,.,34.6567454384498,-106.738602216398,Isleta Reach,Spring
2004,5,19,Reynolds Forest,.,.,.,34.657611462267496,-106.739436295579,Isleta Reach,Spring
2004,6,1,Alameda,0,0,0,35.1880598884,-106.646949118,Angostura Reach,Monsoon
2004,6,2,Rio Grande Nature Center,0,0,0,35.1267624154,-106.688450012,Angostura Reach,Monsoon
2004,6,3,Los Lunas,1.6,2,1.8,34.8123850767529,-106.714471968474,Isleta Reach,Monsoon
2004,6,4,Belen,1.3,3.8,2.55,34.6481124155284,-106.737727748983,Isleta Reach,Monsoon
2004,6,5,Santa Ana,.,.,.,35.34284,-106.5458,Angostura Reach,Monsoon
2004,6,6,Savannah,.,.,.,35.1428674147,-106.681982289,Angostura Reach,Monsoon
2004,6,7,Lemitar,0,0,0,34.1670457032,-106.889953039,San Acacia Reach,Monsoon
2004,6,8,Hispanic Cultural Center,0,0,0,35.0688083802,-106.65807622,Angostura Reach,Monsoon
2004,6,10,Diversion,0,0,0,35.191618922399996,-106.643382687,Angostura Reach,Monsoon
2004,6,11,Calabacillas,0,0,0,35.1946222612,-106.646350963,Angostura Reach,Monsoon
2004,6,12,Minnow,0,0,0,35.1972256042,-106.644122231,Angostura Reach,Monsoon
2004,6,13,Harrison,0,0,0,35.0150622305,-106.673722917,Angostura Reach,Monsoon
2004,6,14,Sevilleta,0.3,2.4,1.35,34.2586573236,-106.883372761,San Acacia Reach,Monsoon
2004,6,15,Valencia Cleared,1,0,0.5,34.6486505386211,-106.739180486447,Isleta Reach,Monsoon
2004,6,16,Valencia Forest,0.08,0.26,0.17,34.6472147233729,-106.738922864063,Isleta Reach,Monsoon
2004,6,17,Montano,.,.,.,35.1452628545,-106.680332705,Angostura Reach,Monsoon
2004,6,18,Reynolds Cleared,.,.,.,34.6567454384498,-106.738602216398,Isleta Reach,Monsoon
2004,6,19,Reynolds Forest,.,.,.,34.657611462267496,-106.739436295579,Isleta Reach,Monsoon
2004,7,1,Alameda,3,5,4,35.1880598884,-106.646949118,Angostura Reach,Monsoon
2004,7,2,Rio Grande Nature Center,19,21,20,35.1267624154,-106.688450012,Angostura Reach,Monsoon
2004,7,3,Los Lunas,15,23.5,19.25,34.8123850767529,-106.714471968474,Isleta Reach,Monsoon
2004,7,4,Belen,22.5,31,26.75,34.6481124155284,-106.737727748983,Isleta Reach,Monsoon
2004,7,5,Santa Ana,.,.,.,35.34284,-106.5458,Angostura Reach,Monsoon
2004,7,6,Savannah,.,.,.,35.1428674147,-106.681982289,Angostura Reach,Monsoon
2004,7,7,Lemitar,5,1,3,34.1670457032,-106.889953039,San Acacia Reach,Monsoon
2004,7,8,Hispanic Cultural Center,32,41,36.5,35.0688083802,-106.65807622,Angostura Reach,Monsoon
2004,7,10,Diversion,11,18,14.5,35.191618922399996,-106.643382687,Angostura Reach,Monsoon
2004,7,11,Calabacillas,7,12.7,9.85,35.1946222612,-106.646350963,Angostura Reach,Monsoon
2004,7,12,Minnow,15,9.5,12.25,35.1972256042,-106.644122231,Angostura Reach,Monsoon
2004,7,13,Harrison,10,16,13,35.0150622305,-106.673722917,Angostura Reach,Monsoon
2004,7,14,Sevilleta,5,7.5,6.25,34.2586573236,-106.883372761,San Acacia Reach,Monsoon
2004,7,15,Valencia Cleared,22.8,25.4,24.1,34.6486505386211,-106.739180486447,Isleta Reach,Monsoon
2004,7,16,Valencia Forest,25,27.7,26.35,34.6472147233729,-106.738922864063,Isleta Reach,Monsoon
2004,7,17,Montano,14,21,17.5,35.1452628545,-106.680332705,Angostura Reach,Monsoon
2004,7,18,Reynolds Cleared,.,.,.,34.6567454384498,-106.738602216398,Isleta Reach,Monsoon
2004,7,19,Reynolds Forest,.,.,.,34.657611462267496,-106.739436295579,Isleta Reach,Monsoon
2004,8,1,Alameda,43,30,36.5,35.1880598884,-106.646949118,Angostura Reach,Monsoon
2004,8,2,Rio Grande Nature Center,16,28,22,35.1267624154,-106.688450012,Angostura Reach,Monsoon
2004,8,3,Los Lunas,31,41,36,34.8123850767529,-106.714471968474,Isleta Reach,Monsoon
2004,8,4,Belen,58,74,66,34.6481124155284,-106.737727748983,Isleta Reach,Monsoon
2004,8,5,Santa Ana,.,.,.,35.34284,-106.5458,Angostura Reach,Monsoon
2004,8,6,Savannah,7,30,18.5,35.1428674147,-106.681982289,Angostura Reach,Monsoon
2004,8,7,Lemitar,41,38,39.5,34.1670457032,-106.889953039,San Acacia Reach,Monsoon
2004,8,8,Hispanic Cultural Center,.,43,43,35.0688083802,-106.65807622,Angostura Reach,Monsoon
2004,8,10,Diversion,34,38,36,35.191618922399996,-106.643382687,Angostura Reach,Monsoon
2004,8,11,Calabacillas,12.6,14,13.3,35.1946222612,-106.646350963,Angostura Reach,Monsoon
2004,8,12,Minnow,20,39,29.5,35.1972256042,-106.644122231,Angostura Reach,Monsoon
2004,8,13,Harrison,25,25,25,35.0150622305,-106.673722917,Angostura Reach,Monsoon
2004,8,14,Sevilleta,32,45,38.5,34.2586573236,-106.883372761,San Acacia Reach,Monsoon
2004,8,15,Valencia Cleared,54,85,69.5,34.6486505386211,-106.739180486447,Isleta Reach,Monsoon
2004,8,16,Valencia Forest,66,70,68,34.6472147233729,-106.738922864063,Isleta Reach,Monsoon
2004,8,17,Montano,24,12.5,18.25,35.1452628545,-106.680332705,Angostura Reach,Monsoon
2004,8,18,Reynolds Cleared,.,.,.,34.6567454384498,-106.738602216398,Isleta Reach,Monsoon
2004,8,19,Reynolds Forest,.,.,.,34.657611462267496,-106.739436295579,Isleta Reach,Monsoon
2004,9,1,Alameda,17.1,25,21.05,35.1880598884,-106.646949118,Angostura Reach,Fall
2004,9,2,Rio Grande Nature Center,15.5,23,19.25,35.1267624154,-106.688450012,Angostura Reach,Fall
2004,9,3,Los Lunas,11,25,18,34.8123850767529,-106.714471968474,Isleta Reach,Fall
2004,9,4,Belen,7.6,17.8,12.7,34.6481124155284,-106.737727748983,Isleta Reach,Fall
2004,9,5,Santa Ana,.,.,.,35.34284,-106.5458,Angostura Reach,Fall
2004,9,6,Savannah,8.1,22.6,15.35,35.1428674147,-106.681982289,Angostura Reach,Fall
2004,9,7,Lemitar,4.2,7,5.6,34.1670457032,-106.889953039,San Acacia Reach,Fall
2004,9,8,Hispanic Cultural Center,14.5,25.5,20,35.0688083802,-106.65807622,Angostura Reach,Fall
2004,9,10,Diversion,21,25.5,23.25,35.191618922399996,-106.643382687,Angostura Reach,Fall
2004,9,11,Calabacillas,14,17.7,15.85,35.1946222612,-106.646350963,Angostura Reach,Fall
2004,9,12,Minnow,24,12.6,18.3,35.1972256042,-106.644122231,Angostura Reach,Fall
2004,9,13,Harrison,21,30,25.5,35.0150622305,-106.673722917,Angostura Reach,Fall
2004,9,14,Sevilleta,6.5,12.5,9.5,34.2586573236,-106.883372761,San Acacia Reach,Fall
2004,9,15,Valencia Cleared,3,12,7.5,34.6486505386211,-106.739180486447,Isleta Reach,Fall
2004,9,16,Valencia Forest,4,22.5,13.25,34.6472147233729,-106.738922864063,Isleta Reach,Fall
2004,9,17,Montano,9.5,20,14.75,35.1452628545,-106.680332705,Angostura Reach,Fall
2004,9,18,Reynolds Cleared,7,17,12,34.6567454384498,-106.738602216398,Isleta Reach,Fall
2004,9,19,Reynolds Forest,8,.,8,34.657611462267496,-106.739436295579,Isleta Reach,Fall
2004,10,1,Alameda,51,58,54.5,35.1880598884,-106.646949118,Angostura Reach,Fall
2004,10,2,Rio Grande Nature Center,40,44.5,42.25,35.1267624154,-106.688450012,Angostura Reach,Fall
2004,10,3,Los Lunas,3,7.5,5.25,34.8123850767529,-106.714471968474,Isleta Reach,Fall
2004,10,4,Belen,12.7,12.7,12.7,34.6481124155284,-106.737727748983,Isleta Reach,Fall
2004,10,5,Santa Ana,.,.,.,35.34284,-106.5458,Angostura Reach,Fall
2004,10,6,Savannah,22.2,46.9,34.55,35.1428674147,-106.681982289,Angostura Reach,Fall
2004,10,7,Lemitar,10,18.7,14.35,34.1670457032,-106.889953039,San Acacia Reach,Fall
2004,10,8,Hispanic Cultural Center,33,46,39.5,35.0688083802,-106.65807622,Angostura Reach,Fall
2004,10,10,Diversion,58,63,60.5,35.191618922399996,-106.643382687,Angostura Reach,Fall
2004,10,11,Calabacillas,45,43,44,35.1946222612,-106.646350963,Angostura Reach,Fall
2004,10,12,Minnow,43,57,50,35.1972256042,-106.644122231,Angostura Reach,Fall
2004,10,13,Harrison,9,16,12.5,35.0150622305,-106.673722917,Angostura Reach,Fall
2004,10,14,Sevilleta,13.5,21.5,17.5,34.2586573236,-106.883372761,San Acacia Reach,Fall
2004,10,15,Valencia Cleared,12.5,15,13.75,34.6486505386211,-106.739180486447,Isleta Reach,Fall
2004,10,16,Valencia Forest,11,15.8,13.4,34.6472147233729,-106.738922864063,Isleta Reach,Fall
2004,10,17,Montano,34,40,37,35.1452628545,-106.680332705,Angostura Reach,Fall
2004,10,18,Reynolds Cleared,23,23,23,34.6567454384498,-106.738602216398,Isleta Reach,Fall
2004,10,19,Reynolds Forest,20,23,21.5,34.657611462267496,-106.739436295579,Isleta Reach,Fall
2004,11,1,Alameda,8.3,9.6,8.95,35.1880598884,-106.646949118,Angostura Reach,Winter
2004,11,2,Rio Grande Nature Center,2.3,3.5,2.9,35.1267624154,-106.688450012,Angostura Reach,Winter
2004,11,3,Los Lunas,2.6,8.3,5.45,34.8123850767529,-106.714471968474,Isleta Reach,Winter
2004,11,4,Belen,3.8,7.6,5.699999999999999,34.6481124155284,-106.737727748983,Isleta Reach,Winter
2004,11,5,Santa Ana,.,.,.,35.34284,-106.5458,Angostura Reach,Winter
2004,11,6,Savannah,2.4,9.25,5.825,35.1428674147,-106.681982289,Angostura Reach,Winter
2004,11,7,Lemitar,25,34,29.5,34.1670457032,-106.889953039,San Acacia Reach,Winter
2004,11,8,Hispanic Cultural Center,5.8,5,5.4,35.0688083802,-106.65807622,Angostura Reach,Winter
2004,11,10,Diversion,8.3,10,9.15,35.191618922399996,-106.643382687,Angostura Reach,Winter
2004,11,11,Calabacillas,4,6.9,5.45,35.1946222612,-106.646350963,Angostura Reach,Winter
2004,11,12,Minnow,4.8,9,6.9,35.1972256042,-106.644122231,Angostura Reach,Winter
2004,11,13,Harrison,5.2,7.5,6.35,35.0150622305,-106.673722917,Angostura Reach,Winter
2004,11,14,Sevilleta,22,27,24.5,34.2586573236,-106.883372761,San Acacia Reach,Winter
2004,11,15,Valencia Cleared,3,6.5,4.75,34.6486505386211,-106.739180486447,Isleta Reach,Winter
2004,11,16,Valencia Forest,2.5,8,5.25,34.6472147233729,-106.738922864063,Isleta Reach,Winter
2004,11,17,Montano,5.4,9.3,7.35,35.1452628545,-106.680332705,Angostura Reach,Winter
2004,11,18,Reynolds Cleared,3,8,5.5,34.6567454384498,-106.738602216398,Isleta Reach,Winter
2004,11,19,Reynolds Forest,1.5,.,1.5,34.657611462267496,-106.739436295579,Isleta Reach,Winter
2004,12,1,Alameda,17.5,22.5,20,35.1880598884,-106.646949118,Angostura Reach,Winter
2004,12,2,Rio Grande Nature Center,22.5,.,22.5,35.1267624154,-106.688450012,Angostura Reach,Winter
2004,12,3,Los Lunas,.,.,.,34.8123850767529,-106.714471968474,Isleta Reach,Winter
2004,12,4,Belen,30.5,19.8,25.15,34.6481124155284,-106.737727748983,Isleta Reach,Winter
2004,12,5,Santa Ana,.,.,.,35.34284,-106.5458,Angostura Reach,Winter
2004,12,6,Savannah,10,27.5,18.75,35.1428674147,-106.681982289,Angostura Reach,Winter
2004,12,7,Lemitar,21,32,26.5,34.1670457032,-106.889953039,San Acacia Reach,Winter
2004,12,8,Hispanic Cultural Center,27.7,.,27.7,35.0688083802,-106.65807622,Angostura Reach,Winter
2004,12,10,Diversion,18,22.5,20.25,35.191618922399996,-106.643382687,Angostura Reach,Winter
2004,12,11,Calabacillas,.,22.5,22.5,35.1946222612,-106.646350963,Angostura Reach,Winter
2004,12,12,Minnow,17.5,22.5,20,35.1972256042,-106.644122231,Angostura Reach,Winter
2004,12,13,Harrison,.,30,30,35.0150622305,-106.673722917,Angostura Reach,Winter
2004,12,14,Sevilleta,17.5,.,17.5,34.2586573236,-106.883372761,San Acacia Reach,Winter
2004,12,15,Valencia Cleared,27.5,27.3,27.4,34.6486505386211,-106.739180486447,Isleta Reach,Winter
2004,12,16,Valencia Forest,66,.,66,34.6472147233729,-106.738922864063,Isleta Reach,Winter
2004,12,17,Montano,15.5,26,20.75,35.1452628545,-106.680332705,Angostura Reach,Winter
2004,12,18,Reynolds Cleared,40,50,45,34.6567454384498,-106.738602216398,Isleta Reach,Winter
2004,12,19,Reynolds Forest,30.5,50,40.25,34.657611462267496,-106.739436295579,Isleta Reach,Winter
2004,12,20,Route 66,.,.,.,35.1006512603,-106.691932797,Angostura Reach,Winter
2005,1,1,Alameda,10.5,12,11.25,35.1880598884,-106.646949118,Angostura Reach,Winter
2005,1,2,Rio Grande Nature Center,11,.,11,35.1267624154,-106.688450012,Angostura Reach,Winter
2005,1,3,Los Lunas,16.5,.,16.5,34.8123850767529,-106.714471968474,Isleta Reach,Winter
2005,1,4,Belen,23,20,21.5,34.6481124155284,-106.737727748983,Isleta Reach,Winter
2005,1,5,Santa Ana,.,.,.,35.34284,-106.5458,Angostura Reach,Winter
2005,1,6,Savannah,7,12.5,9.75,35.1428674147,-106.681982289,Angostura Reach,Winter
2005,1,7,Lemitar,32,45,38.5,34.1670457032,-106.889953039,San Acacia Reach,Winter
2005,1,8,Hispanic Cultural Center,.,22,22,35.0688083802,-106.65807622,Angostura Reach,Winter
2005,1,10,Diversion,12.5,17.5,15,35.191618922399996,-106.643382687,Angostura Reach,Winter
2005,1,11,Calabacillas,25.4,.,25.4,35.1946222612,-106.646350963,Angostura Reach,Winter
2005,1,12,Minnow,9,12,10.5,35.1972256042,-106.644122231,Angostura Reach,Winter
2005,1,13,Harrison,.,23,23,35.0150622305,-106.673722917,Angostura Reach,Winter
2005,1,14,Sevilleta,19,5,12,34.2586573236,-106.883372761,San Acacia Reach,Winter
2005,1,15,Valencia Cleared,18,.,18,34.6486505386211,-106.739180486447,Isleta Reach,Winter
2005,1,16,Valencia Forest,30,.,30,34.6472147233729,-106.738922864063,Isleta Reach,Winter
2005,1,17,Montano,9.6,13.5,11.55,35.1452628545,-106.680332705,Angostura Reach,Winter
2005,1,18,Reynolds Cleared,17.5,26,21.75,34.6567454384498,-106.738602216398,Isleta Reach,Winter
2005,1,19,Reynolds Forest,.,.,.,34.657611462267496,-106.739436295579,Isleta Reach,Winter
2005,1,20,Route 66,15,12.6,13.8,35.1006512603,-106.691932797,Angostura Reach,Winter
2005,1,21,Badger,.,.,.,35.1955715759,-106.641632737,Angostura Reach,Winter
2005,1,22,Bobcat,.,.,.,35.2010747789,-106.641162297,Angostura Reach,Winter
2005,2,1,Alameda,30,38,34,35.1880598884,-106.646949118,Angostura Reach,Winter
2005,2,2,Rio Grande Nature Center,31,32,31.5,35.1267624154,-106.688450012,Angostura Reach,Winter
2005,2,3,Los Lunas,25,.,25,34.8123850767529,-106.714471968474,Isleta Reach,Winter
2005,2,4,Belen,23,38,30.5,34.6481124155284,-106.737727748983,Isleta Reach,Winter
2005,2,5,Santa Ana,.,.,.,35.34284,-106.5458,Angostura Reach,Winter
2005,2,6,Savannah,23.5,38,30.75,35.1428674147,-106.681982289,Angostura Reach,Winter
2005,2,7,Lemitar,22.5,34,28.25,34.1670457032,-106.889953039,San Acacia Reach,Winter
2005,2,8,Hispanic Cultural Center,33,36,34.5,35.0688083802,-106.65807622,Angostura Reach,Winter
2005,2,10,Diversion,31,40,35.5,35.191618922399996,-106.643382687,Angostura Reach,Winter
2005,2,11,Calabacillas,27,21,24,35.1946222612,-106.646350963,Angostura Reach,Winter
2005,2,12,Minnow,27.5,36,31.75,35.1972256042,-106.644122231,Angostura Reach,Winter
2005,2,13,Harrison,25,33,29,35.0150622305,-106.673722917,Angostura Reach,Winter
2005,2,14,Sevilleta,15.5,.,15.5,34.2586573236,-106.883372761,San Acacia Reach,Winter
2005,2,15,Valencia Cleared,14.5,.,14.5,34.6486505386211,-106.739180486447,Isleta Reach,Winter
2005,2,16,Valencia Forest,70,33,51.5,34.6472147233729,-106.738922864063,Isleta Reach,Winter
2005,2,17,Montano,9.2,37,23.1,35.1452628545,-106.680332705,Angostura Reach,Winter
2005,2,18,Reynolds Cleared,27.5,35,31.25,34.6567454384498,-106.738602216398,Isleta Reach,Winter
2005,2,19,Reynolds Forest,35,35,35,34.657611462267496,-106.739436295579,Isleta Reach,Winter
2005,2,20,Route 66,26,37,31.5,35.1006512603,-106.691932797,Angostura Reach,Winter
2005,2,21,Badger,.,.,.,35.1955715759,-106.641632737,Angostura Reach,Winter
2005,2,22,Bobcat,.,.,.,35.2010747789,-106.641162297,Angostura Reach,Winter
2005,3,1,Alameda,35,37,36,35.1880598884,-106.646949118,Angostura Reach,Spring
2005,3,2,Rio Grande Nature Center,45,26.5,35.75,35.1267624154,-106.688450012,Angostura Reach,Spring
2005,3,3,Los Lunas,22.5,38,30.25,34.8123850767529,-106.714471968474,Isleta Reach,Spring
2005,3,4,Belen,29.5,31,30.25,34.6481124155284,-106.737727748983,Isleta Reach,Spring
2005,3,5,Santa Ana,.,.,.,35.34284,-106.5458,Angostura Reach,Spring
2005,3,6,Savannah,34,39,36.5,35.1428674147,-106.681982289,Angostura Reach,Spring
2005,3,7,Lemitar,35,23,29,34.1670457032,-106.889953039,San Acacia Reach,Spring
2005,3,8,Hispanic Cultural Center,.,.,.,35.0688083802,-106.65807622,Angostura Reach,Spring
2005,3,10,Diversion,38,38,38,35.191618922399996,-106.643382687,Angostura Reach,Spring
2005,3,11,Calabacillas,35,33,34,35.1946222612,-106.646350963,Angostura Reach,Spring
2005,3,12,Minnow,27,44,35.5,35.1972256042,-106.644122231,Angostura Reach,Spring
2005,3,13,Harrison,32,40,36,35.0150622305,-106.673722917,Angostura Reach,Spring
2005,3,14,Sevilleta,28.5,37,32.75,34.2586573236,-106.883372761,San Acacia Reach,Spring
2005,3,15,Valencia Cleared,.,28.5,28.5,34.6486505386211,-106.739180486447,Isleta Reach,Spring
2005,3,16,Valencia Forest,70,.,70,34.6472147233729,-106.738922864063,Isleta Reach,Spring
2005,3,17,Montano,25,41,33,35.1452628545,-106.680332705,Angostura Reach,Spring
2005,3,18,Reynolds Cleared,30,36,33,34.6567454384498,-106.738602216398,Isleta Reach,Spring
2005,3,19,Reynolds Forest,30,.,30,34.657611462267496,-106.739436295579,Isleta Reach,Spring
2005,3,20,Route 66,40,40,40,35.1006512603,-106.691932797,Angostura Reach,Spring
2005,3,21,Badger,.,.,.,35.1955715759,-106.641632737,Angostura Reach,Spring
2005,3,22,Bobcat,.,.,.,35.2010747789,-106.641162297,Angostura Reach,Spring
2005,4,1,Alameda,11.5,16.5,14,35.1880598884,-106.646949118,Angostura Reach,Spring
2005,4,2,Rio Grande Nature Center,10,10,10,35.1267624154,-106.688450012,Angostura Reach,Spring
2005,4,3,Los Lunas,2.4,5.8,4.1,34.8123850767529,-106.714471968474,Isleta Reach,Spring
2005,4,4,Belen,4,4,4,34.6481124155284,-106.737727748983,Isleta Reach,Spring
2005,4,5,Santa Ana,.,.,.,35.34284,-106.5458,Angostura Reach,Spring
2005,4,6,Savannah,9.8,14,11.9,35.1428674147,-106.681982289,Angostura Reach,Spring
2005,4,7,Lemitar,4.2,8.3,6.25,34.1670457032,-106.889953039,San Acacia Reach,Spring
2005,4,8,Hispanic Cultural Center,13.5,22.5,18,35.0688083802,-106.65807622,Angostura Reach,Spring
2005,4,10,Diversion,10,16.5,13.25,35.191618922399996,-106.643382687,Angostura Reach,Spring
2005,4,11,Calabacillas,12.5,13,12.75,35.1946222612,-106.646350963,Angostura Reach,Spring
2005,4,12,Minnow,10,15,12.5,35.1972256042,-106.644122231,Angostura Reach,Spring
2005,4,13,Harrison,11.2,11,11.1,35.0150622305,-106.673722917,Angostura Reach,Spring
2005,4,14,Sevilleta,3.4,6.1,4.75,34.2586573236,-106.883372761,San Acacia Reach,Spring
2005,4,15,Valencia Cleared,2.5,.,2.5,34.6486505386211,-106.739180486447,Isleta Reach,Spring
2005,4,16,Valencia Forest,1.2,4,2.6,34.6472147233729,-106.738922864063,Isleta Reach,Spring
2005,4,17,Montano,11,9,10,35.1452628545,-106.680332705,Angostura Reach,Spring
2005,4,18,Reynolds Cleared,3.2,6.2,4.7,34.6567454384498,-106.738602216398,Isleta Reach,Spring
2005,4,19,Reynolds Forest,3.5,.,3.5,34.657611462267496,-106.739436295579,Isleta Reach,Spring
2005,4,20,Route 66,7,11,9,35.1006512603,-106.691932797,Angostura Reach,Spring
2005,4,21,Badger,.,.,.,35.1955715759,-106.641632737,Angostura Reach,Spring
2005,4,22,Bobcat,.,.,.,35.2010747789,-106.641162297,Angostura Reach,Spring
2005,5,1,Alameda,11,12.5,11.75,35.1880598884,-106.646949118,Angostura Reach,Spring
2005,5,2,Rio Grande Nature Center,.,.,.,35.1267624154,-106.688450012,Angostura Reach,Spring
2005,5,3,Los Lunas,15,20,17.5,34.8123850767529,-106.714471968474,Isleta Reach,Spring
2005,5,4,Belen,.,.,.,34.6481124155284,-106.737727748983,Isleta Reach,Spring
2005,5,5,Santa Ana,.,.,.,35.34284,-106.5458,Angostura Reach,Spring
2005,5,6,Savannah,8,13,10.5,35.1428674147,-106.681982289,Angostura Reach,Spring
2005,5,7,Lemitar,.,3,3,34.1670457032,-106.889953039,San Acacia Reach,Spring
2005,5,8,Hispanic Cultural Center,17.5,22.5,20,35.0688083802,-106.65807622,Angostura Reach,Spring
2005,5,10,Diversion,11,14,12.5,35.191618922399996,-106.643382687,Angostura Reach,Spring
2005,5,11,Calabacillas,.,.,.,35.1946222612,-106.646350963,Angostura Reach,Spring
2005,5,12,Minnow,.,.,.,35.1972256042,-106.644122231,Angostura Reach,Spring
2005,5,13,Harrison,15,19.5,17.25,35.0150622305,-106.673722917,Angostura Reach,Spring
2005,5,14,Sevilleta,3.8,3.8,3.8,34.2586573236,-106.883372761,San Acacia Reach,Spring
2005,5,15,Valencia Cleared,.,.,.,34.6486505386211,-106.739180486447,Isleta Reach,Spring
2005,5,16,Valencia Forest,3,5,4,34.6472147233729,-106.738922864063,Isleta Reach,Spring
2005,5,17,Montano,23,12.4,17.7,35.1452628545,-106.680332705,Angostura Reach,Spring
2005,5,18,Reynolds Cleared,7.1,8.1,7.6,34.6567454384498,-106.738602216398,Isleta Reach,Spring
2005,5,19,Reynolds Forest,6,.,6,34.657611462267496,-106.739436295579,Isleta Reach,Spring
2005,5,20,Route 66,.,.,.,35.1006512603,-106.691932797,Angostura Reach,Spring
2005,5,21,Badger,.,.,.,35.1955715759,-106.641632737,Angostura Reach,Spring
2005,5,22,Bobcat,.,.,.,35.2010747789,-106.641162297,Angostura Reach,Spring
2005,6,1,Alameda,1.8,.,1.8,35.1880598884,-106.646949118,Angostura Reach,Monsoon
2005,6,2,Rio Grande Nature Center,2,5,3.5,35.1267624154,-106.688450012,Angostura Reach,Monsoon
2005,6,3,Los Lunas,0,0.2,0.1,34.8123850767529,-106.714471968474,Isleta Reach,Monsoon
2005,6,4,Belen,0,.,0,34.6481124155284,-106.737727748983,Isleta Reach,Monsoon
2005,6,5,Santa Ana,.,.,.,35.34284,-106.5458,Angostura Reach,Monsoon
2005,6,6,Savannah,7.6,5,6.3,35.1428674147,-106.681982289,Angostura Reach,Monsoon
2005,6,7,Lemitar,4,7,5.5,34.1670457032,-106.889953039,San Acacia Reach,Monsoon
2005,6,8,Hispanic Cultural Center,2.4,1,1.7,35.0688083802,-106.65807622,Angostura Reach,Monsoon
2005,6,10,Diversion,0,3,1.5,35.191618922399996,-106.643382687,Angostura Reach,Monsoon
2005,6,11,Calabacillas,.,6,6,35.1946222612,-106.646350963,Angostura Reach,Monsoon
2005,6,12,Minnow,.,.,.,35.1972256042,-106.644122231,Angostura Reach,Monsoon
2005,6,13,Harrison,.,.,.,35.0150622305,-106.673722917,Angostura Reach,Monsoon
2005,6,14,Sevilleta,0,0,0,34.2586573236,-106.883372761,San Acacia Reach,Monsoon
2005,6,15,Valencia Cleared,0,0.5,0.25,34.6486505386211,-106.739180486447,Isleta Reach,Monsoon
2005,6,16,Valencia Forest,0,0,0,34.6472147233729,-106.738922864063,Isleta Reach,Monsoon
2005,6,17,Montano,7.8,15.5,11.65,35.1452628545,-106.680332705,Angostura Reach,Monsoon
2005,6,18,Reynolds Cleared,0,0,0,34.6567454384498,-106.738602216398,Isleta Reach,Monsoon
2005,6,19,Reynolds Forest,0,0,0,34.657611462267496,-106.739436295579,Isleta Reach,Monsoon
2005,6,20,Route 66,8.5,13,10.75,35.1006512603,-106.691932797,Angostura Reach,Monsoon
2005,6,21,Badger,.,.,.,35.1955715759,-106.641632737,Angostura Reach,Monsoon
2005,6,22,Bobcat,.,.,.,35.2010747789,-106.641162297,Angostura Reach,Monsoon
2005,7,1,Alameda,7.5,5,6.25,35.1880598884,-106.646949118,Angostura Reach,Monsoon
2005,7,2,Rio Grande Nature Center,5,7.8,6.4,35.1267624154,-106.688450012,Angostura Reach,Monsoon
2005,7,3,Los Lunas,8,15,11.5,34.8123850767529,-106.714471968474,Isleta Reach,Monsoon
2005,7,4,Belen,27.5,.,27.5,34.6481124155284,-106.737727748983,Isleta Reach,Monsoon
2005,7,5,Santa Ana,.,.,.,35.34284,-106.5458,Angostura Reach,Monsoon
2005,7,6,Savannah,2.4,7.5,4.95,35.1428674147,-106.681982289,Angostura Reach,Monsoon
2005,7,7,Lemitar,2,3,2.5,34.1670457032,-106.889953039,San Acacia Reach,Monsoon
2005,7,8,Hispanic Cultural Center,6.3,12.6,9.45,35.0688083802,-106.65807622,Angostura Reach,Monsoon
2005,7,10,Diversion,4,6.25,5.125,35.191618922399996,-106.643382687,Angostura Reach,Monsoon
2005,7,11,Calabacillas,.,2.5,2.5,35.1946222612,-106.646350963,Angostura Reach,Monsoon
2005,7,12,Minnow,0,0,0,35.1972256042,-106.644122231,Angostura Reach,Monsoon
2005,7,13,Harrison,.,8.5,8.5,35.0150622305,-106.673722917,Angostura Reach,Monsoon
2005,7,14,Sevilleta,0,0,0,34.2586573236,-106.883372761,San Acacia Reach,Monsoon
2005,7,15,Valencia Cleared,30,32,31,34.6486505386211,-106.739180486447,Isleta Reach,Monsoon
2005,7,16,Valencia Forest,36,33,34.5,34.6472147233729,-106.738922864063,Isleta Reach,Monsoon
2005,7,17,Montano,2.2,6,4.1,35.1452628545,-106.680332705,Angostura Reach,Monsoon
2005,7,18,Reynolds Cleared,25,35,30,34.6567454384498,-106.738602216398,Isleta Reach,Monsoon
2005,7,19,Reynolds Forest,12.5,35,23.75,34.657611462267496,-106.739436295579,Isleta Reach,Monsoon
2005,7,20,Route 66,6,8,7,35.1006512603,-106.691932797,Angostura Reach,Monsoon
2005,7,21,Badger,.,.,.,35.1955715759,-106.641632737,Angostura Reach,Monsoon
2005,7,22,Bobcat,.,.,.,35.2010747789,-106.641162297,Angostura Reach,Monsoon
2005,8,1,Alameda,20,21.5,20.75,35.1880598884,-106.646949118,Angostura Reach,Monsoon
2005,8,2,Rio Grande Nature Center,35,35,35,35.1267624154,-106.688450012,Angostura Reach,Monsoon
2005,8,3,Los Lunas,32,25,28.5,34.8123850767529,-106.714471968474,Isleta Reach,Monsoon
2005,8,4,Belen,4.6,.,4.6,34.6481124155284,-106.737727748983,Isleta Reach,Monsoon
2005,8,5,Santa Ana,.,.,.,35.34284,-106.5458,Angostura Reach,Monsoon
2005,8,6,Savannah,5.2,18.5,11.85,35.1428674147,-106.681982289,Angostura Reach,Monsoon
2005,8,7,Lemitar,30,47,38.5,34.1670457032,-106.889953039,San Acacia Reach,Monsoon
2005,8,8,Hispanic Cultural Center,15.5,20.5,18,35.0688083802,-106.65807622,Angostura Reach,Monsoon
2005,8,10,Diversion,15,17.5,16.25,35.191618922399996,-106.643382687,Angostura Reach,Monsoon
2005,8,11,Calabacillas,.,17.5,17.5,35.1946222612,-106.646350963,Angostura Reach,Monsoon
2005,8,12,Minnow,17.5,6.35,11.925,35.1972256042,-106.644122231,Angostura Reach,Monsoon
2005,8,13,Harrison,22,25,23.5,35.0150622305,-106.673722917,Angostura Reach,Monsoon
2005,8,14,Sevilleta,31,32,31.5,34.2586573236,-106.883372761,San Acacia Reach,Monsoon
2005,8,15,Valencia Cleared,1.6,7,4.3,34.6486505386211,-106.739180486447,Isleta Reach,Monsoon
2005,8,16,Valencia Forest,2,7.5,4.75,34.6472147233729,-106.738922864063,Isleta Reach,Monsoon
2005,8,17,Montano,2.6,17,9.8,35.1452628545,-106.680332705,Angostura Reach,Monsoon
2005,8,18,Reynolds Cleared,0.6,7.3,3.95,34.6567454384498,-106.738602216398,Isleta Reach,Monsoon
2005,8,19,Reynolds Forest,0.7,7.3,4,34.657611462267496,-106.739436295579,Isleta Reach,Monsoon
2005,8,20,Route 66,22,30,26,35.1006512603,-106.691932797,Angostura Reach,Monsoon
2005,8,21,Badger,.,.,.,35.1955715759,-106.641632737,Angostura Reach,Monsoon
2005,8,22,Bobcat,.,.,.,35.2010747789,-106.641162297,Angostura Reach,Monsoon
2005,9,1,Alameda,8,12.5,10.25,35.1880598884,-106.646949118,Angostura Reach,Fall
2005,9,2,Rio Grande Nature Center,14,20,17,35.1267624154,-106.688450012,Angostura Reach,Fall
2005,9,3,Los Lunas,5,13,9,34.8123850767529,-106.714471968474,Isleta Reach,Fall
2005,9,4,Belen,6.5,.,6.5,34.6481124155284,-106.737727748983,Isleta Reach,Fall
2005,9,5,Santa Ana,.,.,.,35.34284,-106.5458,Angostura Reach,Fall
2005,9,6,Savannah,3.4,15,9.2,35.1428674147,-106.681982289,Angostura Reach,Fall
2005,9,7,Lemitar,0,5,2.5,34.1670457032,-106.889953039,San Acacia Reach,Fall
2005,9,8,Hispanic Cultural Center,7,.,7,35.0688083802,-106.65807622,Angostura Reach,Fall
2005,9,10,Diversion,7,10,8.5,35.191618922399996,-106.643382687,Angostura Reach,Fall
2005,9,11,Calabacillas,4.2,9.5,6.85,35.1946222612,-106.646350963,Angostura Reach,Fall
2005,9,12,Minnow,.,25,25,35.1972256042,-106.644122231,Angostura Reach,Fall
2005,9,13,Harrison,13,15.2,14.1,35.0150622305,-106.673722917,Angostura Reach,Fall
2005,9,14,Sevilleta,0.4,0,0.2,34.2586573236,-106.883372761,San Acacia Reach,Fall
2005,9,15,Valencia Cleared,6,16.5,11.25,34.6486505386211,-106.739180486447,Isleta Reach,Fall
2005,9,16,Valencia Forest,3.8,15,9.4,34.6472147233729,-106.738922864063,Isleta Reach,Fall
2005,9,17,Montano,10,15,12.5,35.1452628545,-106.680332705,Angostura Reach,Fall
2005,9,18,Reynolds Cleared,15,25,20,34.6567454384498,-106.738602216398,Isleta Reach,Fall
2005,9,19,Reynolds Forest,10,25,17.5,34.657611462267496,-106.739436295579,Isleta Reach,Fall
2005,9,20,Route 66,3,12.5,7.75,35.1006512603,-106.691932797,Angostura Reach,Fall
2005,9,21,Badger,.,.,.,35.1955715759,-106.641632737,Angostura Reach,Fall
2005,9,22,Bobcat,.,.,.,35.2010747789,-106.641162297,Angostura Reach,Fall
2005,10,1,Alameda,.,.,.,35.1880598884,-106.646949118,Angostura Reach,Fall
2005,10,2,Rio Grande Nature Center,44,50,47,35.1267624154,-106.688450012,Angostura Reach,Fall
2005,10,3,Los Lunas,25,52,38.5,34.8123850767529,-106.714471968474,Isleta Reach,Fall
2005,10,4,Belen,22.86,31.75,27.305,34.6481124155284,-106.737727748983,Isleta Reach,Fall
2005,10,5,Santa Ana,.,.,.,35.34284,-106.5458,Angostura Reach,Fall
2005,10,6,Savannah,20,50,35,35.1428674147,-106.681982289,Angostura Reach,Fall
2005,10,7,Lemitar,27,44,35.5,34.1670457032,-106.889953039,San Acacia Reach,Fall
2005,10,8,Hispanic Cultural Center,39,.,39,35.0688083802,-106.65807622,Angostura Reach,Fall
2005,10,10,Diversion,41.5,55,48.25,35.191618922399996,-106.643382687,Angostura Reach,Fall
2005,10,11,Calabacillas,35,50,42.5,35.1946222612,-106.646350963,Angostura Reach,Fall
2005,10,12,Minnow,35,51,43,35.1972256042,-106.644122231,Angostura Reach,Fall
2005,10,13,Harrison,42,48,45,35.0150622305,-106.673722917,Angostura Reach,Fall
2005,10,14,Sevilleta,48.2,71,59.6,34.2586573236,-106.883372761,San Acacia Reach,Fall
2005,10,15,Valencia Cleared,19.5,35,27.25,34.6486505386211,-106.739180486447,Isleta Reach,Fall
2005,10,16,Valencia Forest,25.1,40,32.55,34.6472147233729,-106.738922864063,Isleta Reach,Fall
2005,10,17,Montano,33,53,43,35.1452628545,-106.680332705,Angostura Reach,Fall
2005,10,18,Reynolds Cleared,22.5,34,28.25,34.6567454384498,-106.738602216398,Isleta Reach,Fall
2005,10,19,Reynolds Forest,15,34,24.5,34.657611462267496,-106.739436295579,Isleta Reach,Fall
2005,10,20,Route 66,33,64,48.5,35.1006512603,-106.691932797,Angostura Reach,Fall
2005,10,21,Badger,.,.,.,35.1955715759,-106.641632737,Angostura Reach,Fall
2005,10,22,Bobcat,.,.,.,35.2010747789,-106.641162297,Angostura Reach,Fall
2005,11,1,Alameda,0,0,0,35.1880598884,-106.646949118,Angostura Reach,Winter
2005,11,2,Rio Grande Nature Center,2,4,3,35.1267624154,-106.688450012,Angostura Reach,Winter
2005,11,3,Los Lunas,4,7,5.5,34.8123850767529,-106.714471968474,Isleta Reach,Winter
2005,11,4,Belen,0.15,0.2,0.175,34.6481124155284,-106.737727748983,Isleta Reach,Winter
2005,11,5,Santa Ana,.,.,.,35.34284,-106.5458,Angostura Reach,Winter
2005,11,6,Savannah,0,3.2,1.6,35.1428674147,-106.681982289,Angostura Reach,Winter
2005,11,7,Lemitar,0.9,2,1.45,34.1670457032,-106.889953039,San Acacia Reach,Winter
2005,11,8,Hispanic Cultural Center,2,0.5,1.25,35.0688083802,-106.65807622,Angostura Reach,Winter
2005,11,10,Diversion,0,0,0,35.191618922399996,-106.643382687,Angostura Reach,Winter
2005,11,11,Calabacillas,0.5,0.5,0.5,35.1946222612,-106.646350963,Angostura Reach,Winter
2005,11,12,Minnow,0.5,1.4,0.95,35.1972256042,-106.644122231,Angostura Reach,Winter
2005,11,13,Harrison,7.2,7.8,7.5,35.0150622305,-106.673722917,Angostura Reach,Winter
2005,11,14,Sevilleta,.,1.1,1.1,34.2586573236,-106.883372761,San Acacia Reach,Winter
2005,11,15,Valencia Cleared,2.2,4,3.1,34.6486505386211,-106.739180486447,Isleta Reach,Winter
2005,11,16,Valencia Forest,1,3,2,34.6472147233729,-106.738922864063,Isleta Reach,Winter
2005,11,17,Montano,0,4.6,2.3,35.1452628545,-106.680332705,Angostura Reach,Winter
2005,11,18,Reynolds Cleared,3.8,5,4.4,34.6567454384498,-106.738602216398,Isleta Reach,Winter
2005,11,19,Reynolds Forest,2.5,5,3.75,34.657611462267496,-106.739436295579,Isleta Reach,Winter
2005,11,20,Route 66,7,8,7.5,35.1006512603,-106.691932797,Angostura Reach,Winter
2005,11,21,Badger,.,.,.,35.1955715759,-106.641632737,Angostura Reach,Winter
2005,11,22,Bobcat,.,.,.,35.2010747789,-106.641162297,Angostura Reach,Winter
2005,12,1,Alameda,2.2,2.4,2.3,35.1880598884,-106.646949118,Angostura Reach,Winter
2005,12,2,Rio Grande Nature Center,2.2,2.1,2.1500000000000004,35.1267624154,-106.688450012,Angostura Reach,Winter
2005,12,3,Los Lunas,1.7,4,2.85,34.8123850767529,-106.714471968474,Isleta Reach,Winter
2005,12,4,Belen,2,1.2,1.6,34.6481124155284,-106.737727748983,Isleta Reach,Winter
2005,12,5,Santa Ana,.,.,.,35.34284,-106.5458,Angostura Reach,Winter
2005,12,6,Savannah,1,2,1.5,35.1428674147,-106.681982289,Angostura Reach,Winter
2005,12,7,Lemitar,0,0,0,34.1670457032,-106.889953039,San Acacia Reach,Winter
2005,12,8,Hispanic Cultural Center,3,.,3,35.0688083802,-106.65807622,Angostura Reach,Winter
2005,12,10,Diversion,1.8,2.4,2.1,35.191618922399996,-106.643382687,Angostura Reach,Winter
2005,12,11,Calabacillas,1.8,1,1.4,35.1946222612,-106.646350963,Angostura Reach,Winter
2005,12,12,Minnow,1,1.4,1.2,35.1972256042,-106.644122231,Angostura Reach,Winter
2005,12,13,Harrison,2,2.8,2.4,35.0150622305,-106.673722917,Angostura Reach,Winter
2005,12,14,Sevilleta,0,0,0,34.2586573236,-106.883372761,San Acacia Reach,Winter
2005,12,15,Valencia Cleared,1,1.4,1.2,34.6486505386211,-106.739180486447,Isleta Reach,Winter
2005,12,16,Valencia Forest,0.5,1.4,0.95,34.6472147233729,-106.738922864063,Isleta Reach,Winter
2005,12,17,Montano,0.8,2.8,1.7999999999999998,35.1452628545,-106.680332705,Angostura Reach,Winter
2005,12,18,Reynolds Cleared,1,1.2,1.1,34.6567454384498,-106.738602216398,Isleta Reach,Winter
2005,12,19,Reynolds Forest,0.5,1.2,0.85,34.657611462267496,-106.739436295579,Isleta Reach,Winter
2005,12,20,Route 66,1.9,2.2,2.05,35.1006512603,-106.691932797,Angostura Reach,Winter
2005,12,21,Badger,.,.,.,35.1955715759,-106.641632737,Angostura Reach,Winter
2005,12,22,Bobcat,.,.,.,35.2010747789,-106.641162297,Angostura Reach,Winter
2006,1,1,Alameda,0,0,0,35.1880598884,-106.646949118,Angostura Reach,Winter
2006,1,2,Rio Grande Nature Center,.,.,.,35.1267624154,-106.688450012,Angostura Reach,Winter
2006,1,3,Los Lunas,0,0,0,34.8123850767529,-106.714471968474,Isleta Reach,Winter
2006,1,4,Belen,0,0,0,34.6481124155284,-106.737727748983,Isleta Reach,Winter
2006,1,5,Santa Ana,.,.,.,35.34284,-106.5458,Angostura Reach,Winter
2006,1,6,Savannah,0,0,0,35.1428674147,-106.681982289,Angostura Reach,Winter
2006,1,7,Lemitar,0,0,0,34.1670457032,-106.889953039,San Acacia Reach,Winter
2006,1,8,Hispanic Cultural Center,0,0,0,35.0688083802,-106.65807622,Angostura Reach,Winter
2006,1,10,Diversion,0,0,0,35.191618922399996,-106.643382687,Angostura Reach,Winter
2006,1,11,Calabacillas,0,0,0,35.1946222612,-106.646350963,Angostura Reach,Winter
2006,1,12,Minnow,0,0,0,35.1972256042,-106.644122231,Angostura Reach,Winter
2006,1,13,Harrison,0,0,0,35.0150622305,-106.673722917,Angostura Reach,Winter
2006,1,14,Sevilleta,0,0,0,34.2586573236,-106.883372761,San Acacia Reach,Winter
2006,1,15,Valencia Cleared,0,0,0,34.6486505386211,-106.739180486447,Isleta Reach,Winter
2006,1,16,Valencia Forest,0,0.2,0.1,34.6472147233729,-106.738922864063,Isleta Reach,Winter
2006,1,17,Montano,0,0,0,35.1452628545,-106.680332705,Angostura Reach,Winter
2006,1,18,Reynolds Cleared,1,1,1,34.6567454384498,-106.738602216398,Isleta Reach,Winter
2006,1,19,Reynolds Forest,0,.,0,34.657611462267496,-106.739436295579,Isleta Reach,Winter
2006,1,20,Route 66,0,0,0,35.1006512603,-106.691932797,Angostura Reach,Winter
2006,1,21,Badger,.,.,.,35.1955715759,-106.641632737,Angostura Reach,Winter
2006,1,22,Bobcat,.,.,.,35.2010747789,-106.641162297,Angostura Reach,Winter
2006,2,1,Alameda,0.9,1.2,1.05,35.1880598884,-106.646949118,Angostura Reach,Winter
2006,2,2,Rio Grande Nature Center,0,0,0,35.1267624154,-106.688450012,Angostura Reach,Winter
2006,2,3,Los Lunas,0,0,0,34.8123850767529,-106.714471968474,Isleta Reach,Winter
2006,2,4,Belen,0,0,0,34.6481124155284,-106.737727748983,Isleta Reach,Winter
2006,2,5,Santa Ana,.,.,.,35.34284,-106.5458,Angostura Reach,Winter
2006,2,6,Savannah,0.1,1,0.55,35.1428674147,-106.681982289,Angostura Reach,Winter
2006,2,7,Lemitar,0,0,0,34.1670457032,-106.889953039,San Acacia Reach,Winter
2006,2,8,Hispanic Cultural Center,1.4,0,0.7,35.0688083802,-106.65807622,Angostura Reach,Winter
2006,2,10,Diversion,1.3,0.7,1,35.191618922399996,-106.643382687,Angostura Reach,Winter
2006,2,11,Calabacillas,0,.,0,35.1946222612,-106.646350963,Angostura Reach,Winter
2006,2,12,Minnow,0,0,0,35.1972256042,-106.644122231,Angostura Reach,Winter
2006,2,13,Harrison,0.9,1.1,1,35.0150622305,-106.673722917,Angostura Reach,Winter
2006,2,14,Sevilleta,0.5,0.6,0.55,34.2586573236,-106.883372761,San Acacia Reach,Winter
2006,2,15,Valencia Cleared,0,0,0,34.6486505386211,-106.739180486447,Isleta Reach,Winter
2006,2,16,Valencia Forest,0,0,0,34.6472147233729,-106.738922864063,Isleta Reach,Winter
2006,2,17,Montano,0,0.4,0.2,35.1452628545,-106.680332705,Angostura Reach,Winter
2006,2,18,Reynolds Cleared,0,0,0,34.6567454384498,-106.738602216398,Isleta Reach,Winter
2006,2,19,Reynolds Forest,0,0,0,34.657611462267496,-106.739436295579,Isleta Reach,Winter
2006,2,20,Route 66,0.5,1.2,0.85,35.1006512603,-106.691932797,Angostura Reach,Winter
2006,2,21,Badger,.,.,.,35.1955715759,-106.641632737,Angostura Reach,Winter
2006,2,22,Bobcat,.,.,.,35.2010747789,-106.641162297,Angostura Reach,Winter
2006,3,1,Alameda,4,4.2,4.1,35.1880598884,-106.646949118,Angostura Reach,Spring
2006,3,2,Rio Grande Nature Center,2.2,3,2.6,35.1267624154,-106.688450012,Angostura Reach,Spring
2006,3,3,Los Lunas,1.5,2.4,1.95,34.8123850767529,-106.714471968474,Isleta Reach,Spring
2006,3,4,Belen,1.3,1,1.15,34.6481124155284,-106.737727748983,Isleta Reach,Spring
2006,3,5,Santa Ana,.,.,.,35.34284,-106.5458,Angostura Reach,Spring
2006,3,6,Savannah,2,3.8,2.9,35.1428674147,-106.681982289,Angostura Reach,Spring
2006,3,7,Lemitar,1.3,2,1.65,34.1670457032,-106.889953039,San Acacia Reach,Spring
2006,3,8,Hispanic Cultural Center,2.5,2,2.25,35.0688083802,-106.65807622,Angostura Reach,Spring
2006,3,10,Diversion,2.8,4,3.4,35.191618922399996,-106.643382687,Angostura Reach,Spring
2006,3,11,Calabacillas,2,.,2,35.1946222612,-106.646350963,Angostura Reach,Spring
2006,3,12,Minnow,2.4,4,3.2,35.1972256042,-106.644122231,Angostura Reach,Spring
2006,3,13,Harrison,1.8,1.9,1.85,35.0150622305,-106.673722917,Angostura Reach,Spring
2006,3,14,Sevilleta,0,0,0,34.2586573236,-106.883372761,San Acacia Reach,Spring
2006,3,15,Valencia Cleared,1,1.3,1.15,34.6486505386211,-106.739180486447,Isleta Reach,Spring
2006,3,16,Valencia Forest,0.8,1.8,1.3,34.6472147233729,-106.738922864063,Isleta Reach,Spring
2006,3,17,Montano,0,2.8,1.4,35.1452628545,-106.680332705,Angostura Reach,Spring
2006,3,18,Reynolds Cleared,1.7,1.2,1.45,34.6567454384498,-106.738602216398,Isleta Reach,Spring
2006,3,19,Reynolds Forest,1,.,1,34.657611462267496,-106.739436295579,Isleta Reach,Spring
2006,3,20,Route 66,1.2,3,2.1,35.1006512603,-106.691932797,Angostura Reach,Spring
2006,3,21,Badger,.,.,.,35.1955715759,-106.641632737,Angostura Reach,Spring
2006,3,22,Bobcat,.,.,.,35.2010747789,-106.641162297,Angostura Reach,Spring
2006,4,1,Alameda,0.3,0.7,0.5,35.1880598884,-106.646949118,Angostura Reach,Spring
2006,4,2,Rio Grande Nature Center,0,0,0,35.1267624154,-106.688450012,Angostura Reach,Spring
2006,4,3,Los Lunas,1.6,2,1.8,34.8123850767529,-106.714471968474,Isleta Reach,Spring
2006,4,4,Belen,6,5,5.5,34.6481124155284,-106.737727748983,Isleta Reach,Spring
2006,4,5,Santa Ana,.,.,.,35.34284,-106.5458,Angostura Reach,Spring
2006,4,6,Savannah,0,0.5,0.25,35.1428674147,-106.681982289,Angostura Reach,Spring
2006,4,7,Lemitar,0,1,0.5,34.1670457032,-106.889953039,San Acacia Reach,Spring
2006,4,8,Hispanic Cultural Center,0,0,0,35.0688083802,-106.65807622,Angostura Reach,Spring
2006,4,10,Diversion,0,0,0,35.191618922399996,-106.643382687,Angostura Reach,Spring
2006,4,11,Calabacillas,0,0,0,35.1946222612,-106.646350963,Angostura Reach,Spring
2006,4,12,Minnow,0,0,0,35.1972256042,-106.644122231,Angostura Reach,Spring
2006,4,13,Harrison,.,0.75,0.75,35.0150622305,-106.673722917,Angostura Reach,Spring
2006,4,14,Sevilleta,0,0,0,34.2586573236,-106.883372761,San Acacia Reach,Spring
2006,4,15,Valencia Cleared,3.4,5,4.2,34.6486505386211,-106.739180486447,Isleta Reach,Spring
2006,4,16,Valencia Forest,6.4,5.2,5.800000000000001,34.6472147233729,-106.738922864063,Isleta Reach,Spring
2006,4,17,Montano,.,0.9,0.9,35.1452628545,-106.680332705,Angostura Reach,Spring
2006,4,18,Reynolds Cleared,4,5.2,4.6,34.6567454384498,-106.738602216398,Isleta Reach,Spring
2006,4,19,Reynolds Forest,6,.,6,34.657611462267496,-106.739436295579,Isleta Reach,Spring
2006,4,20,Route 66,0,0,0,35.1006512603,-106.691932797,Angostura Reach,Spring
2006,4,21,Badger,.,.,.,35.1955715759,-106.641632737,Angostura Reach,Spring
2006,4,22,Bobcat,.,.,.,35.2010747789,-106.641162297,Angostura Reach,Spring
2006,5,1,Alameda,1,2.6,1.8,35.1880598884,-106.646949118,Angostura Reach,Spring
2006,5,2,Rio Grande Nature Center,2.4,4,3.2,35.1267624154,-106.688450012,Angostura Reach,Spring
2006,5,3,Los Lunas,0,0,0,34.8123850767529,-106.714471968474,Isleta Reach,Spring
2006,5,4,Belen,2.5,2.5,2.5,34.6481124155284,-106.737727748983,Isleta Reach,Spring
2006,5,5,Santa Ana,.,.,.,35.34284,-106.5458,Angostura Reach,Spring
2006,5,6,Savannah,1.2,3.2,2.2,35.1428674147,-106.681982289,Angostura Reach,Spring
2006,5,7,Lemitar,7.25,7.5,7.375,34.1670457032,-106.889953039,San Acacia Reach,Spring
2006,5,8,Hispanic Cultural Center,3.4,3.8,3.5999999999999996,35.0688083802,-106.65807622,Angostura Reach,Spring
2006,5,10,Diversion,1.8,2.8,2.3,35.191618922399996,-106.643382687,Angostura Reach,Spring
2006,5,11,Calabacillas,1.2,2,1.6,35.1946222612,-106.646350963,Angostura Reach,Spring
2006,5,12,Minnow,0,2,1,35.1972256042,-106.644122231,Angostura Reach,Spring
2006,5,13,Harrison,2.2,3,2.6,35.0150622305,-106.673722917,Angostura Reach,Spring
2006,5,14,Sevilleta,0.07,0,0.035,34.2586573236,-106.883372761,San Acacia Reach,Spring
2006,5,15,Valencia Cleared,0,0.7,0.35,34.6486505386211,-106.739180486447,Isleta Reach,Spring
2006,5,16,Valencia Forest,0,2.2,1.1,34.6472147233729,-106.738922864063,Isleta Reach,Spring
2006,5,17,Montano,.,0.1,0.1,35.1452628545,-106.680332705,Angostura Reach,Spring
2006,5,18,Reynolds Cleared,0.3,0.6,0.45,34.6567454384498,-106.738602216398,Isleta Reach,Spring
2006,5,19,Reynolds Forest,0,0.6,0.3,34.657611462267496,-106.739436295579,Isleta Reach,Spring
2006,5,20,Route 66,4.2,4,4.1,35.1006512603,-106.691932797,Angostura Reach,Spring
2006,5,21,Badger,.,.,.,35.1955715759,-106.641632737,Angostura Reach,Spring
2006,5,22,Bobcat,.,.,.,35.2010747789,-106.641162297,Angostura Reach,Spring
2006,6,1,Alameda,0,1.8,0.9,35.1880598884,-106.646949118,Angostura Reach,Monsoon
2006,6,2,Rio Grande Nature Center,0,1,0.5,35.1267624154,-106.688450012,Angostura Reach,Monsoon
2006,6,3,Los Lunas,0,0.5,0.25,34.8123850767529,-106.714471968474,Isleta Reach,Monsoon
2006,6,4,Belen,5.2,5.3,5.25,34.6481124155284,-106.737727748983,Isleta Reach,Monsoon
2006,6,5,Santa Ana,.,.,.,35.34284,-106.5458,Angostura Reach,Monsoon
2006,6,6,Savannah,0,1.2,0.6,35.1428674147,-106.681982289,Angostura Reach,Monsoon
2006,6,7,Lemitar,8,9,8.5,34.1670457032,-106.889953039,San Acacia Reach,Monsoon
2006,6,8,Hispanic Cultural Center,0,1,0.5,35.0688083802,-106.65807622,Angostura Reach,Monsoon
2006,6,10,Diversion,0,1.8,0.9,35.191618922399996,-106.643382687,Angostura Reach,Monsoon
2006,6,11,Calabacillas,0,1.2,0.6,35.1946222612,-106.646350963,Angostura Reach,Monsoon
2006,6,12,Minnow,0,1.2,0.6,35.1972256042,-106.644122231,Angostura Reach,Monsoon
2006,6,13,Harrison,1.8,2,1.9,35.0150622305,-106.673722917,Angostura Reach,Monsoon
2006,6,14,Sevilleta,6,8,7,34.2586573236,-106.883372761,San Acacia Reach,Monsoon
2006,6,15,Valencia Cleared,0.36,6.25,3.305,34.6486505386211,-106.739180486447,Isleta Reach,Monsoon
2006,6,16,Valencia Forest,1.2,4,2.6,34.6472147233729,-106.738922864063,Isleta Reach,Monsoon
2006,6,17,Montano,.,1,1,35.1452628545,-106.680332705,Angostura Reach,Monsoon
2006,6,18,Reynolds Cleared,2,3,2.5,34.6567454384498,-106.738602216398,Isleta Reach,Monsoon
2006,6,19,Reynolds Forest,0,3,1.5,34.657611462267496,-106.739436295579,Isleta Reach,Monsoon
2006,6,20,Route 66,0,1.2,0.6,35.1006512603,-106.691932797,Angostura Reach,Monsoon
2006,6,21,Badger,.,.,.,35.1955715759,-106.641632737,Angostura Reach,Monsoon
2006,6,22,Bobcat,.,.,.,35.2010747789,-106.641162297,Angostura Reach,Monsoon
2006,7,1,Alameda,34,.,34,35.1880598884,-106.646949118,Angostura Reach,Monsoon
2006,7,2,Rio Grande Nature Center,32.5,38,35.25,35.1267624154,-106.688450012,Angostura Reach,Monsoon
2006,7,3,Los Lunas,24,42,33,34.8123850767529,-106.714471968474,Isleta Reach,Monsoon
2006,7,4,Belen,45.5,50,47.75,34.6481124155284,-106.737727748983,Isleta Reach,Monsoon
2006,7,5,Santa Ana,.,.,.,35.34284,-106.5458,Angostura Reach,Monsoon
2006,7,6,Savannah,.,.,.,35.1428674147,-106.681982289,Angostura Reach,Monsoon
2006,7,7,Lemitar,27.7,38,32.85,34.1670457032,-106.889953039,San Acacia Reach,Monsoon
2006,7,8,Hispanic Cultural Center,33,40,36.5,35.0688083802,-106.65807622,Angostura Reach,Monsoon
2006,7,10,Diversion,.,44,44,35.191618922399996,-106.643382687,Angostura Reach,Monsoon
2006,7,11,Calabacillas,33.5,44,38.75,35.1946222612,-106.646350963,Angostura Reach,Monsoon
2006,7,12,Minnow,22.5,46,34.25,35.1972256042,-106.644122231,Angostura Reach,Monsoon
2006,7,13,Harrison,54,65,59.5,35.0150622305,-106.673722917,Angostura Reach,Monsoon
2006,7,14,Sevilleta,29.21,43,36.105,34.2586573236,-106.883372761,San Acacia Reach,Monsoon
2006,7,15,Valencia Cleared,32,49,40.5,34.6486505386211,-106.739180486447,Isleta Reach,Monsoon
2006,7,16,Valencia Forest,45,55,50,34.6472147233729,-106.738922864063,Isleta Reach,Monsoon
2006,7,17,Montano,23,46,34.5,35.1452628545,-106.680332705,Angostura Reach,Monsoon
2006,7,18,Reynolds Cleared,33,43,38,34.6567454384498,-106.738602216398,Isleta Reach,Monsoon
2006,7,19,Reynolds Forest,30,43,36.5,34.657611462267496,-106.739436295579,Isleta Reach,Monsoon
2006,7,20,Route 66,32,53,42.5,35.1006512603,-106.691932797,Angostura Reach,Monsoon
2006,7,21,Badger,.,.,.,35.1955715759,-106.641632737,Angostura Reach,Monsoon
2006,7,22,Bobcat,.,.,.,35.2010747789,-106.641162297,Angostura Reach,Monsoon
2006,8,1,Alameda,135,153.5,144.25,35.1880598884,-106.646949118,Angostura Reach,Monsoon
2006,8,2,Rio Grande Nature Center,78,97,87.5,35.1267624154,-106.688450012,Angostura Reach,Monsoon
2006,8,3,Los Lunas,56,83.5,69.75,34.8123850767529,-106.714471968474,Isleta Reach,Monsoon
2006,8,4,Belen,107.5,118,112.75,34.6481124155284,-106.737727748983,Isleta Reach,Monsoon
2006,8,5,Santa Ana,.,.,.,35.34284,-106.5458,Angostura Reach,Monsoon
2006,8,6,Savannah,60,135.5,97.75,35.1428674147,-106.681982289,Angostura Reach,Monsoon
2006,8,7,Lemitar,131.6,149.5,140.55,34.1670457032,-106.889953039,San Acacia Reach,Monsoon
2006,8,8,Hispanic Cultural Center,103.5,110,106.75,35.0688083802,-106.65807622,Angostura Reach,Monsoon
2006,8,10,Diversion,126.6,150,138.3,35.191618922399996,-106.643382687,Angostura Reach,Monsoon
2006,8,11,Calabacillas,111,148.5,129.75,35.1946222612,-106.646350963,Angostura Reach,Monsoon
2006,8,12,Minnow,96,146.5,121.25,35.1972256042,-106.644122231,Angostura Reach,Monsoon
2006,8,13,Harrison,84,87.6,85.8,35.0150622305,-106.673722917,Angostura Reach,Monsoon
2006,8,14,Sevilleta,78.7,.,78.7,34.2586573236,-106.883372761,San Acacia Reach,Monsoon
2006,8,15,Valencia Cleared,95,130,112.5,34.6486505386211,-106.739180486447,Isleta Reach,Monsoon
2006,8,16,Valencia Forest,127.4,123,125.2,34.6472147233729,-106.738922864063,Isleta Reach,Monsoon
2006,8,17,Montano,98,129.4,113.7,35.1452628545,-106.680332705,Angostura Reach,Monsoon
2006,8,18,Reynolds Cleared,89,122,105.5,34.6567454384498,-106.738602216398,Isleta Reach,Monsoon
2006,8,19,Reynolds Forest,117,133.5,125.25,34.657611462267496,-106.739436295579,Isleta Reach,Monsoon
2006,8,21,Badger,.,.,.,35.1955715759,-106.641632737,Angostura Reach,Monsoon
2006,8,22,Bobcat,.,.,.,35.2010747789,-106.641162297,Angostura Reach,Monsoon
2006,9,1,Alameda,60,58,59,35.1880598884,-106.646949118,Angostura Reach,Fall
2006,9,2,Rio Grande Nature Center,39,45,42,35.1267624154,-106.688450012,Angostura Reach,Fall
2006,9,3,Los Lunas,30,35,32.5,34.8123850767529,-106.714471968474,Isleta Reach,Fall
2006,9,4,Belen,47,66.5,56.75,34.6481124155284,-106.737727748983,Isleta Reach,Fall
2006,9,5,Santa Ana,.,.,.,35.34284,-106.5458,Angostura Reach,Fall
2006,9,6,Savannah,35,60,47.5,35.1428674147,-106.681982289,Angostura Reach,Fall
2006,9,7,Lemitar,62,84,73,34.1670457032,-106.889953039,San Acacia Reach,Fall
2006,9,8,Hispanic Cultural Center,45.5,49,47.25,35.0688083802,-106.65807622,Angostura Reach,Fall
2006,9,10,Diversion,53,60,56.5,35.191618922399996,-106.643382687,Angostura Reach,Fall
2006,9,11,Calabacillas,45,66.5,55.75,35.1946222612,-106.646350963,Angostura Reach,Fall
2006,9,12,Minnow,13.5,13.5,13.5,35.1972256042,-106.644122231,Angostura Reach,Fall
2006,9,13,Harrison,35,40,37.5,35.0150622305,-106.673722917,Angostura Reach,Fall
2006,9,14,Sevilleta,15,.,15,34.2586573236,-106.883372761,San Acacia Reach,Fall
2006,9,15,Valencia Cleared,.,62,62,34.6486505386211,-106.739180486447,Isleta Reach,Fall
2006,9,16,Valencia Forest,45,70,57.5,34.6472147233729,-106.738922864063,Isleta Reach,Fall
2006,9,17,Montano,35,58,46.5,35.1452628545,-106.680332705,Angostura Reach,Fall
2006,9,18,Reynolds Cleared,44,59,51.5,34.6567454384498,-106.738602216398,Isleta Reach,Fall
2006,9,19,Reynolds Forest,32,59,45.5,34.657611462267496,-106.739436295579,Isleta Reach,Fall
2006,9,20,Route 66,16,32,24,35.1006512603,-106.691932797,Angostura Reach,Fall
2006,9,21,Badger,.,.,.,35.1955715759,-106.641632737,Angostura Reach,Fall
2006,9,22,Bobcat,.,.,.,35.2010747789,-106.641162297,Angostura Reach,Fall
2006,10,1,Alameda,28,32,30,35.1880598884,-106.646949118,Angostura Reach,Fall
2006,10,2,Rio Grande Nature Center,29.2,31,30.1,35.1267624154,-106.688450012,Angostura Reach,Fall
2006,10,3,Los Lunas,25,40,32.5,34.8123850767529,-106.714471968474,Isleta Reach,Fall
2006,10,4,Belen,44,57,50.5,34.6481124155284,-106.737727748983,Isleta Reach,Fall
2006,10,5,Santa Ana,.,.,.,35.34284,-106.5458,Angostura Reach,Fall
2006,10,6,Savannah,14,29,21.5,35.1428674147,-106.681982289,Angostura Reach,Fall
2006,10,7,Lemitar,69,86,77.5,34.1670457032,-106.889953039,San Acacia Reach,Fall
2006,10,8,Hispanic Cultural Center,.,.,.,35.0688083802,-106.65807622,Angostura Reach,Fall
2006,10,10,Diversion,24.5,32,28.25,35.191618922399996,-106.643382687,Angostura Reach,Fall
2006,10,11,Calabacillas,20,27.5,23.75,35.1946222612,-106.646350963,Angostura Reach,Fall
2006,10,12,Minnow,20,27.5,23.75,35.1972256042,-106.644122231,Angostura Reach,Fall
2006,10,13,Harrison,42,47,44.5,35.0150622305,-106.673722917,Angostura Reach,Fall
2006,10,14,Sevilleta,51,65,58,34.2586573236,-106.883372761,San Acacia Reach,Fall
2006,10,15,Valencia Cleared,53,55,54,34.6486505386211,-106.739180486447,Isleta Reach,Fall
2006,10,16,Valencia Forest,58,58.5,58.25,34.6472147233729,-106.738922864063,Isleta Reach,Fall
2006,10,17,Montano,.,31,31,35.1452628545,-106.680332705,Angostura Reach,Fall
2006,10,18,Reynolds Cleared,41,52,46.5,34.6567454384498,-106.738602216398,Isleta Reach,Fall
2006,10,19,Reynolds Forest,27.5,52,39.75,34.657611462267496,-106.739436295579,Isleta Reach,Fall
2006,10,20,Route 66,22.5,33,27.75,35.1006512603,-106.691932797,Angostura Reach,Fall
2006,10,21,Badger,.,.,.,35.1955715759,-106.641632737,Angostura Reach,Fall
2006,10,22,Bobcat,.,.,.,35.2010747789,-106.641162297,Angostura Reach,Fall
2006,11,1,Alameda,0.5,0,0.25,35.1880598884,-106.646949118,Angostura Reach,Winter
2006,11,2,Rio Grande Nature Center,0,0,0,35.1267624154,-106.688450012,Angostura Reach,Winter
2006,11,3,Los Lunas,0,0,0,34.8123850767529,-106.714471968474,Isleta Reach,Winter
2006,11,4,Belen,0,2.54,1.27,34.6481124155284,-106.737727748983,Isleta Reach,Winter
2006,11,5,Santa Ana,.,.,.,35.34284,-106.5458,Angostura Reach,Winter
2006,11,6,Savannah,0.5,0.5,0.5,35.1428674147,-106.681982289,Angostura Reach,Winter
2006,11,7,Lemitar,2.2,3.4,2.8,34.1670457032,-106.889953039,San Acacia Reach,Winter
2006,11,8,Hispanic Cultural Center,0,0,0,35.0688083802,-106.65807622,Angostura Reach,Winter
2006,11,10,Diversion,0.5,0,0.25,35.191618922399996,-106.643382687,Angostura Reach,Winter
2006,11,11,Calabacillas,0,0,0,35.1946222612,-106.646350963,Angostura Reach,Winter
2006,11,12,Minnow,0,0,0,35.1972256042,-106.644122231,Angostura Reach,Winter
2006,11,13,Harrison,0.17,0.17,0.17,35.0150622305,-106.673722917,Angostura Reach,Winter
2006,11,14,Sevilleta,0,1,0.5,34.2586573236,-106.883372761,San Acacia Reach,Winter
2006,11,15,Valencia Cleared,.,0,0,34.6486505386211,-106.739180486447,Isleta Reach,Winter
2006,11,16,Valencia Forest,0,0.6,0.3,34.6472147233729,-106.738922864063,Isleta Reach,Winter
2006,11,17,Montano,.,0.4,0.4,35.1452628545,-106.680332705,Angostura Reach,Winter
2006,11,18,Reynolds Cleared,0.4,0.4,0.4,34.6567454384498,-106.738602216398,Isleta Reach,Winter
2006,11,19,Reynolds Forest,0.4,0.4,0.4,34.657611462267496,-106.739436295579,Isleta Reach,Winter
2006,11,20,Route 66,2.9,5.4,4.15,35.1006512603,-106.691932797,Angostura Reach,Winter
2006,11,21,Badger,0,0,0,35.1955715759,-106.641632737,Angostura Reach,Winter
2006,11,22,Bobcat,.,.,.,35.2010747789,-106.641162297,Angostura Reach,Winter
2006,12,1,Alameda,0.6,0,0.3,35.1880598884,-106.646949118,Angostura Reach,Winter
2006,12,2,Rio Grande Nature Center,8,10,9,35.1267624154,-106.688450012,Angostura Reach,Winter
2006,12,3,Los Lunas,1.04,2.8,1.92,34.8123850767529,-106.714471968474,Isleta Reach,Winter
2006,12,4,Belen,5.2,8,6.6,34.6481124155284,-106.737727748983,Isleta Reach,Winter
2006,12,5,Santa Ana,.,.,.,35.34284,-106.5458,Angostura Reach,Winter
2006,12,6,Savannah,0,0,0,35.1428674147,-106.681982289,Angostura Reach,Winter
2006,12,7,Lemitar,0.5,0.5,0.5,34.1670457032,-106.889953039,San Acacia Reach,Winter
2006,12,8,Hispanic Cultural Center,0.5,1,0.75,35.0688083802,-106.65807622,Angostura Reach,Winter
2006,12,10,Diversion,0,0,0,35.191618922399996,-106.643382687,Angostura Reach,Winter
2006,12,11,Calabacillas,0,0,0,35.1946222612,-106.646350963,Angostura Reach,Winter
2006,12,12,Minnow,0,0,0,35.1972256042,-106.644122231,Angostura Reach,Winter
2006,12,13,Harrison,3.2,3.2,3.2,35.0150622305,-106.673722917,Angostura Reach,Winter
2006,12,14,Sevilleta,12,13,12.5,34.2586573236,-106.883372761,San Acacia Reach,Winter
2006,12,15,Valencia Cleared,.,7,7,34.6486505386211,-106.739180486447,Isleta Reach,Winter
2006,12,16,Valencia Forest,8,4.4,6.2,34.6472147233729,-106.738922864063,Isleta Reach,Winter
2006,12,17,Montano,4.8,0,2.4,35.1452628545,-106.680332705,Angostura Reach,Winter
2006,12,18,Reynolds Cleared,5,7.2,6.1,34.6567454384498,-106.738602216398,Isleta Reach,Winter
2006,12,19,Reynolds Forest,3.5,7.2,5.35,34.657611462267496,-106.739436295579,Isleta Reach,Winter
2006,12,20,Route 66,2,4.3,3.15,35.1006512603,-106.691932797,Angostura Reach,Winter
2006,12,21,Badger,0,0,0,35.1955715759,-106.641632737,Angostura Reach,Winter
2006,12,22,Bobcat,0,1.1,0.55,35.2010747789,-106.641162297,Angostura Reach,Winter
2007,1,1,Alameda,32.5,22.5,27.5,35.1880598884,-106.646949118,Angostura Reach,Winter
2007,1,2,Rio Grande Nature Center,32,25,28.5,35.1267624154,-106.688450012,Angostura Reach,Winter
2007,1,3,Los Lunas,30,20,25,34.8123850767529,-106.714471968474,Isleta Reach,Winter
2007,1,4,Belen,32,32,32,34.6481124155284,-106.737727748983,Isleta Reach,Winter
2007,1,5,Santa Ana,.,.,.,35.34284,-106.5458,Angostura Reach,Winter
2007,1,6,Savannah,43,23,33,35.1428674147,-106.681982289,Angostura Reach,Winter
2007,1,7,Lemitar,20,30,25,34.1670457032,-106.889953039,San Acacia Reach,Winter
2007,1,8,Hispanic Cultural Center,1.2,20.5,10.85,35.0688083802,-106.65807622,Angostura Reach,Winter
2007,1,10,Diversion,27,34,30.5,35.191618922399996,-106.643382687,Angostura Reach,Winter
2007,1,11,Calabacillas,32,22.5,27.25,35.1946222612,-106.646350963,Angostura Reach,Winter
2007,1,12,Minnow,40,20,30,35.1972256042,-106.644122231,Angostura Reach,Winter
2007,1,13,Harrison,.,27.5,27.5,35.0150622305,-106.673722917,Angostura Reach,Winter
2007,1,14,Sevilleta,0.64,.,0.64,34.2586573236,-106.883372761,San Acacia Reach,Winter
2007,1,15,Valencia Cleared,23,22.5,22.75,34.6486505386211,-106.739180486447,Isleta Reach,Winter
2007,1,16,Valencia Forest,17.5,25,21.25,34.6472147233729,-106.738922864063,Isleta Reach,Winter
2007,1,17,Montano,68,26,47,35.1452628545,-106.680332705,Angostura Reach,Winter
2007,1,18,Reynolds Cleared,28,34,31,34.6567454384498,-106.738602216398,Isleta Reach,Winter
2007,1,19,Reynolds Forest,23,34,28.5,34.657611462267496,-106.739436295579,Isleta Reach,Winter
2007,1,20,Route 66,26,30,28,35.1006512603,-106.691932797,Angostura Reach,Winter
2007,1,21,Badger,35,37,36,35.1955715759,-106.641632737,Angostura Reach,Winter
2007,1,22,Bobcat,28,20.5,24.25,35.2010747789,-106.641162297,Angostura Reach,Winter
2007,2,1,Alameda,17.5,22.5,20,35.1880598884,-106.646949118,Angostura Reach,Winter
2007,2,2,Rio Grande Nature Center,18,23,20.5,35.1267624154,-106.688450012,Angostura Reach,Winter
2007,2,3,Los Lunas,.,.,.,34.8123850767529,-106.714471968474,Isleta Reach,Winter
2007,2,4,Belen,1,1,1,34.6481124155284,-106.737727748983,Isleta Reach,Winter
2007,2,5,Santa Ana,.,.,.,35.34284,-106.5458,Angostura Reach,Winter
2007,2,6,Savannah,47,20,33.5,35.1428674147,-106.681982289,Angostura Reach,Winter
2007,2,7,Lemitar,4.3,6.5,5.4,34.1670457032,-106.889953039,San Acacia Reach,Winter
2007,2,8,Hispanic Cultural Center,18,24.5,21.25,35.0688083802,-106.65807622,Angostura Reach,Winter
2007,2,10,Diversion,13,15,14,35.191618922399996,-106.643382687,Angostura Reach,Winter
2007,2,11,Calabacillas,21.5,23,22.25,35.1946222612,-106.646350963,Angostura Reach,Winter
2007,2,12,Minnow,18.5,26,22.25,35.1972256042,-106.644122231,Angostura Reach,Winter
2007,2,13,Harrison,39,91,65,35.0150622305,-106.673722917,Angostura Reach,Winter
2007,2,14,Sevilleta,7,9,8,34.2586573236,-106.883372761,San Acacia Reach,Winter
2007,2,15,Valencia Cleared,0,8.5,4.25,34.6486505386211,-106.739180486447,Isleta Reach,Winter
2007,2,16,Valencia Forest,0,2.5,1.25,34.6472147233729,-106.738922864063,Isleta Reach,Winter
2007,2,17,Montano,7,19,13,35.1452628545,-106.680332705,Angostura Reach,Winter
2007,2,18,Reynolds Cleared,0,0,0,34.6567454384498,-106.738602216398,Isleta Reach,Winter
2007,2,19,Reynolds Forest,0,0,0,34.657611462267496,-106.739436295579,Isleta Reach,Winter
2007,2,20,Route 66,17.4,17.8,17.6,35.1006512603,-106.691932797,Angostura Reach,Winter
2007,2,21,Badger,20,21,20.5,35.1955715759,-106.641632737,Angostura Reach,Winter
2007,2,22,Bobcat,17,21,19,35.2010747789,-106.641162297,Angostura Reach,Winter
2007,3,1,Alameda,0,0,0,35.1880598884,-106.646949118,Angostura Reach,Spring
2007,3,2,Rio Grande Nature Center,0,0,0,35.1267624154,-106.688450012,Angostura Reach,Spring
2007,3,3,Los Lunas,0,0,0,34.8123850767529,-106.714471968474,Isleta Reach,Spring
2007,3,4,Belen,0,0,0,34.6481124155284,-106.737727748983,Isleta Reach,Spring
2007,3,5,Santa Ana,.,.,.,35.34284,-106.5458,Angostura Reach,Spring
2007,3,6,Savannah,0,0,0,35.1428674147,-106.681982289,Angostura Reach,Spring
2007,3,7,Lemitar,0,0,0,34.1670457032,-106.889953039,San Acacia Reach,Spring
2007,3,8,Hispanic Cultural Center,0,0,0,35.0688083802,-106.65807622,Angostura Reach,Spring
2007,3,10,Diversion,0.5,0,0.25,35.191618922399996,-106.643382687,Angostura Reach,Spring
2007,3,11,Calabacillas,0,0,0,35.1946222612,-106.646350963,Angostura Reach,Spring
2007,3,12,Minnow,0,2,1,35.1972256042,-106.644122231,Angostura Reach,Spring
2007,3,13,Harrison,17.5,21,19.25,35.0150622305,-106.673722917,Angostura Reach,Spring
2007,3,14,Sevilleta,0,0.25,0.125,34.2586573236,-106.883372761,San Acacia Reach,Spring
2007,3,15,Valencia Cleared,0,0,0,34.6486505386211,-106.739180486447,Isleta Reach,Spring
2007,3,16,Valencia Forest,0,0,0,34.6472147233729,-106.738922864063,Isleta Reach,Spring
2007,3,17,Montano,0,3.5,1.75,35.1452628545,-106.680332705,Angostura Reach,Spring
2007,3,18,Reynolds Cleared,0,0,0,34.6567454384498,-106.738602216398,Isleta Reach,Spring
2007,3,19,Reynolds Forest,0,0,0,34.657611462267496,-106.739436295579,Isleta Reach,Spring
2007,3,20,Route 66,2,1.5,1.75,35.1006512603,-106.691932797,Angostura Reach,Spring
2007,3,21,Badger,2.5,5,3.75,35.1955715759,-106.641632737,Angostura Reach,Spring
2007,3,22,Bobcat,0.75,0,0.375,35.2010747789,-106.641162297,Angostura Reach,Spring
2007,3,23,BioPark,0,0,0,35.0799846256,-106.669723455,Angostura Reach,Spring
2007,4,1,Alameda,45,41,43,35.1880598884,-106.646949118,Angostura Reach,Spring
2007,4,2,Rio Grande Nature Center,38,41,39.5,35.1267624154,-106.688450012,Angostura Reach,Spring
2007,4,3,Los Lunas,18,33,25.5,34.8123850767529,-106.714471968474,Isleta Reach,Spring
2007,4,4,Belen,29.2,31.7,30.45,34.6481124155284,-106.737727748983,Isleta Reach,Spring
2007,4,5,Santa Ana,.,.,.,35.34284,-106.5458,Angostura Reach,Spring
2007,4,6,Savannah,28,46,37,35.1428674147,-106.681982289,Angostura Reach,Spring
2007,4,7,Lemitar,16,29,22.5,34.1670457032,-106.889953039,San Acacia Reach,Spring
2007,4,8,Hispanic Cultural Center,35,40,37.5,35.0688083802,-106.65807622,Angostura Reach,Spring
2007,4,10,Diversion,42,43,42.5,35.191618922399996,-106.643382687,Angostura Reach,Spring
2007,4,11,Calabacillas,33.5,46,39.75,35.1946222612,-106.646350963,Angostura Reach,Spring
2007,4,12,Minnow,27.5,46,36.75,35.1972256042,-106.644122231,Angostura Reach,Spring
2007,4,13,Harrison,14.9,18,16.45,35.0150622305,-106.673722917,Angostura Reach,Spring
2007,4,14,Sevilleta,23,35,29,34.2586573236,-106.883372761,San Acacia Reach,Spring
2007,4,15,Valencia Cleared,23,28.5,25.75,34.6486505386211,-106.739180486447,Isleta Reach,Spring
2007,4,16,Valencia Forest,23,30,26.5,34.6472147233729,-106.738922864063,Isleta Reach,Spring
2007,4,17,Montano,25.4,45,35.2,35.1452628545,-106.680332705,Angostura Reach,Spring
2007,4,18,Reynolds Cleared,17.4,27.5,22.45,34.6567454384498,-106.738602216398,Isleta Reach,Spring
2007,4,19,Reynolds Forest,16.4,27.5,21.95,34.657611462267496,-106.739436295579,Isleta Reach,Spring
2007,4,20,Route 66,22.5,35,28.75,35.1006512603,-106.691932797,Angostura Reach,Spring
2007,4,21,Badger,30,44,37,35.1955715759,-106.641632737,Angostura Reach,Spring
2007,4,22,Bobcat,37.5,50,43.75,35.2010747789,-106.641162297,Angostura Reach,Spring
2007,4,23,BioPark,34,42,38,35.0799846256,-106.669723455,Angostura Reach,Spring
2007,5,1,Alameda,20,18,19,35.1880598884,-106.646949118,Angostura Reach,Spring
2007,5,2,Rio Grande Nature Center,18,20,19,35.1267624154,-106.688450012,Angostura Reach,Spring
2007,5,3,Los Lunas,10,13,11.5,34.8123850767529,-106.714471968474,Isleta Reach,Spring
2007,5,4,Belen,7.5,10,8.75,34.6481124155284,-106.737727748983,Isleta Reach,Spring
2007,5,5,Santa Ana,25.5,25,25.25,35.34284,-106.5458,Angostura Reach,Spring
2007,5,6,Savannah,8,21,14.5,35.1428674147,-106.681982289,Angostura Reach,Spring
2007,5,7,Lemitar,31.5,29.5,30.5,34.1670457032,-106.889953039,San Acacia Reach,Spring
2007,5,8,Hispanic Cultural Center,17.6,22,19.8,35.0688083802,-106.65807622,Angostura Reach,Spring
2007,5,10,Diversion,13,19,16,35.191618922399996,-106.643382687,Angostura Reach,Spring
2007,5,11,Calabacillas,12.5,7,9.75,35.1946222612,-106.646350963,Angostura Reach,Spring
2007,5,12,Minnow,12.7,21,16.85,35.1972256042,-106.644122231,Angostura Reach,Spring
2007,5,13,Harrison,31,19.5,25.25,35.0150622305,-106.673722917,Angostura Reach,Spring
2007,5,14,Sevilleta,26.7,42,34.35,34.2586573236,-106.883372761,San Acacia Reach,Spring
2007,5,15,Valencia Cleared,7.5,10,8.75,34.6486505386211,-106.739180486447,Isleta Reach,Spring
2007,5,16,Valencia Forest,7,9,8,34.6472147233729,-106.738922864063,Isleta Reach,Spring
2007,5,17,Montano,14,23,18.5,35.1452628545,-106.680332705,Angostura Reach,Spring
2007,5,18,Reynolds Cleared,9,12.5,10.75,34.6567454384498,-106.738602216398,Isleta Reach,Spring
2007,5,19,Reynolds Forest,9,12.5,10.75,34.657611462267496,-106.739436295579,Isleta Reach,Spring
2007,5,20,Route 66,9.5,25,17.25,35.1006512603,-106.691932797,Angostura Reach,Spring
2007,5,21,Badger,13,21,17,35.1955715759,-106.641632737,Angostura Reach,Spring
2007,5,22,Bobcat,12,20,16,35.2010747789,-106.641162297,Angostura Reach,Spring
2007,5,23,BioPark,18,25,21.5,35.0799846256,-106.669723455,Angostura Reach,Spring
2007,6,1,Alameda,3.6,7.4,5.5,35.1880598884,-106.646949118,Angostura Reach,Monsoon
2007,6,2,Rio Grande Nature Center,3.2,7.2,5.2,35.1267624154,-106.688450012,Angostura Reach,Monsoon
2007,6,3,Los Lunas,27,44,35.5,34.8123850767529,-106.714471968474,Isleta Reach,Monsoon
2007,6,4,Belen,12,14,13,34.6481124155284,-106.737727748983,Isleta Reach,Monsoon
2007,6,5,Santa Ana,.,.,.,35.34284,-106.5458,Angostura Reach,Monsoon
2007,6,6,Savannah,2,6,4,35.1428674147,-106.681982289,Angostura Reach,Monsoon
2007,6,7,Lemitar,14.2,24.5,19.35,34.1670457032,-106.889953039,San Acacia Reach,Monsoon
2007,6,8,Hispanic Cultural Center,11.5,16,13.75,35.0688083802,-106.65807622,Angostura Reach,Monsoon
2007,6,10,Diversion,3,6,4.5,35.191618922399996,-106.643382687,Angostura Reach,Monsoon
2007,6,11,Calabacillas,3.5,6.6,5.05,35.1946222612,-106.646350963,Angostura Reach,Monsoon
2007,6,12,Minnow,2.4,7.6,5,35.1972256042,-106.644122231,Angostura Reach,Monsoon
2007,6,13,Harrison,20.5,23,21.75,35.0150622305,-106.673722917,Angostura Reach,Monsoon
2007,6,14,Sevilleta,9,16,12.5,34.2586573236,-106.883372761,San Acacia Reach,Monsoon
2007,6,15,Valencia Cleared,8.5,12,10.25,34.6486505386211,-106.739180486447,Isleta Reach,Monsoon
2007,6,16,Valencia Forest,11.5,12,11.75,34.6472147233729,-106.738922864063,Isleta Reach,Monsoon
2007,6,17,Montano,5,6,5.5,35.1452628545,-106.680332705,Angostura Reach,Monsoon
2007,6,18,Reynolds Cleared,12.5,17.9,15.2,34.6567454384498,-106.738602216398,Isleta Reach,Monsoon
2007,6,19,Reynolds Forest,10,17.9,13.95,34.657611462267496,-106.739436295579,Isleta Reach,Monsoon
2007,6,20,Route 66,3,10,6.5,35.1006512603,-106.691932797,Angostura Reach,Monsoon
2007,6,21,Badger,2.3,8,5.15,35.1955715759,-106.641632737,Angostura Reach,Monsoon
2007,6,22,Bobcat,2,8.5,5.25,35.2010747789,-106.641162297,Angostura Reach,Monsoon
2007,6,23,BioPark,6,14,10,35.0799846256,-106.669723455,Angostura Reach,Monsoon
2007,7,1,Alameda,10.1,14,12.05,35.1880598884,-106.646949118,Angostura Reach,Monsoon
2007,7,2,Rio Grande Nature Center,1.1,3.25,2.175,35.1267624154,-106.688450012,Angostura Reach,Monsoon
2007,7,3,Los Lunas,0,4.8,2.4,34.8123850767529,-106.714471968474,Isleta Reach,Monsoon
2007,7,4,Belen,25.5,38,31.75,34.6481124155284,-106.737727748983,Isleta Reach,Monsoon
2007,7,5,Santa Ana,.,.,.,35.34284,-106.5458,Angostura Reach,Monsoon
2007,7,6,Savannah,1,3.5,2.25,35.1428674147,-106.681982289,Angostura Reach,Monsoon
2007,7,7,Lemitar,23,27.5,25.25,34.1670457032,-106.889953039,San Acacia Reach,Monsoon
2007,7,8,Hispanic Cultural Center,2.6,7.7,5.15,35.0688083802,-106.65807622,Angostura Reach,Monsoon
2007,7,10,Diversion,11,15.5,13.25,35.191618922399996,-106.643382687,Angostura Reach,Monsoon
2007,7,11,Calabacillas,11.2,17,14.1,35.1946222612,-106.646350963,Angostura Reach,Monsoon
2007,7,12,Minnow,7.5,18.5,13,35.1972256042,-106.644122231,Angostura Reach,Monsoon
2007,7,13,Harrison,15,19,17,35.0150622305,-106.673722917,Angostura Reach,Monsoon
2007,7,14,Sevilleta,9.5,15,12.25,34.2586573236,-106.883372761,San Acacia Reach,Monsoon
2007,7,15,Valencia Cleared,27,30,28.5,34.6486505386211,-106.739180486447,Isleta Reach,Monsoon
2007,7,16,Valencia Forest,32,37,34.5,34.6472147233729,-106.738922864063,Isleta Reach,Monsoon
2007,7,17,Montano,2.5,3.5,3,35.1452628545,-106.680332705,Angostura Reach,Monsoon
2007,7,18,Reynolds Cleared,11,23,17,34.6567454384498,-106.738602216398,Isleta Reach,Monsoon
2007,7,19,Reynolds Forest,15,23,19,34.657611462267496,-106.739436295579,Isleta Reach,Monsoon
2007,7,20,Route 66,5.1,10,7.55,35.1006512603,-106.691932797,Angostura Reach,Monsoon
2007,7,21,Badger,9,13,11,35.1955715759,-106.641632737,Angostura Reach,Monsoon
2007,7,22,Bobcat,9.5,15,12.25,35.2010747789,-106.641162297,Angostura Reach,Monsoon
2007,7,23,BioPark,7.5,21,14.25,35.0799846256,-106.669723455,Angostura Reach,Monsoon
2007,8,1,Alameda,10,13,11.5,35.1880598884,-106.646949118,Angostura Reach,Monsoon
2007,8,2,Rio Grande Nature Center,5.5,10.2,7.85,35.1267624154,-106.688450012,Angostura Reach,Monsoon
2007,8,3,Los Lunas,1.5,7.5,4.5,34.8123850767529,-106.714471968474,Isleta Reach,Monsoon
2007,8,4,Belen,29,30,29.5,34.6481124155284,-106.737727748983,Isleta Reach,Monsoon
2007,8,5,Santa Ana,.,.,.,35.34284,-106.5458,Angostura Reach,Monsoon
2007,8,6,Savannah,7.5,25.5,16.5,35.1428674147,-106.681982289,Angostura Reach,Monsoon
2007,8,7,Lemitar,15,30,22.5,34.1670457032,-106.889953039,San Acacia Reach,Monsoon
2007,8,8,Hispanic Cultural Center,27,48,37.5,35.0688083802,-106.65807622,Angostura Reach,Monsoon
2007,8,10,Diversion,6.5,12,9.25,35.191618922399996,-106.643382687,Angostura Reach,Monsoon
2007,8,11,Calabacillas,8.5,13,10.75,35.1946222612,-106.646350963,Angostura Reach,Monsoon
2007,8,12,Minnow,4.8,14.2,9.5,35.1972256042,-106.644122231,Angostura Reach,Monsoon
2007,8,13,Harrison,13,20,16.5,35.0150622305,-106.673722917,Angostura Reach,Monsoon
2007,8,14,Sevilleta,.,12.5,12.5,34.2586573236,-106.883372761,San Acacia Reach,Monsoon
2007,8,15,Valencia Cleared,18,30,24,34.6486505386211,-106.739180486447,Isleta Reach,Monsoon
2007,8,16,Valencia Forest,22,32.5,27.25,34.6472147233729,-106.738922864063,Isleta Reach,Monsoon
2007,8,17,Montano,24,26,25,35.1452628545,-106.680332705,Angostura Reach,Monsoon
2007,8,18,Reynolds Cleared,24,34,29,34.6567454384498,-106.738602216398,Isleta Reach,Monsoon
2007,8,19,Reynolds Forest,20,34,27,34.657611462267496,-106.739436295579,Isleta Reach,Monsoon
2007,8,20,Route 66,9,12.5,10.75,35.1006512603,-106.691932797,Angostura Reach,Monsoon
2007,8,21,Badger,6,18,12,35.1955715759,-106.641632737,Angostura Reach,Monsoon
2007,8,22,Bobcat,7,19.5,13.25,35.2010747789,-106.641162297,Angostura Reach,Monsoon
2007,8,23,BioPark,23,30,26.5,35.0799846256,-106.669723455,Angostura Reach,Monsoon
2007,9,1,Alameda,26,34,30,35.1880598884,-106.646949118,Angostura Reach,Fall
2007,9,2,Rio Grande Nature Center,8.5,9,8.75,35.1267624154,-106.688450012,Angostura Reach,Fall
2007,9,3,Los Lunas,17,22,19.5,34.8123850767529,-106.714471968474,Isleta Reach,Fall
2007,9,4,Belen,17,11,14,34.6481124155284,-106.737727748983,Isleta Reach,Fall
2007,9,5,Santa Ana,.,.,.,35.34284,-106.5458,Angostura Reach,Fall
2007,9,6,Savannah,10,24,17,35.1428674147,-106.681982289,Angostura Reach,Fall
2007,9,7,Lemitar,23,28,25.5,34.1670457032,-106.889953039,San Acacia Reach,Fall
2007,9,8,Hispanic Cultural Center,6,15,10.5,35.0688083802,-106.65807622,Angostura Reach,Fall
2007,9,10,Diversion,24,35,29.5,35.191618922399996,-106.643382687,Angostura Reach,Fall
2007,9,11,Calabacillas,31,35,33,35.1946222612,-106.646350963,Angostura Reach,Fall
2007,9,12,Minnow,35,36,35.5,35.1972256042,-106.644122231,Angostura Reach,Fall
2007,9,13,Harrison,18,31,24.5,35.0150622305,-106.673722917,Angostura Reach,Fall
2007,9,14,Sevilleta,16,25,20.5,34.2586573236,-106.883372761,San Acacia Reach,Fall
2007,9,15,Valencia Cleared,11,12,11.5,34.6486505386211,-106.739180486447,Isleta Reach,Fall
2007,9,16,Valencia Forest,9,13,11,34.6472147233729,-106.738922864063,Isleta Reach,Fall
2007,9,17,Montano,16,24,20,35.1452628545,-106.680332705,Angostura Reach,Fall
2007,9,18,Reynolds Cleared,10,17,13.5,34.6567454384498,-106.738602216398,Isleta Reach,Fall
2007,9,19,Reynolds Forest,12,17,14.5,34.657611462267496,-106.739436295579,Isleta Reach,Fall
2007,9,20,Route 66,19,25,22,35.1006512603,-106.691932797,Angostura Reach,Fall
2007,9,21,Badger,22,30,26,35.1955715759,-106.641632737,Angostura Reach,Fall
2007,9,22,Bobcat,19,30,24.5,35.2010747789,-106.641162297,Angostura Reach,Fall
2007,9,23,BioPark,18.7,24.8,21.75,35.0799846256,-106.669723455,Angostura Reach,Fall
2007,10,1,Alameda,18,20,19,35.1880598884,-106.646949118,Angostura Reach,Fall
2007,10,2,Rio Grande Nature Center,14.9,17.5,16.2,35.1267624154,-106.688450012,Angostura Reach,Fall
2007,10,3,Los Lunas,13,22,17.5,34.8123850767529,-106.714471968474,Isleta Reach,Fall
2007,10,4,Belen,19,15,17,34.6481124155284,-106.737727748983,Isleta Reach,Fall
2007,10,5,Santa Ana,.,.,.,35.34284,-106.5458,Angostura Reach,Fall
2007,10,6,Savannah,12.5,27,19.75,35.1428674147,-106.681982289,Angostura Reach,Fall
2007,10,7,Lemitar,19,16,17.5,34.1670457032,-106.889953039,San Acacia Reach,Fall
2007,10,8,Hispanic Cultural Center,14.5,17.5,16,35.0688083802,-106.65807622,Angostura Reach,Fall
2007,10,10,Diversion,16,20,18,35.191618922399996,-106.643382687,Angostura Reach,Fall
2007,10,11,Calabacillas,15,22,18.5,35.1946222612,-106.646350963,Angostura Reach,Fall
2007,10,12,Minnow,10,24,17,35.1972256042,-106.644122231,Angostura Reach,Fall
2007,10,13,Harrison,11.5,17,14.25,35.0150622305,-106.673722917,Angostura Reach,Fall
2007,10,14,Sevilleta,3.5,7.6,5.55,34.2586573236,-106.883372761,San Acacia Reach,Fall
2007,10,15,Valencia Cleared,.,13,13,34.6486505386211,-106.739180486447,Isleta Reach,Fall
2007,10,16,Valencia Forest,16.5,20,18.25,34.6472147233729,-106.738922864063,Isleta Reach,Fall
2007,10,17,Montano,26.5,12.5,19.5,35.1452628545,-106.680332705,Angostura Reach,Fall
2007,10,18,Reynolds Cleared,4.5,9,6.75,34.6567454384498,-106.738602216398,Isleta Reach,Fall
2007,10,19,Reynolds Forest,4.5,9,6.75,34.657611462267496,-106.739436295579,Isleta Reach,Fall
2007,10,20,Route 66,15.1,20,17.55,35.1006512603,-106.691932797,Angostura Reach,Fall
2007,10,21,Badger,9.5,23,16.25,35.1955715759,-106.641632737,Angostura Reach,Fall
2007,10,22,Bobcat,12.8,24.2,18.5,35.2010747789,-106.641162297,Angostura Reach,Fall
2007,10,23,BioPark,14,20,17,35.0799846256,-106.669723455,Angostura Reach,Fall
2007,11,1,Alameda,0.3,0,0.15,35.1880598884,-106.646949118,Angostura Reach,Winter
2007,11,2,Rio Grande Nature Center,2,0.7,1.35,35.1267624154,-106.688450012,Angostura Reach,Winter
2007,11,3,Los Lunas,0,0,0,34.8123850767529,-106.714471968474,Isleta Reach,Winter
2007,11,4,Belen,0,0,0,34.6481124155284,-106.737727748983,Isleta Reach,Winter
2007,11,5,Santa Ana,0.49,0.21,0.35,35.34284,-106.5458,Angostura Reach,Winter
2007,11,6,Savannah,0,0,0,35.1428674147,-106.681982289,Angostura Reach,Winter
2007,11,7,Lemitar,2.5,3,2.75,34.1670457032,-106.889953039,San Acacia Reach,Winter
2007,11,8,Hispanic Cultural Center,0,0,0,35.0688083802,-106.65807622,Angostura Reach,Winter
2007,11,10,Diversion,0,0,0,35.191618922399996,-106.643382687,Angostura Reach,Winter
2007,11,11,Calabacillas,0,0,0,35.1946222612,-106.646350963,Angostura Reach,Winter
2007,11,12,Minnow,0,0,0,35.1972256042,-106.644122231,Angostura Reach,Winter
2007,11,13,Harrison,0,0,0,35.0150622305,-106.673722917,Angostura Reach,Winter
2007,11,14,Sevilleta,0.5,0.5,0.5,34.2586573236,-106.883372761,San Acacia Reach,Winter
2007,11,15,Valencia Cleared,0,0.1,0.05,34.6486505386211,-106.739180486447,Isleta Reach,Winter
2007,11,16,Valencia Forest,0,0.75,0.375,34.6472147233729,-106.738922864063,Isleta Reach,Winter
2007,11,17,Montano,0,0,0,35.1452628545,-106.680332705,Angostura Reach,Winter
2007,11,18,Reynolds Cleared,3,3,3,34.6567454384498,-106.738602216398,Isleta Reach,Winter
2007,11,19,Reynolds Forest,3.5,3,3.25,34.657611462267496,-106.739436295579,Isleta Reach,Winter
2007,11,20,Route 66,0,0,0,35.1006512603,-106.691932797,Angostura Reach,Winter
2007,11,21,Badger,0,0,0,35.1955715759,-106.641632737,Angostura Reach,Winter
2007,11,22,Bobcat,2,18,10,35.2010747789,-106.641162297,Angostura Reach,Winter
2007,11,23,BioPark,0,0,0,35.0799846256,-106.669723455,Angostura Reach,Winter
2007,12,1,Alameda,43,43,43,35.1880598884,-106.646949118,Angostura Reach,Winter
2007,12,2,Rio Grande Nature Center,30,15,22.5,35.1267624154,-106.688450012,Angostura Reach,Winter
2007,12,3,Los Lunas,25,35,30,34.8123850767529,-106.714471968474,Isleta Reach,Winter
2007,12,4,Belen,17.5,21,19.25,34.6481124155284,-106.737727748983,Isleta Reach,Winter
2007,12,5,Santa Ana,.,.,.,35.34284,-106.5458,Angostura Reach,Winter
2007,12,6,Savannah,.,20,20,35.1428674147,-106.681982289,Angostura Reach,Winter
2007,12,7,Lemitar,21,30,25.5,34.1670457032,-106.889953039,San Acacia Reach,Winter
2007,12,8,Hispanic Cultural Center,29,.,29,35.0688083802,-106.65807622,Angostura Reach,Winter
2007,12,10,Diversion,37,42,39.5,35.191618922399996,-106.643382687,Angostura Reach,Winter
2007,12,11,Calabacillas,32,43,37.5,35.1946222612,-106.646350963,Angostura Reach,Winter
2007,12,12,Minnow,32,44,38,35.1972256042,-106.644122231,Angostura Reach,Winter
2007,12,13,Harrison,32,35,33.5,35.0150622305,-106.673722917,Angostura Reach,Winter
2007,12,14,Sevilleta,20,33,26.5,34.2586573236,-106.883372761,San Acacia Reach,Winter
2007,12,15,Valencia Cleared,19.5,16,17.75,34.6486505386211,-106.739180486447,Isleta Reach,Winter
2007,12,16,Valencia Forest,22,29,25.5,34.6472147233729,-106.738922864063,Isleta Reach,Winter
2007,12,17,Montano,36,40,38,35.1452628545,-106.680332705,Angostura Reach,Winter
2007,12,18,Reynolds Cleared,18,21.7,19.85,34.6567454384498,-106.738602216398,Isleta Reach,Winter
2007,12,19,Reynolds Forest,19,21.7,20.35,34.657611462267496,-106.739436295579,Isleta Reach,Winter
2007,12,20,Route 66,32,43,37.5,35.1006512603,-106.691932797,Angostura Reach,Winter
2007,12,21,Badger,28,40,34,35.1955715759,-106.641632737,Angostura Reach,Winter
2007,12,22,Bobcat,23,45,34,35.2010747789,-106.641162297,Angostura Reach,Winter
2007,12,23,BioPark,27,33,30,35.0799846256,-106.669723455,Angostura Reach,Winter
2008,1,1,Alameda,5.5,7.5,6.5,35.1880598884,-106.646949118,Angostura Reach,Winter
2008,1,2,Rio Grande Nature Center,1.8,2.5,2.15,35.1267624154,-106.688450012,Angostura Reach,Winter
2008,1,3,Los Lunas,3,10,6.5,34.8123850767529,-106.714471968474,Isleta Reach,Winter
2008,1,4,Belen,5,7.5,6.25,34.6481124155284,-106.737727748983,Isleta Reach,Winter
2008,1,5,Santa Ana,.,.,.,35.34284,-106.5458,Angostura Reach,Winter
2008,1,6,Savannah,2.5,2.5,2.5,35.1428674147,-106.681982289,Angostura Reach,Winter
2008,1,7,Lemitar,0.75,1,0.875,34.1670457032,-106.889953039,San Acacia Reach,Winter
2008,1,8,Hispanic Cultural Center,3.5,5,4.25,35.0688083802,-106.65807622,Angostura Reach,Winter
2008,1,10,Diversion,6.5,.,6.5,35.191618922399996,-106.643382687,Angostura Reach,Winter
2008,1,11,Calabacillas,5,7.5,6.25,35.1946222612,-106.646350963,Angostura Reach,Winter
2008,1,12,Minnow,5,3,4,35.1972256042,-106.644122231,Angostura Reach,Winter
2008,1,13,Harrison,.,6,6,35.0150622305,-106.673722917,Angostura Reach,Winter
2008,1,14,Sevilleta,2.5,2.5,2.5,34.2586573236,-106.883372761,San Acacia Reach,Winter
2008,1,15,Valencia Cleared,4.4,6.5,5.45,34.6486505386211,-106.739180486447,Isleta Reach,Winter
2008,1,16,Valencia Forest,8,9,8.5,34.6472147233729,-106.738922864063,Isleta Reach,Winter
2008,1,17,Montano,2.5,5.5,4,35.1452628545,-106.680332705,Angostura Reach,Winter
2008,1,18,Reynolds Cleared,5,6.5,5.75,34.6567454384498,-106.738602216398,Isleta Reach,Winter
2008,1,19,Reynolds Forest,5,6.5,5.75,34.657611462267496,-106.739436295579,Isleta Reach,Winter
2008,1,20,Route 66,5,.,5,35.1006512603,-106.691932797,Angostura Reach,Winter
2008,1,21,Badger,2.5,7.5,5,35.1955715759,-106.641632737,Angostura Reach,Winter
2008,1,22,Bobcat,5.5,4.5,5,35.2010747789,-106.641162297,Angostura Reach,Winter
2008,1,23,BioPark,3.5,4.2,3.85,35.0799846256,-106.669723455,Angostura Reach,Winter
2008,2,1,Alameda,6.5,6.7,6.6,35.1880598884,-106.646949118,Angostura Reach,Winter
2008,2,2,Rio Grande Nature Center,4,5,4.5,35.1267624154,-106.688450012,Angostura Reach,Winter
2008,2,3,Los Lunas,4,8,6,34.8123850767529,-106.714471968474,Isleta Reach,Winter
2008,2,4,Belen,4.8,8,6.4,34.6481124155284,-106.737727748983,Isleta Reach,Winter
2008,2,5,Santa Ana,.,.,.,35.34284,-106.5458,Angostura Reach,Winter
2008,2,6,Savannah,4,8.5,6.25,35.1428674147,-106.681982289,Angostura Reach,Winter
2008,2,7,Lemitar,4.5,9,6.75,34.1670457032,-106.889953039,San Acacia Reach,Winter
2008,2,8,Hispanic Cultural Center,.,2.2,2.2,35.0688083802,-106.65807622,Angostura Reach,Winter
2008,2,10,Diversion,7.5,.,7.5,35.191618922399996,-106.643382687,Angostura Reach,Winter
2008,2,11,Calabacillas,5,.,5,35.1946222612,-106.646350963,Angostura Reach,Winter
2008,2,12,Minnow,.,.,.,35.1972256042,-106.644122231,Angostura Reach,Winter
2008,2,13,Harrison,5,8.5,6.75,35.0150622305,-106.673722917,Angostura Reach,Winter
2008,2,14,Sevilleta,2,2.4,2.2,34.2586573236,-106.883372761,San Acacia Reach,Winter
2008,2,15,Valencia Cleared,4.6,8,6.3,34.6486505386211,-106.739180486447,Isleta Reach,Winter
2008,2,16,Valencia Forest,8.4,10,9.2,34.6472147233729,-106.738922864063,Isleta Reach,Winter
2008,2,17,Montano,4.5,5.5,5,35.1452628545,-106.680332705,Angostura Reach,Winter
2008,2,18,Reynolds Cleared,4.5,7.3,5.9,34.6567454384498,-106.738602216398,Isleta Reach,Winter
2008,2,19,Reynolds Forest,8,7.3,7.65,34.657611462267496,-106.739436295579,Isleta Reach,Winter
2008,2,20,Route 66,2.5,.,2.5,35.1006512603,-106.691932797,Angostura Reach,Winter
2008,2,21,Badger,4.7,6.5,5.6,35.1955715759,-106.641632737,Angostura Reach,Winter
2008,2,22,Bobcat,7,9,8,35.2010747789,-106.641162297,Angostura Reach,Winter
2008,2,23,BioPark,5,.,5,35.0799846256,-106.669723455,Angostura Reach,Winter
2008,2,24,Santo Domingo,8.5,10,9.25,35.50989,-106.3896,Cochiti Reach,Winter
2008,3,1,Alameda,9,10.5,9.75,35.1880598884,-106.646949118,Angostura Reach,Spring
2008,3,2,Rio Grande Nature Center,7.5,8,7.75,35.1267624154,-106.688450012,Angostura Reach,Spring
2008,3,3,Los Lunas,1,3,2,34.8123850767529,-106.714471968474,Isleta Reach,Spring
2008,3,4,Belen,3.8,5.1,4.449999999999999,34.6481124155284,-106.737727748983,Isleta Reach,Spring
2008,3,5,Santa Ana,.,.,.,35.34284,-106.5458,Angostura Reach,Spring
2008,3,6,Savannah,4,8,6,35.1428674147,-106.681982289,Angostura Reach,Spring
2008,3,7,Lemitar,2.8,4,3.4,34.1670457032,-106.889953039,San Acacia Reach,Spring
2008,3,8,Hispanic Cultural Center,5,6,5.5,35.0688083802,-106.65807622,Angostura Reach,Spring
2008,3,10,Diversion,11,12,11.5,35.191618922399996,-106.643382687,Angostura Reach,Spring
2008,3,11,Calabacillas,7,11,9,35.1946222612,-106.646350963,Angostura Reach,Spring
2008,3,12,Minnow,8.5,9.5,9,35.1972256042,-106.644122231,Angostura Reach,Spring
2008,3,13,Harrison,3.5,5,4.25,35.0150622305,-106.673722917,Angostura Reach,Spring
2008,3,14,Sevilleta,0.5,0.8,0.65,34.2586573236,-106.883372761,San Acacia Reach,Spring
2008,3,15,Valencia Cleared,2,4,3,34.6486505386211,-106.739180486447,Isleta Reach,Spring
2008,3,16,Valencia Forest,.,3.75,3.75,34.6472147233729,-106.738922864063,Isleta Reach,Spring
2008,3,17,Montano,10,9.5,9.75,35.1452628545,-106.680332705,Angostura Reach,Spring
2008,3,18,Reynolds Cleared,2.1,3.2,2.6500000000000004,34.6567454384498,-106.738602216398,Isleta Reach,Spring
2008,3,19,Reynolds Forest,2.4,3.2,2.8,34.657611462267496,-106.739436295579,Isleta Reach,Spring
2008,3,20,Route 66,5,2.5,3.75,35.1006512603,-106.691932797,Angostura Reach,Spring
2008,3,21,Badger,6,11.5,8.75,35.1955715759,-106.641632737,Angostura Reach,Spring
2008,3,22,Bobcat,9,11.5,10.25,35.2010747789,-106.641162297,Angostura Reach,Spring
2008,3,23,BioPark,3.5,.,3.5,35.0799846256,-106.669723455,Angostura Reach,Spring
2008,3,24,Santo Domingo,10,9,9.5,35.50989,-106.3896,Cochiti Reach,Spring
2008,4,1,Alameda,0,0,0,35.1880598884,-106.646949118,Angostura Reach,Spring
2008,4,2,Rio Grande Nature Center,0,0.5,0.25,35.1267624154,-106.688450012,Angostura Reach,Spring
2008,4,3,Los Lunas,0,0,0,34.8123850767529,-106.714471968474,Isleta Reach,Spring
2008,4,4,Belen,2,2,2,34.6481124155284,-106.737727748983,Isleta Reach,Spring
2008,4,5,Santa Ana,.,.,.,35.34284,-106.5458,Angostura Reach,Spring
2008,4,6,Savannah,4,.,4,35.1428674147,-106.681982289,Angostura Reach,Spring
2008,4,7,Lemitar,0,0,0,34.1670457032,-106.889953039,San Acacia Reach,Spring
2008,4,8,Hispanic Cultural Center,1.2,0,0.6,35.0688083802,-106.65807622,Angostura Reach,Spring
2008,4,10,Diversion,4.5,4,4.25,35.191618922399996,-106.643382687,Angostura Reach,Spring
2008,4,11,Calabacillas,0,0,0,35.1946222612,-106.646350963,Angostura Reach,Spring
2008,4,12,Minnow,0,4.75,2.375,35.1972256042,-106.644122231,Angostura Reach,Spring
2008,4,13,Harrison,1,2,1.5,35.0150622305,-106.673722917,Angostura Reach,Spring
2008,4,14,Sevilleta,0,0,0,34.2586573236,-106.883372761,San Acacia Reach,Spring
2008,4,15,Valencia Cleared,0,0,0,34.6486505386211,-106.739180486447,Isleta Reach,Spring
2008,4,16,Valencia Forest,0,0,0,34.6472147233729,-106.738922864063,Isleta Reach,Spring
2008,4,17,Montano,4.5,5,4.75,35.1452628545,-106.680332705,Angostura Reach,Spring
2008,4,18,Reynolds Cleared,2.9,2.9,2.9,34.6567454384498,-106.738602216398,Isleta Reach,Spring
2008,4,19,Reynolds Forest,3.4,2.9,3.15,34.657611462267496,-106.739436295579,Isleta Reach,Spring
2008,4,20,Route 66,1,1.25,1.125,35.1006512603,-106.691932797,Angostura Reach,Spring
2008,4,21,Badger,2.5,0.5,1.5,35.1955715759,-106.641632737,Angostura Reach,Spring
2008,4,22,Bobcat,4.3,4.5,4.4,35.2010747789,-106.641162297,Angostura Reach,Spring
2008,4,23,BioPark,1.6,1.8,1.7000000000000002,35.0799846256,-106.669723455,Angostura Reach,Spring
2008,4,24,Santo Domingo,1.3,.,1.3,35.50989,-106.3896,Cochiti Reach,Spring
2008,5,1,Alameda,8.5,14,11.25,35.1880598884,-106.646949118,Angostura Reach,Spring
2008,5,2,Rio Grande Nature Center,10,12,11,35.1267624154,-106.688450012,Angostura Reach,Spring
2008,5,3,Los Lunas,8,11,9.5,34.8123850767529,-106.714471968474,Isleta Reach,Spring
2008,5,4,Belen,20.3,22.9,21.6,34.6481124155284,-106.737727748983,Isleta Reach,Spring
2008,5,5,Santa Ana,.,.,.,35.34284,-106.5458,Angostura Reach,Spring
2008,5,6,Savannah,7.5,15,11.25,35.1428674147,-106.681982289,Angostura Reach,Spring
2008,5,7,Lemitar,7.5,14,10.75,34.1670457032,-106.889953039,San Acacia Reach,Spring
2008,5,8,Hispanic Cultural Center,5.1,8.5,6.8,35.0688083802,-106.65807622,Angostura Reach,Spring
2008,5,10,Diversion,9.5,13,11.25,35.191618922399996,-106.643382687,Angostura Reach,Spring
2008,5,11,Calabacillas,15.9,13,14.45,35.1946222612,-106.646350963,Angostura Reach,Spring
2008,5,12,Minnow,7,14,10.5,35.1972256042,-106.644122231,Angostura Reach,Spring
2008,5,13,Harrison,7,9.5,8.25,35.0150622305,-106.673722917,Angostura Reach,Spring
2008,5,14,Sevilleta,16.2,19,17.6,34.2586573236,-106.883372761,San Acacia Reach,Spring
2008,5,15,Valencia Cleared,12.5,22.5,17.5,34.6486505386211,-106.739180486447,Isleta Reach,Spring
2008,5,16,Valencia Forest,16.5,23,19.75,34.6472147233729,-106.738922864063,Isleta Reach,Spring
2008,5,17,Montano,4.7,15,9.85,35.1452628545,-106.680332705,Angostura Reach,Spring
2008,5,18,Reynolds Cleared,15.5,20,17.75,34.6567454384498,-106.738602216398,Isleta Reach,Spring
2008,5,19,Reynolds Forest,22,.,22,34.657611462267496,-106.739436295579,Isleta Reach,Spring
2008,5,20,Route 66,9,15,12,35.1006512603,-106.691932797,Angostura Reach,Spring
2008,5,21,Badger,7.5,15,11.25,35.1955715759,-106.641632737,Angostura Reach,Spring
2008,5,22,Bobcat,9.5,15,12.25,35.2010747789,-106.641162297,Angostura Reach,Spring
2008,5,23,BioPark,9,13.4,11.2,35.0799846256,-106.669723455,Angostura Reach,Spring
2008,5,24,Santo Domingo,13,.,13,35.50989,-106.3896,Cochiti Reach,Spring
2008,6,1,Alameda,6,9.5,7.75,35.1880598884,-106.646949118,Angostura Reach,Monsoon
2008,6,2,Rio Grande Nature Center,3.5,6,4.75,35.1267624154,-106.688450012,Angostura Reach,Monsoon
2008,6,3,Los Lunas,0,9,4.5,34.8123850767529,-106.714471968474,Isleta Reach,Monsoon
2008,6,4,Belen,2.45,6,4.225,34.6481124155284,-106.737727748983,Isleta Reach,Monsoon
2008,6,5,Santa Ana,.,.,.,35.34284,-106.5458,Angostura Reach,Monsoon
2008,6,6,Savannah,1.5,6,3.75,35.1428674147,-106.681982289,Angostura Reach,Monsoon
2008,6,7,Lemitar,0,0,0,34.1670457032,-106.889953039,San Acacia Reach,Monsoon
2008,6,8,Hispanic Cultural Center,3,6.5,4.75,35.0688083802,-106.65807622,Angostura Reach,Monsoon
2008,6,10,Diversion,8.5,8.5,8.5,35.191618922399996,-106.643382687,Angostura Reach,Monsoon
2008,6,11,Calabacillas,5.5,11.75,8.625,35.1946222612,-106.646350963,Angostura Reach,Monsoon
2008,6,12,Minnow,4,11,7.5,35.1972256042,-106.644122231,Angostura Reach,Monsoon
2008,6,13,Harrison,3,7.5,5.25,35.0150622305,-106.673722917,Angostura Reach,Monsoon
2008,6,14,Sevilleta,1.5,3,2.25,34.2586573236,-106.883372761,San Acacia Reach,Monsoon
2008,6,15,Valencia Cleared,4.4,6.6,5.5,34.6486505386211,-106.739180486447,Isleta Reach,Monsoon
2008,6,16,Valencia Forest,4.75,6,5.375,34.6472147233729,-106.738922864063,Isleta Reach,Monsoon
2008,6,17,Montano,2,5.5,3.75,35.1452628545,-106.680332705,Angostura Reach,Monsoon
2008,6,18,Reynolds Cleared,5.7,9.5,7.6,34.6567454384498,-106.738602216398,Isleta Reach,Monsoon
2008,6,19,Reynolds Forest,4,.,4,34.657611462267496,-106.739436295579,Isleta Reach,Monsoon
2008,6,20,Route 66,2,6,4,35.1006512603,-106.691932797,Angostura Reach,Monsoon
2008,6,21,Badger,3.5,10,6.75,35.1955715759,-106.641632737,Angostura Reach,Monsoon
2008,6,22,Bobcat,3.5,10,6.75,35.2010747789,-106.641162297,Angostura Reach,Monsoon
2008,6,23,BioPark,4.2,7.5,5.85,35.0799846256,-106.669723455,Angostura Reach,Monsoon
2008,6,24,Santo Domingo,11.5,.,11.5,35.50989,-106.3896,Cochiti Reach,Monsoon
2008,7,1,Alameda,6,12,9,35.1880598884,-106.646949118,Angostura Reach,Monsoon
2008,7,2,Rio Grande Nature Center,13,12.5,12.75,35.1267624154,-106.688450012,Angostura Reach,Monsoon
2008,7,3,Los Lunas,42,48,45,34.8123850767529,-106.714471968474,Isleta Reach,Monsoon
2008,7,4,Belen,45.2,42,43.6,34.6481124155284,-106.737727748983,Isleta Reach,Monsoon
2008,7,5,Santa Ana,10.2,13,11.6,35.34284,-106.5458,Angostura Reach,Monsoon
2008,7,6,Savannah,12,24,18,35.1428674147,-106.681982289,Angostura Reach,Monsoon
2008,7,7,Lemitar,2,12,7,34.1670457032,-106.889953039,San Acacia Reach,Monsoon
2008,7,8,Hispanic Cultural Center,20,28,24,35.0688083802,-106.65807622,Angostura Reach,Monsoon
2008,7,10,Diversion,12,10,11,35.191618922399996,-106.643382687,Angostura Reach,Monsoon
2008,7,11,Calabacillas,7.5,13,10.25,35.1946222612,-106.646350963,Angostura Reach,Monsoon
2008,7,12,Minnow,4,12,8,35.1972256042,-106.644122231,Angostura Reach,Monsoon
2008,7,13,Harrison,19,34,26.5,35.0150622305,-106.673722917,Angostura Reach,Monsoon
2008,7,14,Sevilleta,22.1,25.1,23.6,34.2586573236,-106.883372761,San Acacia Reach,Monsoon
2008,7,15,Valencia Cleared,26,36,31,34.6486505386211,-106.739180486447,Isleta Reach,Monsoon
2008,7,16,Valencia Forest,34,42,38,34.6472147233729,-106.738922864063,Isleta Reach,Monsoon
2008,7,17,Montano,9,27,18,35.1452628545,-106.680332705,Angostura Reach,Monsoon
2008,7,18,Reynolds Cleared,18,30,24,34.6567454384498,-106.738602216398,Isleta Reach,Monsoon
2008,7,19,Reynolds Forest,23.5,.,23.5,34.657611462267496,-106.739436295579,Isleta Reach,Monsoon
2008,7,20,Route 66,11,20,15.5,35.1006512603,-106.691932797,Angostura Reach,Monsoon
2008,7,21,Badger,4,11,7.5,35.1955715759,-106.641632737,Angostura Reach,Monsoon
2008,7,22,Bobcat,4.5,13,8.75,35.2010747789,-106.641162297,Angostura Reach,Monsoon
2008,7,23,BioPark,9,16.5,12.75,35.0799846256,-106.669723455,Angostura Reach,Monsoon
2008,7,24,Santo Domingo,9,.,9,35.50989,-106.3896,Cochiti Reach,Monsoon
2008,8,1,Alameda,23,35,29,35.1880598884,-106.646949118,Angostura Reach,Monsoon
2008,8,2,Rio Grande Nature Center,33,40,36.5,35.1267624154,-106.688450012,Angostura Reach,Monsoon
2008,8,3,Los Lunas,35,49,42,34.8123850767529,-106.714471968474,Isleta Reach,Monsoon
2008,8,4,Belen,.,40,40,34.6481124155284,-106.737727748983,Isleta Reach,Monsoon
2008,8,5,Santa Ana,2.5,6.6,4.55,35.34284,-106.5458,Angostura Reach,Monsoon
2008,8,6,Savannah,22,51,36.5,35.1428674147,-106.681982289,Angostura Reach,Monsoon
2008,8,7,Lemitar,55,87,71,34.1670457032,-106.889953039,San Acacia Reach,Monsoon
2008,8,8,Hispanic Cultural Center,49,51,50,35.0688083802,-106.65807622,Angostura Reach,Monsoon
2008,8,10,Diversion,18,35,26.5,35.191618922399996,-106.643382687,Angostura Reach,Monsoon
2008,8,11,Calabacillas,21,31,26,35.1946222612,-106.646350963,Angostura Reach,Monsoon
2008,8,12,Minnow,15,33,24,35.1972256042,-106.644122231,Angostura Reach,Monsoon
2008,8,13,Harrison,96,96,96,35.0150622305,-106.673722917,Angostura Reach,Monsoon
2008,8,14,Sevilleta,64.5,88,76.25,34.2586573236,-106.883372761,San Acacia Reach,Monsoon
2008,8,15,Valencia Cleared,32,41.5,36.75,34.6486505386211,-106.739180486447,Isleta Reach,Monsoon
2008,8,16,Valencia Forest,25,36,30.5,34.6472147233729,-106.738922864063,Isleta Reach,Monsoon
2008,8,17,Montano,38,52,45,35.1452628545,-106.680332705,Angostura Reach,Monsoon
2008,8,18,Reynolds Cleared,128,155,141.5,34.6567454384498,-106.738602216398,Isleta Reach,Monsoon
2008,8,19,Reynolds Forest,126,.,126,34.657611462267496,-106.739436295579,Isleta Reach,Monsoon
2008,8,20,Route 66,32,47,39.5,35.1006512603,-106.691932797,Angostura Reach,Monsoon
2008,8,21,Badger,22,37,29.5,35.1955715759,-106.641632737,Angostura Reach,Monsoon
2008,8,22,Bobcat,15,38,26.5,35.2010747789,-106.641162297,Angostura Reach,Monsoon
2008,8,23,BioPark,45,65,55,35.0799846256,-106.669723455,Angostura Reach,Monsoon
2008,8,24,Santo Domingo,18,.,18,35.50989,-106.3896,Cochiti Reach,Monsoon
2008,9,1,Alameda,1.7,3.7,2.7,35.1880598884,-106.646949118,Angostura Reach,Fall
2008,9,2,Rio Grande Nature Center,1,1.7,1.35,35.1267624154,-106.688450012,Angostura Reach,Fall
2008,9,3,Los Lunas,4,9.5,6.75,34.8123850767529,-106.714471968474,Isleta Reach,Fall
2008,9,4,Belen,.,12,12,34.6481124155284,-106.737727748983,Isleta Reach,Fall
2008,9,5,Santa Ana,0,0.2,0.1,35.34284,-106.5458,Angostura Reach,Fall
2008,9,6,Savannah,0,0.75,0.375,35.1428674147,-106.681982289,Angostura Reach,Fall
2008,9,7,Lemitar,22,33,27.5,34.1670457032,-106.889953039,San Acacia Reach,Fall
2008,9,8,Hispanic Cultural Center,2.2,3.5,2.85,35.0688083802,-106.65807622,Angostura Reach,Fall
2008,9,10,Diversion,1.9,4.5,3.2,35.191618922399996,-106.643382687,Angostura Reach,Fall
2008,9,11,Calabacillas,2.5,5,3.75,35.1946222612,-106.646350963,Angostura Reach,Fall
2008,9,12,Minnow,0,5.5,2.75,35.1972256042,-106.644122231,Angostura Reach,Fall
2008,9,13,Harrison,0,4,2,35.0150622305,-106.673722917,Angostura Reach,Fall
2008,9,14,Sevilleta,6.5,12,9.25,34.2586573236,-106.883372761,San Acacia Reach,Fall
2008,9,15,Valencia Cleared,7,10.1,8.55,34.6486505386211,-106.739180486447,Isleta Reach,Fall
2008,9,16,Valencia Forest,9,11,10,34.6472147233729,-106.738922864063,Isleta Reach,Fall
2008,9,17,Montano,0,2,1,35.1452628545,-106.680332705,Angostura Reach,Fall
2008,9,18,Reynolds Cleared,10,6.3,8.15,34.6567454384498,-106.738602216398,Isleta Reach,Fall
2008,9,19,Reynolds Forest,6,.,6,34.657611462267496,-106.739436295579,Isleta Reach,Fall
2008,9,20,Route 66,0,2.5,1.25,35.1006512603,-106.691932797,Angostura Reach,Fall
2008,9,21,Badger,1,3,2,35.1955715759,-106.641632737,Angostura Reach,Fall
2008,9,22,Bobcat,3.5,5.5,4.5,35.2010747789,-106.641162297,Angostura Reach,Fall
2008,9,23,BioPark,0.7,1.5,1.1,35.0799846256,-106.669723455,Angostura Reach,Fall
2008,9,24,Santo Domingo,17,27,22,35.50989,-106.3896,Cochiti Reach,Fall
2008,10,1,Alameda,68,51,59.5,35.1880598884,-106.646949118,Angostura Reach,Fall
2008,10,2,Rio Grande Nature Center,55,64,59.5,35.1267624154,-106.688450012,Angostura Reach,Fall
2008,10,3,Los Lunas,20,25,22.5,34.8123850767529,-106.714471968474,Isleta Reach,Fall
2008,10,4,Belen,35.5,50.8,43.15,34.6481124155284,-106.737727748983,Isleta Reach,Fall
2008,10,5,Santa Ana,43,70,56.5,35.34284,-106.5458,Angostura Reach,Fall
2008,10,6,Savannah,34,54,44,35.1428674147,-106.681982289,Angostura Reach,Fall
2008,10,7,Lemitar,22,31,26.5,34.1670457032,-106.889953039,San Acacia Reach,Fall
2008,10,8,Hispanic Cultural Center,24,37,30.5,35.0688083802,-106.65807622,Angostura Reach,Fall
2008,10,10,Diversion,50,51,50.5,35.191618922399996,-106.643382687,Angostura Reach,Fall
2008,10,11,Calabacillas,40,50,45,35.1946222612,-106.646350963,Angostura Reach,Fall
2008,10,12,Minnow,36,50,43,35.1972256042,-106.644122231,Angostura Reach,Fall
2008,10,13,Harrison,23,32,27.5,35.0150622305,-106.673722917,Angostura Reach,Fall
2008,10,14,Sevilleta,23,35,29,34.2586573236,-106.883372761,San Acacia Reach,Fall
2008,10,15,Valencia Cleared,31,51,41,34.6486505386211,-106.739180486447,Isleta Reach,Fall
2008,10,16,Valencia Forest,42.5,50,46.25,34.6472147233729,-106.738922864063,Isleta Reach,Fall
2008,10,17,Montano,46.5,53,49.75,35.1452628545,-106.680332705,Angostura Reach,Fall
2008,10,18,Reynolds Cleared,24,46,35,34.6567454384498,-106.738602216398,Isleta Reach,Fall
2008,10,19,Reynolds Forest,24,.,24,34.657611462267496,-106.739436295579,Isleta Reach,Fall
2008,10,20,Route 66,27,50,38.5,35.1006512603,-106.691932797,Angostura Reach,Fall
2008,10,21,Badger,36,46.5,41.25,35.1955715759,-106.641632737,Angostura Reach,Fall
2008,10,22,Bobcat,32,47,39.5,35.2010747789,-106.641162297,Angostura Reach,Fall
2008,10,23,BioPark,29,36,32.5,35.0799846256,-106.669723455,Angostura Reach,Fall
2008,10,24,Santo Domingo,57,74,65.5,35.50989,-106.3896,Cochiti Reach,Fall
2008,10,25,Crawford,.,.,.,34.637561057629,-106.74347269011,Isleta Reach,Fall
2008,11,1,Alameda,0,0,0,35.1880598884,-106.646949118,Angostura Reach,Winter
2008,11,2,Rio Grande Nature Center,0,0,0,35.1267624154,-106.688450012,Angostura Reach,Winter
2008,11,3,Los Lunas,1,1.5,1.25,34.8123850767529,-106.714471968474,Isleta Reach,Winter
2008,11,4,Belen,2.5,2.5,2.5,34.6481124155284,-106.737727748983,Isleta Reach,Winter
2008,11,5,Santa Ana,.,.,.,35.34284,-106.5458,Angostura Reach,Winter
2008,11,6,Savannah,0,0,0,35.1428674147,-106.681982289,Angostura Reach,Winter
2008,11,7,Lemitar,0,0,0,34.1670457032,-106.889953039,San Acacia Reach,Winter
2008,11,8,Hispanic Cultural Center,0,0,0,35.0688083802,-106.65807622,Angostura Reach,Winter
2008,11,10,Diversion,1,0,0.5,35.191618922399996,-106.643382687,Angostura Reach,Winter
2008,11,11,Calabacillas,0,0,0,35.1946222612,-106.646350963,Angostura Reach,Winter
2008,11,12,Minnow,0,0.5,0.25,35.1972256042,-106.644122231,Angostura Reach,Winter
2008,11,13,Harrison,0,0,0,35.0150622305,-106.673722917,Angostura Reach,Winter
2008,11,14,Sevilleta,0,0,0,34.2586573236,-106.883372761,San Acacia Reach,Winter
2008,11,15,Valencia Cleared,4,2,3,34.6486505386211,-106.739180486447,Isleta Reach,Winter
2008,11,16,Valencia Forest,0.8,0.75,0.775,34.6472147233729,-106.738922864063,Isleta Reach,Winter
2008,11,17,Montano,0,0,0,35.1452628545,-106.680332705,Angostura Reach,Winter
2008,11,18,Reynolds Cleared,0,0.75,0.375,34.6567454384498,-106.738602216398,Isleta Reach,Winter
2008,11,19,Reynolds Forest,0,0,0,34.657611462267496,-106.739436295579,Isleta Reach,Winter
2008,11,20,Route 66,0,0,0,35.1006512603,-106.691932797,Angostura Reach,Winter
2008,11,21,Badger,0,0,0,35.1955715759,-106.641632737,Angostura Reach,Winter
2008,11,22,Bobcat,3.5,3.5,3.5,35.2010747789,-106.641162297,Angostura Reach,Winter
2008,11,23,BioPark,0,0,0,35.0799846256,-106.669723455,Angostura Reach,Winter
2008,11,24,Santo Domingo,1,0.8,0.9,35.50989,-106.3896,Cochiti Reach,Winter
2008,11,25,Crawford,.,.,.,34.637561057629,-106.74347269011,Isleta Reach,Winter
2008,12,1,Alameda,12.5,14,13.25,35.1880598884,-106.646949118,Angostura Reach,Winter
2008,12,2,Rio Grande Nature Center,13,15,14,35.1267624154,-106.688450012,Angostura Reach,Winter
2008,12,3,Los Lunas,3,0.5,1.75,34.8123850767529,-106.714471968474,Isleta Reach,Winter
2008,12,4,Belen,6,11,8.5,34.6481124155284,-106.737727748983,Isleta Reach,Winter
2008,12,5,Santa Ana,.,.,.,35.34284,-106.5458,Angostura Reach,Winter
2008,12,6,Savannah,13,16,14.5,35.1428674147,-106.681982289,Angostura Reach,Winter
2008,12,7,Lemitar,3.25,3.7,3.475,34.1670457032,-106.889953039,San Acacia Reach,Winter
2008,12,8,Hispanic Cultural Center,13,16,14.5,35.0688083802,-106.65807622,Angostura Reach,Winter
2008,12,10,Diversion,10,15,12.5,35.191618922399996,-106.643382687,Angostura Reach,Winter
2008,12,11,Calabacillas,12.5,15,13.75,35.1946222612,-106.646350963,Angostura Reach,Winter
2008,12,12,Minnow,5,7.5,6.25,35.1972256042,-106.644122231,Angostura Reach,Winter
2008,12,13,Harrison,7.5,9.5,8.5,35.0150622305,-106.673722917,Angostura Reach,Winter
2008,12,14,Sevilleta,4,5,4.5,34.2586573236,-106.883372761,San Acacia Reach,Winter
2008,12,15,Valencia Cleared,13.5,11.9,12.7,34.6486505386211,-106.739180486447,Isleta Reach,Winter
2008,12,16,Valencia Forest,11.5,12.5,12,34.6472147233729,-106.738922864063,Isleta Reach,Winter
2008,12,17,Montano,11,18,14.5,35.1452628545,-106.680332705,Angostura Reach,Winter
2008,12,18,Reynolds Cleared,11,5,8,34.6567454384498,-106.738602216398,Isleta Reach,Winter
2008,12,19,Reynolds Forest,3,.,3,34.657611462267496,-106.739436295579,Isleta Reach,Winter
2008,12,20,Route 66,12,16,14,35.1006512603,-106.691932797,Angostura Reach,Winter
2008,12,21,Badger,7.5,14,10.75,35.1955715759,-106.641632737,Angostura Reach,Winter
2008,12,22,Bobcat,3.5,9,6.25,35.2010747789,-106.641162297,Angostura Reach,Winter
2008,12,23,BioPark,11.5,14,12.75,35.0799846256,-106.669723455,Angostura Reach,Winter
2008,12,24,Santo Domingo,24,23,23.5,35.50989,-106.3896,Cochiti Reach,Winter
2008,12,25,Crawford,.,.,.,34.637561057629,-106.74347269011,Isleta Reach,Winter
2009,1,1,Alameda,1.5,4.5,3,35.1880598884,-106.646949118,Angostura Reach,Winter
2009,1,2,Rio Grande Nature Center,3,0,1.5,35.1267624154,-106.688450012,Angostura Reach,Winter
2009,1,3,Los Lunas,4.5,0,2.25,34.8123850767529,-106.714471968474,Isleta Reach,Winter
2009,1,4,Belen,3.5,4.5,4,34.6481124155284,-106.737727748983,Isleta Reach,Winter
2009,1,5,Santa Ana,6.3,2.9,4.6,35.34284,-106.5458,Angostura Reach,Winter
2009,1,6,Savannah,2.5,0,1.25,35.1428674147,-106.681982289,Angostura Reach,Winter
2009,1,7,Lemitar,4,3,3.5,34.1670457032,-106.889953039,San Acacia Reach,Winter
2009,1,8,Hispanic Cultural Center,6,7,6.5,35.0688083802,-106.65807622,Angostura Reach,Winter
2009,1,10,Diversion,0.5,5.5,3,35.191618922399996,-106.643382687,Angostura Reach,Winter
2009,1,11,Calabacillas,2,5,3.5,35.1946222612,-106.646350963,Angostura Reach,Winter
2009,1,12,Minnow,7.5,11,9.25,35.1972256042,-106.644122231,Angostura Reach,Winter
2009,1,13,Harrison,5.5,6.5,6,35.0150622305,-106.673722917,Angostura Reach,Winter
2009,1,14,Sevilleta,0.5,0.5,0.5,34.2586573236,-106.883372761,San Acacia Reach,Winter
2009,1,15,Valencia Cleared,2.6,2.8,2.7,34.6486505386211,-106.739180486447,Isleta Reach,Winter
2009,1,16,Valencia Forest,3.5,2.8,3.15,34.6472147233729,-106.738922864063,Isleta Reach,Winter
2009,1,17,Montano,1.8,3,2.4,35.1452628545,-106.680332705,Angostura Reach,Winter
2009,1,18,Reynolds Cleared,2,1,1.5,34.6567454384498,-106.738602216398,Isleta Reach,Winter
2009,1,19,Reynolds Forest,1.25,.,1.25,34.657611462267496,-106.739436295579,Isleta Reach,Winter
2009,1,20,Route 66,3,6,4.5,35.1006512603,-106.691932797,Angostura Reach,Winter
2009,1,21,Badger,1.5,3,2.25,35.1955715759,-106.641632737,Angostura Reach,Winter
2009,1,22,Bobcat,8.5,14,11.25,35.2010747789,-106.641162297,Angostura Reach,Winter
2009,1,23,BioPark,4.5,5.5,5,35.0799846256,-106.669723455,Angostura Reach,Winter
2009,1,24,Santo Domingo,6.5,11,8.75,35.50989,-106.3896,Cochiti Reach,Winter
2009,1,25,Crawford,.,.,.,34.637561057629,-106.74347269011,Isleta Reach,Winter
2009,2,1,Alameda,0,0,0,35.1880598884,-106.646949118,Angostura Reach,Winter
2009,2,2,Rio Grande Nature Center,2,2,2,35.1267624154,-106.688450012,Angostura Reach,Winter
2009,2,3,Los Lunas,0,0,0,34.8123850767529,-106.714471968474,Isleta Reach,Winter
2009,2,4,Belen,2.5,2.5,2.5,34.6481124155284,-106.737727748983,Isleta Reach,Winter
2009,2,5,Santa Ana,.,.,.,35.34284,-106.5458,Angostura Reach,Winter
2009,2,6,Savannah,1,1.25,1.125,35.1428674147,-106.681982289,Angostura Reach,Winter
2009,2,7,Lemitar,3.5,2.5,3,34.1670457032,-106.889953039,San Acacia Reach,Winter
2009,2,8,Hispanic Cultural Center,4.5,2.5,3.5,35.0688083802,-106.65807622,Angostura Reach,Winter
2009,2,10,Diversion,.,.,.,35.191618922399996,-106.643382687,Angostura Reach,Winter
2009,2,11,Calabacillas,0,0,0,35.1946222612,-106.646350963,Angostura Reach,Winter
2009,2,12,Minnow,0,0,0,35.1972256042,-106.644122231,Angostura Reach,Winter
2009,2,13,Harrison,0,0.25,0.125,35.0150622305,-106.673722917,Angostura Reach,Winter
2009,2,14,Sevilleta,0.75,0.75,0.75,34.2586573236,-106.883372761,San Acacia Reach,Winter
2009,2,15,Valencia Cleared,0.22,0.7,0.46,34.6486505386211,-106.739180486447,Isleta Reach,Winter
2009,2,16,Valencia Forest,0,0.5,0.25,34.6472147233729,-106.738922864063,Isleta Reach,Winter
2009,2,17,Montano,0.75,1,0.875,35.1452628545,-106.680332705,Angostura Reach,Winter
2009,2,18,Reynolds Cleared,0,0,0,34.6567454384498,-106.738602216398,Isleta Reach,Winter
2009,2,19,Reynolds Forest,0,.,0,34.657611462267496,-106.739436295579,Isleta Reach,Winter
2009,2,20,Route 66,0,0,0,35.1006512603,-106.691932797,Angostura Reach,Winter
2009,2,21,Badger,.,0,0,35.1955715759,-106.641632737,Angostura Reach,Winter
2009,2,22,Bobcat,3.8,3.25,3.525,35.2010747789,-106.641162297,Angostura Reach,Winter
2009,2,23,BioPark,0.52,0.5,0.51,35.0799846256,-106.669723455,Angostura Reach,Winter
2009,2,24,Santo Domingo,0.6,0,0.3,35.50989,-106.3896,Cochiti Reach,Winter
2009,2,25,Crawford,.,.,.,34.637561057629,-106.74347269011,Isleta Reach,Winter
2009,3,1,Alameda,19,12,15.5,35.1880598884,-106.646949118,Angostura Reach,Spring
2009,3,2,Rio Grande Nature Center,9,9,9,35.1267624154,-106.688450012,Angostura Reach,Spring
2009,3,3,Los Lunas,4.5,8,6.25,34.8123850767529,-106.714471968474,Isleta Reach,Spring
2009,3,4,Belen,5,6,5.5,34.6481124155284,-106.737727748983,Isleta Reach,Spring
2009,3,5,Santa Ana,.,.,.,35.34284,-106.5458,Angostura Reach,Spring
2009,3,6,Savannah,6,9.5,7.75,35.1428674147,-106.681982289,Angostura Reach,Spring
2009,3,7,Lemitar,0.5,2,1.25,34.1670457032,-106.889953039,San Acacia Reach,Spring
2009,3,8,Hispanic Cultural Center,6,10,8,35.0688083802,-106.65807622,Angostura Reach,Spring
2009,3,10,Diversion,10,11,10.5,35.191618922399996,-106.643382687,Angostura Reach,Spring
2009,3,11,Calabacillas,7,0,3.5,35.1946222612,-106.646350963,Angostura Reach,Spring
2009,3,12,Minnow,6.5,12,9.25,35.1972256042,-106.644122231,Angostura Reach,Spring
2009,3,13,Harrison,6,8,7,35.0150622305,-106.673722917,Angostura Reach,Spring
2009,3,14,Sevilleta,3.5,5.5,4.5,34.2586573236,-106.883372761,San Acacia Reach,Spring
2009,3,15,Valencia Cleared,2.8,6.75,4.775,34.6486505386211,-106.739180486447,Isleta Reach,Spring
2009,3,16,Valencia Forest,6,6.5,6.25,34.6472147233729,-106.738922864063,Isleta Reach,Spring
2009,3,17,Montano,6,8.5,7.25,35.1452628545,-106.680332705,Angostura Reach,Spring
2009,3,18,Reynolds Cleared,3.5,4.5,4,34.6567454384498,-106.738602216398,Isleta Reach,Spring
2009,3,19,Reynolds Forest,5,5.5,5.25,34.657611462267496,-106.739436295579,Isleta Reach,Spring
2009,3,20,Route 66,5,9,7,35.1006512603,-106.691932797,Angostura Reach,Spring
2009,3,21,Badger,6,11.5,8.75,35.1955715759,-106.641632737,Angostura Reach,Spring
2009,3,22,Bobcat,8.5,14,11.25,35.2010747789,-106.641162297,Angostura Reach,Spring
2009,3,23,BioPark,5,8,6.5,35.0799846256,-106.669723455,Angostura Reach,Spring
2009,3,24,Santo Domingo,5.5,7,6.25,35.50989,-106.3896,Cochiti Reach,Spring
2009,3,25,Crawford,.,.,.,34.637561057629,-106.74347269011,Isleta Reach,Spring
2009,4,1,Alameda,21,23,22,35.1880598884,-106.646949118,Angostura Reach,Spring
2009,4,2,Rio Grande Nature Center,6,20,13,35.1267624154,-106.688450012,Angostura Reach,Spring
2009,4,3,Los Lunas,1.5,4,2.75,34.8123850767529,-106.714471968474,Isleta Reach,Spring
2009,4,4,Belen,3,4,3.5,34.6481124155284,-106.737727748983,Isleta Reach,Spring
2009,4,5,Santa Ana,20,20,20,35.34284,-106.5458,Angostura Reach,Spring
2009,4,6,Savannah,15,23,19,35.1428674147,-106.681982289,Angostura Reach,Spring
2009,4,7,Lemitar,3.5,7,5.25,34.1670457032,-106.889953039,San Acacia Reach,Spring
2009,4,8,Hispanic Cultural Center,6,11,8.5,35.0688083802,-106.65807622,Angostura Reach,Spring
2009,4,10,Diversion,15,20,17.5,35.191618922399996,-106.643382687,Angostura Reach,Spring
2009,4,11,Calabacillas,18,22,20,35.1946222612,-106.646350963,Angostura Reach,Spring
2009,4,12,Minnow,12,22,17,35.1972256042,-106.644122231,Angostura Reach,Spring
2009,4,13,Harrison,8.81,7.32,8.065000000000001,35.0150622305,-106.673722917,Angostura Reach,Spring
2009,4,14,Sevilleta,.,10,10,34.2586573236,-106.883372761,San Acacia Reach,Spring
2009,4,15,Valencia Cleared,1.5,3,2.25,34.6486505386211,-106.739180486447,Isleta Reach,Spring
2009,4,16,Valencia Forest,0.025,2,1.0125,34.6472147233729,-106.738922864063,Isleta Reach,Spring
2009,4,17,Montano,11,20,15.5,35.1452628545,-106.680332705,Angostura Reach,Spring
2009,4,18,Reynolds Cleared,0.8,1.5,1.15,34.6567454384498,-106.738602216398,Isleta Reach,Spring
2009,4,19,Reynolds Forest,1.3,2,1.65,34.657611462267496,-106.739436295579,Isleta Reach,Spring
2009,4,20,Route 66,12,18.5,15.25,35.1006512603,-106.691932797,Angostura Reach,Spring
2009,4,21,Badger,9.4,2.2,5.800000000000001,35.1955715759,-106.641632737,Angostura Reach,Spring
2009,4,22,Bobcat,13,25,19,35.2010747789,-106.641162297,Angostura Reach,Spring
2009,4,23,BioPark,6,10,8,35.0799846256,-106.669723455,Angostura Reach,Spring
2009,4,24,Santo Domingo,21.75,30,25.875,35.50989,-106.3896,Cochiti Reach,Spring
2009,4,25,Crawford,.,.,.,34.637561057629,-106.74347269011,Isleta Reach,Spring
2009,5,1,Alameda,0.5,1.5,1,35.1880598884,-106.646949118,Angostura Reach,Spring
2009,5,2,Rio Grande Nature Center,1,2,1.5,35.1267624154,-106.688450012,Angostura Reach,Spring
2009,5,3,Los Lunas,0,1,0.5,34.8123850767529,-106.714471968474,Isleta Reach,Spring
2009,5,4,Belen,0,0,0,34.6481124155284,-106.737727748983,Isleta Reach,Spring
2009,5,5,Santa Ana,.,.,.,35.34284,-106.5458,Angostura Reach,Spring
2009,5,6,Savannah,1,0,0.5,35.1428674147,-106.681982289,Angostura Reach,Spring
2009,5,7,Lemitar,0,0,0,34.1670457032,-106.889953039,San Acacia Reach,Spring
2009,5,8,Hispanic Cultural Center,0,10.5,5.25,35.0688083802,-106.65807622,Angostura Reach,Spring
2009,5,10,Diversion,0.5,1.5,1,35.191618922399996,-106.643382687,Angostura Reach,Spring
2009,5,11,Calabacillas,0.5,1.5,1,35.1946222612,-106.646350963,Angostura Reach,Spring
2009,5,12,Minnow,0,1.5,0.75,35.1972256042,-106.644122231,Angostura Reach,Spring
2009,5,13,Harrison,1,1.5,1.25,35.0150622305,-106.673722917,Angostura Reach,Spring
2009,5,14,Sevilleta,.,0,0,34.2586573236,-106.883372761,San Acacia Reach,Spring
2009,5,15,Valencia Cleared,0.3,1.2,0.75,34.6486505386211,-106.739180486447,Isleta Reach,Spring
2009,5,16,Valencia Forest,0.4,0.5,0.45,34.6472147233729,-106.738922864063,Isleta Reach,Spring
2009,5,17,Montano,0,2,1,35.1452628545,-106.680332705,Angostura Reach,Spring
2009,5,18,Reynolds Cleared,0,0.5,0.25,34.6567454384498,-106.738602216398,Isleta Reach,Spring
2009,5,19,Reynolds Forest,0,0.75,0.375,34.657611462267496,-106.739436295579,Isleta Reach,Spring
2009,5,20,Route 66,0,1,0.5,35.1006512603,-106.691932797,Angostura Reach,Spring
2009,5,21,Badger,0,1,0.5,35.1955715759,-106.641632737,Angostura Reach,Spring
2009,5,22,Bobcat,0,0.9,0.45,35.2010747789,-106.641162297,Angostura Reach,Spring
2009,5,23,BioPark,0,0,0,35.0799846256,-106.669723455,Angostura Reach,Spring
2009,5,24,Santo Domingo,.,.,.,35.50989,-106.3896,Cochiti Reach,Spring
2009,5,25,Crawford,.,.,.,34.637561057629,-106.74347269011,Isleta Reach,Spring
2009,6,1,Alameda,23,34,28.5,35.1880598884,-106.646949118,Angostura Reach,Monsoon
2009,6,2,Rio Grande Nature Center,16,22,19,35.1267624154,-106.688450012,Angostura Reach,Monsoon
2009,6,3,Los Lunas,13,29,21,34.8123850767529,-106.714471968474,Isleta Reach,Monsoon
2009,6,4,Belen,27,33,30,34.6481124155284,-106.737727748983,Isleta Reach,Monsoon
2009,6,5,Santa Ana,31,31,31,35.34284,-106.5458,Angostura Reach,Monsoon
2009,6,6,Savannah,4.5,20,12.25,35.1428674147,-106.681982289,Angostura Reach,Monsoon
2009,6,7,Lemitar,10,31,20.5,34.1670457032,-106.889953039,San Acacia Reach,Monsoon
2009,6,8,Hispanic Cultural Center,11,22,16.5,35.0688083802,-106.65807622,Angostura Reach,Monsoon
2009,6,10,Diversion,15,30,22.5,35.191618922399996,-106.643382687,Angostura Reach,Monsoon
2009,6,11,Calabacillas,20,30.6,25.3,35.1946222612,-106.646350963,Angostura Reach,Monsoon
2009,6,12,Minnow,20,30.5,25.25,35.1972256042,-106.644122231,Angostura Reach,Monsoon
2009,6,13,Harrison,20,31.5,25.75,35.0150622305,-106.673722917,Angostura Reach,Monsoon
2009,6,14,Sevilleta,9,28,18.5,34.2586573236,-106.883372761,San Acacia Reach,Monsoon
2009,6,15,Valencia Cleared,22.5,34,28.25,34.6486505386211,-106.739180486447,Isleta Reach,Monsoon
2009,6,16,Valencia Forest,33,35,34,34.6472147233729,-106.738922864063,Isleta Reach,Monsoon
2009,6,17,Montano,5,18,11.5,35.1452628545,-106.680332705,Angostura Reach,Monsoon
2009,6,18,Reynolds Cleared,21,32,26.5,34.6567454384498,-106.738602216398,Isleta Reach,Monsoon
2009,6,19,Reynolds Forest,25,36,30.5,34.657611462267496,-106.739436295579,Isleta Reach,Monsoon
2009,6,20,Route 66,.,.,.,35.1006512603,-106.691932797,Angostura Reach,Monsoon
2009,6,21,Badger,14,26,20,35.1955715759,-106.641632737,Angostura Reach,Monsoon
2009,6,22,Bobcat,14,25,19.5,35.2010747789,-106.641162297,Angostura Reach,Monsoon
2009,6,23,BioPark,12,16.5,14.25,35.0799846256,-106.669723455,Angostura Reach,Monsoon
2009,6,24,Santo Domingo,.,.,.,35.50989,-106.3896,Cochiti Reach,Monsoon
2009,6,25,Crawford,.,.,.,34.637561057629,-106.74347269011,Isleta Reach,Monsoon
2009,7,1,Alameda,11.5,21,16.25,35.1880598884,-106.646949118,Angostura Reach,Monsoon
2009,7,2,Rio Grande Nature Center,8,.,8,35.1267624154,-106.688450012,Angostura Reach,Monsoon
2009,7,3,Los Lunas,13.5,24,18.75,34.8123850767529,-106.714471968474,Isleta Reach,Monsoon
2009,7,4,Belen,16,31,23.5,34.6481124155284,-106.737727748983,Isleta Reach,Monsoon
2009,7,5,Santa Ana,3,9.5,6.25,35.34284,-106.5458,Angostura Reach,Monsoon
2009,7,6,Savannah,21,21,21,35.1428674147,-106.681982289,Angostura Reach,Monsoon
2009,7,7,Lemitar,11,24,17.5,34.1670457032,-106.889953039,San Acacia Reach,Monsoon
2009,7,8,Hispanic Cultural Center,9,19,14,35.0688083802,-106.65807622,Angostura Reach,Monsoon
2009,7,10,Diversion,17,31,24,35.191618922399996,-106.643382687,Angostura Reach,Monsoon
2009,7,11,Calabacillas,13,21,17,35.1946222612,-106.646350963,Angostura Reach,Monsoon
2009,7,12,Minnow,7,20.5,13.75,35.1972256042,-106.644122231,Angostura Reach,Monsoon
2009,7,13,Harrison,13,26,19.5,35.0150622305,-106.673722917,Angostura Reach,Monsoon
2009,7,14,Sevilleta,14,30,22,34.2586573236,-106.883372761,San Acacia Reach,Monsoon
2009,7,15,Valencia Cleared,13.5,27.2,20.35,34.6486505386211,-106.739180486447,Isleta Reach,Monsoon
2009,7,16,Valencia Forest,29,31,30,34.6472147233729,-106.738922864063,Isleta Reach,Monsoon
2009,7,17,Montano,6,20,13,35.1452628545,-106.680332705,Angostura Reach,Monsoon
2009,7,18,Reynolds Cleared,10,24,17,34.6567454384498,-106.738602216398,Isleta Reach,Monsoon
2009,7,19,Reynolds Forest,15,26,20.5,34.657611462267496,-106.739436295579,Isleta Reach,Monsoon
2009,7,20,Route 66,9,17.5,13.25,35.1006512603,-106.691932797,Angostura Reach,Monsoon
2009,7,21,Badger,9,26,17.5,35.1955715759,-106.641632737,Angostura Reach,Monsoon
2009,7,22,Bobcat,6,22,14,35.2010747789,-106.641162297,Angostura Reach,Monsoon
2009,7,23,BioPark,19,31,25,35.0799846256,-106.669723455,Angostura Reach,Monsoon
2009,7,24,Santo Domingo,4.5,12,8.25,35.50989,-106.3896,Cochiti Reach,Monsoon
2009,7,25,Crawford,.,.,.,34.637561057629,-106.74347269011,Isleta Reach,Monsoon
2009,8,1,Alameda,18,23,20.5,35.1880598884,-106.646949118,Angostura Reach,Monsoon
2009,8,2,Rio Grande Nature Center,21,32,26.5,35.1267624154,-106.688450012,Angostura Reach,Monsoon
2009,8,3,Los Lunas,32,44,38,34.8123850767529,-106.714471968474,Isleta Reach,Monsoon
2009,8,4,Belen,.,.,.,34.6481124155284,-106.737727748983,Isleta Reach,Monsoon
2009,8,5,Santa Ana,17,.,17,35.34284,-106.5458,Angostura Reach,Monsoon
2009,8,6,Savannah,15,29,22,35.1428674147,-106.681982289,Angostura Reach,Monsoon
2009,8,7,Lemitar,14,16,15,34.1670457032,-106.889953039,San Acacia Reach,Monsoon
2009,8,8,Hispanic Cultural Center,12.5,26,19.25,35.0688083802,-106.65807622,Angostura Reach,Monsoon
2009,8,10,Diversion,7,10,8.5,35.191618922399996,-106.643382687,Angostura Reach,Monsoon
2009,8,11,Calabacillas,12,20,16,35.1946222612,-106.646350963,Angostura Reach,Monsoon
2009,8,12,Minnow,12,20,16,35.1972256042,-106.644122231,Angostura Reach,Monsoon
2009,8,13,Harrison,14,16,15,35.0150622305,-106.673722917,Angostura Reach,Monsoon
2009,8,14,Sevilleta,2,6,4,34.2586573236,-106.883372761,San Acacia Reach,Monsoon
2009,8,15,Valencia Cleared,23.5,30.5,27,34.6486505386211,-106.739180486447,Isleta Reach,Monsoon
2009,8,16,Valencia Forest,.,35,35,34.6472147233729,-106.738922864063,Isleta Reach,Monsoon
2009,8,17,Montano,5,29,17,35.1452628545,-106.680332705,Angostura Reach,Monsoon
2009,8,18,Reynolds Cleared,15,27,21,34.6567454384498,-106.738602216398,Isleta Reach,Monsoon
2009,8,19,Reynolds Forest,23,33,28,34.657611462267496,-106.739436295579,Isleta Reach,Monsoon
2009,8,20,Route 66,15,33,24,35.1006512603,-106.691932797,Angostura Reach,Monsoon
2009,8,21,Badger,6.5,8.5,7.5,35.1955715759,-106.641632737,Angostura Reach,Monsoon
2009,8,22,Bobcat,10,11,10.5,35.2010747789,-106.641162297,Angostura Reach,Monsoon
2009,8,23,BioPark,8,16,12,35.0799846256,-106.669723455,Angostura Reach,Monsoon
2009,8,24,Santo Domingo,41,56,48.5,35.50989,-106.3896,Cochiti Reach,Monsoon
2009,8,25,Crawford,.,.,.,34.637561057629,-106.74347269011,Isleta Reach,Monsoon
2009,9,1,Alameda,10.5,22,16.25,35.1880598884,-106.646949118,Angostura Reach,Fall
2009,9,2,Rio Grande Nature Center,24,.,24,35.1267624154,-106.688450012,Angostura Reach,Fall
2009,9,3,Los Lunas,11.5,23,17.25,34.8123850767529,-106.714471968474,Isleta Reach,Fall
2009,9,4,Belen,15,24.5,19.75,34.6481124155284,-106.737727748983,Isleta Reach,Fall
2009,9,5,Santa Ana,.,.,.,35.34284,-106.5458,Angostura Reach,Fall
2009,9,6,Savannah,12,26.5,19.25,35.1428674147,-106.681982289,Angostura Reach,Fall
2009,9,7,Lemitar,7,21.5,14.25,34.1670457032,-106.889953039,San Acacia Reach,Fall
2009,9,8,Hispanic Cultural Center,16,31,23.5,35.0688083802,-106.65807622,Angostura Reach,Fall
2009,9,10,Diversion,35,45,40,35.191618922399996,-106.643382687,Angostura Reach,Fall
2009,9,11,Calabacillas,9,20,14.5,35.1946222612,-106.646350963,Angostura Reach,Fall
2009,9,12,Minnow,2.5,9,5.75,35.1972256042,-106.644122231,Angostura Reach,Fall
2009,9,13,Harrison,13.5,24,18.75,35.0150622305,-106.673722917,Angostura Reach,Fall
2009,9,14,Sevilleta,14,25,19.5,34.2586573236,-106.883372761,San Acacia Reach,Fall
2009,9,15,Valencia Cleared,14.5,23.5,19,34.6486505386211,-106.739180486447,Isleta Reach,Fall
2009,9,16,Valencia Forest,23.5,25,24.25,34.6472147233729,-106.738922864063,Isleta Reach,Fall
2009,9,17,Montano,7,23,15,35.1452628545,-106.680332705,Angostura Reach,Fall
2009,9,18,Reynolds Cleared,20,37,28.5,34.6567454384498,-106.738602216398,Isleta Reach,Fall
2009,9,19,Reynolds Forest,27,37,32,34.657611462267496,-106.739436295579,Isleta Reach,Fall
2009,9,20,Route 66,27,59,43,35.1006512603,-106.691932797,Angostura Reach,Fall
2009,9,21,Badger,4,14.5,9.25,35.1955715759,-106.641632737,Angostura Reach,Fall
2009,9,22,Bobcat,22,45,33.5,35.2010747789,-106.641162297,Angostura Reach,Fall
2009,9,23,BioPark,15,22,18.5,35.0799846256,-106.669723455,Angostura Reach,Fall
2009,9,24,Santo Domingo,12,23,17.5,35.50989,-106.3896,Cochiti Reach,Fall
2009,9,25,Crawford,.,.,.,34.637561057629,-106.74347269011,Isleta Reach,Fall
2009,10,1,Alameda,50,48,49,35.1880598884,-106.646949118,Angostura Reach,Fall
2009,10,2,Rio Grande Nature Center,3.5,5,4.25,35.1267624154,-106.688450012,Angostura Reach,Fall
2009,10,3,Los Lunas,23,33,28,34.8123850767529,-106.714471968474,Isleta Reach,Fall
2009,10,4,Belen,0,0.18,0.09,34.6481124155284,-106.737727748983,Isleta Reach,Fall
2009,10,5,Santa Ana,.,.,.,35.34284,-106.5458,Angostura Reach,Fall
2009,10,6,Savannah,30,43,36.5,35.1428674147,-106.681982289,Angostura Reach,Fall
2009,10,7,Lemitar,20,40,30,34.1670457032,-106.889953039,San Acacia Reach,Fall
2009,10,8,Hispanic Cultural Center,27,45,36,35.0688083802,-106.65807622,Angostura Reach,Fall
2009,10,10,Diversion,2,4,3,35.191618922399996,-106.643382687,Angostura Reach,Fall
2009,10,11,Calabacillas,23,40,31.5,35.1946222612,-106.646350963,Angostura Reach,Fall
2009,10,12,Minnow,14,29,21.5,35.1972256042,-106.644122231,Angostura Reach,Fall
2009,10,13,Harrison,.,70,70,35.0150622305,-106.673722917,Angostura Reach,Fall
2009,10,14,Sevilleta,.,.,.,34.2586573236,-106.883372761,San Acacia Reach,Fall
2009,10,15,Valencia Cleared,8.75,16,12.375,34.6486505386211,-106.739180486447,Isleta Reach,Fall
2009,10,16,Valencia Forest,14.5,15,14.75,34.6472147233729,-106.738922864063,Isleta Reach,Fall
2009,10,17,Montano,24,42,33,35.1452628545,-106.680332705,Angostura Reach,Fall
2009,10,18,Reynolds Cleared,7,16,11.5,34.6567454384498,-106.738602216398,Isleta Reach,Fall
2009,10,19,Reynolds Forest,12.5,17,14.75,34.657611462267496,-106.739436295579,Isleta Reach,Fall
2009,10,20,Route 66,.,20,20,35.1006512603,-106.691932797,Angostura Reach,Fall
2009,10,21,Badger,20,39,29.5,35.1955715759,-106.641632737,Angostura Reach,Fall
2009,10,22,Bobcat,6.5,16,11.25,35.2010747789,-106.641162297,Angostura Reach,Fall
2009,10,23,BioPark,24,37,30.5,35.0799846256,-106.669723455,Angostura Reach,Fall
2009,10,24,Santo Domingo,9,24,16.5,35.50989,-106.3896,Cochiti Reach,Fall
2009,10,25,Crawford,.,.,.,34.637561057629,-106.74347269011,Isleta Reach,Fall
2009,11,1,Alameda,7,5,6,35.1880598884,-106.646949118,Angostura Reach,Winter
2009,11,2,Rio Grande Nature Center,0.5,1,0.75,35.1267624154,-106.688450012,Angostura Reach,Winter
2009,11,3,Los Lunas,28,35,31.5,34.8123850767529,-106.714471968474,Isleta Reach,Winter
2009,11,4,Belen,15,24,19.5,34.6481124155284,-106.737727748983,Isleta Reach,Winter
2009,11,5,Santa Ana,5,6,5.5,35.34284,-106.5458,Angostura Reach,Winter
2009,11,6,Savannah,10,21,15.5,35.1428674147,-106.681982289,Angostura Reach,Winter
2009,11,7,Lemitar,0.25,2,1.125,34.1670457032,-106.889953039,San Acacia Reach,Winter
2009,11,8,Hispanic Cultural Center,30,40,35,35.0688083802,-106.65807622,Angostura Reach,Winter
2009,11,10,Diversion,13,17,15,35.191618922399996,-106.643382687,Angostura Reach,Winter
2009,11,11,Calabacillas,2.5,3.5,3,35.1946222612,-106.646350963,Angostura Reach,Winter
2009,11,12,Minnow,7.5,20,13.75,35.1972256042,-106.644122231,Angostura Reach,Winter
2009,11,13,Harrison,.,6.5,6.5,35.0150622305,-106.673722917,Angostura Reach,Winter
2009,11,14,Sevilleta,.,17,17,34.2586573236,-106.883372761,San Acacia Reach,Winter
2009,11,15,Valencia Cleared,14,20,17,34.6486505386211,-106.739180486447,Isleta Reach,Winter
2009,11,16,Valencia Forest,.,21,21,34.6472147233729,-106.738922864063,Isleta Reach,Winter
2009,11,17,Montano,6.5,20,13.25,35.1452628545,-106.680332705,Angostura Reach,Winter
2009,11,18,Reynolds Cleared,2.52,6.9,4.71,34.6567454384498,-106.738602216398,Isleta Reach,Winter
2009,11,19,Reynolds Forest,6.5,7.25,6.875,34.657611462267496,-106.739436295579,Isleta Reach,Winter
2009,11,20,Route 66,3,4,3.5,35.1006512603,-106.691932797,Angostura Reach,Winter
2009,11,21,Badger,1,5,3,35.1955715759,-106.641632737,Angostura Reach,Winter
2009,11,22,Bobcat,15,30,22.5,35.2010747789,-106.641162297,Angostura Reach,Winter
2009,11,23,BioPark,21,31,26,35.0799846256,-106.669723455,Angostura Reach,Winter
2009,11,24,Santo Domingo,22,35,28.5,35.50989,-106.3896,Cochiti Reach,Winter
2009,11,25,Crawford,.,.,.,34.637561057629,-106.74347269011,Isleta Reach,Winter
2009,12,1,Alameda,7.5,9,8.25,35.1880598884,-106.646949118,Angostura Reach,Winter
2009,12,2,Rio Grande Nature Center,6,5,5.5,35.1267624154,-106.688450012,Angostura Reach,Winter
2009,12,3,Los Lunas,3,5.5,4.25,34.8123850767529,-106.714471968474,Isleta Reach,Winter
2009,12,4,Belen,6,8,7,34.6481124155284,-106.737727748983,Isleta Reach,Winter
2009,12,5,Santa Ana,7,9,8,35.34284,-106.5458,Angostura Reach,Winter
2009,12,6,Savannah,5,7,6,35.1428674147,-106.681982289,Angostura Reach,Winter
2009,12,7,Lemitar,23,14,18.5,34.1670457032,-106.889953039,San Acacia Reach,Winter
2009,12,8,Hispanic Cultural Center,9,10,9.5,35.0688083802,-106.65807622,Angostura Reach,Winter
2009,12,10,Diversion,8.5,10,9.25,35.191618922399996,-106.643382687,Angostura Reach,Winter
2009,12,11,Calabacillas,7.5,9,8.25,35.1946222612,-106.646350963,Angostura Reach,Winter
2009,12,12,Minnow,6,5,5.5,35.1972256042,-106.644122231,Angostura Reach,Winter
2009,12,13,Harrison,3.5,4.7,4.1,35.0150622305,-106.673722917,Angostura Reach,Winter
2009,12,14,Sevilleta,19,27,23,34.2586573236,-106.883372761,San Acacia Reach,Winter
2009,12,15,Valencia Cleared,4.5,5.5,5,34.6486505386211,-106.739180486447,Isleta Reach,Winter
2009,12,16,Valencia Forest,6.75,7,6.875,34.6472147233729,-106.738922864063,Isleta Reach,Winter
2009,12,17,Montano,.,6.5,6.5,35.1452628545,-106.680332705,Angostura Reach,Winter
2009,12,18,Reynolds Cleared,4,.,4,34.6567454384498,-106.738602216398,Isleta Reach,Winter
2009,12,19,Reynolds Forest,4.5,7,5.75,34.657611462267496,-106.739436295579,Isleta Reach,Winter
2009,12,20,Route 66,.,.,.,35.1006512603,-106.691932797,Angostura Reach,Winter
2009,12,21,Badger,4.5,9.5,7,35.1955715759,-106.641632737,Angostura Reach,Winter
2009,12,22,Bobcat,4,10,7,35.2010747789,-106.641162297,Angostura Reach,Winter
2009,12,23,BioPark,4.5,10,7.25,35.0799846256,-106.669723455,Angostura Reach,Winter
2009,12,24,Santo Domingo,19,25,22,35.50989,-106.3896,Cochiti Reach,Winter
2009,12,25,Crawford,.,.,.,34.637561057629,-106.74347269011,Isleta Reach,Winter
2010,1,1,Alameda,13,7,10,35.1880598884,-106.646949118,Angostura Reach,Winter
2010,1,2,Rio Grande Nature Center,9,8,8.5,35.1267624154,-106.688450012,Angostura Reach,Winter
2010,1,3,Los Lunas,5,7.5,6.25,34.8123850767529,-106.714471968474,Isleta Reach,Winter
2010,1,4,Belen,6,9,7.5,34.6481124155284,-106.737727748983,Isleta Reach,Winter
2010,1,5,Santa Ana,26,2,14,35.34284,-106.5458,Angostura Reach,Winter
2010,1,6,Savannah,6.5,9,7.75,35.1428674147,-106.681982289,Angostura Reach,Winter
2010,1,7,Lemitar,3,5.5,4.25,34.1670457032,-106.889953039,San Acacia Reach,Winter
2010,1,8,Hispanic Cultural Center,7,12,9.5,35.0688083802,-106.65807622,Angostura Reach,Winter
2010,1,10,Diversion,6,11.5,8.75,35.191618922399996,-106.643382687,Angostura Reach,Winter
2010,1,11,Calabacillas,7,11,9,35.1946222612,-106.646350963,Angostura Reach,Winter
2010,1,12,Minnow,6.5,11,8.75,35.1972256042,-106.644122231,Angostura Reach,Winter
2010,1,13,Harrison,6,8.5,7.25,35.0150622305,-106.673722917,Angostura Reach,Winter
2010,1,14,Sevilleta,4.5,8,6.25,34.2586573236,-106.883372761,San Acacia Reach,Winter
2010,1,15,Valencia Cleared,.,7.25,7.25,34.6486505386211,-106.739180486447,Isleta Reach,Winter
2010,1,16,Valencia Forest,6.75,8,7.375,34.6472147233729,-106.738922864063,Isleta Reach,Winter
2010,1,17,Montano,.,15,15,35.1452628545,-106.680332705,Angostura Reach,Winter
2010,1,18,Reynolds Cleared,12,16,14,34.6567454384498,-106.738602216398,Isleta Reach,Winter
2010,1,19,Reynolds Forest,13,17,15,34.657611462267496,-106.739436295579,Isleta Reach,Winter
2010,1,20,Route 66,4,12.5,8.25,35.1006512603,-106.691932797,Angostura Reach,Winter
2010,1,21,Badger,6,12,9,35.1955715759,-106.641632737,Angostura Reach,Winter
2010,1,22,Bobcat,9,15,12,35.2010747789,-106.641162297,Angostura Reach,Winter
2010,1,23,BioPark,5.5,7.5,6.5,35.0799846256,-106.669723455,Angostura Reach,Winter
2010,1,24,Santo Domingo,12,18,15,35.50989,-106.3896,Cochiti Reach,Winter
2010,1,25,Crawford,.,.,.,34.637561057629,-106.74347269011,Isleta Reach,Winter
2010,2,1,Alameda,.,19,19,35.1880598884,-106.646949118,Angostura Reach,Winter
2010,2,2,Rio Grande Nature Center,13,14,13.5,35.1267624154,-106.688450012,Angostura Reach,Winter
2010,2,3,Los Lunas,13,19.8,16.4,34.8123850767529,-106.714471968474,Isleta Reach,Winter
2010,2,4,Belen,.,.,.,34.6481124155284,-106.737727748983,Isleta Reach,Winter
2010,2,5,Santa Ana,.,.,.,35.34284,-106.5458,Angostura Reach,Winter
2010,2,6,Savannah,9,15,12,35.1428674147,-106.681982289,Angostura Reach,Winter
2010,2,7,Lemitar,26,.,26,34.1670457032,-106.889953039,San Acacia Reach,Winter
2010,2,8,Hispanic Cultural Center,14,16,15,35.0688083802,-106.65807622,Angostura Reach,Winter
2010,2,10,Diversion,17,20,18.5,35.191618922399996,-106.643382687,Angostura Reach,Winter
2010,2,11,Calabacillas,11,18,14.5,35.1946222612,-106.646350963,Angostura Reach,Winter
2010,2,12,Minnow,15,15,15,35.1972256042,-106.644122231,Angostura Reach,Winter
2010,2,13,Harrison,.,15,15,35.0150622305,-106.673722917,Angostura Reach,Winter
2010,2,14,Sevilleta,21,36,28.5,34.2586573236,-106.883372761,San Acacia Reach,Winter
2010,2,15,Valencia Cleared,28,36,32,34.6486505386211,-106.739180486447,Isleta Reach,Winter
2010,2,16,Valencia Forest,35.5,34,34.75,34.6472147233729,-106.738922864063,Isleta Reach,Winter
2010,2,17,Montano,.,9.5,9.5,35.1452628545,-106.680332705,Angostura Reach,Winter
2010,2,18,Reynolds Cleared,20,25,22.5,34.6567454384498,-106.738602216398,Isleta Reach,Winter
2010,2,19,Reynolds Forest,18.5,23.5,21,34.657611462267496,-106.739436295579,Isleta Reach,Winter
2010,2,20,Route 66,7,12.8,9.9,35.1006512603,-106.691932797,Angostura Reach,Winter
2010,2,21,Badger,13,18,15.5,35.1955715759,-106.641632737,Angostura Reach,Winter
2010,2,22,Bobcat,14,17.5,15.75,35.2010747789,-106.641162297,Angostura Reach,Winter
2010,2,23,BioPark,12,13,12.5,35.0799846256,-106.669723455,Angostura Reach,Winter
2010,2,24,Santo Domingo,22,27.5,24.75,35.50989,-106.3896,Cochiti Reach,Winter
2010,2,25,Crawford,.,.,.,34.637561057629,-106.74347269011,Isleta Reach,Winter
2010,3,1,Alameda,3,4.5,3.75,35.1880598884,-106.646949118,Angostura Reach,Spring
2010,3,2,Rio Grande Nature Center,2.45,3,2.725,35.1267624154,-106.688450012,Angostura Reach,Spring
2010,3,3,Los Lunas,4.5,6,5.25,34.8123850767529,-106.714471968474,Isleta Reach,Spring
2010,3,4,Belen,6,4.5,5.25,34.6481124155284,-106.737727748983,Isleta Reach,Spring
2010,3,5,Santa Ana,.,1.5,1.5,35.34284,-106.5458,Angostura Reach,Spring
2010,3,6,Savannah,2.5,3,2.75,35.1428674147,-106.681982289,Angostura Reach,Spring
2010,3,7,Lemitar,.,.,.,34.1670457032,-106.889953039,San Acacia Reach,Spring
2010,3,8,Hispanic Cultural Center,3.5,5.8,4.65,35.0688083802,-106.65807622,Angostura Reach,Spring
2010,3,10,Diversion,2,5,3.5,35.191618922399996,-106.643382687,Angostura Reach,Spring
2010,3,11,Calabacillas,2,4.1,3.05,35.1946222612,-106.646350963,Angostura Reach,Spring
2010,3,12,Minnow,2.2,5,3.6,35.1972256042,-106.644122231,Angostura Reach,Spring
2010,3,13,Harrison,.,5.5,5.5,35.0150622305,-106.673722917,Angostura Reach,Spring
2010,3,14,Sevilleta,2,4.5,3.25,34.2586573236,-106.883372761,San Acacia Reach,Spring
2010,3,15,Valencia Cleared,1.3,2.8,2.05,34.6486505386211,-106.739180486447,Isleta Reach,Spring
2010,3,16,Valencia Forest,4.3,4,4.15,34.6472147233729,-106.738922864063,Isleta Reach,Spring
2010,3,17,Montano,0.8,3,1.9,35.1452628545,-106.680332705,Angostura Reach,Spring
2010,3,18,Reynolds Cleared,0.9,1.9,1.4,34.6567454384498,-106.738602216398,Isleta Reach,Spring
2010,3,19,Reynolds Forest,1.5,2,1.75,34.657611462267496,-106.739436295579,Isleta Reach,Spring
2010,3,20,Route 66,0.75,3,1.875,35.1006512603,-106.691932797,Angostura Reach,Spring
2010,3,21,Badger,2.1,5,3.55,35.1955715759,-106.641632737,Angostura Reach,Spring
2010,3,22,Bobcat,25.5,38,31.75,35.2010747789,-106.641162297,Angostura Reach,Spring
2010,3,23,BioPark,2,3.5,2.75,35.0799846256,-106.669723455,Angostura Reach,Spring
2010,3,24,Santo Domingo,17.5,26,21.75,35.50989,-106.3896,Cochiti Reach,Spring
2010,3,25,Crawford,.,.,.,34.637561057629,-106.74347269011,Isleta Reach,Spring
2010,4,1,Alameda,14,18,16,35.1880598884,-106.646949118,Angostura Reach,Spring
2010,4,2,Rio Grande Nature Center,34,37,35.5,35.1267624154,-106.688450012,Angostura Reach,Spring
2010,4,3,Los Lunas,15,21,18,34.8123850767529,-106.714471968474,Isleta Reach,Spring
2010,4,4,Belen,10,15,12.5,34.6481124155284,-106.737727748983,Isleta Reach,Spring
2010,4,5,Santa Ana,5,19,12,35.34284,-106.5458,Angostura Reach,Spring
2010,4,6,Savannah,20,30,25,35.1428674147,-106.681982289,Angostura Reach,Spring
2010,4,7,Lemitar,.,22,22,34.1670457032,-106.889953039,San Acacia Reach,Spring
2010,4,8,Hispanic Cultural Center,11,19,15,35.0688083802,-106.65807622,Angostura Reach,Spring
2010,4,10,Diversion,12,17,14.5,35.191618922399996,-106.643382687,Angostura Reach,Spring
2010,4,11,Calabacillas,11,17,14,35.1946222612,-106.646350963,Angostura Reach,Spring
2010,4,12,Minnow,10.2,16,13.1,35.1972256042,-106.644122231,Angostura Reach,Spring
2010,4,13,Harrison,12,16.5,14.25,35.0150622305,-106.673722917,Angostura Reach,Spring
2010,4,14,Sevilleta,28,27,27.5,34.2586573236,-106.883372761,San Acacia Reach,Spring
2010,4,15,Valencia Cleared,9,14,11.5,34.6486505386211,-106.739180486447,Isleta Reach,Spring
2010,4,16,Valencia Forest,15,13.5,14.25,34.6472147233729,-106.738922864063,Isleta Reach,Spring
2010,4,17,Montano,0,30,15,35.1452628545,-106.680332705,Angostura Reach,Spring
2010,4,18,Reynolds Cleared,9.5,15,12.25,34.6567454384498,-106.738602216398,Isleta Reach,Spring
2010,4,19,Reynolds Forest,16,11,13.5,34.657611462267496,-106.739436295579,Isleta Reach,Spring
2010,4,20,Route 66,16,29,22.5,35.1006512603,-106.691932797,Angostura Reach,Spring
2010,4,21,Badger,10,18,14,35.1955715759,-106.641632737,Angostura Reach,Spring
2010,4,22,Bobcat,14.5,20,17.25,35.2010747789,-106.641162297,Angostura Reach,Spring
2010,4,23,BioPark,11.5,18,14.75,35.0799846256,-106.669723455,Angostura Reach,Spring
2010,4,24,Santo Domingo,15,23,19,35.50989,-106.3896,Cochiti Reach,Spring
2010,4,25,Crawford,.,.,.,34.637561057629,-106.74347269011,Isleta Reach,Spring
2010,5,1,Alameda,5.5,6,5.75,35.1880598884,-106.646949118,Angostura Reach,Spring
2010,5,2,Rio Grande Nature Center,3.25,4,3.625,35.1267624154,-106.688450012,Angostura Reach,Spring
2010,5,3,Los Lunas,7,10,8.5,34.8123850767529,-106.714471968474,Isleta Reach,Spring
2010,5,4,Belen,.,.,.,34.6481124155284,-106.737727748983,Isleta Reach,Spring
2010,5,5,Santa Ana,6,1.8,3.9,35.34284,-106.5458,Angostura Reach,Spring
2010,5,6,Savannah,1.5,3,2.25,35.1428674147,-106.681982289,Angostura Reach,Spring
2010,5,7,Lemitar,6.5,8,7.25,34.1670457032,-106.889953039,San Acacia Reach,Spring
2010,5,8,Hispanic Cultural Center,7.5,6.9,7.2,35.0688083802,-106.65807622,Angostura Reach,Spring
2010,5,10,Diversion,7.5,10,8.75,35.191618922399996,-106.643382687,Angostura Reach,Spring
2010,5,11,Calabacillas,5,8,6.5,35.1946222612,-106.646350963,Angostura Reach,Spring
2010,5,12,Minnow,5,9,7,35.1972256042,-106.644122231,Angostura Reach,Spring
2010,5,13,Harrison,4,6.5,5.25,35.0150622305,-106.673722917,Angostura Reach,Spring
2010,5,14,Sevilleta,.,.,.,34.2586573236,-106.883372761,San Acacia Reach,Spring
2010,5,15,Valencia Cleared,3,5,4,34.6486505386211,-106.739180486447,Isleta Reach,Spring
2010,5,16,Valencia Forest,7,5.7,6.35,34.6472147233729,-106.738922864063,Isleta Reach,Spring
2010,5,17,Montano,0,1.25,0.625,35.1452628545,-106.680332705,Angostura Reach,Spring
2010,5,18,Reynolds Cleared,7,7,7,34.6567454384498,-106.738602216398,Isleta Reach,Spring
2010,5,19,Reynolds Forest,4.5,7.5,6,34.657611462267496,-106.739436295579,Isleta Reach,Spring
2010,5,20,Route 66,7,7,7,35.1006512603,-106.691932797,Angostura Reach,Spring
2010,5,21,Badger,4,7.5,5.75,35.1955715759,-106.641632737,Angostura Reach,Spring
2010,5,22,Bobcat,14,25,19.5,35.2010747789,-106.641162297,Angostura Reach,Spring
2010,5,23,BioPark,3.5,5.5,4.5,35.0799846256,-106.669723455,Angostura Reach,Spring
2010,5,24,Santo Domingo,4,5,4.5,35.50989,-106.3896,Cochiti Reach,Spring
2010,5,25,Crawford,.,.,.,34.637561057629,-106.74347269011,Isleta Reach,Spring
2010,6,1,Alameda,0,0.5,0.25,35.1880598884,-106.646949118,Angostura Reach,Monsoon
2010,6,2,Rio Grande Nature Center,0,1,0.5,35.1267624154,-106.688450012,Angostura Reach,Monsoon
2010,6,3,Los Lunas,1.5,3,2.25,34.8123850767529,-106.714471968474,Isleta Reach,Monsoon
2010,6,4,Belen,0,0.5,0.25,34.6481124155284,-106.737727748983,Isleta Reach,Monsoon
2010,6,5,Santa Ana,0,.,0,35.34284,-106.5458,Angostura Reach,Monsoon
2010,6,6,Savannah,2,0.25,1.125,35.1428674147,-106.681982289,Angostura Reach,Monsoon
2010,6,7,Lemitar,0,0.75,0.375,34.1670457032,-106.889953039,San Acacia Reach,Monsoon
2010,6,8,Hispanic Cultural Center,0,0,0,35.0688083802,-106.65807622,Angostura Reach,Monsoon
2010,6,10,Diversion,0,0.55,0.275,35.191618922399996,-106.643382687,Angostura Reach,Monsoon
2010,6,11,Calabacillas,.,0,0,35.1946222612,-106.646350963,Angostura Reach,Monsoon
2010,6,12,Minnow,0,0.3,0.15,35.1972256042,-106.644122231,Angostura Reach,Monsoon
2010,6,13,Harrison,0,0,0,35.0150622305,-106.673722917,Angostura Reach,Monsoon
2010,6,14,Sevilleta,0,0,0,34.2586573236,-106.883372761,San Acacia Reach,Monsoon
2010,6,15,Valencia Cleared,0.75,1.75,1.25,34.6486505386211,-106.739180486447,Isleta Reach,Monsoon
2010,6,16,Valencia Forest,1.75,0,0.875,34.6472147233729,-106.738922864063,Isleta Reach,Monsoon
2010,6,17,Montano,0,2,1,35.1452628545,-106.680332705,Angostura Reach,Monsoon
2010,6,18,Reynolds Cleared,0,1.25,0.625,34.6567454384498,-106.738602216398,Isleta Reach,Monsoon
2010,6,19,Reynolds Forest,0,2,1,34.657611462267496,-106.739436295579,Isleta Reach,Monsoon
2010,6,20,Route 66,0,3.5,1.75,35.1006512603,-106.691932797,Angostura Reach,Monsoon
2010,6,21,Badger,0,.,0,35.1955715759,-106.641632737,Angostura Reach,Monsoon
2010,6,22,Bobcat,0.1,0.2,0.15000000000000002,35.2010747789,-106.641162297,Angostura Reach,Monsoon
2010,6,23,BioPark,0,0,0,35.0799846256,-106.669723455,Angostura Reach,Monsoon
2010,6,24,Santo Domingo,1,3,2,35.50989,-106.3896,Cochiti Reach,Monsoon
2010,6,25,Crawford,.,.,.,34.637561057629,-106.74347269011,Isleta Reach,Monsoon
2010,7,1,Alameda,3.5,8,5.75,35.1880598884,-106.646949118,Angostura Reach,Monsoon
2010,7,2,Rio Grande Nature Center,2,4.2,3.1,35.1267624154,-106.688450012,Angostura Reach,Monsoon
2010,7,3,Los Lunas,9.5,20,14.75,34.8123850767529,-106.714471968474,Isleta Reach,Monsoon
2010,7,4,Belen,35,28,31.5,34.6481124155284,-106.737727748983,Isleta Reach,Monsoon
2010,7,5,Santa Ana,4,6,5,35.34284,-106.5458,Angostura Reach,Monsoon
2010,7,6,Savannah,1.9,11,6.45,35.1428674147,-106.681982289,Angostura Reach,Monsoon
2010,7,7,Lemitar,57,45,51,34.1670457032,-106.889953039,San Acacia Reach,Monsoon
2010,7,8,Hispanic Cultural Center,3.1,6.5,4.8,35.0688083802,-106.65807622,Angostura Reach,Monsoon
2010,7,10,Diversion,3,7.5,5.25,35.191618922399996,-106.643382687,Angostura Reach,Monsoon
2010,7,11,Calabacillas,.,4,4,35.1946222612,-106.646350963,Angostura Reach,Monsoon
2010,7,12,Minnow,0,8,4,35.1972256042,-106.644122231,Angostura Reach,Monsoon
2010,7,13,Harrison,6.5,18,12.25,35.0150622305,-106.673722917,Angostura Reach,Monsoon
2010,7,14,Sevilleta,17,25,21,34.2586573236,-106.883372761,San Acacia Reach,Monsoon
2010,7,15,Valencia Cleared,.,32,32,34.6486505386211,-106.739180486447,Isleta Reach,Monsoon
2010,7,16,Valencia Forest,31,29.5,30.25,34.6472147233729,-106.738922864063,Isleta Reach,Monsoon
2010,7,17,Montano,7,9,8,35.1452628545,-106.680332705,Angostura Reach,Monsoon
2010,7,18,Reynolds Cleared,18,30,24,34.6567454384498,-106.738602216398,Isleta Reach,Monsoon
2010,7,19,Reynolds Forest,22,32,27,34.657611462267496,-106.739436295579,Isleta Reach,Monsoon
2010,7,20,Route 66,0,5,2.5,35.1006512603,-106.691932797,Angostura Reach,Monsoon
2010,7,21,Badger,0,3.5,1.75,35.1955715759,-106.641632737,Angostura Reach,Monsoon
2010,7,22,Bobcat,0.5,8,4.25,35.2010747789,-106.641162297,Angostura Reach,Monsoon
2010,7,23,BioPark,0.75,6,3.375,35.0799846256,-106.669723455,Angostura Reach,Monsoon
2010,7,24,Santo Domingo,27,37,32,35.50989,-106.3896,Cochiti Reach,Monsoon
2010,7,25,Crawford,.,.,.,34.637561057629,-106.74347269011,Isleta Reach,Monsoon
2010,8,1,Alameda,38,44,41,35.1880598884,-106.646949118,Angostura Reach,Monsoon
2010,8,2,Rio Grande Nature Center,32,39,35.5,35.1267624154,-106.688450012,Angostura Reach,Monsoon
2010,8,3,Los Lunas,37,50,43.5,34.8123850767529,-106.714471968474,Isleta Reach,Monsoon
2010,8,4,Belen,50,43,46.5,34.6481124155284,-106.737727748983,Isleta Reach,Monsoon
2010,8,5,Santa Ana,88,98,93,35.34284,-106.5458,Angostura Reach,Monsoon
2010,8,6,Savannah,21,44,32.5,35.1428674147,-106.681982289,Angostura Reach,Monsoon
2010,8,7,Lemitar,16,41,28.5,34.1670457032,-106.889953039,San Acacia Reach,Monsoon
2010,8,8,Hispanic Cultural Center,70,85,77.5,35.0688083802,-106.65807622,Angostura Reach,Monsoon
2010,8,10,Diversion,33,50,41.5,35.191618922399996,-106.643382687,Angostura Reach,Monsoon
2010,8,11,Calabacillas,.,45,45,35.1946222612,-106.646350963,Angostura Reach,Monsoon
2010,8,12,Minnow,30,48,39,35.1972256042,-106.644122231,Angostura Reach,Monsoon
2010,8,13,Harrison,32,60,46,35.0150622305,-106.673722917,Angostura Reach,Monsoon
2010,8,14,Sevilleta,19,.,19,34.2586573236,-106.883372761,San Acacia Reach,Monsoon
2010,8,15,Valencia Cleared,43,18,30.5,34.6486505386211,-106.739180486447,Isleta Reach,Monsoon
2010,8,16,Valencia Forest,41,41,41,34.6472147233729,-106.738922864063,Isleta Reach,Monsoon
2010,8,17,Montano,25.6,38.5,32.05,35.1452628545,-106.680332705,Angostura Reach,Monsoon
2010,8,18,Reynolds Cleared,15,42,28.5,34.6567454384498,-106.738602216398,Isleta Reach,Monsoon
2010,8,19,Reynolds Forest,28.8,42.5,35.65,34.657611462267496,-106.739436295579,Isleta Reach,Monsoon
2010,8,20,Route 66,34,63,48.5,35.1006512603,-106.691932797,Angostura Reach,Monsoon
2010,8,21,Badger,25.5,45,35.25,35.1955715759,-106.641632737,Angostura Reach,Monsoon
2010,8,22,Bobcat,27,47,37,35.2010747789,-106.641162297,Angostura Reach,Monsoon
2010,8,23,BioPark,83,110,96.5,35.0799846256,-106.669723455,Angostura Reach,Monsoon
2010,8,24,Santo Domingo,100,110,105,35.50989,-106.3896,Cochiti Reach,Monsoon
2010,8,25,Crawford,.,.,.,34.637561057629,-106.74347269011,Isleta Reach,Monsoon
2010,9,1,Alameda,12,16,14,35.1880598884,-106.646949118,Angostura Reach,Fall
2010,9,2,Rio Grande Nature Center,10,15,12.5,35.1267624154,-106.688450012,Angostura Reach,Fall
2010,9,3,Los Lunas,14,16,15,34.8123850767529,-106.714471968474,Isleta Reach,Fall
2010,9,4,Belen,10,8.3,9.15,34.6481124155284,-106.737727748983,Isleta Reach,Fall
2010,9,5,Santa Ana,34,39,36.5,35.34284,-106.5458,Angostura Reach,Fall
2010,9,6,Savannah,12.5,33,22.75,35.1428674147,-106.681982289,Angostura Reach,Fall
2010,9,7,Lemitar,6,8,7,34.1670457032,-106.889953039,San Acacia Reach,Fall
2010,9,8,Hispanic Cultural Center,5.6,10.2,7.9,35.0688083802,-106.65807622,Angostura Reach,Fall
2010,9,10,Diversion,7.5,13,10.25,35.191618922399996,-106.643382687,Angostura Reach,Fall
2010,9,11,Calabacillas,.,10,10,35.1946222612,-106.646350963,Angostura Reach,Fall
2010,9,12,Minnow,8.5,0.6,4.55,35.1972256042,-106.644122231,Angostura Reach,Fall
2010,9,13,Harrison,31,53,42,35.0150622305,-106.673722917,Angostura Reach,Fall
2010,9,14,Sevilleta,5,8,6.5,34.2586573236,-106.883372761,San Acacia Reach,Fall
2010,9,15,Valencia Cleared,7.5,4.75,6.125,34.6486505386211,-106.739180486447,Isleta Reach,Fall
2010,9,16,Valencia Forest,10,9.5,9.75,34.6472147233729,-106.738922864063,Isleta Reach,Fall
2010,9,17,Montano,15,28,21.5,35.1452628545,-106.680332705,Angostura Reach,Fall
2010,9,18,Reynolds Cleared,16,28,22,34.6567454384498,-106.738602216398,Isleta Reach,Fall
2010,9,19,Reynolds Forest,.,24,24,34.657611462267496,-106.739436295579,Isleta Reach,Fall
2010,9,20,Route 66,32,57,44.5,35.1006512603,-106.691932797,Angostura Reach,Fall
2010,9,21,Badger,23,36,29.5,35.1955715759,-106.641632737,Angostura Reach,Fall
2010,9,22,Bobcat,24,45,34.5,35.2010747789,-106.641162297,Angostura Reach,Fall
2010,9,23,BioPark,35,47,41,35.0799846256,-106.669723455,Angostura Reach,Fall
2010,9,24,Santo Domingo,25.2,37,31.1,35.50989,-106.3896,Cochiti Reach,Fall
2010,9,25,Crawford,.,.,.,34.637561057629,-106.74347269011,Isleta Reach,Fall
2010,10,1,Alameda,36,27,31.5,35.1880598884,-106.646949118,Angostura Reach,Fall
2010,10,2,Rio Grande Nature Center,19,22,20.5,35.1267624154,-106.688450012,Angostura Reach,Fall
2010,10,3,Los Lunas,34,37.5,35.75,34.8123850767529,-106.714471968474,Isleta Reach,Fall
2010,10,4,Belen,20.3,25.4,22.85,34.6481124155284,-106.737727748983,Isleta Reach,Fall
2010,10,5,Santa Ana,0,1,0.5,35.34284,-106.5458,Angostura Reach,Fall
2010,10,6,Savannah,19,27,23,35.1428674147,-106.681982289,Angostura Reach,Fall
2010,10,7,Lemitar,8.5,16,12.25,34.1670457032,-106.889953039,San Acacia Reach,Fall
2010,10,8,Hispanic Cultural Center,29,38,33.5,35.0688083802,-106.65807622,Angostura Reach,Fall
2010,10,10,Diversion,3.5,35,19.25,35.191618922399996,-106.643382687,Angostura Reach,Fall
2010,10,11,Calabacillas,23,26,24.5,35.1946222612,-106.646350963,Angostura Reach,Fall
2010,10,12,Minnow,17.5,30,23.75,35.1972256042,-106.644122231,Angostura Reach,Fall
2010,10,13,Harrison,0,0.5,0.25,35.0150622305,-106.673722917,Angostura Reach,Fall
2010,10,14,Sevilleta,8,10,9,34.2586573236,-106.883372761,San Acacia Reach,Fall
2010,10,15,Valencia Cleared,20,29,24.5,34.6486505386211,-106.739180486447,Isleta Reach,Fall
2010,10,16,Valencia Forest,27.5,26.5,27,34.6472147233729,-106.738922864063,Isleta Reach,Fall
2010,10,17,Montano,20,31,25.5,35.1452628545,-106.680332705,Angostura Reach,Fall
2010,10,18,Reynolds Cleared,10,14,12,34.6567454384498,-106.738602216398,Isleta Reach,Fall
2010,10,19,Reynolds Forest,11,13,12,34.657611462267496,-106.739436295579,Isleta Reach,Fall
2010,10,20,Route 66,4,5,4.5,35.1006512603,-106.691932797,Angostura Reach,Fall
2010,10,21,Badger,1.5,6,3.75,35.1955715759,-106.641632737,Angostura Reach,Fall
2010,10,22,Bobcat,4,7,5.5,35.2010747789,-106.641162297,Angostura Reach,Fall
2010,10,23,BioPark,6.5,10.5,8.5,35.0799846256,-106.669723455,Angostura Reach,Fall
2010,10,24,Santo Domingo,30,46,38,35.50989,-106.3896,Cochiti Reach,Fall
2010,10,25,Crawford,.,.,.,34.637561057629,-106.74347269011,Isleta Reach,Fall
2010,11,1,Alameda,9.5,3.5,6.5,35.1880598884,-106.646949118,Angostura Reach,Winter
2010,11,2,Rio Grande Nature Center,7,6,6.5,35.1267624154,-106.688450012,Angostura Reach,Winter
2010,11,3,Los Lunas,8.75,13,10.875,34.8123850767529,-106.714471968474,Isleta Reach,Winter
2010,11,4,Belen,14,10,12,34.6481124155284,-106.737727748983,Isleta Reach,Winter
2010,11,5,Santa Ana,9,13,11,35.34284,-106.5458,Angostura Reach,Winter
2010,11,6,Savannah,5,10,7.5,35.1428674147,-106.681982289,Angostura Reach,Winter
2010,11,7,Lemitar,2.5,5.2,3.85,34.1670457032,-106.889953039,San Acacia Reach,Winter
2010,11,8,Hispanic Cultural Center,0,0,0,35.0688083802,-106.65807622,Angostura Reach,Winter
2010,11,10,Diversion,0,0,0,35.191618922399996,-106.643382687,Angostura Reach,Winter
2010,11,11,Calabacillas,5,.,5,35.1946222612,-106.646350963,Angostura Reach,Winter
2010,11,12,Minnow,1,8,4.5,35.1972256042,-106.644122231,Angostura Reach,Winter
2010,11,13,Harrison,2,4,3,35.0150622305,-106.673722917,Angostura Reach,Winter
2010,11,14,Sevilleta,6,7,6.5,34.2586573236,-106.883372761,San Acacia Reach,Winter
2010,11,15,Valencia Cleared,11.75,7.5,9.625,34.6486505386211,-106.739180486447,Isleta Reach,Winter
2010,11,16,Valencia Forest,12,11.5,11.75,34.6472147233729,-106.738922864063,Isleta Reach,Winter
2010,11,17,Montano,0,9,4.5,35.1452628545,-106.680332705,Angostura Reach,Winter
2010,11,18,Reynolds Cleared,0,1.5,0.75,34.6567454384498,-106.738602216398,Isleta Reach,Winter
2010,11,19,Reynolds Forest,.,1.75,1.75,34.657611462267496,-106.739436295579,Isleta Reach,Winter
2010,11,20,Route 66,2,10,6,35.1006512603,-106.691932797,Angostura Reach,Winter
2010,11,21,Badger,3.75,3.5,3.625,35.1955715759,-106.641632737,Angostura Reach,Winter
2010,11,22,Bobcat,12.5,10,11.25,35.2010747789,-106.641162297,Angostura Reach,Winter
2010,11,23,BioPark,20,45,32.5,35.0799846256,-106.669723455,Angostura Reach,Winter
2010,11,24,Santo Domingo,17,15,16,35.50989,-106.3896,Cochiti Reach,Winter
2010,11,25,Crawford,.,.,.,34.637561057629,-106.74347269011,Isleta Reach,Winter
2010,12,1,Alameda,64,43,53.5,35.1880598884,-106.646949118,Angostura Reach,Winter
2010,12,2,Rio Grande Nature Center,40,43,41.5,35.1267624154,-106.688450012,Angostura Reach,Winter
2010,12,3,Los Lunas,13.5,14,13.75,34.8123850767529,-106.714471968474,Isleta Reach,Winter
2010,12,4,Belen,7.25,7.25,7.25,34.6481124155284,-106.737727748983,Isleta Reach,Winter
2010,12,5,Santa Ana,26,32,29,35.34284,-106.5458,Angostura Reach,Winter
2010,12,6,Savannah,38,45,41.5,35.1428674147,-106.681982289,Angostura Reach,Winter
2010,12,7,Lemitar,.,.,.,34.1670457032,-106.889953039,San Acacia Reach,Winter
2010,12,8,Hispanic Cultural Center,25,34,29.5,35.0688083802,-106.65807622,Angostura Reach,Winter
2010,12,10,Diversion,37,43,40,35.191618922399996,-106.643382687,Angostura Reach,Winter
2010,12,11,Calabacillas,42,45,43.5,35.1946222612,-106.646350963,Angostura Reach,Winter
2010,12,12,Minnow,28,45,36.5,35.1972256042,-106.644122231,Angostura Reach,Winter
2010,12,13,Harrison,17,24,20.5,35.0150622305,-106.673722917,Angostura Reach,Winter
2010,12,14,Sevilleta,1.5,3,2.25,34.2586573236,-106.883372761,San Acacia Reach,Winter
2010,12,15,Valencia Cleared,6.5,7.25,6.875,34.6486505386211,-106.739180486447,Isleta Reach,Winter
2010,12,16,Valencia Forest,8,7.5,7.75,34.6472147233729,-106.738922864063,Isleta Reach,Winter
2010,12,17,Montano,35,44,39.5,35.1452628545,-106.680332705,Angostura Reach,Winter
2010,12,18,Reynolds Cleared,2.75,7,4.875,34.6567454384498,-106.738602216398,Isleta Reach,Winter
2010,12,19,Reynolds Forest,.,7.5,7.5,34.657611462267496,-106.739436295579,Isleta Reach,Winter
2010,12,20,Route 66,17,40,28.5,35.1006512603,-106.691932797,Angostura Reach,Winter
2010,12,21,Badger,38,.,38,35.1955715759,-106.641632737,Angostura Reach,Winter
2010,12,22,Bobcat,31,44,37.5,35.2010747789,-106.641162297,Angostura Reach,Winter
2010,12,23,BioPark,31,36,33.5,35.0799846256,-106.669723455,Angostura Reach,Winter
2010,12,24,Santo Domingo,23,10,16.5,35.50989,-106.3896,Cochiti Reach,Winter
2010,12,25,Crawford,.,.,.,34.637561057629,-106.74347269011,Isleta Reach,Winter
2011,1,1,Alameda,2.5,3,2.75,35.1880598884,-106.646949118,Angostura Reach,Winter
2011,1,2,Rio Grande Nature Center,2,3,2.5,35.1267624154,-106.688450012,Angostura Reach,Winter
2011,1,3,Los Lunas,2.5,2.5,2.5,34.8123850767529,-106.714471968474,Isleta Reach,Winter
2011,1,4,Belen,4.5,4,4.25,34.6481124155284,-106.737727748983,Isleta Reach,Winter
2011,1,5,Santa Ana,2.5,3,2.75,35.34284,-106.5458,Angostura Reach,Winter
2011,1,6,Savannah,2,4.25,3.125,35.1428674147,-106.681982289,Angostura Reach,Winter
2011,1,7,Lemitar,.,.,.,34.1670457032,-106.889953039,San Acacia Reach,Winter
2011,1,8,Hispanic Cultural Center,6,6,6,35.0688083802,-106.65807622,Angostura Reach,Winter
2011,1,10,Diversion,2.5,4.5,3.5,35.191618922399996,-106.643382687,Angostura Reach,Winter
2011,1,11,Calabacillas,2,1,1.5,35.1946222612,-106.646350963,Angostura Reach,Winter
2011,1,12,Minnow,3,4,3.5,35.1972256042,-106.644122231,Angostura Reach,Winter
2011,1,13,Harrison,1.7,1.8,1.75,35.0150622305,-106.673722917,Angostura Reach,Winter
2011,1,14,Sevilleta,1.5,2,1.75,34.2586573236,-106.883372761,San Acacia Reach,Winter
2011,1,15,Valencia Cleared,.,.,.,34.6486505386211,-106.739180486447,Isleta Reach,Winter
2011,1,16,Valencia Forest,.,.,.,34.6472147233729,-106.738922864063,Isleta Reach,Winter
2011,1,17,Montano,0,3.5,1.75,35.1452628545,-106.680332705,Angostura Reach,Winter
2011,1,18,Reynolds Cleared,1,1.3,1.15,34.6567454384498,-106.738602216398,Isleta Reach,Winter
2011,1,19,Reynolds Forest,0.5,1,0.75,34.657611462267496,-106.739436295579,Isleta Reach,Winter
2011,1,20,Route 66,7,5,6,35.1006512603,-106.691932797,Angostura Reach,Winter
2011,1,21,Badger,1.5,4,2.75,35.1955715759,-106.641632737,Angostura Reach,Winter
2011,1,22,Bobcat,2.5,4,3.25,35.2010747789,-106.641162297,Angostura Reach,Winter
2011,1,23,BioPark,1.5,2.5,2,35.0799846256,-106.669723455,Angostura Reach,Winter
2011,1,24,Santo Domingo,4,4.5,4.25,35.50989,-106.3896,Cochiti Reach,Winter
2011,1,25,Crawford,.,.,.,34.637561057629,-106.74347269011,Isleta Reach,Winter
2011,2,1,Alameda,3,3.5,3.25,35.1880598884,-106.646949118,Angostura Reach,Winter
2011,2,2,Rio Grande Nature Center,1,1,1,35.1267624154,-106.688450012,Angostura Reach,Winter
2011,2,3,Los Lunas,5,9.5,7.25,34.8123850767529,-106.714471968474,Isleta Reach,Winter
2011,2,4,Belen,7,9,8,34.6481124155284,-106.737727748983,Isleta Reach,Winter
2011,2,5,Santa Ana,1.5,2,1.75,35.34284,-106.5458,Angostura Reach,Winter
2011,2,6,Savannah,1.5,1.5,1.5,35.1428674147,-106.681982289,Angostura Reach,Winter
2011,2,7,Lemitar,2.8,3.2,3,34.1670457032,-106.889953039,San Acacia Reach,Winter
2011,2,8,Hispanic Cultural Center,2.5,.,2.5,35.0688083802,-106.65807622,Angostura Reach,Winter
2011,2,10,Diversion,0,3,1.5,35.191618922399996,-106.643382687,Angostura Reach,Winter
2011,2,11,Calabacillas,3.5,3,3.25,35.1946222612,-106.646350963,Angostura Reach,Winter
2011,2,12,Minnow,2.25,4,3.125,35.1972256042,-106.644122231,Angostura Reach,Winter
2011,2,13,Harrison,1.5,2.5,2,35.0150622305,-106.673722917,Angostura Reach,Winter
2011,2,14,Sevilleta,3.5,5,4.25,34.2586573236,-106.883372761,San Acacia Reach,Winter
2011,2,15,Valencia Cleared,6.5,6,6.25,34.6486505386211,-106.739180486447,Isleta Reach,Winter
2011,2,16,Valencia Forest,9,8.8,8.9,34.6472147233729,-106.738922864063,Isleta Reach,Winter
2011,2,17,Montano,1,1.1,1.05,35.1452628545,-106.680332705,Angostura Reach,Winter
2011,2,18,Reynolds Cleared,5.5,8,6.75,34.6567454384498,-106.738602216398,Isleta Reach,Winter
2011,2,19,Reynolds Forest,6.6,9,7.8,34.657611462267496,-106.739436295579,Isleta Reach,Winter
2011,2,20,Route 66,2.5,3.5,3,35.1006512603,-106.691932797,Angostura Reach,Winter
2011,2,21,Badger,1.5,2.5,2,35.1955715759,-106.641632737,Angostura Reach,Winter
2011,2,22,Bobcat,.,.,.,35.2010747789,-106.641162297,Angostura Reach,Winter
2011,2,23,BioPark,2.5,2.5,2.5,35.0799846256,-106.669723455,Angostura Reach,Winter
2011,2,24,Santo Domingo,3.5,6,4.75,35.50989,-106.3896,Cochiti Reach,Winter
2011,2,25,Crawford,.,.,.,34.637561057629,-106.74347269011,Isleta Reach,Winter
2011,3,1,Alameda,0,0,0,35.1880598884,-106.646949118,Angostura Reach,Spring
2011,3,2,Rio Grande Nature Center,0,0,0,35.1267624154,-106.688450012,Angostura Reach,Spring
2011,3,3,Los Lunas,0,0,0,34.8123850767529,-106.714471968474,Isleta Reach,Spring
2011,3,4,Belen,0,2,1,34.6481124155284,-106.737727748983,Isleta Reach,Spring
2011,3,5,Santa Ana,0.05,0.05,0.05,35.34284,-106.5458,Angostura Reach,Spring
2011,3,6,Savannah,0,0,0,35.1428674147,-106.681982289,Angostura Reach,Spring
2011,3,7,Lemitar,0,0,0,34.1670457032,-106.889953039,San Acacia Reach,Spring
2011,3,8,Hispanic Cultural Center,4.4,4,4.2,35.0688083802,-106.65807622,Angostura Reach,Spring
2011,3,10,Diversion,0,0,0,35.191618922399996,-106.643382687,Angostura Reach,Spring
2011,3,11,Calabacillas,0,0,0,35.1946222612,-106.646350963,Angostura Reach,Spring
2011,3,12,Minnow,0,0,0,35.1972256042,-106.644122231,Angostura Reach,Spring
2011,3,13,Harrison,0,0,0,35.0150622305,-106.673722917,Angostura Reach,Spring
2011,3,14,Sevilleta,0,1,0.5,34.2586573236,-106.883372761,San Acacia Reach,Spring
2011,3,15,Valencia Cleared,0,0,0,34.6486505386211,-106.739180486447,Isleta Reach,Spring
2011,3,16,Valencia Forest,0,0,0,34.6472147233729,-106.738922864063,Isleta Reach,Spring
2011,3,17,Montano,0,0,0,35.1452628545,-106.680332705,Angostura Reach,Spring
2011,3,18,Reynolds Cleared,0,0,0,34.6567454384498,-106.738602216398,Isleta Reach,Spring
2011,3,19,Reynolds Forest,0,0,0,34.657611462267496,-106.739436295579,Isleta Reach,Spring
2011,3,20,Route 66,0,0,0,35.1006512603,-106.691932797,Angostura Reach,Spring
2011,3,21,Badger,0,0,0,35.1955715759,-106.641632737,Angostura Reach,Spring
2011,3,22,Bobcat,0,0,0,35.2010747789,-106.641162297,Angostura Reach,Spring
2011,3,23,BioPark,0,0,0,35.0799846256,-106.669723455,Angostura Reach,Spring
2011,3,24,Santo Domingo,.,.,.,35.50989,-106.3896,Cochiti Reach,Spring
2011,3,25,Crawford,.,.,.,34.637561057629,-106.74347269011,Isleta Reach,Spring
2011,4,1,Alameda,0,0.75,0.375,35.1880598884,-106.646949118,Angostura Reach,Spring
2011,4,2,Rio Grande Nature Center,0,0,0,35.1267624154,-106.688450012,Angostura Reach,Spring
2011,4,3,Los Lunas,0,0,0,34.8123850767529,-106.714471968474,Isleta Reach,Spring
2011,4,4,Belen,0,0,0,34.6481124155284,-106.737727748983,Isleta Reach,Spring
2011,4,5,Santa Ana,0,0,0,35.34284,-106.5458,Angostura Reach,Spring
2011,4,6,Savannah,0,0,0,35.1428674147,-106.681982289,Angostura Reach,Spring
2011,4,7,Lemitar,0,0,0,34.1670457032,-106.889953039,San Acacia Reach,Spring
2011,4,8,Hispanic Cultural Center,0,0.25,0.125,35.0688083802,-106.65807622,Angostura Reach,Spring
2011,4,10,Diversion,0.5,0,0.25,35.191618922399996,-106.643382687,Angostura Reach,Spring
2011,4,11,Calabacillas,0,.,0,35.1946222612,-106.646350963,Angostura Reach,Spring
2011,4,12,Minnow,0,1,0.5,35.1972256042,-106.644122231,Angostura Reach,Spring
2011,4,13,Harrison,0,0.75,0.375,35.0150622305,-106.673722917,Angostura Reach,Spring
2011,4,14,Sevilleta,0,0,0,34.2586573236,-106.883372761,San Acacia Reach,Spring
2011,4,15,Valencia Cleared,0,0,0,34.6486505386211,-106.739180486447,Isleta Reach,Spring
2011,4,16,Valencia Forest,0,0,0,34.6472147233729,-106.738922864063,Isleta Reach,Spring
2011,4,17,Montano,1,3.5,2.25,35.1452628545,-106.680332705,Angostura Reach,Spring
2011,4,18,Reynolds Cleared,0,0,0,34.6567454384498,-106.738602216398,Isleta Reach,Spring
2011,4,19,Reynolds Forest,0,0,0,34.657611462267496,-106.739436295579,Isleta Reach,Spring
2011,4,20,Route 66,0,0,0,35.1006512603,-106.691932797,Angostura Reach,Spring
2011,4,21,Badger,0,0.6,0.3,35.1955715759,-106.641632737,Angostura Reach,Spring
2011,4,22,Bobcat,.,.,.,35.2010747789,-106.641162297,Angostura Reach,Spring
2011,4,23,BioPark,1,1.5,1.25,35.0799846256,-106.669723455,Angostura Reach,Spring
2011,4,24,Santo Domingo,1.5,3,2.25,35.50989,-106.3896,Cochiti Reach,Spring
2011,4,25,Crawford,.,.,.,34.637561057629,-106.74347269011,Isleta Reach,Spring
2011,5,1,Alameda,0,0.2,0.1,35.1880598884,-106.646949118,Angostura Reach,Spring
2011,5,2,Rio Grande Nature Center,0,0,0,35.1267624154,-106.688450012,Angostura Reach,Spring
2011,5,3,Los Lunas,0,0,0,34.8123850767529,-106.714471968474,Isleta Reach,Spring
2011,5,4,Belen,0,0,0,34.6481124155284,-106.737727748983,Isleta Reach,Spring
2011,5,5,Santa Ana,0,0,0,35.34284,-106.5458,Angostura Reach,Spring
2011,5,6,Savannah,0,0.2,0.1,35.1428674147,-106.681982289,Angostura Reach,Spring
2011,5,7,Lemitar,0,0.75,0.375,34.1670457032,-106.889953039,San Acacia Reach,Spring
2011,5,8,Hispanic Cultural Center,0,1,0.5,35.0688083802,-106.65807622,Angostura Reach,Spring
2011,5,10,Diversion,0.2,0.2,0.2,35.191618922399996,-106.643382687,Angostura Reach,Spring
2011,5,11,Calabacillas,0,0,0,35.1946222612,-106.646350963,Angostura Reach,Spring
2011,5,12,Minnow,0,0,0,35.1972256042,-106.644122231,Angostura Reach,Spring
2011,5,13,Harrison,0,0,0,35.0150622305,-106.673722917,Angostura Reach,Spring
2011,5,14,Sevilleta,0,0,0,34.2586573236,-106.883372761,San Acacia Reach,Spring
2011,5,15,Valencia Cleared,0,1,0.5,34.6486505386211,-106.739180486447,Isleta Reach,Spring
2011,5,16,Valencia Forest,1.4,0.9,1.15,34.6472147233729,-106.738922864063,Isleta Reach,Spring
2011,5,17,Montano,0.2,0,0.1,35.1452628545,-106.680332705,Angostura Reach,Spring
2011,5,18,Reynolds Cleared,0,1.5,0.75,34.6567454384498,-106.738602216398,Isleta Reach,Spring
2011,5,19,Reynolds Forest,0,1.5,0.75,34.657611462267496,-106.739436295579,Isleta Reach,Spring
2011,5,20,Route 66,0,0,0,35.1006512603,-106.691932797,Angostura Reach,Spring
2011,5,21,Badger,0,0,0,35.1955715759,-106.641632737,Angostura Reach,Spring
2011,5,22,Bobcat,0,0,0,35.2010747789,-106.641162297,Angostura Reach,Spring
2011,5,23,BioPark,0,0,0,35.0799846256,-106.669723455,Angostura Reach,Spring
2011,5,24,Santo Domingo,.,.,.,35.50989,-106.3896,Cochiti Reach,Spring
2011,5,25,Crawford,.,.,.,34.637561057629,-106.74347269011,Isleta Reach,Spring
2011,6,1,Alameda,.,0,0,35.1880598884,-106.646949118,Angostura Reach,Monsoon
2011,6,2,Rio Grande Nature Center,0,.,0,35.1267624154,-106.688450012,Angostura Reach,Monsoon
2011,6,3,Los Lunas,1,2.5,1.75,34.8123850767529,-106.714471968474,Isleta Reach,Monsoon
2011,6,4,Belen,0,.,0,34.6481124155284,-106.737727748983,Isleta Reach,Monsoon
2011,6,5,Santa Ana,0,0,0,35.34284,-106.5458,Angostura Reach,Monsoon
2011,6,6,Savannah,0,.,0,35.1428674147,-106.681982289,Angostura Reach,Monsoon
2011,6,7,Lemitar,0,.,0,34.1670457032,-106.889953039,San Acacia Reach,Monsoon
2011,6,8,Hispanic Cultural Center,0,0,0,35.0688083802,-106.65807622,Angostura Reach,Monsoon
2011,6,10,Diversion,0,0,0,35.191618922399996,-106.643382687,Angostura Reach,Monsoon
2011,6,11,Calabacillas,0,0,0,35.1946222612,-106.646350963,Angostura Reach,Monsoon
2011,6,12,Minnow,0,0,0,35.1972256042,-106.644122231,Angostura Reach,Monsoon
2011,6,13,Harrison,0,0,0,35.0150622305,-106.673722917,Angostura Reach,Monsoon
2011,6,14,Sevilleta,0,0,0,34.2586573236,-106.883372761,San Acacia Reach,Monsoon
2011,6,15,Valencia Cleared,0,0,0,34.6486505386211,-106.739180486447,Isleta Reach,Monsoon
2011,6,16,Valencia Forest,0,0,0,34.6472147233729,-106.738922864063,Isleta Reach,Monsoon
2011,6,17,Montano,0,0,0,35.1452628545,-106.680332705,Angostura Reach,Monsoon
2011,6,18,Reynolds Cleared,0,1.25,0.625,34.6567454384498,-106.738602216398,Isleta Reach,Monsoon
2011,6,19,Reynolds Forest,0,2,1,34.657611462267496,-106.739436295579,Isleta Reach,Monsoon
2011,6,20,Route 66,0,0,0,35.1006512603,-106.691932797,Angostura Reach,Monsoon
2011,6,21,Badger,0,0,0,35.1955715759,-106.641632737,Angostura Reach,Monsoon
2011,6,22,Bobcat,0,0,0,35.2010747789,-106.641162297,Angostura Reach,Monsoon
2011,6,23,BioPark,0,0,0,35.0799846256,-106.669723455,Angostura Reach,Monsoon
2011,6,24,Santo Domingo,0,0,0,35.50989,-106.3896,Cochiti Reach,Monsoon
2011,6,25,Crawford,.,.,.,34.637561057629,-106.74347269011,Isleta Reach,Monsoon
2011,6,26,Mesilla,0,0,0,32.248328,-106.821014,South of San Marcial Reach,Monsoon
2011,7,1,Alameda,0.75,3,1.875,35.1880598884,-106.646949118,Angostura Reach,Monsoon
2011,7,2,Rio Grande Nature Center,3.5,7.75,5.625,35.1267624154,-106.688450012,Angostura Reach,Monsoon
2011,7,3,Los Lunas,5.5,6.5,6,34.8123850767529,-106.714471968474,Isleta Reach,Monsoon
2011,7,4,Belen,3,5.5,4.25,34.6481124155284,-106.737727748983,Isleta Reach,Monsoon
2011,7,5,Santa Ana,0,0.75,0.375,35.34284,-106.5458,Angostura Reach,Monsoon
2011,7,6,Savannah,2.5,.,2.5,35.1428674147,-106.681982289,Angostura Reach,Monsoon
2011,7,7,Lemitar,1.2,.,1.2,34.1670457032,-106.889953039,San Acacia Reach,Monsoon
2011,7,8,Hispanic Cultural Center,0,1.3,0.65,35.0688083802,-106.65807622,Angostura Reach,Monsoon
2011,7,10,Diversion,0,.,0,35.191618922399996,-106.643382687,Angostura Reach,Monsoon
2011,7,11,Calabacillas,1,2.5,1.75,35.1946222612,-106.646350963,Angostura Reach,Monsoon
2011,7,12,Minnow,0,.,0,35.1972256042,-106.644122231,Angostura Reach,Monsoon
2011,7,13,Harrison,2.5,6,4.25,35.0150622305,-106.673722917,Angostura Reach,Monsoon
2011,7,14,Sevilleta,0,3,1.5,34.2586573236,-106.883372761,San Acacia Reach,Monsoon
2011,7,15,Valencia Cleared,1,5,3,34.6486505386211,-106.739180486447,Isleta Reach,Monsoon
2011,7,16,Valencia Forest,6,7.3,6.65,34.6472147233729,-106.738922864063,Isleta Reach,Monsoon
2011,7,17,Montano,0,0,0,35.1452628545,-106.680332705,Angostura Reach,Monsoon
2011,7,18,Reynolds Cleared,1.5,5,3.25,34.6567454384498,-106.738602216398,Isleta Reach,Monsoon
2011,7,19,Reynolds Forest,2.4,5.6,4,34.657611462267496,-106.739436295579,Isleta Reach,Monsoon
2011,7,20,Route 66,1.5,4.5,3,35.1006512603,-106.691932797,Angostura Reach,Monsoon
2011,7,21,Badger,0,1,0.5,35.1955715759,-106.641632737,Angostura Reach,Monsoon
2011,7,22,Bobcat,0,2.25,1.125,35.2010747789,-106.641162297,Angostura Reach,Monsoon
2011,7,23,BioPark,0.6,2.2,1.4,35.0799846256,-106.669723455,Angostura Reach,Monsoon
2011,7,24,Santo Domingo,1,3.5,2.25,35.50989,-106.3896,Cochiti Reach,Monsoon
2011,7,25,Crawford,.,.,.,34.637561057629,-106.74347269011,Isleta Reach,Monsoon
2011,7,26,Mesilla,26,34,30,32.248328,-106.821014,South of San Marcial Reach,Monsoon
2011,8,1,Alameda,7,14,10.5,35.1880598884,-106.646949118,Angostura Reach,Monsoon
2011,8,2,Rio Grande Nature Center,40,48,44,35.1267624154,-106.688450012,Angostura Reach,Monsoon
2011,8,3,Los Lunas,27,37,32,34.8123850767529,-106.714471968474,Isleta Reach,Monsoon
2011,8,4,Belen,27,30,28.5,34.6481124155284,-106.737727748983,Isleta Reach,Monsoon
2011,8,5,Santa Ana,18,22,20,35.34284,-106.5458,Angostura Reach,Monsoon
2011,8,6,Savannah,23,.,23,35.1428674147,-106.681982289,Angostura Reach,Monsoon
2011,8,7,Lemitar,43,.,43,34.1670457032,-106.889953039,San Acacia Reach,Monsoon
2011,8,8,Hispanic Cultural Center,10,17,13.5,35.0688083802,-106.65807622,Angostura Reach,Monsoon
2011,8,10,Diversion,0.75,10,5.375,35.191618922399996,-106.643382687,Angostura Reach,Monsoon
2011,8,11,Calabacillas,4.3,11,7.65,35.1946222612,-106.646350963,Angostura Reach,Monsoon
2011,8,12,Minnow,1.5,.,1.5,35.1972256042,-106.644122231,Angostura Reach,Monsoon
2011,8,13,Harrison,5,12.5,8.75,35.0150622305,-106.673722917,Angostura Reach,Monsoon
2011,8,14,Sevilleta,19.5,.,19.5,34.2586573236,-106.883372761,San Acacia Reach,Monsoon
2011,8,15,Valencia Cleared,16.5,31,23.75,34.6486505386211,-106.739180486447,Isleta Reach,Monsoon
2011,8,16,Valencia Forest,27.5,27.5,27.5,34.6472147233729,-106.738922864063,Isleta Reach,Monsoon
2011,8,17,Montano,23,45,34,35.1452628545,-106.680332705,Angostura Reach,Monsoon
2011,8,18,Reynolds Cleared,16,30,23,34.6567454384498,-106.738602216398,Isleta Reach,Monsoon
2011,8,19,Reynolds Forest,22,28,25,34.657611462267496,-106.739436295579,Isleta Reach,Monsoon
2011,8,20,Route 66,13,36,24.5,35.1006512603,-106.691932797,Angostura Reach,Monsoon
2011,8,21,Badger,1,4.5,2.75,35.1955715759,-106.641632737,Angostura Reach,Monsoon
2011,8,22,Bobcat,1,10,5.5,35.2010747789,-106.641162297,Angostura Reach,Monsoon
2011,8,23,BioPark,14,23,18.5,35.0799846256,-106.669723455,Angostura Reach,Monsoon
2011,8,24,Santo Domingo,15.5,25,20.25,35.50989,-106.3896,Cochiti Reach,Monsoon
2011,8,25,Crawford,.,.,.,34.637561057629,-106.74347269011,Isleta Reach,Monsoon
2011,8,26,Mesilla,16,30,23,32.248328,-106.821014,South of San Marcial Reach,Monsoon
2011,9,1,Alameda,18,26,22,35.1880598884,-106.646949118,Angostura Reach,Fall
2011,9,2,Rio Grande Nature Center,21,33,27,35.1267624154,-106.688450012,Angostura Reach,Fall
2011,9,3,Los Lunas,42.5,57,49.75,34.8123850767529,-106.714471968474,Isleta Reach,Fall
2011,9,4,Belen,27,27,27,34.6481124155284,-106.737727748983,Isleta Reach,Fall
2011,9,5,Santa Ana,28,44,36,35.34284,-106.5458,Angostura Reach,Fall
2011,9,6,Savannah,21,47,34,35.1428674147,-106.681982289,Angostura Reach,Fall
2011,9,7,Lemitar,20,33,26.5,34.1670457032,-106.889953039,San Acacia Reach,Fall
2011,9,8,Hispanic Cultural Center,55,69,62,35.0688083802,-106.65807622,Angostura Reach,Fall
2011,9,10,Diversion,9,23.5,16.25,35.191618922399996,-106.643382687,Angostura Reach,Fall
2011,9,11,Calabacillas,11,24,17.5,35.1946222612,-106.646350963,Angostura Reach,Fall
2011,9,12,Minnow,13,.,13,35.1972256042,-106.644122231,Angostura Reach,Fall
2011,9,13,Harrison,24.5,42,33.25,35.0150622305,-106.673722917,Angostura Reach,Fall
2011,9,14,Sevilleta,20,28,24,34.2586573236,-106.883372761,San Acacia Reach,Fall
2011,9,15,Valencia Cleared,18,31,24.5,34.6486505386211,-106.739180486447,Isleta Reach,Fall
2011,9,16,Valencia Forest,31.5,32,31.75,34.6472147233729,-106.738922864063,Isleta Reach,Fall
2011,9,17,Montano,22,52,37,35.1452628545,-106.680332705,Angostura Reach,Fall
2011,9,18,Reynolds Cleared,12,18,15,34.6567454384498,-106.738602216398,Isleta Reach,Fall
2011,9,19,Reynolds Forest,16.5,22.7,19.6,34.657611462267496,-106.739436295579,Isleta Reach,Fall
2011,9,20,Route 66,11,33,22,35.1006512603,-106.691932797,Angostura Reach,Fall
2011,9,21,Badger,8.5,23,15.75,35.1955715759,-106.641632737,Angostura Reach,Fall
2011,9,22,Bobcat,11,.,11,35.2010747789,-106.641162297,Angostura Reach,Fall
2011,9,23,BioPark,42,51,46.5,35.0799846256,-106.669723455,Angostura Reach,Fall
2011,9,24,Santo Domingo,43,61,52,35.50989,-106.3896,Cochiti Reach,Fall
2011,9,25,Crawford,28,31,29.5,34.637561057629,-106.74347269011,Isleta Reach,Fall
2011,9,26,Mesilla,17,30,23.5,32.248328,-106.821014,South of San Marcial Reach,Fall
2011,10,1,Alameda,37,32,34.5,35.1880598884,-106.646949118,Angostura Reach,Fall
2011,10,2,Rio Grande Nature Center,31,35.5,33.25,35.1267624154,-106.688450012,Angostura Reach,Fall
2011,10,3,Los Lunas,21.5,26,23.75,34.8123850767529,-106.714471968474,Isleta Reach,Fall
2011,10,4,Belen,14,23,18.5,34.6481124155284,-106.737727748983,Isleta Reach,Fall
2011,10,5,Santa Ana,36,45,40.5,35.34284,-106.5458,Angostura Reach,Fall
2011,10,6,Savannah,20,35,27.5,35.1428674147,-106.681982289,Angostura Reach,Fall
2011,10,7,Lemitar,12,17,14.5,34.1670457032,-106.889953039,San Acacia Reach,Fall
2011,10,8,Hispanic Cultural Center,22,32,27,35.0688083802,-106.65807622,Angostura Reach,Fall
2011,10,10,Diversion,21,37,29,35.191618922399996,-106.643382687,Angostura Reach,Fall
2011,10,11,Calabacillas,31,36,33.5,35.1946222612,-106.646350963,Angostura Reach,Fall
2011,10,12,Minnow,21,.,21,35.1972256042,-106.644122231,Angostura Reach,Fall
2011,10,13,Harrison,22,37,29.5,35.0150622305,-106.673722917,Angostura Reach,Fall
2011,10,14,Sevilleta,13.8,21.8,17.8,34.2586573236,-106.883372761,San Acacia Reach,Fall
2011,10,15,Valencia Cleared,.,22,22,34.6486505386211,-106.739180486447,Isleta Reach,Fall
2011,10,16,Valencia Forest,.,23.5,23.5,34.6472147233729,-106.738922864063,Isleta Reach,Fall
2011,10,17,Montano,.,36,36,35.1452628545,-106.680332705,Angostura Reach,Fall
2011,10,18,Reynolds Cleared,7.5,20,13.75,34.6567454384498,-106.738602216398,Isleta Reach,Fall
2011,10,19,Reynolds Forest,16,24,20,34.657611462267496,-106.739436295579,Isleta Reach,Fall
2011,10,20,Route 66,19,31,25,35.1006512603,-106.691932797,Angostura Reach,Fall
2011,10,21,Badger,24,36,30,35.1955715759,-106.641632737,Angostura Reach,Fall
2011,10,22,Bobcat,18,.,18,35.2010747789,-106.641162297,Angostura Reach,Fall
2011,10,23,BioPark,25.3,35,30.15,35.0799846256,-106.669723455,Angostura Reach,Fall
2011,10,24,Santo Domingo,26,41,33.5,35.50989,-106.3896,Cochiti Reach,Fall
2011,10,25,Crawford,19,22,20.5,34.637561057629,-106.74347269011,Isleta Reach,Fall
2011,10,26,Mesilla,5.5,7,6.25,32.248328,-106.821014,South of San Marcial Reach,Fall
2011,11,1,Alameda,3.75,5,4.375,35.1880598884,-106.646949118,Angostura Reach,Winter
2011,11,2,Rio Grande Nature Center,5,6.5,5.75,35.1267624154,-106.688450012,Angostura Reach,Winter
2011,11,3,Los Lunas,2.5,4.5,3.5,34.8123850767529,-106.714471968474,Isleta Reach,Winter
2011,11,4,Belen,2.5,4.5,3.5,34.6481124155284,-106.737727748983,Isleta Reach,Winter
2011,11,5,Santa Ana,6.5,9,7.75,35.34284,-106.5458,Angostura Reach,Winter
2011,11,6,Savannah,2.5,.,2.5,35.1428674147,-106.681982289,Angostura Reach,Winter
2011,11,7,Lemitar,.,9.5,9.5,34.1670457032,-106.889953039,San Acacia Reach,Winter
2011,11,8,Hispanic Cultural Center,1.1,4.5,2.8,35.0688083802,-106.65807622,Angostura Reach,Winter
2011,11,10,Diversion,3.5,6.5,5,35.191618922399996,-106.643382687,Angostura Reach,Winter
2011,11,11,Calabacillas,3,7,5,35.1946222612,-106.646350963,Angostura Reach,Winter
2011,11,12,Minnow,1.2,3.6,2.4,35.1972256042,-106.644122231,Angostura Reach,Winter
2011,11,13,Harrison,2,7.5,4.75,35.0150622305,-106.673722917,Angostura Reach,Winter
2011,11,14,Sevilleta,.,0,0,34.2586573236,-106.883372761,San Acacia Reach,Winter
2011,11,15,Valencia Cleared,2.5,4.8,3.65,34.6486505386211,-106.739180486447,Isleta Reach,Winter
2011,11,16,Valencia Forest,5.5,6,5.75,34.6472147233729,-106.738922864063,Isleta Reach,Winter
2011,11,17,Montano,0,7,3.5,35.1452628545,-106.680332705,Angostura Reach,Winter
2011,11,18,Reynolds Cleared,0,3,1.5,34.6567454384498,-106.738602216398,Isleta Reach,Winter
2011,11,19,Reynolds Forest,3,5.5,4.25,34.657611462267496,-106.739436295579,Isleta Reach,Winter
2011,11,20,Route 66,2,5,3.5,35.1006512603,-106.691932797,Angostura Reach,Winter
2011,11,21,Badger,3.75,6.5,5.125,35.1955715759,-106.641632737,Angostura Reach,Winter
2011,11,22,Bobcat,1.8,7,4.4,35.2010747789,-106.641162297,Angostura Reach,Winter
2011,11,23,BioPark,1,3,2,35.0799846256,-106.669723455,Angostura Reach,Winter
2011,11,24,Santo Domingo,3,9,6,35.50989,-106.3896,Cochiti Reach,Winter
2011,11,25,Crawford,4,4.75,4.375,34.637561057629,-106.74347269011,Isleta Reach,Winter
2011,11,26,Mesilla,0,0.5,0.25,32.248328,-106.821014,South of San Marcial Reach,Winter
2011,12,1,Alameda,30,31,30.5,35.1880598884,-106.646949118,Angostura Reach,Winter
2011,12,2,Rio Grande Nature Center,16,18,17,35.1267624154,-106.688450012,Angostura Reach,Winter
2011,12,3,Los Lunas,43,38,40.5,34.8123850767529,-106.714471968474,Isleta Reach,Winter
2011,12,4,Belen,45,52,48.5,34.6481124155284,-106.737727748983,Isleta Reach,Winter
2011,12,5,Santa Ana,32,40,36,35.34284,-106.5458,Angostura Reach,Winter
2011,12,6,Savannah,13,18,15.5,35.1428674147,-106.681982289,Angostura Reach,Winter
2011,12,7,Lemitar,40,47,43.5,34.1670457032,-106.889953039,San Acacia Reach,Winter
2011,12,8,Hispanic Cultural Center,.,24,24,35.0688083802,-106.65807622,Angostura Reach,Winter
2011,12,10,Diversion,20,32,26,35.191618922399996,-106.643382687,Angostura Reach,Winter
2011,12,11,Calabacillas,28,31,29.5,35.1946222612,-106.646350963,Angostura Reach,Winter
2011,12,12,Minnow,18,.,18,35.1972256042,-106.644122231,Angostura Reach,Winter
2011,12,13,Harrison,22,32,27,35.0150622305,-106.673722917,Angostura Reach,Winter
2011,12,14,Sevilleta,.,35,35,34.2586573236,-106.883372761,San Acacia Reach,Winter
2011,12,15,Valencia Cleared,50,.,50,34.6486505386211,-106.739180486447,Isleta Reach,Winter
2011,12,16,Valencia Forest,54,53,53.5,34.6472147233729,-106.738922864063,Isleta Reach,Winter
2011,12,17,Montano,10,18,14,35.1452628545,-106.680332705,Angostura Reach,Winter
2011,12,18,Reynolds Cleared,34.5,50,42.25,34.6567454384498,-106.738602216398,Isleta Reach,Winter
2011,12,19,Reynolds Forest,47,52,49.5,34.657611462267496,-106.739436295579,Isleta Reach,Winter
2011,12,20,Route 66,13,20,16.5,35.1006512603,-106.691932797,Angostura Reach,Winter
2011,12,21,Badger,19,25,22,35.1955715759,-106.641632737,Angostura Reach,Winter
2011,12,22,Bobcat,10,20,15,35.2010747789,-106.641162297,Angostura Reach,Winter
2011,12,23,BioPark,15,22,18.5,35.0799846256,-106.669723455,Angostura Reach,Winter
2011,12,24,Santo Domingo,.,.,.,35.50989,-106.3896,Cochiti Reach,Winter
2011,12,25,Crawford,47,50,48.5,34.637561057629,-106.74347269011,Isleta Reach,Winter
2011,12,26,Mesilla,38,39,38.5,32.248328,-106.821014,South of San Marcial Reach,Winter
2012,1,1,Alameda,1.5,1.5,1.5,35.1880598884,-106.646949118,Angostura Reach,Winter
2012,1,2,Rio Grande Nature Center,9,9,9,35.1267624154,-106.688450012,Angostura Reach,Winter
2012,1,3,Los Lunas,0,1.9,0.95,34.8123850767529,-106.714471968474,Isleta Reach,Winter
2012,1,4,Belen,.,.,.,34.6481124155284,-106.737727748983,Isleta Reach,Winter
2012,1,5,Santa Ana,1.5,2,1.75,35.34284,-106.5458,Angostura Reach,Winter
2012,1,6,Savannah,10.5,0.05,5.275,35.1428674147,-106.681982289,Angostura Reach,Winter
2012,1,7,Lemitar,10,12.4,11.2,34.1670457032,-106.889953039,San Acacia Reach,Winter
2012,1,8,Hispanic Cultural Center,0,0.5,0.25,35.0688083802,-106.65807622,Angostura Reach,Winter
2012,1,10,Diversion,1,1,1,35.191618922399996,-106.643382687,Angostura Reach,Winter
2012,1,11,Calabacillas,0.5,0,0.25,35.1946222612,-106.646350963,Angostura Reach,Winter
2012,1,12,Minnow,0.5,1.2,0.85,35.1972256042,-106.644122231,Angostura Reach,Winter
2012,1,13,Harrison,0.75,0.75,0.75,35.0150622305,-106.673722917,Angostura Reach,Winter
2012,1,14,Sevilleta,.,7,7,34.2586573236,-106.883372761,San Acacia Reach,Winter
2012,1,15,Valencia Cleared,11,.,11,34.6486505386211,-106.739180486447,Isleta Reach,Winter
2012,1,16,Valencia Forest,12.5,13,12.75,34.6472147233729,-106.738922864063,Isleta Reach,Winter
2012,1,17,Montano,.,10,10,35.1452628545,-106.680332705,Angostura Reach,Winter
2012,1,18,Reynolds Cleared,12,9,10.5,34.6567454384498,-106.738602216398,Isleta Reach,Winter
2012,1,19,Reynolds Forest,8,12,10,34.657611462267496,-106.739436295579,Isleta Reach,Winter
2012,1,20,Route 66,2.5,8,5.25,35.1006512603,-106.691932797,Angostura Reach,Winter
2012,1,21,Badger,7,7,7,35.1955715759,-106.641632737,Angostura Reach,Winter
2012,1,22,Bobcat,9,8,8.5,35.2010747789,-106.641162297,Angostura Reach,Winter
2012,1,23,BioPark,5,6.5,5.75,35.0799846256,-106.669723455,Angostura Reach,Winter
2012,1,24,Santo Domingo,3.5,5.5,4.5,35.50989,-106.3896,Cochiti Reach,Winter
2012,1,25,Crawford,7.5,8.5,8,34.637561057629,-106.74347269011,Isleta Reach,Winter
2012,1,26,Mesilla,21,25,23,32.248328,-106.821014,South of San Marcial Reach,Winter
2012,2,1,Alameda,6,9.5,7.75,35.1880598884,-106.646949118,Angostura Reach,Winter
2012,2,2,Rio Grande Nature Center,9,10.5,9.75,35.1267624154,-106.688450012,Angostura Reach,Winter
2012,2,3,Los Lunas,11.5,12,11.75,34.8123850767529,-106.714471968474,Isleta Reach,Winter
2012,2,4,Belen,17,11,14,34.6481124155284,-106.737727748983,Isleta Reach,Winter
2012,2,5,Santa Ana,5,6.5,5.75,35.34284,-106.5458,Angostura Reach,Winter
2012,2,6,Savannah,6.5,9.5,8,35.1428674147,-106.681982289,Angostura Reach,Winter
2012,2,7,Lemitar,3.5,5.5,4.5,34.1670457032,-106.889953039,San Acacia Reach,Winter
2012,2,8,Hispanic Cultural Center,13,13,13,35.0688083802,-106.65807622,Angostura Reach,Winter
2012,2,10,Diversion,5,10,7.5,35.191618922399996,-106.643382687,Angostura Reach,Winter
2012,2,11,Calabacillas,6.5,.,6.5,35.1946222612,-106.646350963,Angostura Reach,Winter
2012,2,12,Minnow,6,9,7.5,35.1972256042,-106.644122231,Angostura Reach,Winter
2012,2,13,Harrison,10,18,14,35.0150622305,-106.673722917,Angostura Reach,Winter
2012,2,14,Sevilleta,6,7,6.5,34.2586573236,-106.883372761,San Acacia Reach,Winter
2012,2,15,Valencia Cleared,8.5,.,8.5,34.6486505386211,-106.739180486447,Isleta Reach,Winter
2012,2,16,Valencia Forest,11,13,12,34.6472147233729,-106.738922864063,Isleta Reach,Winter
2012,2,17,Montano,5,9,7,35.1452628545,-106.680332705,Angostura Reach,Winter
2012,2,18,Reynolds Cleared,8,11.5,9.75,34.6567454384498,-106.738602216398,Isleta Reach,Winter
2012,2,19,Reynolds Forest,11,11.5,11.25,34.657611462267496,-106.739436295579,Isleta Reach,Winter
2012,2,20,Route 66,15,12,13.5,35.1006512603,-106.691932797,Angostura Reach,Winter
2012,2,21,Badger,5.5,9.5,7.5,35.1955715759,-106.641632737,Angostura Reach,Winter
2012,2,22,Bobcat,4.5,9,6.75,35.2010747789,-106.641162297,Angostura Reach,Winter
2012,2,23,BioPark,12,15,13.5,35.0799846256,-106.669723455,Angostura Reach,Winter
2012,2,24,Santo Domingo,0.5,1.5,1,35.50989,-106.3896,Cochiti Reach,Winter
2012,2,25,Crawford,9.5,11,10.25,34.637561057629,-106.74347269011,Isleta Reach,Winter
2012,2,26,Mesilla,4,5,4.5,32.248328,-106.821014,South of San Marcial Reach,Winter
2012,2,27,Bosque Farm,.,.,.,34.8477697505695,-106.714997116643,Isleta Reach,Winter
2012,3,1,Alameda,3,4.5,3.75,35.1880598884,-106.646949118,Angostura Reach,Spring
2012,3,2,Rio Grande Nature Center,4.5,4.5,4.5,35.1267624154,-106.688450012,Angostura Reach,Spring
2012,3,3,Los Lunas,2,2.2,2.1,34.8123850767529,-106.714471968474,Isleta Reach,Spring
2012,3,4,Belen,1.5,2,1.75,34.6481124155284,-106.737727748983,Isleta Reach,Spring
2012,3,5,Santa Ana,2.7,3,2.85,35.34284,-106.5458,Angostura Reach,Spring
2012,3,6,Savannah,3.5,4.5,4,35.1428674147,-106.681982289,Angostura Reach,Spring
2012,3,7,Lemitar,2,4,3,34.1670457032,-106.889953039,San Acacia Reach,Spring
2012,3,8,Hispanic Cultural Center,4,4.25,4.125,35.0688083802,-106.65807622,Angostura Reach,Spring
2012,3,10,Diversion,3.5,4.5,4,35.191618922399996,-106.643382687,Angostura Reach,Spring
2012,3,11,Calabacillas,3.5,5,4.25,35.1946222612,-106.646350963,Angostura Reach,Spring
2012,3,12,Minnow,4.5,5,4.75,35.1972256042,-106.644122231,Angostura Reach,Spring
2012,3,13,Harrison,.,4.25,4.25,35.0150622305,-106.673722917,Angostura Reach,Spring
2012,3,14,Sevilleta,0.75,2,1.375,34.2586573236,-106.883372761,San Acacia Reach,Spring
2012,3,15,Valencia Cleared,2,.,2,34.6486505386211,-106.739180486447,Isleta Reach,Spring
2012,3,16,Valencia Forest,3,5,4,34.6472147233729,-106.738922864063,Isleta Reach,Spring
2012,3,17,Montano,6.5,5,5.75,35.1452628545,-106.680332705,Angostura Reach,Spring
2012,3,18,Reynolds Cleared,0.75,1.5,1.125,34.6567454384498,-106.738602216398,Isleta Reach,Spring
2012,3,19,Reynolds Forest,.,.,.,34.657611462267496,-106.739436295579,Isleta Reach,Spring
2012,3,20,Route 66,2.75,4.5,3.625,35.1006512603,-106.691932797,Angostura Reach,Spring
2012,3,21,Badger,3.5,5,4.25,35.1955715759,-106.641632737,Angostura Reach,Spring
2012,3,22,Bobcat,3.25,0,1.625,35.2010747789,-106.641162297,Angostura Reach,Spring
2012,3,23,BioPark,3.1,3.25,3.175,35.0799846256,-106.669723455,Angostura Reach,Spring
2012,3,24,Santo Domingo,5,7,6,35.50989,-106.3896,Cochiti Reach,Spring
2012,3,25,Crawford,2,2,2,34.637561057629,-106.74347269011,Isleta Reach,Spring
2012,3,26,Mesilla,0,0,0,32.248328,-106.821014,South of San Marcial Reach,Spring
2012,3,27,Bosque Farm,.,.,.,34.8477697505695,-106.714997116643,Isleta Reach,Spring
2012,4,1,Alameda,21,23,22,35.1880598884,-106.646949118,Angostura Reach,Spring
2012,4,2,Rio Grande Nature Center,19,22,20.5,35.1267624154,-106.688450012,Angostura Reach,Spring
2012,4,3,Los Lunas,14,17,15.5,34.8123850767529,-106.714471968474,Isleta Reach,Spring
2012,4,4,Belen,18,19,18.5,34.6481124155284,-106.737727748983,Isleta Reach,Spring
2012,4,5,Santa Ana,19,21,20,35.34284,-106.5458,Angostura Reach,Spring
2012,4,6,Savannah,15,.,15,35.1428674147,-106.681982289,Angostura Reach,Spring
2012,4,7,Lemitar,9,.,9,34.1670457032,-106.889953039,San Acacia Reach,Spring
2012,4,8,Hispanic Cultural Center,22,24,23,35.0688083802,-106.65807622,Angostura Reach,Spring
2012,4,10,Diversion,16,23,19.5,35.191618922399996,-106.643382687,Angostura Reach,Spring
2012,4,11,Calabacillas,20,26,23,35.1946222612,-106.646350963,Angostura Reach,Spring
2012,4,12,Minnow,16,.,16,35.1972256042,-106.644122231,Angostura Reach,Spring
2012,4,13,Harrison,23,25,24,35.0150622305,-106.673722917,Angostura Reach,Spring
2012,4,14,Sevilleta,15,20,17.5,34.2586573236,-106.883372761,San Acacia Reach,Spring
2012,4,15,Valencia Cleared,20,19,19.5,34.6486505386211,-106.739180486447,Isleta Reach,Spring
2012,4,16,Valencia Forest,20,20,20,34.6472147233729,-106.738922864063,Isleta Reach,Spring
2012,4,17,Montano,.,23,23,35.1452628545,-106.680332705,Angostura Reach,Spring
2012,4,18,Reynolds Cleared,12,19,15.5,34.6567454384498,-106.738602216398,Isleta Reach,Spring
2012,4,19,Reynolds Forest,20,19,19.5,34.657611462267496,-106.739436295579,Isleta Reach,Spring
2012,4,20,Route 66,11,22,16.5,35.1006512603,-106.691932797,Angostura Reach,Spring
2012,4,21,Badger,17,26,21.5,35.1955715759,-106.641632737,Angostura Reach,Spring
2012,4,22,Bobcat,17,25,21,35.2010747789,-106.641162297,Angostura Reach,Spring
2012,4,23,BioPark,19,24,21.5,35.0799846256,-106.669723455,Angostura Reach,Spring
2012,4,24,Santo Domingo,9,13,11,35.50989,-106.3896,Cochiti Reach,Spring
2012,4,25,Crawford,18,19,18.5,34.637561057629,-106.74347269011,Isleta Reach,Spring
2012,4,26,Mesilla,0,0,0,32.248328,-106.821014,South of San Marcial Reach,Spring
2012,4,27,Bosque Farm,.,.,.,34.8477697505695,-106.714997116643,Isleta Reach,Spring
2012,5,1,Alameda,7.5,5,6.25,35.1880598884,-106.646949118,Angostura Reach,Spring
2012,5,2,Rio Grande Nature Center,1,2,1.5,35.1267624154,-106.688450012,Angostura Reach,Spring
2012,5,3,Los Lunas,2,2.5,2.25,34.8123850767529,-106.714471968474,Isleta Reach,Spring
2012,5,4,Belen,30,20,25,34.6481124155284,-106.737727748983,Isleta Reach,Spring
2012,5,5,Santa Ana,11,9.5,10.25,35.34284,-106.5458,Angostura Reach,Spring
2012,5,6,Savannah,0,2,1,35.1428674147,-106.681982289,Angostura Reach,Spring
2012,5,7,Lemitar,1,1.75,1.375,34.1670457032,-106.889953039,San Acacia Reach,Spring
2012,5,8,Hispanic Cultural Center,3.5,6.5,5,35.0688083802,-106.65807622,Angostura Reach,Spring
2012,5,10,Diversion,1.5,3,2.25,35.191618922399996,-106.643382687,Angostura Reach,Spring
2012,5,11,Calabacillas,2.5,5,3.75,35.1946222612,-106.646350963,Angostura Reach,Spring
2012,5,12,Minnow,1,2.5,1.75,35.1972256042,-106.644122231,Angostura Reach,Spring
2012,5,13,Harrison,0,1,0.5,35.0150622305,-106.673722917,Angostura Reach,Spring
2012,5,14,Sevilleta,1,1.5,1.25,34.2586573236,-106.883372761,San Acacia Reach,Spring
2012,5,15,Valencia Cleared,19.5,22,20.75,34.6486505386211,-106.739180486447,Isleta Reach,Spring
2012,5,16,Valencia Forest,22.5,27,24.75,34.6472147233729,-106.738922864063,Isleta Reach,Spring
2012,5,17,Montano,0,3,1.5,35.1452628545,-106.680332705,Angostura Reach,Spring
2012,5,18,Reynolds Cleared,18,16,17,34.6567454384498,-106.738602216398,Isleta Reach,Spring
2012,5,19,Reynolds Forest,18,18,18,34.657611462267496,-106.739436295579,Isleta Reach,Spring
2012,5,20,Route 66,2,6,4,35.1006512603,-106.691932797,Angostura Reach,Spring
2012,5,21,Badger,5,4,4.5,35.1955715759,-106.641632737,Angostura Reach,Spring
2012,5,22,Bobcat,0.75,4,2.375,35.2010747789,-106.641162297,Angostura Reach,Spring
2012,5,23,BioPark,2.5,5,3.75,35.0799846256,-106.669723455,Angostura Reach,Spring
2012,5,24,Santo Domingo,6.75,8.8,7.775,35.50989,-106.3896,Cochiti Reach,Spring
2012,5,25,Crawford,19,21,20,34.637561057629,-106.74347269011,Isleta Reach,Spring
2012,5,26,Mesilla,20,24,22,32.248328,-106.821014,South of San Marcial Reach,Spring
2012,5,27,Bosque Farm,.,.,.,34.8477697505695,-106.714997116643,Isleta Reach,Spring
2012,6,1,Alameda,0,0,0,35.1880598884,-106.646949118,Angostura Reach,Monsoon
2012,6,2,Rio Grande Nature Center,0,0,0,35.1267624154,-106.688450012,Angostura Reach,Monsoon
2012,6,3,Los Lunas,0,0,0,34.8123850767529,-106.714471968474,Isleta Reach,Monsoon
2012,6,4,Belen,2.25,2.7,2.475,34.6481124155284,-106.737727748983,Isleta Reach,Monsoon
2012,6,5,Santa Ana,0,0,0,35.34284,-106.5458,Angostura Reach,Monsoon
2012,6,6,Savannah,0,0,0,35.1428674147,-106.681982289,Angostura Reach,Monsoon
2012,6,7,Lemitar,0,0,0,34.1670457032,-106.889953039,San Acacia Reach,Monsoon
2012,6,8,Hispanic Cultural Center,0,1.5,0.75,35.0688083802,-106.65807622,Angostura Reach,Monsoon
2012,6,10,Diversion,0,0.5,0.25,35.191618922399996,-106.643382687,Angostura Reach,Monsoon
2012,6,11,Calabacillas,0,0,0,35.1946222612,-106.646350963,Angostura Reach,Monsoon
2012,6,12,Minnow,0,0,0,35.1972256042,-106.644122231,Angostura Reach,Monsoon
2012,6,13,Harrison,0,0,0,35.0150622305,-106.673722917,Angostura Reach,Monsoon
2012,6,14,Sevilleta,0,0,0,34.2586573236,-106.883372761,San Acacia Reach,Monsoon
2012,6,15,Valencia Cleared,0,0,0,34.6486505386211,-106.739180486447,Isleta Reach,Monsoon
2012,6,16,Valencia Forest,0,0,0,34.6472147233729,-106.738922864063,Isleta Reach,Monsoon
2012,6,17,Montano,0,0,0,35.1452628545,-106.680332705,Angostura Reach,Monsoon
2012,6,18,Reynolds Cleared,0,0,0,34.6567454384498,-106.738602216398,Isleta Reach,Monsoon
2012,6,19,Reynolds Forest,0,0,0,34.657611462267496,-106.739436295579,Isleta Reach,Monsoon
2012,6,20,Route 66,0,0,0,35.1006512603,-106.691932797,Angostura Reach,Monsoon
2012,6,21,Badger,0,0,0,35.1955715759,-106.641632737,Angostura Reach,Monsoon
2012,6,22,Bobcat,0,0,0,35.2010747789,-106.641162297,Angostura Reach,Monsoon
2012,6,23,BioPark,0,0,0,35.0799846256,-106.669723455,Angostura Reach,Monsoon
2012,6,24,Santo Domingo,0,0,0,35.50989,-106.3896,Cochiti Reach,Monsoon
2012,6,25,Crawford,0,0,0,34.637561057629,-106.74347269011,Isleta Reach,Monsoon
2012,6,26,Mesilla,0,0,0,32.248328,-106.821014,South of San Marcial Reach,Monsoon
2012,6,27,Bosque Farm,.,.,.,34.8477697505695,-106.714997116643,Isleta Reach,Monsoon
2012,7,1,Alameda,12,16,14,35.1880598884,-106.646949118,Angostura Reach,Monsoon
2012,7,2,Rio Grande Nature Center,20.5,25.5,23,35.1267624154,-106.688450012,Angostura Reach,Monsoon
2012,7,3,Los Lunas,16,31,23.5,34.8123850767529,-106.714471968474,Isleta Reach,Monsoon
2012,7,4,Belen,35,41,38,34.6481124155284,-106.737727748983,Isleta Reach,Monsoon
2012,7,5,Santa Ana,7,13,10,35.34284,-106.5458,Angostura Reach,Monsoon
2012,7,6,Savannah,37,.,37,35.1428674147,-106.681982289,Angostura Reach,Monsoon
2012,7,7,Lemitar,5,12,8.5,34.1670457032,-106.889953039,San Acacia Reach,Monsoon
2012,7,8,Hispanic Cultural Center,8,14,11,35.0688083802,-106.65807622,Angostura Reach,Monsoon
2012,7,10,Diversion,12,.,12,35.191618922399996,-106.643382687,Angostura Reach,Monsoon
2012,7,11,Calabacillas,12,.,12,35.1946222612,-106.646350963,Angostura Reach,Monsoon
2012,7,12,Minnow,13,16,14.5,35.1972256042,-106.644122231,Angostura Reach,Monsoon
2012,7,13,Harrison,5,16,10.5,35.0150622305,-106.673722917,Angostura Reach,Monsoon
2012,7,14,Sevilleta,1.5,3,2.25,34.2586573236,-106.883372761,San Acacia Reach,Monsoon
2012,7,15,Valencia Cleared,20,33,26.5,34.6486505386211,-106.739180486447,Isleta Reach,Monsoon
2012,7,16,Valencia Forest,34,35,34.5,34.6472147233729,-106.738922864063,Isleta Reach,Monsoon
2012,7,17,Montano,33,57,45,35.1452628545,-106.680332705,Angostura Reach,Monsoon
2012,7,18,Reynolds Cleared,20.5,38,29.25,34.6567454384498,-106.738602216398,Isleta Reach,Monsoon
2012,7,19,Reynolds Forest,27,37.5,32.25,34.657611462267496,-106.739436295579,Isleta Reach,Monsoon
2012,7,20,Route 66,5,7,6,35.1006512603,-106.691932797,Angostura Reach,Monsoon
2012,7,21,Badger,16,15,15.5,35.1955715759,-106.641632737,Angostura Reach,Monsoon
2012,7,22,Bobcat,10,18,14,35.2010747789,-106.641162297,Angostura Reach,Monsoon
2012,7,23,BioPark,8.5,14.5,11.5,35.0799846256,-106.669723455,Angostura Reach,Monsoon
2012,7,24,Santo Domingo,8,15,11.5,35.50989,-106.3896,Cochiti Reach,Monsoon
2012,7,25,Crawford,24.5,33,28.75,34.637561057629,-106.74347269011,Isleta Reach,Monsoon
2012,7,26,Mesilla,10,16.5,13.25,32.248328,-106.821014,South of San Marcial Reach,Monsoon
2012,7,27,Bosque Farm,.,.,.,34.8477697505695,-106.714997116643,Isleta Reach,Monsoon
2012,8,1,Alameda,9.5,18,13.75,35.1880598884,-106.646949118,Angostura Reach,Monsoon
2012,8,2,Rio Grande Nature Center,4.5,10,7.25,35.1267624154,-106.688450012,Angostura Reach,Monsoon
2012,8,3,Los Lunas,5.5,11,8.25,34.8123850767529,-106.714471968474,Isleta Reach,Monsoon
2012,8,4,Belen,32,31,31.5,34.6481124155284,-106.737727748983,Isleta Reach,Monsoon
2012,8,5,Santa Ana,32,41,36.5,35.34284,-106.5458,Angostura Reach,Monsoon
2012,8,6,Savannah,7,18,12.5,35.1428674147,-106.681982289,Angostura Reach,Monsoon
2012,8,7,Lemitar,18,34,26,34.1670457032,-106.889953039,San Acacia Reach,Monsoon
2012,8,8,Hispanic Cultural Center,17,43,30,35.0688083802,-106.65807622,Angostura Reach,Monsoon
2012,8,10,Diversion,9.5,19,14.25,35.191618922399996,-106.643382687,Angostura Reach,Monsoon
2012,8,11,Calabacillas,8,18,13,35.1946222612,-106.646350963,Angostura Reach,Monsoon
2012,8,12,Minnow,.,6.7,6.7,35.1972256042,-106.644122231,Angostura Reach,Monsoon
2012,8,13,Harrison,13,31,22,35.0150622305,-106.673722917,Angostura Reach,Monsoon
2012,8,14,Sevilleta,3.5,5.5,4.5,34.2586573236,-106.883372761,San Acacia Reach,Monsoon
2012,8,15,Valencia Cleared,22,38,30,34.6486505386211,-106.739180486447,Isleta Reach,Monsoon
2012,8,16,Valencia Forest,40,42,41,34.6472147233729,-106.738922864063,Isleta Reach,Monsoon
2012,8,17,Montano,5,22,13.5,35.1452628545,-106.680332705,Angostura Reach,Monsoon
2012,8,18,Reynolds Cleared,14,30,22,34.6567454384498,-106.738602216398,Isleta Reach,Monsoon
2012,8,19,Reynolds Forest,20,31,25.5,34.657611462267496,-106.739436295579,Isleta Reach,Monsoon
2012,8,20,Route 66,5,21,13,35.1006512603,-106.691932797,Angostura Reach,Monsoon
2012,8,21,Badger,6,23,14.5,35.1955715759,-106.641632737,Angostura Reach,Monsoon
2012,8,22,Bobcat,4.5,19.5,12,35.2010747789,-106.641162297,Angostura Reach,Monsoon
2012,8,23,BioPark,15.7,30,22.85,35.0799846256,-106.669723455,Angostura Reach,Monsoon
2012,8,24,Santo Domingo,12,17.5,14.75,35.50989,-106.3896,Cochiti Reach,Monsoon
2012,8,25,Crawford,31,42,36.5,34.637561057629,-106.74347269011,Isleta Reach,Monsoon
2012,8,26,Mesilla,13,7,10,32.248328,-106.821014,South of San Marcial Reach,Monsoon
2012,8,27,Bosque Farm,13,.,13,34.8477697505695,-106.714997116643,Isleta Reach,Monsoon
2012,9,1,Alameda,5.5,11.5,8.5,35.1880598884,-106.646949118,Angostura Reach,Fall
2012,9,2,Rio Grande Nature Center,1.5,6,3.75,35.1267624154,-106.688450012,Angostura Reach,Fall
2012,9,3,Los Lunas,29,38,33.5,34.8123850767529,-106.714471968474,Isleta Reach,Fall
2012,9,4,Belen,11.5,19,15.25,34.6481124155284,-106.737727748983,Isleta Reach,Fall
2012,9,5,Santa Ana,4.2,6,5.1,35.34284,-106.5458,Angostura Reach,Fall
2012,9,6,Savannah,3.5,12,7.75,35.1428674147,-106.681982289,Angostura Reach,Fall
2012,9,7,Lemitar,31,35,33,34.1670457032,-106.889953039,San Acacia Reach,Fall
2012,9,8,Hispanic Cultural Center,3.5,10,6.75,35.0688083802,-106.65807622,Angostura Reach,Fall
2012,9,10,Diversion,2.5,9,5.75,35.191618922399996,-106.643382687,Angostura Reach,Fall
2012,9,11,Calabacillas,2.5,6.5,4.5,35.1946222612,-106.646350963,Angostura Reach,Fall
2012,9,12,Minnow,0,6,3,35.1972256042,-106.644122231,Angostura Reach,Fall
2012,9,13,Harrison,12,19,15.5,35.0150622305,-106.673722917,Angostura Reach,Fall
2012,9,14,Sevilleta,22,31,26.5,34.2586573236,-106.883372761,San Acacia Reach,Fall
2012,9,15,Valencia Cleared,12.5,20,16.25,34.6486505386211,-106.739180486447,Isleta Reach,Fall
2012,9,16,Valencia Forest,19.5,22,20.75,34.6472147233729,-106.738922864063,Isleta Reach,Fall
2012,9,17,Montano,2,13,7.5,35.1452628545,-106.680332705,Angostura Reach,Fall
2012,9,18,Reynolds Cleared,9,20,14.5,34.6567454384498,-106.738602216398,Isleta Reach,Fall
2012,9,19,Reynolds Forest,.,20.5,20.5,34.657611462267496,-106.739436295579,Isleta Reach,Fall
2012,9,20,Route 66,0.25,5.5,2.875,35.1006512603,-106.691932797,Angostura Reach,Fall
2012,9,21,Badger,1.5,9,5.25,35.1955715759,-106.641632737,Angostura Reach,Fall
2012,9,22,Bobcat,.,.,.,35.2010747789,-106.641162297,Angostura Reach,Fall
2012,9,23,BioPark,2.5,6.9,4.7,35.0799846256,-106.669723455,Angostura Reach,Fall
2012,9,24,Santo Domingo,0.5,7,3.75,35.50989,-106.3896,Cochiti Reach,Fall
2012,9,25,Crawford,14,20,17,34.637561057629,-106.74347269011,Isleta Reach,Fall
2012,9,26,Mesilla,25,38,31.5,32.248328,-106.821014,South of San Marcial Reach,Fall
2012,9,27,Bosque Farm,18,.,18,34.8477697505695,-106.714997116643,Isleta Reach,Fall
2012,10,1,Alameda,1.5,2.5,2,35.1880598884,-106.646949118,Angostura Reach,Fall
2012,10,2,Rio Grande Nature Center,1.5,3,2.25,35.1267624154,-106.688450012,Angostura Reach,Fall
2012,10,3,Los Lunas,7,11,9,34.8123850767529,-106.714471968474,Isleta Reach,Fall
2012,10,4,Belen,5,5,5,34.6481124155284,-106.737727748983,Isleta Reach,Fall
2012,10,5,Santa Ana,2.5,5,3.75,35.34284,-106.5458,Angostura Reach,Fall
2012,10,6,Savannah,0,0.5,0.25,35.1428674147,-106.681982289,Angostura Reach,Fall
2012,10,7,Lemitar,0,5,2.5,34.1670457032,-106.889953039,San Acacia Reach,Fall
2012,10,8,Hispanic Cultural Center,1,2.5,1.75,35.0688083802,-106.65807622,Angostura Reach,Fall
2012,10,10,Diversion,1,2.5,1.75,35.191618922399996,-106.643382687,Angostura Reach,Fall
2012,10,11,Calabacillas,1.8,2,1.9,35.1946222612,-106.646350963,Angostura Reach,Fall
2012,10,12,Minnow,0,2.5,1.25,35.1972256042,-106.644122231,Angostura Reach,Fall
2012,10,13,Harrison,0,0,0,35.0150622305,-106.673722917,Angostura Reach,Fall
2012,10,14,Sevilleta,1.5,1.5,1.5,34.2586573236,-106.883372761,San Acacia Reach,Fall
2012,10,15,Valencia Cleared,.,.,.,34.6486505386211,-106.739180486447,Isleta Reach,Fall
2012,10,16,Valencia Forest,0.5,4,2.25,34.6472147233729,-106.738922864063,Isleta Reach,Fall
2012,10,17,Montano,0,1.5,0.75,35.1452628545,-106.680332705,Angostura Reach,Fall
2012,10,18,Reynolds Cleared,0,0,0,34.6567454384498,-106.738602216398,Isleta Reach,Fall
2012,10,19,Reynolds Forest,2.5,0,1.25,34.657611462267496,-106.739436295579,Isleta Reach,Fall
2012,10,20,Route 66,1.25,5,3.125,35.1006512603,-106.691932797,Angostura Reach,Fall
2012,10,21,Badger,0.5,3.5,2,35.1955715759,-106.641632737,Angostura Reach,Fall
2012,10,22,Bobcat,0,1.8,0.9,35.2010747789,-106.641162297,Angostura Reach,Fall
2012,10,23,BioPark,0,0,0,35.0799846256,-106.669723455,Angostura Reach,Fall
2012,10,24,Santo Domingo,0.75,2.5,1.625,35.50989,-106.3896,Cochiti Reach,Fall
2012,10,25,Crawford,1,1.75,1.375,34.637561057629,-106.74347269011,Isleta Reach,Fall
2012,10,26,Mesilla,1.4,4,2.7,32.248328,-106.821014,South of San Marcial Reach,Fall
2012,10,27,Bosque Farm,1,.,1,34.8477697505695,-106.714997116643,Isleta Reach,Fall
2012,11,1,Alameda,1.75,0.5,1.125,35.1880598884,-106.646949118,Angostura Reach,Winter
2012,11,2,Rio Grande Nature Center,0,1,0.5,35.1267624154,-106.688450012,Angostura Reach,Winter
2012,11,3,Los Lunas,5,2,3.5,34.8123850767529,-106.714471968474,Isleta Reach,Winter
2012,11,4,Belen,4,4,4,34.6481124155284,-106.737727748983,Isleta Reach,Winter
2012,11,5,Santa Ana,0,1.5,0.75,35.34284,-106.5458,Angostura Reach,Winter
2012,11,6,Savannah,0,1.5,0.75,35.1428674147,-106.681982289,Angostura Reach,Winter
2012,11,7,Lemitar,0,0,0,34.1670457032,-106.889953039,San Acacia Reach,Winter
2012,11,8,Hispanic Cultural Center,0.75,1.25,1,35.0688083802,-106.65807622,Angostura Reach,Winter
2012,11,10,Diversion,1,1.5,1.25,35.191618922399996,-106.643382687,Angostura Reach,Winter
2012,11,11,Calabacillas,0.75,1.25,1,35.1946222612,-106.646350963,Angostura Reach,Winter
2012,11,12,Minnow,0.6,1.5,1.05,35.1972256042,-106.644122231,Angostura Reach,Winter
2012,11,13,Harrison,1,2.5,1.75,35.0150622305,-106.673722917,Angostura Reach,Winter
2012,11,14,Sevilleta,0,0,0,34.2586573236,-106.883372761,San Acacia Reach,Winter
2012,11,15,Valencia Cleared,0.5,0.65,0.575,34.6486505386211,-106.739180486447,Isleta Reach,Winter
2012,11,16,Valencia Forest,1,4,2.5,34.6472147233729,-106.738922864063,Isleta Reach,Winter
2012,11,17,Montano,0,5.5,2.75,35.1452628545,-106.680332705,Angostura Reach,Winter
2012,11,18,Reynolds Cleared,0,1.5,0.75,34.6567454384498,-106.738602216398,Isleta Reach,Winter
2012,11,19,Reynolds Forest,0,2,1,34.657611462267496,-106.739436295579,Isleta Reach,Winter
2012,11,20,Route 66,0,1.4,0.7,35.1006512603,-106.691932797,Angostura Reach,Winter
2012,11,21,Badger,0,1.75,0.875,35.1955715759,-106.641632737,Angostura Reach,Winter
2012,11,22,Bobcat,0,2.4,1.2,35.2010747789,-106.641162297,Angostura Reach,Winter
2012,11,23,BioPark,0.5,.,0.5,35.0799846256,-106.669723455,Angostura Reach,Winter
2012,11,24,Santo Domingo,0,0,0,35.50989,-106.3896,Cochiti Reach,Winter
2012,11,25,Crawford,0.7,1.5,1.1,34.637561057629,-106.74347269011,Isleta Reach,Winter
2012,11,26,Mesilla,1,0,0.5,32.248328,-106.821014,South of San Marcial Reach,Winter
2012,11,27,Bosque Farm,.,.,.,34.8477697505695,-106.714997116643,Isleta Reach,Winter
2012,12,1,Alameda,1.5,.,1.5,35.1880598884,-106.646949118,Angostura Reach,Winter
2012,12,2,Rio Grande Nature Center,1,2,1.5,35.1267624154,-106.688450012,Angostura Reach,Winter
2012,12,3,Los Lunas,1,2.5,1.75,34.8123850767529,-106.714471968474,Isleta Reach,Winter
2012,12,4,Belen,2.5,5,3.75,34.6481124155284,-106.737727748983,Isleta Reach,Winter
2012,12,5,Santa Ana,3.5,5,4.25,35.34284,-106.5458,Angostura Reach,Winter
2012,12,6,Savannah,1,2.5,1.75,35.1428674147,-106.681982289,Angostura Reach,Winter
2012,12,7,Lemitar,5,10,7.5,34.1670457032,-106.889953039,San Acacia Reach,Winter
2012,12,8,Hispanic Cultural Center,0.75,1.5,1.125,35.0688083802,-106.65807622,Angostura Reach,Winter
2012,12,10,Diversion,2.5,1.8,2.15,35.191618922399996,-106.643382687,Angostura Reach,Winter
2012,12,11,Calabacillas,1,2,1.5,35.1946222612,-106.646350963,Angostura Reach,Winter
2012,12,12,Minnow,1,2.3,1.65,35.1972256042,-106.644122231,Angostura Reach,Winter
2012,12,13,Harrison,1,2.5,1.75,35.0150622305,-106.673722917,Angostura Reach,Winter
2012,12,14,Sevilleta,5.5,9,7.25,34.2586573236,-106.883372761,San Acacia Reach,Winter
2012,12,15,Valencia Cleared,4,6,5,34.6486505386211,-106.739180486447,Isleta Reach,Winter
2012,12,16,Valencia Forest,5.5,8,6.75,34.6472147233729,-106.738922864063,Isleta Reach,Winter
2012,12,17,Montano,0,2.5,1.25,35.1452628545,-106.680332705,Angostura Reach,Winter
2012,12,18,Reynolds Cleared,1.5,4.5,3,34.6567454384498,-106.738602216398,Isleta Reach,Winter
2012,12,19,Reynolds Forest,3,5,4,34.657611462267496,-106.739436295579,Isleta Reach,Winter
2012,12,20,Route 66,0,2.5,1.25,35.1006512603,-106.691932797,Angostura Reach,Winter
2012,12,21,Badger,0.5,3.2,1.85,35.1955715759,-106.641632737,Angostura Reach,Winter
2012,12,22,Bobcat,0,1.5,0.75,35.2010747789,-106.641162297,Angostura Reach,Winter
2012,12,23,BioPark,0.5,.,0.5,35.0799846256,-106.669723455,Angostura Reach,Winter
2012,12,24,Santo Domingo,0,.,0,35.50989,-106.3896,Cochiti Reach,Winter
2012,12,25,Crawford,3,6,4.5,34.637561057629,-106.74347269011,Isleta Reach,Winter
2012,12,26,Mesilla,.,.,.,32.248328,-106.821014,South of San Marcial Reach,Winter
2012,12,27,Bosque Farm,.,.,.,34.8477697505695,-106.714997116643,Isleta Reach,Winter
2013,1,1,Alameda,1.5,.,1.5,35.1880598884,-106.646949118,Angostura Reach,Winter
2013,1,2,Rio Grande Nature Center,1.25,2.5,1.875,35.1267624154,-106.688450012,Angostura Reach,Winter
2013,1,3,Los Lunas,0,0.5,0.25,34.8123850767529,-106.714471968474,Isleta Reach,Winter
2013,1,4,Belen,5.5,5,5.25,34.6481124155284,-106.737727748983,Isleta Reach,Winter
2013,1,5,Santa Ana,2.5,2.5,2.5,35.34284,-106.5458,Angostura Reach,Winter
2013,1,6,Savannah,0.7,1.5,1.1,35.1428674147,-106.681982289,Angostura Reach,Winter
2013,1,7,Lemitar,2.5,0.5,1.5,34.1670457032,-106.889953039,San Acacia Reach,Winter
2013,1,8,Hispanic Cultural Center,0.25,1,0.625,35.0688083802,-106.65807622,Angostura Reach,Winter
2013,1,10,Diversion,1.5,.,1.5,35.191618922399996,-106.643382687,Angostura Reach,Winter
2013,1,11,Calabacillas,2,1.5,1.75,35.1946222612,-106.646350963,Angostura Reach,Winter
2013,1,12,Minnow,0.75,1.4,1.075,35.1972256042,-106.644122231,Angostura Reach,Winter
2013,1,13,Harrison,0.75,0.75,0.75,35.0150622305,-106.673722917,Angostura Reach,Winter
2013,1,14,Sevilleta,0.7,2.5,1.6,34.2586573236,-106.883372761,San Acacia Reach,Winter
2013,1,15,Valencia Cleared,0.75,1.5,1.125,34.6486505386211,-106.739180486447,Isleta Reach,Winter
2013,1,16,Valencia Forest,0.5,1,0.75,34.6472147233729,-106.738922864063,Isleta Reach,Winter
2013,1,17,Montano,0.8,1,0.9,35.1452628545,-106.680332705,Angostura Reach,Winter
2013,1,18,Reynolds Cleared,0,0,0,34.6567454384498,-106.738602216398,Isleta Reach,Winter
2013,1,19,Reynolds Forest,0,0,0,34.657611462267496,-106.739436295579,Isleta Reach,Winter
2013,1,20,Route 66,1,1.25,1.125,35.1006512603,-106.691932797,Angostura Reach,Winter
2013,1,21,Badger,2.4,1.25,1.825,35.1955715759,-106.641632737,Angostura Reach,Winter
2013,1,22,Bobcat,1.5,3.5,2.5,35.2010747789,-106.641162297,Angostura Reach,Winter
2013,1,23,BioPark,0.75,0.75,0.75,35.0799846256,-106.669723455,Angostura Reach,Winter
2013,1,24,Santo Domingo,6.5,5,5.75,35.50989,-106.3896,Cochiti Reach,Winter
2013,1,25,Crawford,0.25,0.5,0.375,34.637561057629,-106.74347269011,Isleta Reach,Winter
2013,1,26,Mesilla,.,.,.,32.248328,-106.821014,South of San Marcial Reach,Winter
2013,1,27,Bosque Farm,.,.,.,34.8477697505695,-106.714997116643,Isleta Reach,Winter
2013,2,1,Alameda,2,4.5,3.25,35.1880598884,-106.646949118,Angostura Reach,Winter
2013,2,2,Rio Grande Nature Center,3.5,4.5,4,35.1267624154,-106.688450012,Angostura Reach,Winter
2013,2,3,Los Lunas,2.25,4.5,3.375,34.8123850767529,-106.714471968474,Isleta Reach,Winter
2013,2,4,Belen,3,4,3.5,34.6481124155284,-106.737727748983,Isleta Reach,Winter
2013,2,5,Santa Ana,5,6.5,5.75,35.34284,-106.5458,Angostura Reach,Winter
2013,2,6,Savannah,3.5,3.5,3.5,35.1428674147,-106.681982289,Angostura Reach,Winter
2013,2,7,Lemitar,0,0.5,0.25,34.1670457032,-106.889953039,San Acacia Reach,Winter
2013,2,8,Hispanic Cultural Center,2,3.5,2.75,35.0688083802,-106.65807622,Angostura Reach,Winter
2013,2,10,Diversion,.,.,.,35.191618922399996,-106.643382687,Angostura Reach,Winter
2013,2,11,Calabacillas,3.2,4.5,3.85,35.1946222612,-106.646350963,Angostura Reach,Winter
2013,2,12,Minnow,1.7,4.5,3.1,35.1972256042,-106.644122231,Angostura Reach,Winter
2013,2,13,Harrison,2.5,4.5,3.5,35.0150622305,-106.673722917,Angostura Reach,Winter
2013,2,14,Sevilleta,0,0.75,0.375,34.2586573236,-106.883372761,San Acacia Reach,Winter
2013,2,15,Valencia Cleared,2.25,4,3.125,34.6486505386211,-106.739180486447,Isleta Reach,Winter
2013,2,16,Valencia Forest,3.75,2,2.875,34.6472147233729,-106.738922864063,Isleta Reach,Winter
2013,2,17,Montano,0.4,3.5,1.95,35.1452628545,-106.680332705,Angostura Reach,Winter
2013,2,18,Reynolds Cleared,6,5.5,5.75,34.6567454384498,-106.738602216398,Isleta Reach,Winter
2013,2,19,Reynolds Forest,6,2,4,34.657611462267496,-106.739436295579,Isleta Reach,Winter
2013,2,20,Route 66,1.75,4,2.875,35.1006512603,-106.691932797,Angostura Reach,Winter
2013,2,21,Badger,2.6,4,3.3,35.1955715759,-106.641632737,Angostura Reach,Winter
2013,2,22,Bobcat,2.25,5,3.625,35.2010747789,-106.641162297,Angostura Reach,Winter
2013,2,23,BioPark,4,6,5,35.0799846256,-106.669723455,Angostura Reach,Winter
2013,2,24,Santo Domingo,2,4.75,3.375,35.50989,-106.3896,Cochiti Reach,Winter
2013,2,25,Crawford,4,4,4,34.637561057629,-106.74347269011,Isleta Reach,Winter
2013,2,26,Mesilla,10.1,14,12.05,32.248328,-106.821014,South of San Marcial Reach,Winter
2013,2,27,Bosque Farm,.,.,.,34.8477697505695,-106.714997116643,Isleta Reach,Winter
2013,3,1,Alameda,1.25,2,1.625,35.1880598884,-106.646949118,Angostura Reach,Spring
2013,3,2,Rio Grande Nature Center,2.5,2.5,2.5,35.1267624154,-106.688450012,Angostura Reach,Spring
2013,3,3,Los Lunas,3.4,4.9,4.15,34.8123850767529,-106.714471968474,Isleta Reach,Spring
2013,3,4,Belen,8,5,6.5,34.6481124155284,-106.737727748983,Isleta Reach,Spring
2013,3,5,Santa Ana,3.4,5,4.2,35.34284,-106.5458,Angostura Reach,Spring
2013,3,6,Savannah,2,3.5,2.75,35.1428674147,-106.681982289,Angostura Reach,Spring
2013,3,7,Lemitar,2,2,2,34.1670457032,-106.889953039,San Acacia Reach,Spring
2013,3,8,Hispanic Cultural Center,5.5,6.5,6,35.0688083802,-106.65807622,Angostura Reach,Spring
2013,3,10,Diversion,1.25,2,1.625,35.191618922399996,-106.643382687,Angostura Reach,Spring
2013,3,11,Calabacillas,1.3,1.5,1.4,35.1946222612,-106.646350963,Angostura Reach,Spring
2013,3,12,Minnow,1.1,2.1,1.6,35.1972256042,-106.644122231,Angostura Reach,Spring
2013,3,13,Harrison,3.4,3.5,3.45,35.0150622305,-106.673722917,Angostura Reach,Spring
2013,3,14,Sevilleta,1.25,3.5,2.375,34.2586573236,-106.883372761,San Acacia Reach,Spring
2013,3,15,Valencia Cleared,7,9,8,34.6486505386211,-106.739180486447,Isleta Reach,Spring
2013,3,16,Valencia Forest,8,9.2,8.6,34.6472147233729,-106.738922864063,Isleta Reach,Spring
2013,3,17,Montano,1,4.5,2.75,35.1452628545,-106.680332705,Angostura Reach,Spring
2013,3,18,Reynolds Cleared,0,1.5,0.75,34.6567454384498,-106.738602216398,Isleta Reach,Spring
2013,3,19,Reynolds Forest,0,0,0,34.657611462267496,-106.739436295579,Isleta Reach,Spring
2013,3,20,Route 66,1,2.5,1.75,35.1006512603,-106.691932797,Angostura Reach,Spring
2013,3,21,Badger,1.5,1.75,1.625,35.1955715759,-106.641632737,Angostura Reach,Spring
2013,3,22,Bobcat,0.9,1.75,1.325,35.2010747789,-106.641162297,Angostura Reach,Spring
2013,3,23,BioPark,2.5,2.2,2.35,35.0799846256,-106.669723455,Angostura Reach,Spring
2013,3,24,Santo Domingo,.,1,1,35.50989,-106.3896,Cochiti Reach,Spring
2013,3,25,Crawford,3.6,9.25,6.425,34.637561057629,-106.74347269011,Isleta Reach,Spring
2013,3,26,Mesilla,0,0,0,32.248328,-106.821014,South of San Marcial Reach,Spring
2013,3,27,Bosque Farm,4.5,.,4.5,34.8477697505695,-106.714997116643,Isleta Reach,Spring
2013,4,1,Alameda,0,0.25,0.125,35.1880598884,-106.646949118,Angostura Reach,Spring
2013,4,2,Rio Grande Nature Center,2.5,3.5,3,35.1267624154,-106.688450012,Angostura Reach,Spring
2013,4,3,Los Lunas,3,4.5,3.75,34.8123850767529,-106.714471968474,Isleta Reach,Spring
2013,4,4,Belen,11,10,10.5,34.6481124155284,-106.737727748983,Isleta Reach,Spring
2013,4,5,Santa Ana,1,1.75,1.375,35.34284,-106.5458,Angostura Reach,Spring
2013,4,6,Savannah,0.9,1.5,1.2,35.1428674147,-106.681982289,Angostura Reach,Spring
2013,4,7,Lemitar,2,5,3.5,34.1670457032,-106.889953039,San Acacia Reach,Spring
2013,4,8,Hispanic Cultural Center,0,0,0,35.0688083802,-106.65807622,Angostura Reach,Spring
2013,4,10,Diversion,0,0.5,0.25,35.191618922399996,-106.643382687,Angostura Reach,Spring
2013,4,11,Calabacillas,0,0,0,35.1946222612,-106.646350963,Angostura Reach,Spring
2013,4,12,Minnow,0,0.5,0.25,35.1972256042,-106.644122231,Angostura Reach,Spring
2013,4,13,Harrison,0,0,0,35.0150622305,-106.673722917,Angostura Reach,Spring
2013,4,14,Sevilleta,0.75,0.75,0.75,34.2586573236,-106.883372761,San Acacia Reach,Spring
2013,4,15,Valencia Cleared,1,2.5,1.75,34.6486505386211,-106.739180486447,Isleta Reach,Spring
2013,4,16,Valencia Forest,2,1.1,1.55,34.6472147233729,-106.738922864063,Isleta Reach,Spring
2013,4,17,Montano,5,2,3.5,35.1452628545,-106.680332705,Angostura Reach,Spring
2013,4,18,Reynolds Cleared,1.5,3,2.25,34.6567454384498,-106.738602216398,Isleta Reach,Spring
2013,4,19,Reynolds Forest,2.4,3.1,2.75,34.657611462267496,-106.739436295579,Isleta Reach,Spring
2013,4,20,Route 66,0,0,0,35.1006512603,-106.691932797,Angostura Reach,Spring
2013,4,21,Badger,0,0,0,35.1955715759,-106.641632737,Angostura Reach,Spring
2013,4,22,Bobcat,0,0,0,35.2010747789,-106.641162297,Angostura Reach,Spring
2013,4,23,BioPark,0,0.25,0.125,35.0799846256,-106.669723455,Angostura Reach,Spring
2013,4,24,Santo Domingo,0.75,1.5,1.125,35.50989,-106.3896,Cochiti Reach,Spring
2013,4,25,Crawford,2.5,3.4,2.95,34.637561057629,-106.74347269011,Isleta Reach,Spring
2013,4,26,Mesilla,0,0,0,32.248328,-106.821014,South of San Marcial Reach,Spring
2013,4,27,Bosque Farm,.,.,.,34.8477697505695,-106.714997116643,Isleta Reach,Spring
2013,5,1,Alameda,0.5,1.5,1,35.1880598884,-106.646949118,Angostura Reach,Spring
2013,5,2,Rio Grande Nature Center,0.5,0.5,0.5,35.1267624154,-106.688450012,Angostura Reach,Spring
2013,5,3,Los Lunas,0,0,0,34.8123850767529,-106.714471968474,Isleta Reach,Spring
2013,5,4,Belen,0,0,0,34.6481124155284,-106.737727748983,Isleta Reach,Spring
2013,5,5,Santa Ana,0,0,0,35.34284,-106.5458,Angostura Reach,Spring
2013,5,6,Savannah,7.5,6,6.75,35.1428674147,-106.681982289,Angostura Reach,Spring
2013,5,7,Lemitar,5,6,5.5,34.1670457032,-106.889953039,San Acacia Reach,Spring
2013,5,8,Hispanic Cultural Center,3,4,3.5,35.0688083802,-106.65807622,Angostura Reach,Spring
2013,5,10,Diversion,0,0.75,0.375,35.191618922399996,-106.643382687,Angostura Reach,Spring
2013,5,11,Calabacillas,0,1,0.5,35.1946222612,-106.646350963,Angostura Reach,Spring
2013,5,12,Minnow,0,0,0,35.1972256042,-106.644122231,Angostura Reach,Spring
2013,5,13,Harrison,0,0,0,35.0150622305,-106.673722917,Angostura Reach,Spring
2013,5,14,Sevilleta,0.3,0.3,0.3,34.2586573236,-106.883372761,San Acacia Reach,Spring
2013,5,15,Valencia Cleared,6,2.5,4.25,34.6486505386211,-106.739180486447,Isleta Reach,Spring
2013,5,16,Valencia Forest,.,3,3,34.6472147233729,-106.738922864063,Isleta Reach,Spring
2013,5,17,Montano,6.5,2.5,4.5,35.1452628545,-106.680332705,Angostura Reach,Spring
2013,5,18,Reynolds Cleared,0,.,0,34.6567454384498,-106.738602216398,Isleta Reach,Spring
2013,5,19,Reynolds Forest,0,1,0.5,34.657611462267496,-106.739436295579,Isleta Reach,Spring
2013,5,20,Route 66,0,0,0,35.1006512603,-106.691932797,Angostura Reach,Spring
2013,5,21,Badger,0,1,0.5,35.1955715759,-106.641632737,Angostura Reach,Spring
2013,5,22,Bobcat,0,0.5,0.25,35.2010747789,-106.641162297,Angostura Reach,Spring
2013,5,23,BioPark,1,2.75,1.875,35.0799846256,-106.669723455,Angostura Reach,Spring
2013,5,24,Santo Domingo,2.75,6,4.375,35.50989,-106.3896,Cochiti Reach,Spring
2013,5,25,Crawford,3.6,7,5.3,34.637561057629,-106.74347269011,Isleta Reach,Spring
2013,5,26,Mesilla,0,0,0,32.248328,-106.821014,South of San Marcial Reach,Spring
2013,5,27,Bosque Farm,.,.,.,34.8477697505695,-106.714997116643,Isleta Reach,Spring
2013,6,1,Alameda,0,0,0,35.1880598884,-106.646949118,Angostura Reach,Monsoon
2013,6,2,Rio Grande Nature Center,0,0,0,35.1267624154,-106.688450012,Angostura Reach,Monsoon
2013,6,3,Los Lunas,1,3.5,2.25,34.8123850767529,-106.714471968474,Isleta Reach,Monsoon
2013,6,4,Belen,4.5,4.8,4.65,34.6481124155284,-106.737727748983,Isleta Reach,Monsoon
2013,6,5,Santa Ana,1.8,2,1.9,35.34284,-106.5458,Angostura Reach,Monsoon
2013,6,6,Savannah,0,0,0,35.1428674147,-106.681982289,Angostura Reach,Monsoon
2013,6,7,Lemitar,0,0,0,34.1670457032,-106.889953039,San Acacia Reach,Monsoon
2013,6,8,Hispanic Cultural Center,0,0.8,0.4,35.0688083802,-106.65807622,Angostura Reach,Monsoon
2013,6,10,Diversion,0,0.75,0.375,35.191618922399996,-106.643382687,Angostura Reach,Monsoon
2013,6,11,Calabacillas,0,0,0,35.1946222612,-106.646350963,Angostura Reach,Monsoon
2013,6,12,Minnow,0,0.65,0.325,35.1972256042,-106.644122231,Angostura Reach,Monsoon
2013,6,13,Harrison,1,2.5,1.75,35.0150622305,-106.673722917,Angostura Reach,Monsoon
2013,6,14,Sevilleta,0,0.75,0.375,34.2586573236,-106.883372761,San Acacia Reach,Monsoon
2013,6,15,Valencia Cleared,3,5,4,34.6486505386211,-106.739180486447,Isleta Reach,Monsoon
2013,6,16,Valencia Forest,4.5,4,4.25,34.6472147233729,-106.738922864063,Isleta Reach,Monsoon
2013,6,17,Montano,0,0,0,35.1452628545,-106.680332705,Angostura Reach,Monsoon
2013,6,18,Reynolds Cleared,1,.,1,34.6567454384498,-106.738602216398,Isleta Reach,Monsoon
2013,6,19,Reynolds Forest,2.5,3.8,3.15,34.657611462267496,-106.739436295579,Isleta Reach,Monsoon
2013,6,20,Route 66,0,1.5,0.75,35.1006512603,-106.691932797,Angostura Reach,Monsoon
2013,6,21,Badger,0,0.6,0.3,35.1955715759,-106.641632737,Angostura Reach,Monsoon
2013,6,22,Bobcat,0,0.5,0.25,35.2010747789,-106.641162297,Angostura Reach,Monsoon
2013,6,23,BioPark,0,0,0,35.0799846256,-106.669723455,Angostura Reach,Monsoon
2013,6,24,Santo Domingo,7.5,9,8.25,35.50989,-106.3896,Cochiti Reach,Monsoon
2013,6,25,Crawford,2.1,3.3,2.7,34.637561057629,-106.74347269011,Isleta Reach,Monsoon
2013,6,26,Mesilla,.,.,.,32.248328,-106.821014,South of San Marcial Reach,Monsoon
2013,6,27,Bosque Farm,0,.,0,34.8477697505695,-106.714997116643,Isleta Reach,Monsoon
2013,7,1,Alameda,21.5,30,25.75,35.1880598884,-106.646949118,Angostura Reach,Monsoon
2013,7,2,Rio Grande Nature Center,15,8,11.5,35.1267624154,-106.688450012,Angostura Reach,Monsoon
2013,7,3,Los Lunas,28,45,36.5,34.8123850767529,-106.714471968474,Isleta Reach,Monsoon
2013,7,4,Belen,68,80,74,34.6481124155284,-106.737727748983,Isleta Reach,Monsoon
2013,7,5,Santa Ana,22.5,36.5,29.5,35.34284,-106.5458,Angostura Reach,Monsoon
2013,7,6,Savannah,.,19,19,35.1428674147,-106.681982289,Angostura Reach,Monsoon
2013,7,7,Lemitar,39.5,55,47.25,34.1670457032,-106.889953039,San Acacia Reach,Monsoon
2013,7,8,Hispanic Cultural Center,13,26,19.5,35.0688083802,-106.65807622,Angostura Reach,Monsoon
2013,7,10,Diversion,9.5,19,14.25,35.191618922399996,-106.643382687,Angostura Reach,Monsoon
2013,7,11,Calabacillas,20,30,25,35.1946222612,-106.646350963,Angostura Reach,Monsoon
2013,7,12,Minnow,7.8,22,14.9,35.1972256042,-106.644122231,Angostura Reach,Monsoon
2013,7,13,Harrison,32,47,39.5,35.0150622305,-106.673722917,Angostura Reach,Monsoon
2013,7,14,Sevilleta,55,59,57,34.2586573236,-106.883372761,San Acacia Reach,Monsoon
2013,7,15,Valencia Cleared,58.5,78.5,68.5,34.6486505386211,-106.739180486447,Isleta Reach,Monsoon
2013,7,16,Valencia Forest,82,80,81,34.6472147233729,-106.738922864063,Isleta Reach,Monsoon
2013,7,17,Montano,.,19,19,35.1452628545,-106.680332705,Angostura Reach,Monsoon
2013,7,18,Reynolds Cleared,25,.,25,34.6567454384498,-106.738602216398,Isleta Reach,Monsoon
2013,7,19,Reynolds Forest,.,54,54,34.657611462267496,-106.739436295579,Isleta Reach,Monsoon
2013,7,20,Route 66,.,41,41,35.1006512603,-106.691932797,Angostura Reach,Monsoon
2013,7,21,Badger,4,16,10,35.1955715759,-106.641632737,Angostura Reach,Monsoon
2013,7,22,Bobcat,4,17,10.5,35.2010747789,-106.641162297,Angostura Reach,Monsoon
2013,7,23,BioPark,18.5,33,25.75,35.0799846256,-106.669723455,Angostura Reach,Monsoon
2013,7,24,Santo Domingo,36,41,38.5,35.50989,-106.3896,Cochiti Reach,Monsoon
2013,7,25,Crawford,73,87,80,34.637561057629,-106.74347269011,Isleta Reach,Monsoon
2013,7,26,Mesilla,.,.,.,32.248328,-106.821014,South of San Marcial Reach,Monsoon
2013,7,27,Bosque Farm,.,.,.,34.8477697505695,-106.714997116643,Isleta Reach,Monsoon
2013,8,1,Alameda,76,76,76,35.1880598884,-106.646949118,Angostura Reach,Monsoon
2013,8,2,Rio Grande Nature Center,39,44,41.5,35.1267624154,-106.688450012,Angostura Reach,Monsoon
2013,8,3,Los Lunas,73,95,84,34.8123850767529,-106.714471968474,Isleta Reach,Monsoon
2013,8,4,Belen,71,60,65.5,34.6481124155284,-106.737727748983,Isleta Reach,Monsoon
2013,8,5,Santa Ana,59,66,62.5,35.34284,-106.5458,Angostura Reach,Monsoon
2013,8,6,Savannah,25,45,35,35.1428674147,-106.681982289,Angostura Reach,Monsoon
2013,8,7,Lemitar,51,.,51,34.1670457032,-106.889953039,San Acacia Reach,Monsoon
2013,8,8,Hispanic Cultural Center,.,83,83,35.0688083802,-106.65807622,Angostura Reach,Monsoon
2013,8,10,Diversion,82,95,88.5,35.191618922399996,-106.643382687,Angostura Reach,Monsoon
2013,8,11,Calabacillas,65,88,76.5,35.1946222612,-106.646350963,Angostura Reach,Monsoon
2013,8,12,Minnow,95,105,100,35.1972256042,-106.644122231,Angostura Reach,Monsoon
2013,8,13,Harrison,.,72,72,35.0150622305,-106.673722917,Angostura Reach,Monsoon
2013,8,14,Sevilleta,56,55,55.5,34.2586573236,-106.883372761,San Acacia Reach,Monsoon
2013,8,15,Valencia Cleared,43,61,52,34.6486505386211,-106.739180486447,Isleta Reach,Monsoon
2013,8,16,Valencia Forest,62,63,62.5,34.6472147233729,-106.738922864063,Isleta Reach,Monsoon
2013,8,17,Montano,32,43,37.5,35.1452628545,-106.680332705,Angostura Reach,Monsoon
2013,8,18,Reynolds Cleared,37,56,46.5,34.6567454384498,-106.738602216398,Isleta Reach,Monsoon
2013,8,19,Reynolds Forest,.,63,63,34.657611462267496,-106.739436295579,Isleta Reach,Monsoon
2013,8,20,Route 66,.,62,62,35.1006512603,-106.691932797,Angostura Reach,Monsoon
2013,8,21,Badger,90,90,90,35.1955715759,-106.641632737,Angostura Reach,Monsoon
2013,8,22,Bobcat,77,83,80,35.2010747789,-106.641162297,Angostura Reach,Monsoon
2013,8,23,BioPark,73,73,73,35.0799846256,-106.669723455,Angostura Reach,Monsoon
2013,8,24,Santo Domingo,70,93,81.5,35.50989,-106.3896,Cochiti Reach,Monsoon
2013,8,25,Crawford,60,70,65,34.637561057629,-106.74347269011,Isleta Reach,Monsoon
2013,8,26,Mesilla,.,.,.,32.248328,-106.821014,South of San Marcial Reach,Monsoon
2013,8,27,Bosque Farm,50,62,56,34.8477697505695,-106.714997116643,Isleta Reach,Monsoon
2013,9,1,Alameda,83,87,85,35.1880598884,-106.646949118,Angostura Reach,Fall
2013,9,2,Rio Grande Nature Center,70,72,71,35.1267624154,-106.688450012,Angostura Reach,Fall
2013,9,3,Los Lunas,37,58,47.5,34.8123850767529,-106.714471968474,Isleta Reach,Fall
2013,9,4,Belen,55,52,53.5,34.6481124155284,-106.737727748983,Isleta Reach,Fall
2013,9,5,Santa Ana,73,92,82.5,35.34284,-106.5458,Angostura Reach,Fall
2013,9,6,Savannah,67,39.2,53.1,35.1428674147,-106.681982289,Angostura Reach,Fall
2013,9,7,Lemitar,61,.,61,34.1670457032,-106.889953039,San Acacia Reach,Fall
2013,9,8,Hispanic Cultural Center,76,87,81.5,35.0688083802,-106.65807622,Angostura Reach,Fall
2013,9,10,Diversion,56,87,71.5,35.191618922399996,-106.643382687,Angostura Reach,Fall
2013,9,11,Calabacillas,70,89,79.5,35.1946222612,-106.646350963,Angostura Reach,Fall
2013,9,12,Minnow,43,89,66,35.1972256042,-106.644122231,Angostura Reach,Fall
2013,9,13,Harrison,69,88,78.5,35.0150622305,-106.673722917,Angostura Reach,Fall
2013,9,14,Sevilleta,49,64,56.5,34.2586573236,-106.883372761,San Acacia Reach,Fall
2013,9,15,Valencia Cleared,29,50,39.5,34.6486505386211,-106.739180486447,Isleta Reach,Fall
2013,9,16,Valencia Forest,49,49,49,34.6472147233729,-106.738922864063,Isleta Reach,Fall
2013,9,17,Montano,45,84.5,64.75,35.1452628545,-106.680332705,Angostura Reach,Fall
2013,9,18,Reynolds Cleared,25,47,36,34.6567454384498,-106.738602216398,Isleta Reach,Fall
2013,9,19,Reynolds Forest,38,50,44,34.657611462267496,-106.739436295579,Isleta Reach,Fall
2013,9,20,Route 66,44,80,62,35.1006512603,-106.691932797,Angostura Reach,Fall
2013,9,21,Badger,65,80,72.5,35.1955715759,-106.641632737,Angostura Reach,Fall
2013,9,22,Bobcat,55,85,70,35.2010747789,-106.641162297,Angostura Reach,Fall
2013,9,23,BioPark,71,98,84.5,35.0799846256,-106.669723455,Angostura Reach,Fall
2013,9,24,Santo Domingo,93,150,121.5,35.50989,-106.3896,Cochiti Reach,Fall
2013,9,25,Crawford,37.5,55,46.25,34.637561057629,-106.74347269011,Isleta Reach,Fall
2013,9,26,Mesilla,.,.,.,32.248328,-106.821014,South of San Marcial Reach,Fall
2013,9,27,Bosque Farm,40,76,58,34.8477697505695,-106.714997116643,Isleta Reach,Fall
2013,10,1,Alameda,4.5,6,5.25,35.1880598884,-106.646949118,Angostura Reach,Fall
2013,10,2,Rio Grande Nature Center,.,1.25,1.25,35.1267624154,-106.688450012,Angostura Reach,Fall
2013,10,3,Los Lunas,11.5,.,11.5,34.8123850767529,-106.714471968474,Isleta Reach,Fall
2013,10,4,Belen,3,5,4,34.6481124155284,-106.737727748983,Isleta Reach,Fall
2013,10,5,Santa Ana,1.5,5,3.25,35.34284,-106.5458,Angostura Reach,Fall
2013,10,6,Savannah,5,7.5,6.25,35.1428674147,-106.681982289,Angostura Reach,Fall
2013,10,7,Lemitar,7.3,9.5,8.4,34.1670457032,-106.889953039,San Acacia Reach,Fall
2013,10,8,Hispanic Cultural Center,13,9,11,35.0688083802,-106.65807622,Angostura Reach,Fall
2013,10,10,Diversion,2.25,6.5,4.375,35.191618922399996,-106.643382687,Angostura Reach,Fall
2013,10,11,Calabacillas,3,0,1.5,35.1946222612,-106.646350963,Angostura Reach,Fall
2013,10,12,Minnow,4.5,4,4.25,35.1972256042,-106.644122231,Angostura Reach,Fall
2013,10,13,Harrison,.,.,.,35.0150622305,-106.673722917,Angostura Reach,Fall
2013,10,14,Sevilleta,0,1.5,0.75,34.2586573236,-106.883372761,San Acacia Reach,Fall
2013,10,15,Valencia Cleared,2.5,6.3,4.4,34.6486505386211,-106.739180486447,Isleta Reach,Fall
2013,10,16,Valencia Forest,6,6,6,34.6472147233729,-106.738922864063,Isleta Reach,Fall
2013,10,17,Montano,2.25,7,4.625,35.1452628545,-106.680332705,Angostura Reach,Fall
2013,10,18,Reynolds Cleared,1.75,8,4.875,34.6567454384498,-106.738602216398,Isleta Reach,Fall
2013,10,19,Reynolds Forest,3.1,10,6.55,34.657611462267496,-106.739436295579,Isleta Reach,Fall
2013,10,20,Route 66,4.5,12.5,8.5,35.1006512603,-106.691932797,Angostura Reach,Fall
2013,10,21,Badger,2,8,5,35.1955715759,-106.641632737,Angostura Reach,Fall
2013,10,22,Bobcat,5,5.8,5.4,35.2010747789,-106.641162297,Angostura Reach,Fall
2013,10,23,BioPark,6,9.5,7.75,35.0799846256,-106.669723455,Angostura Reach,Fall
2013,10,24,Santo Domingo,6.5,11,8.75,35.50989,-106.3896,Cochiti Reach,Fall
2013,10,25,Crawford,4.2,7,5.6,34.637561057629,-106.74347269011,Isleta Reach,Fall
2013,10,26,Mesilla,.,.,.,32.248328,-106.821014,South of San Marcial Reach,Fall
2013,10,27,Bosque Farm,13,21,17,34.8477697505695,-106.714997116643,Isleta Reach,Fall
2013,11,1,Alameda,3,5.5,4.25,35.1880598884,-106.646949118,Angostura Reach,Winter
2013,11,2,Rio Grande Nature Center,4.25,7.5,5.875,35.1267624154,-106.688450012,Angostura Reach,Winter
2013,11,3,Los Lunas,5.5,11,8.25,34.8123850767529,-106.714471968474,Isleta Reach,Winter
2013,11,4,Belen,8,10,9,34.6481124155284,-106.737727748983,Isleta Reach,Winter
2013,11,5,Santa Ana,12,19,15.5,35.34284,-106.5458,Angostura Reach,Winter
2013,11,6,Savannah,1,10.5,5.75,35.1428674147,-106.681982289,Angostura Reach,Winter
2013,11,7,Lemitar,2.5,4.5,3.5,34.1670457032,-106.889953039,San Acacia Reach,Winter
2013,11,8,Hispanic Cultural Center,13,16,14.5,35.0688083802,-106.65807622,Angostura Reach,Winter
2013,11,10,Diversion,4,12,8,35.191618922399996,-106.643382687,Angostura Reach,Winter
2013,11,11,Calabacillas,17,20.1,18.55,35.1946222612,-106.646350963,Angostura Reach,Winter
2013,11,12,Minnow,6.1,21,13.55,35.1972256042,-106.644122231,Angostura Reach,Winter
2013,11,13,Harrison,6,9,7.5,35.0150622305,-106.673722917,Angostura Reach,Winter
2013,11,14,Sevilleta,1.5,2,1.75,34.2586573236,-106.883372761,San Acacia Reach,Winter
2013,11,15,Valencia Cleared,7,.,7,34.6486505386211,-106.739180486447,Isleta Reach,Winter
2013,11,16,Valencia Forest,10,11,10.5,34.6472147233729,-106.738922864063,Isleta Reach,Winter
2013,11,17,Montano,0,8,4,35.1452628545,-106.680332705,Angostura Reach,Winter
2013,11,18,Reynolds Cleared,3.5,7.25,5.375,34.6567454384498,-106.738602216398,Isleta Reach,Winter
2013,11,19,Reynolds Forest,8,6,7,34.657611462267496,-106.739436295579,Isleta Reach,Winter
2013,11,20,Route 66,3.5,12,7.75,35.1006512603,-106.691932797,Angostura Reach,Winter
2013,11,21,Badger,2,7,4.5,35.1955715759,-106.641632737,Angostura Reach,Winter
2013,11,22,Bobcat,11,23,17,35.2010747789,-106.641162297,Angostura Reach,Winter
2013,11,23,BioPark,6,16,11,35.0799846256,-106.669723455,Angostura Reach,Winter
2013,11,24,Santo Domingo,17,29,23,35.50989,-106.3896,Cochiti Reach,Winter
2013,11,25,Crawford,6.5,12.5,9.5,34.637561057629,-106.74347269011,Isleta Reach,Winter
2013,11,26,Mesilla,0,0.5,0.25,32.248328,-106.821014,South of San Marcial Reach,Winter
2013,11,27,Bosque Farm,4,9.5,6.75,34.8477697505695,-106.714997116643,Isleta Reach,Winter
2013,12,1,Alameda,11,22,16.5,35.1880598884,-106.646949118,Angostura Reach,Winter
2013,12,2,Rio Grande Nature Center,16,18,17,35.1267624154,-106.688450012,Angostura Reach,Winter
2013,12,3,Los Lunas,12.5,18,15.25,34.8123850767529,-106.714471968474,Isleta Reach,Winter
2013,12,4,Belen,.,23,23,34.6481124155284,-106.737727748983,Isleta Reach,Winter
2013,12,5,Santa Ana,14,13,13.5,35.34284,-106.5458,Angostura Reach,Winter
2013,12,6,Savannah,12,20,16,35.1428674147,-106.681982289,Angostura Reach,Winter
2013,12,7,Lemitar,7,9,8,34.1670457032,-106.889953039,San Acacia Reach,Winter
2013,12,8,Hispanic Cultural Center,12,23,17.5,35.0688083802,-106.65807622,Angostura Reach,Winter
2013,12,10,Diversion,12,16,14,35.191618922399996,-106.643382687,Angostura Reach,Winter
2013,12,11,Calabacillas,7,11,9,35.1946222612,-106.646350963,Angostura Reach,Winter
2013,12,12,Minnow,3,6.5,4.75,35.1972256042,-106.644122231,Angostura Reach,Winter
2013,12,13,Harrison,19,25,22,35.0150622305,-106.673722917,Angostura Reach,Winter
2013,12,14,Sevilleta,6,9,7.5,34.2586573236,-106.883372761,San Acacia Reach,Winter
2013,12,15,Valencia Cleared,16,22,19,34.6486505386211,-106.739180486447,Isleta Reach,Winter
2013,12,16,Valencia Forest,21,25,23,34.6472147233729,-106.738922864063,Isleta Reach,Winter
2013,12,17,Montano,8,19,13.5,35.1452628545,-106.680332705,Angostura Reach,Winter
2013,12,18,Reynolds Cleared,12.5,19,15.75,34.6567454384498,-106.738602216398,Isleta Reach,Winter
2013,12,19,Reynolds Forest,15,20,17.5,34.657611462267496,-106.739436295579,Isleta Reach,Winter
2013,12,20,Route 66,17,19,18,35.1006512603,-106.691932797,Angostura Reach,Winter
2013,12,21,Badger,14,20,17,35.1955715759,-106.641632737,Angostura Reach,Winter
2013,12,22,Bobcat,4,6,5,35.2010747789,-106.641162297,Angostura Reach,Winter
2013,12,23,BioPark,12,15.5,13.75,35.0799846256,-106.669723455,Angostura Reach,Winter
2013,12,24,Santo Domingo,25,26,25.5,35.50989,-106.3896,Cochiti Reach,Winter
2013,12,25,Crawford,17,6.2,11.6,34.637561057629,-106.74347269011,Isleta Reach,Winter
2013,12,26,Mesilla,10,5,7.5,32.248328,-106.821014,South of San Marcial Reach,Winter
2013,12,27,Bosque Farm,.,.,.,34.8477697505695,-106.714997116643,Isleta Reach,Winter
2014,1,1,Alameda,0,0,0,35.1880598884,-106.646949118,Angostura Reach,Winter
2014,1,2,Rio Grande Nature Center,0,0,0,35.1267624154,-106.688450012,Angostura Reach,Winter
2014,1,3,Los Lunas,1.4,2,1.7,34.8123850767529,-106.714471968474,Isleta Reach,Winter
2014,1,4,Belen,1.5,3.5,2.5,34.6481124155284,-106.737727748983,Isleta Reach,Winter
2014,1,5,Santa Ana,5,6,5.5,35.34284,-106.5458,Angostura Reach,Winter
2014,1,6,Savannah,0,0,0,35.1428674147,-106.681982289,Angostura Reach,Winter
2014,1,7,Lemitar,0.75,2,1.375,34.1670457032,-106.889953039,San Acacia Reach,Winter
2014,1,8,Hispanic Cultural Center,0.5,1,0.75,35.0688083802,-106.65807622,Angostura Reach,Winter
2014,1,10,Diversion,0,0,0,35.191618922399996,-106.643382687,Angostura Reach,Winter
2014,1,11,Calabacillas,0,0,0,35.1946222612,-106.646350963,Angostura Reach,Winter
2014,1,12,Minnow,0,0,0,35.1972256042,-106.644122231,Angostura Reach,Winter
2014,1,13,Harrison,0,.,0,35.0150622305,-106.673722917,Angostura Reach,Winter
2014,1,14,Sevilleta,2.5,3,2.75,34.2586573236,-106.883372761,San Acacia Reach,Winter
2014,1,15,Valencia Cleared,2.6,3.5,3.05,34.6486505386211,-106.739180486447,Isleta Reach,Winter
2014,1,16,Valencia Forest,11,2,6.5,34.6472147233729,-106.738922864063,Isleta Reach,Winter
2014,1,17,Montano,0,0,0,35.1452628545,-106.680332705,Angostura Reach,Winter
2014,1,18,Reynolds Cleared,0.8,2,1.4,34.6567454384498,-106.738602216398,Isleta Reach,Winter
2014,1,19,Reynolds Forest,1,1.9,1.45,34.657611462267496,-106.739436295579,Isleta Reach,Winter
2014,1,20,Route 66,0,0,0,35.1006512603,-106.691932797,Angostura Reach,Winter
2014,1,21,Badger,1,0.5,0.75,35.1955715759,-106.641632737,Angostura Reach,Winter
2014,1,22,Bobcat,0,0,0,35.2010747789,-106.641162297,Angostura Reach,Winter
2014,1,23,BioPark,0,0,0,35.0799846256,-106.669723455,Angostura Reach,Winter
2014,1,24,Santo Domingo,0,0,0,35.50989,-106.3896,Cochiti Reach,Winter
2014,1,25,Crawford,3.25,4,3.625,34.637561057629,-106.74347269011,Isleta Reach,Winter
2014,1,26,Mesilla,0,0.15,0.075,32.248328,-106.821014,South of San Marcial Reach,Winter
2014,1,27,Bosque Farm,5,6,5.5,34.8477697505695,-106.714997116643,Isleta Reach,Winter
2014,1,28,Valle de Oro,.,.,.,34.9797688406,-106.680112434,Angostura Reach,Winter
2014,2,1,Alameda,6,8,7,35.1880598884,-106.646949118,Angostura Reach,Winter
2014,2,2,Rio Grande Nature Center,4.5,6.8,5.65,35.1267624154,-106.688450012,Angostura Reach,Winter
2014,2,3,Los Lunas,.,.,.,34.8123850767529,-106.714471968474,Isleta Reach,Winter
2014,2,4,Belen,1,2,1.5,34.6481124155284,-106.737727748983,Isleta Reach,Winter
2014,2,5,Santa Ana,10,11,10.5,35.34284,-106.5458,Angostura Reach,Winter
2014,2,6,Savannah,3.5,8.5,6,35.1428674147,-106.681982289,Angostura Reach,Winter
2014,2,7,Lemitar,0.8,0.7,0.75,34.1670457032,-106.889953039,San Acacia Reach,Winter
2014,2,8,Hispanic Cultural Center,4.5,5,4.75,35.0688083802,-106.65807622,Angostura Reach,Winter
2014,2,10,Diversion,3,6.5,4.75,35.191618922399996,-106.643382687,Angostura Reach,Winter
2014,2,11,Calabacillas,4.5,8,6.25,35.1946222612,-106.646350963,Angostura Reach,Winter
2014,2,12,Minnow,4.5,14,9.25,35.1972256042,-106.644122231,Angostura Reach,Winter
2014,2,13,Harrison,3,3.75,3.375,35.0150622305,-106.673722917,Angostura Reach,Winter
2014,2,14,Sevilleta,1.5,1.5,1.5,34.2586573236,-106.883372761,San Acacia Reach,Winter
2014,2,15,Valencia Cleared,1.5,2,1.75,34.6486505386211,-106.739180486447,Isleta Reach,Winter
2014,2,16,Valencia Forest,2.75,2,2.375,34.6472147233729,-106.738922864063,Isleta Reach,Winter
2014,2,17,Montano,4,8,6,35.1452628545,-106.680332705,Angostura Reach,Winter
2014,2,18,Reynolds Cleared,1,4,2.5,34.6567454384498,-106.738602216398,Isleta Reach,Winter
2014,2,19,Reynolds Forest,0.75,1.75,1.25,34.657611462267496,-106.739436295579,Isleta Reach,Winter
2014,2,20,Route 66,3.5,6.5,5,35.1006512603,-106.691932797,Angostura Reach,Winter
2014,2,21,Badger,4.5,5,4.75,35.1955715759,-106.641632737,Angostura Reach,Winter
2014,2,22,Bobcat,3,6.5,4.75,35.2010747789,-106.641162297,Angostura Reach,Winter
2014,2,23,BioPark,4.5,6,5.25,35.0799846256,-106.669723455,Angostura Reach,Winter
2014,2,24,Santo Domingo,6.6,9.6,8.1,35.50989,-106.3896,Cochiti Reach,Winter
2014,2,25,Crawford,1.6,1.5,1.55,34.637561057629,-106.74347269011,Isleta Reach,Winter
2014,2,26,Mesilla,0,0,0,32.248328,-106.821014,South of San Marcial Reach,Winter
2014,2,27,Bosque Farm,1,1.4,1.2,34.8477697505695,-106.714997116643,Isleta Reach,Winter
2014,2,28,Valle de Oro,.,.,.,34.9797688406,-106.680112434,Angostura Reach,Winter
2014,3,1,Alameda,4.15,6,5.075,35.1880598884,-106.646949118,Angostura Reach,Spring
2014,3,2,Rio Grande Nature Center,5.25,8,6.625,35.1267624154,-106.688450012,Angostura Reach,Spring
2014,3,3,Los Lunas,0,0,0,34.8123850767529,-106.714471968474,Isleta Reach,Spring
2014,3,4,Belen,10,9,9.5,34.6481124155284,-106.737727748983,Isleta Reach,Spring
2014,3,5,Santa Ana,3,4,3.5,35.34284,-106.5458,Angostura Reach,Spring
2014,3,6,Savannah,5,8.5,6.75,35.1428674147,-106.681982289,Angostura Reach,Spring
2014,3,7,Lemitar,0,0.25,0.125,34.1670457032,-106.889953039,San Acacia Reach,Spring
2014,3,8,Hispanic Cultural Center,7.5,7.5,7.5,35.0688083802,-106.65807622,Angostura Reach,Spring
2014,3,10,Diversion,2,6,4,35.191618922399996,-106.643382687,Angostura Reach,Spring
2014,3,11,Calabacillas,4.5,6,5.25,35.1946222612,-106.646350963,Angostura Reach,Spring
2014,3,12,Minnow,3,5.5,4.25,35.1972256042,-106.644122231,Angostura Reach,Spring
2014,3,13,Harrison,3,4,3.5,35.0150622305,-106.673722917,Angostura Reach,Spring
2014,3,14,Sevilleta,0,0.75,0.375,34.2586573236,-106.883372761,San Acacia Reach,Spring
2014,3,15,Valencia Cleared,4.75,5,4.875,34.6486505386211,-106.739180486447,Isleta Reach,Spring
2014,3,16,Valencia Forest,9.4,9,9.2,34.6472147233729,-106.738922864063,Isleta Reach,Spring
2014,3,17,Montano,2.8,7,4.9,35.1452628545,-106.680332705,Angostura Reach,Spring
2014,3,18,Reynolds Cleared,3.5,8,5.75,34.6567454384498,-106.738602216398,Isleta Reach,Spring
2014,3,19,Reynolds Forest,6,8,7,34.657611462267496,-106.739436295579,Isleta Reach,Spring
2014,3,20,Route 66,6.5,9.5,8,35.1006512603,-106.691932797,Angostura Reach,Spring
2014,3,21,Badger,3,5,4,35.1955715759,-106.641632737,Angostura Reach,Spring
2014,3,22,Bobcat,2.5,5.2,3.85,35.2010747789,-106.641162297,Angostura Reach,Spring
2014,3,23,BioPark,5.8,9,7.4,35.0799846256,-106.669723455,Angostura Reach,Spring
2014,3,24,Santo Domingo,2.54,5.8,4.17,35.50989,-106.3896,Cochiti Reach,Spring
2014,3,25,Crawford,10,8.5,9.25,34.637561057629,-106.74347269011,Isleta Reach,Spring
2014,3,26,Mesilla,11,6,8.5,32.248328,-106.821014,South of San Marcial Reach,Spring
2014,3,27,Bosque Farm,1.5,.,1.5,34.8477697505695,-106.714997116643,Isleta Reach,Spring
2014,3,28,Valle de Oro,.,.,.,34.9797688406,-106.680112434,Angostura Reach,Spring
2014,3,29,Albuquerque Overbank Project,.,.,.,35.0452081969,-106.665732215,Angostura Reach,Spring
2014,4,1,Alameda,0,0,0,35.1880598884,-106.646949118,Angostura Reach,Spring
2014,4,2,Rio Grande Nature Center,0,0,0,35.1267624154,-106.688450012,Angostura Reach,Spring
2014,4,3,Los Lunas,0,.,0,34.8123850767529,-106.714471968474,Isleta Reach,Spring
2014,4,4,Belen,0,0,0,34.6481124155284,-106.737727748983,Isleta Reach,Spring
2014,4,5,Santa Ana,0,0,0,35.34284,-106.5458,Angostura Reach,Spring
2014,4,6,Savannah,0,0,0,35.1428674147,-106.681982289,Angostura Reach,Spring
2014,4,7,Lemitar,0,0,0,34.1670457032,-106.889953039,San Acacia Reach,Spring
2014,4,8,Hispanic Cultural Center,0,0.25,0.125,35.0688083802,-106.65807622,Angostura Reach,Spring
2014,4,10,Diversion,0,0,0,35.191618922399996,-106.643382687,Angostura Reach,Spring
2014,4,11,Calabacillas,0,0,0,35.1946222612,-106.646350963,Angostura Reach,Spring
2014,4,12,Minnow,0,0,0,35.1972256042,-106.644122231,Angostura Reach,Spring
2014,4,13,Harrison,0,0,0,35.0150622305,-106.673722917,Angostura Reach,Spring
2014,4,14,Sevilleta,0,0,0,34.2586573236,-106.883372761,San Acacia Reach,Spring
2014,4,15,Valencia Cleared,0.5,1,0.75,34.6486505386211,-106.739180486447,Isleta Reach,Spring
2014,4,16,Valencia Forest,0.75,.,0.75,34.6472147233729,-106.738922864063,Isleta Reach,Spring
2014,4,17,Montano,0,0,0,35.1452628545,-106.680332705,Angostura Reach,Spring
2014,4,18,Reynolds Cleared,0,.,0,34.6567454384498,-106.738602216398,Isleta Reach,Spring
2014,4,19,Reynolds Forest,0,0.5,0.25,34.657611462267496,-106.739436295579,Isleta Reach,Spring
2014,4,20,Route 66,0,0,0,35.1006512603,-106.691932797,Angostura Reach,Spring
2014,4,21,Badger,0,0,0,35.1955715759,-106.641632737,Angostura Reach,Spring
2014,4,22,Bobcat,0,0,0,35.2010747789,-106.641162297,Angostura Reach,Spring
2014,4,23,BioPark,0,0,0,35.0799846256,-106.669723455,Angostura Reach,Spring
2014,4,24,Santo Domingo,0,0,0,35.50989,-106.3896,Cochiti Reach,Spring
2014,4,25,Crawford,0.8,0,0.4,34.637561057629,-106.74347269011,Isleta Reach,Spring
2014,4,26,Mesilla,0,0,0,32.248328,-106.821014,South of San Marcial Reach,Spring
2014,4,27,Bosque Farm,0.2,0.7,0.45,34.8477697505695,-106.714997116643,Isleta Reach,Spring
2014,4,28,Valle de Oro,.,.,.,34.9797688406,-106.680112434,Angostura Reach,Spring
2014,4,29,Albuquerque Overbank Project,.,.,.,35.0452081969,-106.665732215,Angostura Reach,Spring
2014,5,1,Alameda,0,0.25,0.125,35.1880598884,-106.646949118,Angostura Reach,Spring
2014,5,2,Rio Grande Nature Center,0,0,0,35.1267624154,-106.688450012,Angostura Reach,Spring
2014,5,3,Los Lunas,0.75,2,1.375,34.8123850767529,-106.714471968474,Isleta Reach,Spring
2014,5,4,Belen,5,2.8,3.9,34.6481124155284,-106.737727748983,Isleta Reach,Spring
2014,5,5,Santa Ana,0.25,0.5,0.375,35.34284,-106.5458,Angostura Reach,Spring
2014,5,6,Savannah,0.9,2.5,1.7,35.1428674147,-106.681982289,Angostura Reach,Spring
2014,5,7,Lemitar,1.5,4,2.75,34.1670457032,-106.889953039,San Acacia Reach,Spring
2014,5,8,Hispanic Cultural Center,0,0.75,0.375,35.0688083802,-106.65807622,Angostura Reach,Spring
2014,5,10,Diversion,0,0.5,0.25,35.191618922399996,-106.643382687,Angostura Reach,Spring
2014,5,11,Calabacillas,0,0.25,0.125,35.1946222612,-106.646350963,Angostura Reach,Spring
2014,5,12,Minnow,0,0,0,35.1972256042,-106.644122231,Angostura Reach,Spring
2014,5,13,Harrison,0,1,0.5,35.0150622305,-106.673722917,Angostura Reach,Spring
2014,5,14,Sevilleta,0,0,0,34.2586573236,-106.883372761,San Acacia Reach,Spring
2014,5,15,Valencia Cleared,1.5,3.3,2.4,34.6486505386211,-106.739180486447,Isleta Reach,Spring
2014,5,16,Valencia Forest,3,3,3,34.6472147233729,-106.738922864063,Isleta Reach,Spring
2014,5,17,Montano,0.5,2,1.25,35.1452628545,-106.680332705,Angostura Reach,Spring
2014,5,18,Reynolds Cleared,1,2.5,1.75,34.6567454384498,-106.738602216398,Isleta Reach,Spring
2014,5,19,Reynolds Forest,1,2.5,1.75,34.657611462267496,-106.739436295579,Isleta Reach,Spring
2014,5,20,Route 66,0.7,2,1.35,35.1006512603,-106.691932797,Angostura Reach,Spring
2014,5,21,Badger,5,0,2.5,35.1955715759,-106.641632737,Angostura Reach,Spring
2014,5,22,Bobcat,0,0.25,0.125,35.2010747789,-106.641162297,Angostura Reach,Spring
2014,5,23,BioPark,0,0.75,0.375,35.0799846256,-106.669723455,Angostura Reach,Spring
2014,5,24,Santo Domingo,2,3.9,2.95,35.50989,-106.3896,Cochiti Reach,Spring
2014,5,25,Crawford,2.5,3,2.75,34.637561057629,-106.74347269011,Isleta Reach,Spring
2014,5,26,Mesilla,0,0,0,32.248328,-106.821014,South of San Marcial Reach,Spring
2014,5,27,Bosque Farm,0,0.8,0.4,34.8477697505695,-106.714997116643,Isleta Reach,Spring
2014,5,28,Valle de Oro,.,.,.,34.9797688406,-106.680112434,Angostura Reach,Spring
2014,5,29,Albuquerque Overbank Project,.,.,.,35.0452081969,-106.665732215,Angostura Reach,Spring
2014,6,1,Alameda,7.3,8.5,7.9,35.1880598884,-106.646949118,Angostura Reach,Monsoon
2014,6,2,Rio Grande Nature Center,7.5,.,7.5,35.1267624154,-106.688450012,Angostura Reach,Monsoon
2014,6,3,Los Lunas,5.8,9.8,7.800000000000001,34.8123850767529,-106.714471968474,Isleta Reach,Monsoon
2014,6,4,Belen,2.6,.,2.6,34.6481124155284,-106.737727748983,Isleta Reach,Monsoon
2014,6,5,Santa Ana,11,14.5,12.75,35.34284,-106.5458,Angostura Reach,Monsoon
2014,6,6,Savannah,3,12,7.5,35.1428674147,-106.681982289,Angostura Reach,Monsoon
2014,6,7,Lemitar,2,4,3,34.1670457032,-106.889953039,San Acacia Reach,Monsoon
2014,6,8,Hispanic Cultural Center,8,11.5,9.75,35.0688083802,-106.65807622,Angostura Reach,Monsoon
2014,6,10,Diversion,3,7.5,5.25,35.191618922399996,-106.643382687,Angostura Reach,Monsoon
2014,6,11,Calabacillas,5,8.5,6.75,35.1946222612,-106.646350963,Angostura Reach,Monsoon
2014,6,12,Minnow,5,9,7,35.1972256042,-106.644122231,Angostura Reach,Monsoon
2014,6,13,Harrison,1.3,5.5,3.4,35.0150622305,-106.673722917,Angostura Reach,Monsoon
2014,6,14,Sevilleta,0.75,.,0.75,34.2586573236,-106.883372761,San Acacia Reach,Monsoon
2014,6,15,Valencia Cleared,4,7,5.5,34.6486505386211,-106.739180486447,Isleta Reach,Monsoon
2014,6,16,Valencia Forest,6,7.5,6.75,34.6472147233729,-106.738922864063,Isleta Reach,Monsoon
2014,6,17,Montano,.,.,.,35.1452628545,-106.680332705,Angostura Reach,Monsoon
2014,6,18,Reynolds Cleared,5.5,5.5,5.5,34.6567454384498,-106.738602216398,Isleta Reach,Monsoon
2014,6,19,Reynolds Forest,2.25,5.5,3.875,34.657611462267496,-106.739436295579,Isleta Reach,Monsoon
2014,6,20,Route 66,1.5,9.5,5.5,35.1006512603,-106.691932797,Angostura Reach,Monsoon
2014,6,21,Badger,3.5,7.6,5.55,35.1955715759,-106.641632737,Angostura Reach,Monsoon
2014,6,22,Bobcat,2.8,8,5.4,35.2010747789,-106.641162297,Angostura Reach,Monsoon
2014,6,23,BioPark,4.4,11.1,7.75,35.0799846256,-106.669723455,Angostura Reach,Monsoon
2014,6,24,Santo Domingo,3.5,13,8.25,35.50989,-106.3896,Cochiti Reach,Monsoon
2014,6,25,Crawford,6.5,8.5,7.5,34.637561057629,-106.74347269011,Isleta Reach,Monsoon
2014,6,26,Mesilla,0.12,0,0.06,32.248328,-106.821014,South of San Marcial Reach,Monsoon
2014,6,27,Bosque Farm,.,6.2,6.2,34.8477697505695,-106.714997116643,Isleta Reach,Monsoon
2014,6,28,Valle de Oro,.,.,.,34.9797688406,-106.680112434,Angostura Reach,Monsoon
2014,6,29,Albuquerque Overbank Project,.,.,.,35.0452081969,-106.665732215,Angostura Reach,Monsoon
2014,6,30,State Land Office,.,.,.,34.9679188689,-106.685667747,Angostura Reach,Monsoon
2014,7,1,Alameda,22,32,27,35.1880598884,-106.646949118,Angostura Reach,Monsoon
2014,7,2,Rio Grande Nature Center,32,40,36,35.1267624154,-106.688450012,Angostura Reach,Monsoon
2014,7,3,Los Lunas,41,47,44,34.8123850767529,-106.714471968474,Isleta Reach,Monsoon
2014,7,4,Belen,37,50,43.5,34.6481124155284,-106.737727748983,Isleta Reach,Monsoon
2014,7,5,Santa Ana,19,32.5,25.75,35.34284,-106.5458,Angostura Reach,Monsoon
2014,7,6,Savannah,29,73,51,35.1428674147,-106.681982289,Angostura Reach,Monsoon
2014,7,7,Lemitar,5,12,8.5,34.1670457032,-106.889953039,San Acacia Reach,Monsoon
2014,7,8,Hispanic Cultural Center,29,32,30.5,35.0688083802,-106.65807622,Angostura Reach,Monsoon
2014,7,10,Diversion,20,39,29.5,35.191618922399996,-106.643382687,Angostura Reach,Monsoon
2014,7,11,Calabacillas,24,38,31,35.1946222612,-106.646350963,Angostura Reach,Monsoon
2014,7,12,Minnow,18,46,32,35.1972256042,-106.644122231,Angostura Reach,Monsoon
2014,7,13,Harrison,18.2,27,22.6,35.0150622305,-106.673722917,Angostura Reach,Monsoon
2014,7,14,Sevilleta,.,.,.,34.2586573236,-106.883372761,San Acacia Reach,Monsoon
2014,7,15,Valencia Cleared,31,51,41,34.6486505386211,-106.739180486447,Isleta Reach,Monsoon
2014,7,16,Valencia Forest,53,51,52,34.6472147233729,-106.738922864063,Isleta Reach,Monsoon
2014,7,17,Montano,53,88,70.5,35.1452628545,-106.680332705,Angostura Reach,Monsoon
2014,7,18,Reynolds Cleared,31,56,43.5,34.6567454384498,-106.738602216398,Isleta Reach,Monsoon
2014,7,19,Reynolds Forest,42,57,49.5,34.657611462267496,-106.739436295579,Isleta Reach,Monsoon
2014,7,20,Route 66,.,38,38,35.1006512603,-106.691932797,Angostura Reach,Monsoon
2014,7,21,Badger,18,10,14,35.1955715759,-106.641632737,Angostura Reach,Monsoon
2014,7,22,Bobcat,19,44,31.5,35.2010747789,-106.641162297,Angostura Reach,Monsoon
2014,7,23,BioPark,32.5,48,40.25,35.0799846256,-106.669723455,Angostura Reach,Monsoon
2014,7,24,Santo Domingo,28,49,38.5,35.50989,-106.3896,Cochiti Reach,Monsoon
2014,7,25,Crawford,39,52,45.5,34.637561057629,-106.74347269011,Isleta Reach,Monsoon
2014,7,26,Mesilla,25,28,26.5,32.248328,-106.821014,South of San Marcial Reach,Monsoon
2014,7,27,Bosque Farm,13.5,28,20.75,34.8477697505695,-106.714997116643,Isleta Reach,Monsoon
2014,7,28,Valle de Oro,.,.,.,34.9797688406,-106.680112434,Angostura Reach,Monsoon
2014,7,29,Albuquerque Overbank Project,.,.,.,35.0452081969,-106.665732215,Angostura Reach,Monsoon
2014,7,30,State Land Office,34,47,40.5,34.9679188689,-106.685667747,Angostura Reach,Monsoon
2014,8,1,Alameda,26,43,34.5,35.1880598884,-106.646949118,Angostura Reach,Monsoon
2014,8,2,Rio Grande Nature Center,33,40,36.5,35.1267624154,-106.688450012,Angostura Reach,Monsoon
2014,8,3,Los Lunas,63.5,65,64.25,34.8123850767529,-106.714471968474,Isleta Reach,Monsoon
2014,8,4,Belen,70,83,76.5,34.6481124155284,-106.737727748983,Isleta Reach,Monsoon
2014,8,5,Santa Ana,45,60,52.5,35.34284,-106.5458,Angostura Reach,Monsoon
2014,8,6,Savannah,12,41,26.5,35.1428674147,-106.681982289,Angostura Reach,Monsoon
2014,8,7,Lemitar,34,58,46,34.1670457032,-106.889953039,San Acacia Reach,Monsoon
2014,8,8,Hispanic Cultural Center,59,78,68.5,35.0688083802,-106.65807622,Angostura Reach,Monsoon
2014,8,10,Diversion,13,37,25,35.191618922399996,-106.643382687,Angostura Reach,Monsoon
2014,8,11,Calabacillas,19,39,29,35.1946222612,-106.646350963,Angostura Reach,Monsoon
2014,8,12,Minnow,12,.,12,35.1972256042,-106.644122231,Angostura Reach,Monsoon
2014,8,13,Harrison,71,86,78.5,35.0150622305,-106.673722917,Angostura Reach,Monsoon
2014,8,14,Sevilleta,.,49,49,34.2586573236,-106.883372761,San Acacia Reach,Monsoon
2014,8,15,Valencia Cleared,57,81,69,34.6486505386211,-106.739180486447,Isleta Reach,Monsoon
2014,8,16,Valencia Forest,82,82,82,34.6472147233729,-106.738922864063,Isleta Reach,Monsoon
2014,8,17,Montano,10,40,25,35.1452628545,-106.680332705,Angostura Reach,Monsoon
2014,8,18,Reynolds Cleared,41,72,56.5,34.6567454384498,-106.738602216398,Isleta Reach,Monsoon
2014,8,19,Reynolds Forest,60,73,66.5,34.657611462267496,-106.739436295579,Isleta Reach,Monsoon
2014,8,20,Route 66,29,60,44.5,35.1006512603,-106.691932797,Angostura Reach,Monsoon
2014,8,21,Badger,15,42,28.5,35.1955715759,-106.641632737,Angostura Reach,Monsoon
2014,8,22,Bobcat,21.9,53,37.45,35.2010747789,-106.641162297,Angostura Reach,Monsoon
2014,8,23,BioPark,33,37,35,35.0799846256,-106.669723455,Angostura Reach,Monsoon
2014,8,24,Santo Domingo,29,53,41,35.50989,-106.3896,Cochiti Reach,Monsoon
2014,8,25,Crawford,64,80,72,34.637561057629,-106.74347269011,Isleta Reach,Monsoon
2014,8,26,Mesilla,61,80,70.5,32.248328,-106.821014,South of San Marcial Reach,Monsoon
2014,8,27,Bosque Farm,41,77,59,34.8477697505695,-106.714997116643,Isleta Reach,Monsoon
2014,8,28,Valle de Oro,.,.,.,34.9797688406,-106.680112434,Angostura Reach,Monsoon
2014,8,29,Albuquerque Overbank Project,.,.,.,35.0452081969,-106.665732215,Angostura Reach,Monsoon
2014,8,30,State Land Office,19,35,27,34.9679188689,-106.685667747,Angostura Reach,Monsoon
2014,9,1,Alameda,5,19,12,35.1880598884,-106.646949118,Angostura Reach,Fall
2014,9,2,Rio Grande Nature Center,5,8,6.5,35.1267624154,-106.688450012,Angostura Reach,Fall
2014,9,3,Los Lunas,8.5,15.3,11.9,34.8123850767529,-106.714471968474,Isleta Reach,Fall
2014,9,4,Belen,7,14,10.5,34.6481124155284,-106.737727748983,Isleta Reach,Fall
2014,9,5,Santa Ana,6.5,11,8.75,35.34284,-106.5458,Angostura Reach,Fall
2014,9,6,Savannah,0,7,3.5,35.1428674147,-106.681982289,Angostura Reach,Fall
2014,9,7,Lemitar,28,45,36.5,34.1670457032,-106.889953039,San Acacia Reach,Fall
2014,9,8,Hispanic Cultural Center,12,16,14,35.0688083802,-106.65807622,Angostura Reach,Fall
2014,9,10,Diversion,7.5,19,13.25,35.191618922399996,-106.643382687,Angostura Reach,Fall
2014,9,11,Calabacillas,13,24,18.5,35.1946222612,-106.646350963,Angostura Reach,Fall
2014,9,12,Minnow,11,23.9,17.45,35.1972256042,-106.644122231,Angostura Reach,Fall
2014,9,13,Harrison,36,45,40.5,35.0150622305,-106.673722917,Angostura Reach,Fall
2014,9,14,Sevilleta,23.5,.,23.5,34.2586573236,-106.883372761,San Acacia Reach,Fall
2014,9,15,Valencia Cleared,8.4,13.75,11.075,34.6486505386211,-106.739180486447,Isleta Reach,Fall
2014,9,16,Valencia Forest,13.7,15,14.35,34.6472147233729,-106.738922864063,Isleta Reach,Fall
2014,9,17,Montano,0.5,9,4.75,35.1452628545,-106.680332705,Angostura Reach,Fall
2014,9,18,Reynolds Cleared,5,20,12.5,34.6567454384498,-106.738602216398,Isleta Reach,Fall
2014,9,19,Reynolds Forest,7.5,19,13.25,34.657611462267496,-106.739436295579,Isleta Reach,Fall
2014,9,20,Route 66,1.5,13,7.25,35.1006512603,-106.691932797,Angostura Reach,Fall
2014,9,21,Badger,10,21,15.5,35.1955715759,-106.641632737,Angostura Reach,Fall
2014,9,22,Bobcat,.,6.5,6.5,35.2010747789,-106.641162297,Angostura Reach,Fall
2014,9,23,BioPark,8,17,12.5,35.0799846256,-106.669723455,Angostura Reach,Fall
2014,9,24,Santo Domingo,1.5,7.5,4.5,35.50989,-106.3896,Cochiti Reach,Fall
2014,9,25,Crawford,10.75,17,13.875,34.637561057629,-106.74347269011,Isleta Reach,Fall
2014,9,26,Mesilla,57,76,66.5,32.248328,-106.821014,South of San Marcial Reach,Fall
2014,9,27,Bosque Farm,.,.,.,34.8477697505695,-106.714997116643,Isleta Reach,Fall
2014,9,28,Valle de Oro,.,.,.,34.9797688406,-106.680112434,Angostura Reach,Fall
2014,9,29,Albuquerque Overbank Project,.,.,.,35.0452081969,-106.665732215,Angostura Reach,Fall
2014,9,30,State Land Office,13,15,14,34.9679188689,-106.685667747,Angostura Reach,Fall
2014,10,1,Alameda,7.5,13,10.25,35.1880598884,-106.646949118,Angostura Reach,Fall
2014,10,2,Rio Grande Nature Center,12,17,14.5,35.1267624154,-106.688450012,Angostura Reach,Fall
2014,10,3,Los Lunas,.,.,.,34.8123850767529,-106.714471968474,Isleta Reach,Fall
2014,10,4,Belen,.,26,26,34.6481124155284,-106.737727748983,Isleta Reach,Fall
2014,10,5,Santa Ana,11,15,13,35.34284,-106.5458,Angostura Reach,Fall
2014,10,6,Savannah,1.5,16,8.75,35.1428674147,-106.681982289,Angostura Reach,Fall
2014,10,7,Lemitar,49,68,58.5,34.1670457032,-106.889953039,San Acacia Reach,Fall
2014,10,8,Hispanic Cultural Center,11.5,14,12.75,35.0688083802,-106.65807622,Angostura Reach,Fall
2014,10,10,Diversion,1,13,7,35.191618922399996,-106.643382687,Angostura Reach,Fall
2014,10,11,Calabacillas,6,13,9.5,35.1946222612,-106.646350963,Angostura Reach,Fall
2014,10,12,Minnow,1.5,12,6.75,35.1972256042,-106.644122231,Angostura Reach,Fall
2014,10,13,Harrison,13,22,17.5,35.0150622305,-106.673722917,Angostura Reach,Fall
2014,10,14,Sevilleta,.,.,.,34.2586573236,-106.883372761,San Acacia Reach,Fall
2014,10,15,Valencia Cleared,16,26,21,34.6486505386211,-106.739180486447,Isleta Reach,Fall
2014,10,16,Valencia Forest,26,27,26.5,34.6472147233729,-106.738922864063,Isleta Reach,Fall
2014,10,17,Montano,0,11,5.5,35.1452628545,-106.680332705,Angostura Reach,Fall
2014,10,18,Reynolds Cleared,4,15,9.5,34.6567454384498,-106.738602216398,Isleta Reach,Fall
2014,10,19,Reynolds Forest,14,23,18.5,34.657611462267496,-106.739436295579,Isleta Reach,Fall
2014,10,20,Route 66,2,12.5,7.25,35.1006512603,-106.691932797,Angostura Reach,Fall
2014,10,21,Badger,3,13,8,35.1955715759,-106.641632737,Angostura Reach,Fall
2014,10,22,Bobcat,2.5,10.5,6.5,35.2010747789,-106.641162297,Angostura Reach,Fall
2014,10,23,BioPark,13,20,16.5,35.0799846256,-106.669723455,Angostura Reach,Fall
2014,10,24,Santo Domingo,4,17,10.5,35.50989,-106.3896,Cochiti Reach,Fall
2014,10,25,Crawford,20,29,24.5,34.637561057629,-106.74347269011,Isleta Reach,Fall
2014,10,26,Mesilla,10.2,12.7,11.45,32.248328,-106.821014,South of San Marcial Reach,Fall
2014,10,27,Bosque Farm,.,.,.,34.8477697505695,-106.714997116643,Isleta Reach,Fall
2014,10,28,Valle de Oro,.,.,.,34.9797688406,-106.680112434,Angostura Reach,Fall
2014,10,29,Albuquerque Overbank Project,.,.,.,35.0452081969,-106.665732215,Angostura Reach,Fall
2014,10,30,State Land Office,11.5,16,13.75,34.9679188689,-106.685667747,Angostura Reach,Fall
2014,11,1,Alameda,2,5,3.5,35.1880598884,-106.646949118,Angostura Reach,Winter
2014,11,2,Rio Grande Nature Center,1.5,3,2.25,35.1267624154,-106.688450012,Angostura Reach,Winter
2014,11,3,Los Lunas,.,.,.,34.8123850767529,-106.714471968474,Isleta Reach,Winter
2014,11,4,Belen,9,11,10,34.6481124155284,-106.737727748983,Isleta Reach,Winter
2014,11,5,Santa Ana,3,4,3.5,35.34284,-106.5458,Angostura Reach,Winter
2014,11,6,Savannah,0,2.6,1.3,35.1428674147,-106.681982289,Angostura Reach,Winter
2014,11,7,Lemitar,3,2.6,2.8,34.1670457032,-106.889953039,San Acacia Reach,Winter
2014,11,8,Hispanic Cultural Center,0,1.5,0.75,35.0688083802,-106.65807622,Angostura Reach,Winter
2014,11,10,Diversion,0.5,3,1.75,35.191618922399996,-106.643382687,Angostura Reach,Winter
2014,11,11,Calabacillas,1,3.5,2.25,35.1946222612,-106.646350963,Angostura Reach,Winter
2014,11,12,Minnow,0,3.25,1.625,35.1972256042,-106.644122231,Angostura Reach,Winter
2014,11,13,Harrison,2.5,4.5,3.5,35.0150622305,-106.673722917,Angostura Reach,Winter
2014,11,14,Sevilleta,0,5,2.5,34.2586573236,-106.883372761,San Acacia Reach,Winter
2014,11,15,Valencia Cleared,7.5,11,9.25,34.6486505386211,-106.739180486447,Isleta Reach,Winter
2014,11,16,Valencia Forest,10,11.5,10.75,34.6472147233729,-106.738922864063,Isleta Reach,Winter
2014,11,17,Montano,0,2,1,35.1452628545,-106.680332705,Angostura Reach,Winter
2014,11,18,Reynolds Cleared,2,8,5,34.6567454384498,-106.738602216398,Isleta Reach,Winter
2014,11,19,Reynolds Forest,5,7.5,6.25,34.657611462267496,-106.739436295579,Isleta Reach,Winter
2014,11,20,Route 66,2,5,3.5,35.1006512603,-106.691932797,Angostura Reach,Winter
2014,11,21,Badger,4.5,3,3.75,35.1955715759,-106.641632737,Angostura Reach,Winter
2014,11,22,Bobcat,0.5,4,2.25,35.2010747789,-106.641162297,Angostura Reach,Winter
2014,11,23,BioPark,1,3.1,2.05,35.0799846256,-106.669723455,Angostura Reach,Winter
2014,11,24,Santo Domingo,8.2,11.5,9.85,35.50989,-106.3896,Cochiti Reach,Winter
2014,11,25,Crawford,10,12,11,34.637561057629,-106.74347269011,Isleta Reach,Winter
2014,11,26,Mesilla,0.5,7.5,4,32.248328,-106.821014,South of San Marcial Reach,Winter
2014,11,27,Bosque Farm,.,.,.,34.8477697505695,-106.714997116643,Isleta Reach,Winter
2014,11,28,Valle de Oro,.,.,.,34.9797688406,-106.680112434,Angostura Reach,Winter
2014,11,29,Albuquerque Overbank Project,.,.,.,35.0452081969,-106.665732215,Angostura Reach,Winter
2014,11,30,State Land Office,3.5,9,6.25,34.9679188689,-106.685667747,Angostura Reach,Winter
2014,12,1,Alameda,15.5,.,15.5,35.1880598884,-106.646949118,Angostura Reach,Winter
2014,12,2,Rio Grande Nature Center,19,17,18,35.1267624154,-106.688450012,Angostura Reach,Winter
2014,12,3,Los Lunas,.,.,.,34.8123850767529,-106.714471968474,Isleta Reach,Winter
2014,12,4,Belen,7,13,10,34.6481124155284,-106.737727748983,Isleta Reach,Winter
2014,12,5,Santa Ana,26,25,25.5,35.34284,-106.5458,Angostura Reach,Winter
2014,12,6,Savannah,12,18,15,35.1428674147,-106.681982289,Angostura Reach,Winter
2014,12,7,Lemitar,1.5,2,1.75,34.1670457032,-106.889953039,San Acacia Reach,Winter
2014,12,8,Hispanic Cultural Center,19,24,21.5,35.0688083802,-106.65807622,Angostura Reach,Winter
2014,12,10,Diversion,11,20,15.5,35.191618922399996,-106.643382687,Angostura Reach,Winter
2014,12,11,Calabacillas,13,19,16,35.1946222612,-106.646350963,Angostura Reach,Winter
2014,12,12,Minnow,8,20,14,35.1972256042,-106.644122231,Angostura Reach,Winter
2014,12,13,Harrison,15.5,23,19.25,35.0150622305,-106.673722917,Angostura Reach,Winter
2014,12,14,Sevilleta,2.5,1.5,2,34.2586573236,-106.883372761,San Acacia Reach,Winter
2014,12,15,Valencia Cleared,9,.,9,34.6486505386211,-106.739180486447,Isleta Reach,Winter
2014,12,16,Valencia Forest,13.5,15,14.25,34.6472147233729,-106.738922864063,Isleta Reach,Winter
2014,12,17,Montano,4.5,19,11.75,35.1452628545,-106.680332705,Angostura Reach,Winter
2014,12,18,Reynolds Cleared,5.5,10,7.75,34.6567454384498,-106.738602216398,Isleta Reach,Winter
2014,12,19,Reynolds Forest,8,10.5,9.25,34.657611462267496,-106.739436295579,Isleta Reach,Winter
2014,12,20,Route 66,12,19.5,15.75,35.1006512603,-106.691932797,Angostura Reach,Winter
2014,12,21,Badger,12,8,10,35.1955715759,-106.641632737,Angostura Reach,Winter
2014,12,22,Bobcat,13,.,13,35.2010747789,-106.641162297,Angostura Reach,Winter
2014,12,23,BioPark,21,22,21.5,35.0799846256,-106.669723455,Angostura Reach,Winter
2014,12,24,Santo Domingo,23,11,17,35.50989,-106.3896,Cochiti Reach,Winter
2014,12,25,Crawford,14,14,14,34.637561057629,-106.74347269011,Isleta Reach,Winter
2014,12,26,Mesilla,2.75,3,2.875,32.248328,-106.821014,South of San Marcial Reach,Winter
2014,12,27,Bosque Farm,.,.,.,34.8477697505695,-106.714997116643,Isleta Reach,Winter
2014,12,28,Valle de Oro,.,.,.,34.9797688406,-106.680112434,Angostura Reach,Winter
2014,12,29,Albuquerque Overbank Project,.,.,.,35.0452081969,-106.665732215,Angostura Reach,Winter
2014,12,30,State Land Office,19,25,22,34.9679188689,-106.685667747,Angostura Reach,Winter
2015,1,1,Alameda,9,10,9.5,35.1880598884,-106.646949118,Angostura Reach,Winter
2015,1,2,Rio Grande Nature Center,7.5,8.5,8,35.1267624154,-106.688450012,Angostura Reach,Winter
2015,1,3,Los Lunas,.,.,.,34.8123850767529,-106.714471968474,Isleta Reach,Winter
2015,1,4,Belen,5.5,19,12.25,34.6481124155284,-106.737727748983,Isleta Reach,Winter
2015,1,5,Santa Ana,12,14,13,35.34284,-106.5458,Angostura Reach,Winter
2015,1,6,Savannah,10,16,13,35.1428674147,-106.681982289,Angostura Reach,Winter
2015,1,7,Lemitar,9,9,9,34.1670457032,-106.889953039,San Acacia Reach,Winter
2015,1,8,Hispanic Cultural Center,.,11,11,35.0688083802,-106.65807622,Angostura Reach,Winter
2015,1,10,Diversion,11,15,13,35.191618922399996,-106.643382687,Angostura Reach,Winter
2015,1,11,Calabacillas,9,18,13.5,35.1946222612,-106.646350963,Angostura Reach,Winter
2015,1,12,Minnow,7.5,16,11.75,35.1972256042,-106.644122231,Angostura Reach,Winter
2015,1,13,Harrison,4,9,6.5,35.0150622305,-106.673722917,Angostura Reach,Winter
2015,1,14,Sevilleta,4.3,4.5,4.4,34.2586573236,-106.883372761,San Acacia Reach,Winter
2015,1,15,Valencia Cleared,22,18,20,34.6486505386211,-106.739180486447,Isleta Reach,Winter
2015,1,16,Valencia Forest,21,20,20.5,34.6472147233729,-106.738922864063,Isleta Reach,Winter
2015,1,17,Montano,8,16,12,35.1452628545,-106.680332705,Angostura Reach,Winter
2015,1,18,Reynolds Cleared,14,19,16.5,34.6567454384498,-106.738602216398,Isleta Reach,Winter
2015,1,19,Reynolds Forest,16,19.5,17.75,34.657611462267496,-106.739436295579,Isleta Reach,Winter
2015,1,20,Route 66,5,14,9.5,35.1006512603,-106.691932797,Angostura Reach,Winter
2015,1,21,Badger,4.5,8.5,6.5,35.1955715759,-106.641632737,Angostura Reach,Winter
2015,1,22,Bobcat,7.75,13,10.375,35.2010747789,-106.641162297,Angostura Reach,Winter
2015,1,23,BioPark,5.5,7.7,6.6,35.0799846256,-106.669723455,Angostura Reach,Winter
2015,1,24,Santo Domingo,8,10,9,35.50989,-106.3896,Cochiti Reach,Winter
2015,1,25,Crawford,19,19.5,19.25,34.637561057629,-106.74347269011,Isleta Reach,Winter
2015,1,26,Mesilla,1.6,1.4,1.5,32.248328,-106.821014,South of San Marcial Reach,Winter
2015,1,27,Bosque Farm,.,.,.,34.8477697505695,-106.714997116643,Isleta Reach,Winter
2015,1,28,Valle de Oro,.,.,.,34.9797688406,-106.680112434,Angostura Reach,Winter
2015,1,29,Albuquerque Overbank Project,.,.,.,35.0452081969,-106.665732215,Angostura Reach,Winter
2015,1,30,State Land Office,8,13,10.5,34.9679188689,-106.685667747,Angostura Reach,Winter
2015,2,1,Alameda,17,15,16,35.1880598884,-106.646949118,Angostura Reach,Winter
2015,2,2,Rio Grande Nature Center,19,18,18.5,35.1267624154,-106.688450012,Angostura Reach,Winter
2015,2,3,Los Lunas,.,.,.,34.8123850767529,-106.714471968474,Isleta Reach,Winter
2015,2,4,Belen,12.7,22.9,17.799999999999997,34.6481124155284,-106.737727748983,Isleta Reach,Winter
2015,2,5,Santa Ana,10,15,12.5,35.34284,-106.5458,Angostura Reach,Winter
2015,2,6,Savannah,8,14,11,35.1428674147,-106.681982289,Angostura Reach,Winter
2015,2,7,Lemitar,5.5,8.5,7,34.1670457032,-106.889953039,San Acacia Reach,Winter
2015,2,8,Hispanic Cultural Center,7.3,10,8.65,35.0688083802,-106.65807622,Angostura Reach,Winter
2015,2,10,Diversion,8,14.1,11.05,35.191618922399996,-106.643382687,Angostura Reach,Winter
2015,2,11,Calabacillas,9,15,12,35.1946222612,-106.646350963,Angostura Reach,Winter
2015,2,12,Minnow,7.9,12.5,10.2,35.1972256042,-106.644122231,Angostura Reach,Winter
2015,2,13,Harrison,11.5,16,13.75,35.0150622305,-106.673722917,Angostura Reach,Winter
2015,2,14,Sevilleta,7.5,7.5,7.5,34.2586573236,-106.883372761,San Acacia Reach,Winter
2015,2,15,Valencia Cleared,16,.,16,34.6486505386211,-106.739180486447,Isleta Reach,Winter
2015,2,16,Valencia Forest,23,23,23,34.6472147233729,-106.738922864063,Isleta Reach,Winter
2015,2,17,Montano,10,14,12,35.1452628545,-106.680332705,Angostura Reach,Winter
2015,2,18,Reynolds Cleared,14,22,18,34.6567454384498,-106.738602216398,Isleta Reach,Winter
2015,2,19,Reynolds Forest,16,23,19.5,34.657611462267496,-106.739436295579,Isleta Reach,Winter
2015,2,20,Route 66,5.2,14,9.6,35.1006512603,-106.691932797,Angostura Reach,Winter
2015,2,21,Badger,11,18,14.5,35.1955715759,-106.641632737,Angostura Reach,Winter
2015,2,22,Bobcat,8,13,10.5,35.2010747789,-106.641162297,Angostura Reach,Winter
2015,2,23,BioPark,11.5,16,13.75,35.0799846256,-106.669723455,Angostura Reach,Winter
2015,2,24,Santo Domingo,11,15,13,35.50989,-106.3896,Cochiti Reach,Winter
2015,2,25,Crawford,21,26,23.5,34.637561057629,-106.74347269011,Isleta Reach,Winter
2015,2,26,Mesilla,6,8.5,7.25,32.248328,-106.821014,South of San Marcial Reach,Winter
2015,2,27,Bosque Farm,.,.,.,34.8477697505695,-106.714997116643,Isleta Reach,Winter
2015,2,28,Valle de Oro,.,0,0,34.9797688406,-106.680112434,Angostura Reach,Winter
2015,2,29,Albuquerque Overbank Project,6.9,10.16,8.530000000000001,35.0452081969,-106.665732215,Angostura Reach,Winter
2015,2,30,State Land Office,7,11.25,9.125,34.9679188689,-106.685667747,Angostura Reach,Winter
2015,3,1,Alameda,12,12,12,35.1880598884,-106.646949118,Angostura Reach,Spring
2015,3,2,Rio Grande Nature Center,12.8,14,13.4,35.1267624154,-106.688450012,Angostura Reach,Spring
2015,3,3,Los Lunas,.,.,.,34.8123850767529,-106.714471968474,Isleta Reach,Spring
2015,3,4,Belen,6,10,8,34.6481124155284,-106.737727748983,Isleta Reach,Spring
2015,3,5,Santa Ana,9,16,12.5,35.34284,-106.5458,Angostura Reach,Spring
2015,3,6,Savannah,6.5,18,12.25,35.1428674147,-106.681982289,Angostura Reach,Spring
2015,3,7,Lemitar,5.5,9.5,7.5,34.1670457032,-106.889953039,San Acacia Reach,Spring
2015,3,8,Hispanic Cultural Center,8.8,16.1,12.45,35.0688083802,-106.65807622,Angostura Reach,Spring
2015,3,10,Diversion,10.75,11,10.875,35.191618922399996,-106.643382687,Angostura Reach,Spring
2015,3,11,Calabacillas,12,18,15,35.1946222612,-106.646350963,Angostura Reach,Spring
2015,3,12,Minnow,11,12,11.5,35.1972256042,-106.644122231,Angostura Reach,Spring
2015,3,13,Harrison,14,14,14,35.0150622305,-106.673722917,Angostura Reach,Spring
2015,3,14,Sevilleta,6.5,8.5,7.5,34.2586573236,-106.883372761,San Acacia Reach,Spring
2015,3,15,Valencia Cleared,11,16,13.5,34.6486505386211,-106.739180486447,Isleta Reach,Spring
2015,3,16,Valencia Forest,17.8,18,17.9,34.6472147233729,-106.738922864063,Isleta Reach,Spring
2015,3,17,Montano,0,13,6.5,35.1452628545,-106.680332705,Angostura Reach,Spring
2015,3,18,Reynolds Cleared,6.5,10,8.25,34.6567454384498,-106.738602216398,Isleta Reach,Spring
2015,3,19,Reynolds Forest,6.5,8.5,7.5,34.657611462267496,-106.739436295579,Isleta Reach,Spring
2015,3,20,Route 66,12,13,12.5,35.1006512603,-106.691932797,Angostura Reach,Spring
2015,3,21,Badger,9.5,13,11.25,35.1955715759,-106.641632737,Angostura Reach,Spring
2015,3,22,Bobcat,13,7.5,10.25,35.2010747789,-106.641162297,Angostura Reach,Spring
2015,3,23,BioPark,14,17,15.5,35.0799846256,-106.669723455,Angostura Reach,Spring
2015,3,24,Santo Domingo,20,15,17.5,35.50989,-106.3896,Cochiti Reach,Spring
2015,3,25,Crawford,8.5,9.5,9,34.637561057629,-106.74347269011,Isleta Reach,Spring
2015,3,26,Mesilla,.,.,.,32.248328,-106.821014,South of San Marcial Reach,Spring
2015,3,27,Bosque Farm,.,.,.,34.8477697505695,-106.714997116643,Isleta Reach,Spring
2015,3,28,Valle de Oro,.,.,.,34.9797688406,-106.680112434,Angostura Reach,Spring
2015,3,29,Albuquerque Overbank Project,11,14,12.5,35.0452081969,-106.665732215,Angostura Reach,Spring
2015,3,30,State Land Office,11,14,12.5,34.9679188689,-106.685667747,Angostura Reach,Spring
2015,4,1,Alameda,1.5,0.75,1.125,35.1880598884,-106.646949118,Angostura Reach,Spring
2015,4,2,Rio Grande Nature Center,0,0,0,35.1267624154,-106.688450012,Angostura Reach,Spring
2015,4,3,Los Lunas,.,.,.,34.8123850767529,-106.714471968474,Isleta Reach,Spring
2015,4,4,Belen,4,7.5,5.75,34.6481124155284,-106.737727748983,Isleta Reach,Spring
2015,4,5,Santa Ana,2,3.5,2.75,35.34284,-106.5458,Angostura Reach,Spring
2015,4,6,Savannah,0,2.5,1.25,35.1428674147,-106.681982289,Angostura Reach,Spring
2015,4,7,Lemitar,0,0,0,34.1670457032,-106.889953039,San Acacia Reach,Spring
2015,4,8,Hispanic Cultural Center,0,0,0,35.0688083802,-106.65807622,Angostura Reach,Spring
2015,4,10,Diversion,0,3,1.5,35.191618922399996,-106.643382687,Angostura Reach,Spring
2015,4,11,Calabacillas,4.5,7.5,6,35.1946222612,-106.646350963,Angostura Reach,Spring
2015,4,12,Minnow,0,0,0,35.1972256042,-106.644122231,Angostura Reach,Spring
2015,4,13,Harrison,1,2.4,1.7,35.0150622305,-106.673722917,Angostura Reach,Spring
2015,4,14,Sevilleta,0,0,0,34.2586573236,-106.883372761,San Acacia Reach,Spring
2015,4,15,Valencia Cleared,0,0,0,34.6486505386211,-106.739180486447,Isleta Reach,Spring
2015,4,16,Valencia Forest,0,0.75,0.375,34.6472147233729,-106.738922864063,Isleta Reach,Spring
2015,4,17,Montano,0,2.5,1.25,35.1452628545,-106.680332705,Angostura Reach,Spring
2015,4,18,Reynolds Cleared,4.5,8,6.25,34.6567454384498,-106.738602216398,Isleta Reach,Spring
2015,4,19,Reynolds Forest,5,7.5,6.25,34.657611462267496,-106.739436295579,Isleta Reach,Spring
2015,4,20,Route 66,0,1.2,0.6,35.1006512603,-106.691932797,Angostura Reach,Spring
2015,4,21,Badger,0,0,0,35.1955715759,-106.641632737,Angostura Reach,Spring
2015,4,22,Bobcat,1.1,3.5,2.3,35.2010747789,-106.641162297,Angostura Reach,Spring
2015,4,23,BioPark,0,0,0,35.0799846256,-106.669723455,Angostura Reach,Spring
2015,4,24,Santo Domingo,10,18.5,14.25,35.50989,-106.3896,Cochiti Reach,Spring
2015,4,25,Crawford,7,7,7,34.637561057629,-106.74347269011,Isleta Reach,Spring
2015,4,26,Mesilla,.,.,.,32.248328,-106.821014,South of San Marcial Reach,Spring
2015,4,27,Bosque Farm,.,.,.,34.8477697505695,-106.714997116643,Isleta Reach,Spring
2015,4,28,Valle de Oro,.,.,.,34.9797688406,-106.680112434,Angostura Reach,Spring
2015,4,29,Albuquerque Overbank Project,0.5,2,1.25,35.0452081969,-106.665732215,Angostura Reach,Spring
2015,4,30,State Land Office,2.25,2.75,2.5,34.9679188689,-106.685667747,Angostura Reach,Spring
2015,5,1,Alameda,61,74,67.5,35.1880598884,-106.646949118,Angostura Reach,Spring
2015,5,2,Rio Grande Nature Center,33,36,34.5,35.1267624154,-106.688450012,Angostura Reach,Spring
2015,5,3,Los Lunas,.,40,40,34.8123850767529,-106.714471968474,Isleta Reach,Spring
2015,5,4,Belen,14,36,25,34.6481124155284,-106.737727748983,Isleta Reach,Spring
2015,5,5,Santa Ana,30,39,34.5,35.34284,-106.5458,Angostura Reach,Spring
2015,5,6,Savannah,.,48,48,35.1428674147,-106.681982289,Angostura Reach,Spring
2015,5,7,Lemitar,13,20,16.5,34.1670457032,-106.889953039,San Acacia Reach,Spring
2015,5,8,Hispanic Cultural Center,40.5,41,40.75,35.0688083802,-106.65807622,Angostura Reach,Spring
2015,5,10,Diversion,28,57,42.5,35.191618922399996,-106.643382687,Angostura Reach,Spring
2015,5,11,Calabacillas,18.5,50,34.25,35.1946222612,-106.646350963,Angostura Reach,Spring
2015,5,12,Minnow,31,50,40.5,35.1972256042,-106.644122231,Angostura Reach,Spring
2015,5,13,Harrison,15,39,27,35.0150622305,-106.673722917,Angostura Reach,Spring
2015,5,14,Sevilleta,16,28,22,34.2586573236,-106.883372761,San Acacia Reach,Spring
2015,5,15,Valencia Cleared,22,27,24.5,34.6486505386211,-106.739180486447,Isleta Reach,Spring
2015,5,16,Valencia Forest,25,36,30.5,34.6472147233729,-106.738922864063,Isleta Reach,Spring
2015,5,17,Montano,15,53,34,35.1452628545,-106.680332705,Angostura Reach,Spring
2015,5,18,Reynolds Cleared,20,42,31,34.6567454384498,-106.738602216398,Isleta Reach,Spring
2015,5,19,Reynolds Forest,29,45,37,34.657611462267496,-106.739436295579,Isleta Reach,Spring
2015,5,20,Route 66,12.5,44,28.25,35.1006512603,-106.691932797,Angostura Reach,Spring
2015,5,21,Badger,26,47,36.5,35.1955715759,-106.641632737,Angostura Reach,Spring
2015,5,22,Bobcat,20,46,33,35.2010747789,-106.641162297,Angostura Reach,Spring
2015,5,23,BioPark,26,46,36,35.0799846256,-106.669723455,Angostura Reach,Spring
2015,5,24,Santo Domingo,24,54,39,35.50989,-106.3896,Cochiti Reach,Spring
2015,5,25,Crawford,21,33,27,34.637561057629,-106.74347269011,Isleta Reach,Spring
2015,5,26,Mesilla,2,4,3,32.248328,-106.821014,South of San Marcial Reach,Spring
2015,5,27,Bosque Farm,.,.,.,34.8477697505695,-106.714997116643,Isleta Reach,Spring
2015,5,28,Valle de Oro,.,.,.,34.9797688406,-106.680112434,Angostura Reach,Spring
2015,5,29,Albuquerque Overbank Project,22,44,33,35.0452081969,-106.665732215,Angostura Reach,Spring
2015,5,30,State Land Office,37,49,43,34.9679188689,-106.685667747,Angostura Reach,Spring
2015,6,1,Alameda,11,9.5,10.25,35.1880598884,-106.646949118,Angostura Reach,Monsoon
2015,6,2,Rio Grande Nature Center,17,22,19.5,35.1267624154,-106.688450012,Angostura Reach,Monsoon
2015,6,3,Los Lunas,.,.,.,34.8123850767529,-106.714471968474,Isleta Reach,Monsoon
2015,6,4,Belen,5,17,11,34.6481124155284,-106.737727748983,Isleta Reach,Monsoon
2015,6,5,Santa Ana,13,20,16.5,35.34284,-106.5458,Angostura Reach,Monsoon
2015,6,6,Savannah,.,35,35,35.1428674147,-106.681982289,Angostura Reach,Monsoon
2015,6,7,Lemitar,17,26,21.5,34.1670457032,-106.889953039,San Acacia Reach,Monsoon
2015,6,8,Hispanic Cultural Center,17,23,20,35.0688083802,-106.65807622,Angostura Reach,Monsoon
2015,6,10,Diversion,27,45,36,35.191618922399996,-106.643382687,Angostura Reach,Monsoon
2015,6,11,Calabacillas,20,15,17.5,35.1946222612,-106.646350963,Angostura Reach,Monsoon
2015,6,12,Minnow,30,23.5,26.75,35.1972256042,-106.644122231,Angostura Reach,Monsoon
2015,6,13,Harrison,5.5,20,12.75,35.0150622305,-106.673722917,Angostura Reach,Monsoon
2015,6,14,Sevilleta,13,21,17,34.2586573236,-106.883372761,San Acacia Reach,Monsoon
2015,6,15,Valencia Cleared,7,15.5,11.25,34.6486505386211,-106.739180486447,Isleta Reach,Monsoon
2015,6,16,Valencia Forest,5.75,15,10.375,34.6472147233729,-106.738922864063,Isleta Reach,Monsoon
2015,6,17,Montano,7,16,11.5,35.1452628545,-106.680332705,Angostura Reach,Monsoon
2015,6,18,Reynolds Cleared,8.5,22,15.25,34.6567454384498,-106.738602216398,Isleta Reach,Monsoon
2015,6,19,Reynolds Forest,11.5,21,16.25,34.657611462267496,-106.739436295579,Isleta Reach,Monsoon
2015,6,20,Route 66,4,13,8.5,35.1006512603,-106.691932797,Angostura Reach,Monsoon
2015,6,21,Badger,22,39,30.5,35.1955715759,-106.641632737,Angostura Reach,Monsoon
2015,6,22,Bobcat,23,30,26.5,35.2010747789,-106.641162297,Angostura Reach,Monsoon
2015,6,23,BioPark,11,19,15,35.0799846256,-106.669723455,Angostura Reach,Monsoon
2015,6,24,Santo Domingo,11,25,18,35.50989,-106.3896,Cochiti Reach,Monsoon
2015,6,25,Crawford,7.25,14,10.625,34.637561057629,-106.74347269011,Isleta Reach,Monsoon
2015,6,26,Mesilla,0.05,10,5.025,32.248328,-106.821014,South of San Marcial Reach,Monsoon
2015,6,27,Bosque Farm,.,.,.,34.8477697505695,-106.714997116643,Isleta Reach,Monsoon
2015,6,28,Valle de Oro,.,32,32,34.9797688406,-106.680112434,Angostura Reach,Monsoon
2015,6,29,Albuquerque Overbank Project,7.5,20,13.75,35.0452081969,-106.665732215,Angostura Reach,Monsoon
2015,6,30,State Land Office,28,40.5,34.25,34.9679188689,-106.685667747,Angostura Reach,Monsoon
2015,7,1,Alameda,61,65,63,35.1880598884,-106.646949118,Angostura Reach,Monsoon
2015,7,2,Rio Grande Nature Center,75,88,81.5,35.1267624154,-106.688450012,Angostura Reach,Monsoon
2015,7,3,Los Lunas,39.5,53,46.25,34.8123850767529,-106.714471968474,Isleta Reach,Monsoon
2015,7,4,Belen,57,60,58.5,34.6481124155284,-106.737727748983,Isleta Reach,Monsoon
2015,7,5,Santa Ana,44,63,53.5,35.34284,-106.5458,Angostura Reach,Monsoon
2015,7,6,Savannah,34,90,62,35.1428674147,-106.681982289,Angostura Reach,Monsoon
2015,7,7,Lemitar,40,67,53.5,34.1670457032,-106.889953039,San Acacia Reach,Monsoon
2015,7,8,Hispanic Cultural Center,36,.,36,35.0688083802,-106.65807622,Angostura Reach,Monsoon
2015,7,10,Diversion,39,58,48.5,35.191618922399996,-106.643382687,Angostura Reach,Monsoon
2015,7,11,Calabacillas,35,62,48.5,35.1946222612,-106.646350963,Angostura Reach,Monsoon
2015,7,12,Minnow,30,50,40,35.1972256042,-106.644122231,Angostura Reach,Monsoon
2015,7,13,Harrison,61,80,70.5,35.0150622305,-106.673722917,Angostura Reach,Monsoon
2015,7,14,Sevilleta,35,52,43.5,34.2586573236,-106.883372761,San Acacia Reach,Monsoon
2015,7,15,Valencia Cleared,42,36,39,34.6486505386211,-106.739180486447,Isleta Reach,Monsoon
2015,7,16,Valencia Forest,48.5,58.5,53.5,34.6472147233729,-106.738922864063,Isleta Reach,Monsoon
2015,7,17,Montano,55,93,74,35.1452628545,-106.680332705,Angostura Reach,Monsoon
2015,7,18,Reynolds Cleared,36.5,62,49.25,34.6567454384498,-106.738602216398,Isleta Reach,Monsoon
2015,7,19,Reynolds Forest,44,58,51,34.657611462267496,-106.739436295579,Isleta Reach,Monsoon
2015,7,20,Route 66,21,76,48.5,35.1006512603,-106.691932797,Angostura Reach,Monsoon
2015,7,21,Badger,18,46,32,35.1955715759,-106.641632737,Angostura Reach,Monsoon
2015,7,22,Bobcat,26,45,35.5,35.2010747789,-106.641162297,Angostura Reach,Monsoon
2015,7,23,BioPark,48,64,56,35.0799846256,-106.669723455,Angostura Reach,Monsoon
2015,7,24,Santo Domingo,17,44,30.5,35.50989,-106.3896,Cochiti Reach,Monsoon
2015,7,25,Crawford,45.8,60,52.9,34.637561057629,-106.74347269011,Isleta Reach,Monsoon
2015,7,26,Mesilla,18,22,20,32.248328,-106.821014,South of San Marcial Reach,Monsoon
2015,7,27,Bosque Farm,.,.,.,34.8477697505695,-106.714997116643,Isleta Reach,Monsoon
2015,7,28,Valle de Oro,.,45,45,34.9797688406,-106.680112434,Angostura Reach,Monsoon
2015,7,29,Albuquerque Overbank Project,48,72,60,35.0452081969,-106.665732215,Angostura Reach,Monsoon
2015,7,30,State Land Office,40,56,48,34.9679188689,-106.685667747,Angostura Reach,Monsoon
2015,8,1,Alameda,33,40,36.5,35.1880598884,-106.646949118,Angostura Reach,Monsoon
2015,8,2,Rio Grande Nature Center,31,34.5,32.75,35.1267624154,-106.688450012,Angostura Reach,Monsoon
2015,8,3,Los Lunas,.,17,17,34.8123850767529,-106.714471968474,Isleta Reach,Monsoon
2015,8,4,Belen,24,37,30.5,34.6481124155284,-106.737727748983,Isleta Reach,Monsoon
2015,8,5,Santa Ana,32,46,39,35.34284,-106.5458,Angostura Reach,Monsoon
2015,8,6,Savannah,21,39,30,35.1428674147,-106.681982289,Angostura Reach,Monsoon
2015,8,7,Lemitar,6.5,14,10.25,34.1670457032,-106.889953039,San Acacia Reach,Monsoon
2015,8,8,Hispanic Cultural Center,33,.,33,35.0688083802,-106.65807622,Angostura Reach,Monsoon
2015,8,10,Diversion,21,40,30.5,35.191618922399996,-106.643382687,Angostura Reach,Monsoon
2015,8,11,Calabacillas,27,45,36,35.1946222612,-106.646350963,Angostura Reach,Monsoon
2015,8,12,Minnow,26,41,33.5,35.1972256042,-106.644122231,Angostura Reach,Monsoon
2015,8,13,Harrison,14,25,19.5,35.0150622305,-106.673722917,Angostura Reach,Monsoon
2015,8,14,Sevilleta,4,8.5,6.25,34.2586573236,-106.883372761,San Acacia Reach,Monsoon
2015,8,15,Valencia Cleared,30.5,35,32.75,34.6486505386211,-106.739180486447,Isleta Reach,Monsoon
2015,8,16,Valencia Forest,32,38,35,34.6472147233729,-106.738922864063,Isleta Reach,Monsoon
2015,8,17,Montano,18,39,28.5,35.1452628545,-106.680332705,Angostura Reach,Monsoon
2015,8,18,Reynolds Cleared,22,32,27,34.6567454384498,-106.738602216398,Isleta Reach,Monsoon
2015,8,19,Reynolds Forest,.,37,37,34.657611462267496,-106.739436295579,Isleta Reach,Monsoon
2015,8,20,Route 66,14,39,26.5,35.1006512603,-106.691932797,Angostura Reach,Monsoon
2015,8,21,Badger,16,27,21.5,35.1955715759,-106.641632737,Angostura Reach,Monsoon
2015,8,22,Bobcat,16,33,24.5,35.2010747789,-106.641162297,Angostura Reach,Monsoon
2015,8,23,BioPark,25,38,31.5,35.0799846256,-106.669723455,Angostura Reach,Monsoon
2015,8,24,Santo Domingo,27,62,44.5,35.50989,-106.3896,Cochiti Reach,Monsoon
2015,8,25,Crawford,33,37,35,34.637561057629,-106.74347269011,Isleta Reach,Monsoon
2015,8,26,Mesilla,2,2.7,2.35,32.248328,-106.821014,South of San Marcial Reach,Monsoon
2015,8,27,Bosque Farm,.,.,.,34.8477697505695,-106.714997116643,Isleta Reach,Monsoon
2015,8,28,Valle de Oro,.,16,16,34.9797688406,-106.680112434,Angostura Reach,Monsoon
2015,8,29,Albuquerque Overbank Project,17,29,23,35.0452081969,-106.665732215,Angostura Reach,Monsoon
2015,8,30,State Land Office,12,21,16.5,34.9679188689,-106.685667747,Angostura Reach,Monsoon
2015,9,1,Alameda,2,4.5,3.25,35.1880598884,-106.646949118,Angostura Reach,Fall
2015,9,2,Rio Grande Nature Center,6,6,6,35.1267624154,-106.688450012,Angostura Reach,Fall
2015,9,3,Los Lunas,1.75,7,4.375,34.8123850767529,-106.714471968474,Isleta Reach,Fall
2015,9,4,Belen,.,7,7,34.6481124155284,-106.737727748983,Isleta Reach,Fall
2015,9,5,Santa Ana,13.5,17,15.25,35.34284,-106.5458,Angostura Reach,Fall
2015,9,6,Savannah,1.5,8.5,5,35.1428674147,-106.681982289,Angostura Reach,Fall
2015,9,7,Lemitar,7.5,16,11.75,34.1670457032,-106.889953039,San Acacia Reach,Fall
2015,9,8,Hispanic Cultural Center,7.5,10,8.75,35.0688083802,-106.65807622,Angostura Reach,Fall
2015,9,10,Diversion,0,3,1.5,35.191618922399996,-106.643382687,Angostura Reach,Fall
2015,9,11,Calabacillas,0.75,4.25,2.5,35.1946222612,-106.646350963,Angostura Reach,Fall
2015,9,12,Minnow,0,5,2.5,35.1972256042,-106.644122231,Angostura Reach,Fall
2015,9,13,Harrison,2.5,9.5,6,35.0150622305,-106.673722917,Angostura Reach,Fall
2015,9,14,Sevilleta,13,13,13,34.2586573236,-106.883372761,San Acacia Reach,Fall
2015,9,15,Valencia Cleared,3,7,5,34.6486505386211,-106.739180486447,Isleta Reach,Fall
2015,9,16,Valencia Forest,4.75,7.4,6.075,34.6472147233729,-106.738922864063,Isleta Reach,Fall
2015,9,17,Montano,7,8,7.5,35.1452628545,-106.680332705,Angostura Reach,Fall
2015,9,18,Reynolds Cleared,0.01,6.5,3.255,34.6567454384498,-106.738602216398,Isleta Reach,Fall
2015,9,19,Reynolds Forest,1.2,6.5,3.85,34.657611462267496,-106.739436295579,Isleta Reach,Fall
2015,9,20,Route 66,0,6,3,35.1006512603,-106.691932797,Angostura Reach,Fall
2015,9,21,Badger,1,4,2.5,35.1955715759,-106.641632737,Angostura Reach,Fall
2015,9,22,Bobcat,5,1.5,3.25,35.2010747789,-106.641162297,Angostura Reach,Fall
2015,9,23,BioPark,4.5,7,5.75,35.0799846256,-106.669723455,Angostura Reach,Fall
2015,9,24,Santo Domingo,2.7,.,2.7,35.50989,-106.3896,Cochiti Reach,Fall
2015,9,25,Crawford,7,7,7,34.637561057629,-106.74347269011,Isleta Reach,Fall
2015,9,26,Mesilla,0,1,0.5,32.248328,-106.821014,South of San Marcial Reach,Fall
2015,9,27,Bosque Farm,.,.,.,34.8477697505695,-106.714997116643,Isleta Reach,Fall
2015,9,28,Valle de Oro,.,10.7,10.7,34.9797688406,-106.680112434,Angostura Reach,Fall
2015,9,29,Albuquerque Overbank Project,2,9,5.5,35.0452081969,-106.665732215,Angostura Reach,Fall
2015,9,30,State Land Office,17,20,18.5,34.9679188689,-106.685667747,Angostura Reach,Fall
2015,10,1,Alameda,11,17,14,35.1880598884,-106.646949118,Angostura Reach,Fall
2015,10,2,Rio Grande Nature Center,18,20,19,35.1267624154,-106.688450012,Angostura Reach,Fall
2015,10,3,Los Lunas,39,48,43.5,34.8123850767529,-106.714471968474,Isleta Reach,Fall
2015,10,4,Belen,16,24,20,34.6481124155284,-106.737727748983,Isleta Reach,Fall
2015,10,5,Santa Ana,42,55,48.5,35.34284,-106.5458,Angostura Reach,Fall
2015,10,6,Savannah,28,43,35.5,35.1428674147,-106.681982289,Angostura Reach,Fall
2015,10,7,Lemitar,15,27,21,34.1670457032,-106.889953039,San Acacia Reach,Fall
2015,10,8,Hispanic Cultural Center,24,.,24,35.0688083802,-106.65807622,Angostura Reach,Fall
2015,10,10,Diversion,5.5,18,11.75,35.191618922399996,-106.643382687,Angostura Reach,Fall
2015,10,11,Calabacillas,24.5,42,33.25,35.1946222612,-106.646350963,Angostura Reach,Fall
2015,10,12,Minnow,12,36.5,24.25,35.1972256042,-106.644122231,Angostura Reach,Fall
2015,10,13,Harrison,29,32,30.5,35.0150622305,-106.673722917,Angostura Reach,Fall
2015,10,14,Sevilleta,16,21,18.5,34.2586573236,-106.883372761,San Acacia Reach,Fall
2015,10,15,Valencia Cleared,.,.,.,34.6486505386211,-106.739180486447,Isleta Reach,Fall
2015,10,16,Valencia Forest,20,24,22,34.6472147233729,-106.738922864063,Isleta Reach,Fall
2015,10,17,Montano,8,21.5,14.75,35.1452628545,-106.680332705,Angostura Reach,Fall
2015,10,18,Reynolds Cleared,27,45,36,34.6567454384498,-106.738602216398,Isleta Reach,Fall
2015,10,19,Reynolds Forest,38,48.5,43.25,34.657611462267496,-106.739436295579,Isleta Reach,Fall
2015,10,20,Route 66,22,39,30.5,35.1006512603,-106.691932797,Angostura Reach,Fall
2015,10,21,Badger,24,43,33.5,35.1955715759,-106.641632737,Angostura Reach,Fall
2015,10,22,Bobcat,19.5,40.5,30,35.2010747789,-106.641162297,Angostura Reach,Fall
2015,10,23,BioPark,36,43,39.5,35.0799846256,-106.669723455,Angostura Reach,Fall
2015,10,24,Santo Domingo,24,32,28,35.50989,-106.3896,Cochiti Reach,Fall
2015,10,25,Crawford,23,26,24.5,34.637561057629,-106.74347269011,Isleta Reach,Fall
2015,10,26,Mesilla,16,41,28.5,32.248328,-106.821014,South of San Marcial Reach,Fall
2015,10,27,Bosque Farm,.,.,.,34.8477697505695,-106.714997116643,Isleta Reach,Fall
2015,10,28,Valle de Oro,.,35,35,34.9797688406,-106.680112434,Angostura Reach,Fall
2015,10,29,Albuquerque Overbank Project,18,36,27,35.0452081969,-106.665732215,Angostura Reach,Fall
2015,10,30,State Land Office,29,35,32,34.9679188689,-106.685667747,Angostura Reach,Fall
2015,11,1,Alameda,46,51,48.5,35.1880598884,-106.646949118,Angostura Reach,Winter
2015,11,2,Rio Grande Nature Center,37,38,37.5,35.1267624154,-106.688450012,Angostura Reach,Winter
2015,11,3,Los Lunas,.,.,.,34.8123850767529,-106.714471968474,Isleta Reach,Winter
2015,11,4,Belen,28,40,34,34.6481124155284,-106.737727748983,Isleta Reach,Winter
2015,11,5,Santa Ana,37,50,43.5,35.34284,-106.5458,Angostura Reach,Winter
2015,11,6,Savannah,8.5,17,12.75,35.1428674147,-106.681982289,Angostura Reach,Winter
2015,11,7,Lemitar,34,40,37,34.1670457032,-106.889953039,San Acacia Reach,Winter
2015,11,8,Hispanic Cultural Center,10,.,10,35.0688083802,-106.65807622,Angostura Reach,Winter
2015,11,10,Diversion,24,49,36.5,35.191618922399996,-106.643382687,Angostura Reach,Winter
2015,11,11,Calabacillas,18,26,22,35.1946222612,-106.646350963,Angostura Reach,Winter
2015,11,12,Minnow,11.5,23.5,17.5,35.1972256042,-106.644122231,Angostura Reach,Winter
2015,11,13,Harrison,16.5,34,25.25,35.0150622305,-106.673722917,Angostura Reach,Winter
2015,11,14,Sevilleta,34,40,37,34.2586573236,-106.883372761,San Acacia Reach,Winter
2015,11,15,Valencia Cleared,28,38,33,34.6486505386211,-106.739180486447,Isleta Reach,Winter
2015,11,16,Valencia Forest,33.5,42,37.75,34.6472147233729,-106.738922864063,Isleta Reach,Winter
2015,11,17,Montano,11,38,24.5,35.1452628545,-106.680332705,Angostura Reach,Winter
2015,11,18,Reynolds Cleared,13,24,18.5,34.6567454384498,-106.738602216398,Isleta Reach,Winter
2015,11,19,Reynolds Forest,24,25,24.5,34.657611462267496,-106.739436295579,Isleta Reach,Winter
2015,11,20,Route 66,8,27,17.5,35.1006512603,-106.691932797,Angostura Reach,Winter
2015,11,21,Badger,18,28,23,35.1955715759,-106.641632737,Angostura Reach,Winter
2015,11,22,Bobcat,12.5,26.5,19.5,35.2010747789,-106.641162297,Angostura Reach,Winter
2015,11,23,BioPark,12,16,14,35.0799846256,-106.669723455,Angostura Reach,Winter
2015,11,24,Santo Domingo,25,11,18,35.50989,-106.3896,Cochiti Reach,Winter
2015,11,25,Crawford,41,42,41.5,34.637561057629,-106.74347269011,Isleta Reach,Winter
2015,11,26,Mesilla,4,1.8,2.9,32.248328,-106.821014,South of San Marcial Reach,Winter
2015,11,27,Bosque Farm,.,.,.,34.8477697505695,-106.714997116643,Isleta Reach,Winter
2015,11,28,Valle de Oro,.,7,7,34.9797688406,-106.680112434,Angostura Reach,Winter
2015,11,29,Albuquerque Overbank Project,4,20,12,35.0452081969,-106.665732215,Angostura Reach,Winter
2015,11,30,State Land Office,17.5,20,18.75,34.9679188689,-106.685667747,Angostura Reach,Winter
2015,12,1,Alameda,16,17,16.5,35.1880598884,-106.646949118,Angostura Reach,Winter
2015,12,2,Rio Grande Nature Center,16,18,17,35.1267624154,-106.688450012,Angostura Reach,Winter
2015,12,3,Los Lunas,22,28,25,34.8123850767529,-106.714471968474,Isleta Reach,Winter
2015,12,4,Belen,18,25,21.5,34.6481124155284,-106.737727748983,Isleta Reach,Winter
2015,12,5,Santa Ana,12.5,18,15.25,35.34284,-106.5458,Angostura Reach,Winter
2015,12,6,Savannah,16,22,19,35.1428674147,-106.681982289,Angostura Reach,Winter
2015,12,7,Lemitar,9,10.5,9.75,34.1670457032,-106.889953039,San Acacia Reach,Winter
2015,12,8,Hispanic Cultural Center,.,.,.,35.0688083802,-106.65807622,Angostura Reach,Winter
2015,12,10,Diversion,13,17.5,15.25,35.191618922399996,-106.643382687,Angostura Reach,Winter
2015,12,11,Calabacillas,.,17.5,17.5,35.1946222612,-106.646350963,Angostura Reach,Winter
2015,12,12,Minnow,11,16,13.5,35.1972256042,-106.644122231,Angostura Reach,Winter
2015,12,13,Harrison,.,24,24,35.0150622305,-106.673722917,Angostura Reach,Winter
2015,12,14,Sevilleta,.,7,7,34.2586573236,-106.883372761,San Acacia Reach,Winter
2015,12,15,Valencia Cleared,21,.,21,34.6486505386211,-106.739180486447,Isleta Reach,Winter
2015,12,16,Valencia Forest,21,27.5,24.25,34.6472147233729,-106.738922864063,Isleta Reach,Winter
2015,12,17,Montano,17,25,21,35.1452628545,-106.680332705,Angostura Reach,Winter
2015,12,18,Reynolds Cleared,.,.,.,34.6567454384498,-106.738602216398,Isleta Reach,Winter
2015,12,19,Reynolds Forest,26.5,21,23.75,34.657611462267496,-106.739436295579,Isleta Reach,Winter
2015,12,20,Route 66,15,20,17.5,35.1006512603,-106.691932797,Angostura Reach,Winter
2015,12,21,Badger,16,21,18.5,35.1955715759,-106.641632737,Angostura Reach,Winter
2015,12,22,Bobcat,.,18,18,35.2010747789,-106.641162297,Angostura Reach,Winter
2015,12,23,BioPark,21,19.5,20.25,35.0799846256,-106.669723455,Angostura Reach,Winter
2015,12,24,Santo Domingo,.,.,.,35.50989,-106.3896,Cochiti Reach,Winter
2015,12,25,Crawford,19,27,23,34.637561057629,-106.74347269011,Isleta Reach,Winter
2015,12,26,Mesilla,8,24,16,32.248328,-106.821014,South of San Marcial Reach,Winter
2015,12,27,Bosque Farm,.,.,.,34.8477697505695,-106.714997116643,Isleta Reach,Winter
2015,12,28,Valle de Oro,.,4,4,34.9797688406,-106.680112434,Angostura Reach,Winter
2015,12,29,Albuquerque Overbank Project,13,24,18.5,35.0452081969,-106.665732215,Angostura Reach,Winter
2015,12,30,State Land Office,21.5,28.5,25,34.9679188689,-106.685667747,Angostura Reach,Winter
2015,12,31,San Jose,.,.,.,35.0124335977,-106.672728518,Angostura Reach,Winter
2016,1,1,Alameda,8,.,8,35.1880598884,-106.646949118,Angostura Reach,Winter
2016,1,2,Rio Grande Nature Center,10,11,10.5,35.1267624154,-106.688450012,Angostura Reach,Winter
2016,1,3,Los Lunas,.,.,.,34.8123850767529,-106.714471968474,Isleta Reach,Winter
2016,1,4,Belen,4.8,14,9.4,34.6481124155284,-106.737727748983,Isleta Reach,Winter
2016,1,5,Santa Ana,.,14,14,35.34284,-106.5458,Angostura Reach,Winter
2016,1,6,Savannah,6.5,.,6.5,35.1428674147,-106.681982289,Angostura Reach,Winter
2016,1,7,Lemitar,13,16,14.5,34.1670457032,-106.889953039,San Acacia Reach,Winter
2016,1,8,Hispanic Cultural Center,.,.,.,35.0688083802,-106.65807622,Angostura Reach,Winter
2016,1,10,Diversion,8,.,8,35.191618922399996,-106.643382687,Angostura Reach,Winter
2016,1,11,Calabacillas,.,.,.,35.1946222612,-106.646350963,Angostura Reach,Winter
2016,1,12,Minnow,8,10,9,35.1972256042,-106.644122231,Angostura Reach,Winter
2016,1,13,Harrison,.,7.5,7.5,35.0150622305,-106.673722917,Angostura Reach,Winter
2016,1,14,Sevilleta,14,10.5,12.25,34.2586573236,-106.883372761,San Acacia Reach,Winter
2016,1,15,Valencia Cleared,.,.,.,34.6486505386211,-106.739180486447,Isleta Reach,Winter
2016,1,16,Valencia Forest,.,16,16,34.6472147233729,-106.738922864063,Isleta Reach,Winter
2016,1,17,Montano,6.5,13,9.75,35.1452628545,-106.680332705,Angostura Reach,Winter
2016,1,18,Reynolds Cleared,8.5,14,11.25,34.6567454384498,-106.738602216398,Isleta Reach,Winter
2016,1,19,Reynolds Forest,.,0,0,34.657611462267496,-106.739436295579,Isleta Reach,Winter
2016,1,20,Route 66,7,12,9.5,35.1006512603,-106.691932797,Angostura Reach,Winter
2016,1,21,Badger,9.5,.,9.5,35.1955715759,-106.641632737,Angostura Reach,Winter
2016,1,22,Bobcat,6.5,9.5,8,35.2010747789,-106.641162297,Angostura Reach,Winter
2016,1,23,BioPark,6.5,.,6.5,35.0799846256,-106.669723455,Angostura Reach,Winter
2016,1,24,Santo Domingo,.,.,.,35.50989,-106.3896,Cochiti Reach,Winter
2016,1,25,Crawford,.,20,20,34.637561057629,-106.74347269011,Isleta Reach,Winter
2016,1,26,Mesilla,5,9.5,7.25,32.248328,-106.821014,South of San Marcial Reach,Winter
2016,1,27,Bosque Farm,.,.,.,34.8477697505695,-106.714997116643,Isleta Reach,Winter
2016,1,28,Valle de Oro,.,.,.,34.9797688406,-106.680112434,Angostura Reach,Winter
2016,1,29,Albuquerque Overbank Project,15,12,13.5,35.0452081969,-106.665732215,Angostura Reach,Winter
2016,1,30,State Land Office,12,.,12,34.9679188689,-106.685667747,Angostura Reach,Winter
2016,1,31,San Jose,.,.,.,35.0124335977,-106.672728518,Angostura Reach,Winter
2016,2,1,Alameda,1,.,1,35.1880598884,-106.646949118,Angostura Reach,Winter
2016,2,2,Rio Grande Nature Center,2.75,2,2.375,35.1267624154,-106.688450012,Angostura Reach,Winter
2016,2,3,Los Lunas,.,.,.,34.8123850767529,-106.714471968474,Isleta Reach,Winter
2016,2,4,Belen,1.5,1.75,1.625,34.6481124155284,-106.737727748983,Isleta Reach,Winter
2016,2,5,Santa Ana,.,1,1,35.34284,-106.5458,Angostura Reach,Winter
2016,2,6,Savannah,1,1,1,35.1428674147,-106.681982289,Angostura Reach,Winter
2016,2,7,Lemitar,0,0,0,34.1670457032,-106.889953039,San Acacia Reach,Winter
2016,2,8,Hispanic Cultural Center,.,.,.,35.0688083802,-106.65807622,Angostura Reach,Winter
2016,2,10,Diversion,2.2,.,2.2,35.191618922399996,-106.643382687,Angostura Reach,Winter
2016,2,11,Calabacillas,1,.,1,35.1946222612,-106.646350963,Angostura Reach,Winter
2016,2,12,Minnow,.,0.5,0.5,35.1972256042,-106.644122231,Angostura Reach,Winter
2016,2,13,Harrison,1.5,1.75,1.625,35.0150622305,-106.673722917,Angostura Reach,Winter
2016,2,14,Sevilleta,0,0,0,34.2586573236,-106.883372761,San Acacia Reach,Winter
2016,2,15,Valencia Cleared,.,.,.,34.6486505386211,-106.739180486447,Isleta Reach,Winter
2016,2,16,Valencia Forest,.,2.5,2.5,34.6472147233729,-106.738922864063,Isleta Reach,Winter
2016,2,17,Montano,0,2.25,1.125,35.1452628545,-106.680332705,Angostura Reach,Winter
2016,2,18,Reynolds Cleared,2,2.25,2.125,34.6567454384498,-106.738602216398,Isleta Reach,Winter
2016,2,19,Reynolds Forest,1.5,.,1.5,34.657611462267496,-106.739436295579,Isleta Reach,Winter
2016,2,20,Route 66,2,2.25,2.125,35.1006512603,-106.691932797,Angostura Reach,Winter
2016,2,21,Badger,0,.,0,35.1955715759,-106.641632737,Angostura Reach,Winter
2016,2,22,Bobcat,.,.,.,35.2010747789,-106.641162297,Angostura Reach,Winter
2016,2,23,BioPark,3,.,3,35.0799846256,-106.669723455,Angostura Reach,Winter
2016,2,24,Santo Domingo,0,.,0,35.50989,-106.3896,Cochiti Reach,Winter
2016,2,25,Crawford,1,3,2,34.637561057629,-106.74347269011,Isleta Reach,Winter
2016,2,26,Mesilla,.,2.4,2.4,32.248328,-106.821014,South of San Marcial Reach,Winter
2016,2,27,Bosque Farm,.,.,.,34.8477697505695,-106.714997116643,Isleta Reach,Winter
2016,2,28,Valle de Oro,.,0,0,34.9797688406,-106.680112434,Angostura Reach,Winter
2016,2,29,Albuquerque Overbank Project,0,3,1.5,35.0452081969,-106.665732215,Angostura Reach,Winter
2016,2,30,State Land Office,2,1.5,1.75,34.9679188689,-106.685667747,Angostura Reach,Winter
2016,2,31,San Jose,.,.,.,35.0124335977,-106.672728518,Angostura Reach,Winter
2016,3,1,Alameda,0,0,0,35.1880598884,-106.646949118,Angostura Reach,Spring
2016,3,2,Rio Grande Nature Center,0,.,0,35.1267624154,-106.688450012,Angostura Reach,Spring
2016,3,3,Los Lunas,.,.,.,34.8123850767529,-106.714471968474,Isleta Reach,Spring
2016,3,4,Belen,0,0,0,34.6481124155284,-106.737727748983,Isleta Reach,Spring
2016,3,5,Santa Ana,0.05,.,0.05,35.34284,-106.5458,Angostura Reach,Spring
2016,3,6,Savannah,0,0.05,0.025,35.1428674147,-106.681982289,Angostura Reach,Spring
2016,3,7,Lemitar,0,0,0,34.1670457032,-106.889953039,San Acacia Reach,Spring
2016,3,8,Hispanic Cultural Center,0,0,0,35.0688083802,-106.65807622,Angostura Reach,Spring
2016,3,10,Diversion,0,0,0,35.191618922399996,-106.643382687,Angostura Reach,Spring
2016,3,11,Calabacillas,0,0,0,35.1946222612,-106.646350963,Angostura Reach,Spring
2016,3,12,Minnow,.,0,0,35.1972256042,-106.644122231,Angostura Reach,Spring
2016,3,13,Harrison,0,0,0,35.0150622305,-106.673722917,Angostura Reach,Spring
2016,3,14,Sevilleta,0,0,0,34.2586573236,-106.883372761,San Acacia Reach,Spring
2016,3,15,Valencia Cleared,.,.,.,34.6486505386211,-106.739180486447,Isleta Reach,Spring
2016,3,16,Valencia Forest,.,0,0,34.6472147233729,-106.738922864063,Isleta Reach,Spring
2016,3,17,Montano,0,0,0,35.1452628545,-106.680332705,Angostura Reach,Spring
2016,3,18,Reynolds Cleared,0,0,0,34.6567454384498,-106.738602216398,Isleta Reach,Spring
2016,3,19,Reynolds Forest,0,0,0,34.657611462267496,-106.739436295579,Isleta Reach,Spring
2016,3,20,Route 66,0,0,0,35.1006512603,-106.691932797,Angostura Reach,Spring
2016,3,21,Badger,0,0,0,35.1955715759,-106.641632737,Angostura Reach,Spring
2016,3,22,Bobcat,0,0,0,35.2010747789,-106.641162297,Angostura Reach,Spring
2016,3,23,BioPark,.,0.05,0.05,35.0799846256,-106.669723455,Angostura Reach,Spring
2016,3,24,Santo Domingo,2.5,3.5,3,35.50989,-106.3896,Cochiti Reach,Spring
2016,3,25,Crawford,0,0,0,34.637561057629,-106.74347269011,Isleta Reach,Spring
2016,3,26,Mesilla,.,0,0,32.248328,-106.821014,South of San Marcial Reach,Spring
2016,3,27,Bosque Farm,.,.,.,34.8477697505695,-106.714997116643,Isleta Reach,Spring
2016,3,28,Valle de Oro,.,0,0,34.9797688406,-106.680112434,Angostura Reach,Spring
2016,3,29,Albuquerque Overbank Project,0,2.5,1.25,35.0452081969,-106.665732215,Angostura Reach,Spring
2016,3,30,State Land Office,0,0,0,34.9679188689,-106.685667747,Angostura Reach,Spring
2016,3,31,San Jose,0.05,0.05,0.05,35.0124335977,-106.672728518,Angostura Reach,Spring
2016,3,32,Sandia,0,0,0,35.255,-106.5907,Angostura Reach,Spring
2016,4,1,Alameda,7.5,8,7.75,35.1880598884,-106.646949118,Angostura Reach,Spring
2016,4,2,Rio Grande Nature Center,9,.,9,35.1267624154,-106.688450012,Angostura Reach,Spring
2016,4,3,Los Lunas,.,.,.,34.8123850767529,-106.714471968474,Isleta Reach,Spring
2016,4,4,Belen,7,12,9.5,34.6481124155284,-106.737727748983,Isleta Reach,Spring
2016,4,5,Santa Ana,6,.,6,35.34284,-106.5458,Angostura Reach,Spring
2016,4,6,Savannah,5,11,8,35.1428674147,-106.681982289,Angostura Reach,Spring
2016,4,7,Lemitar,16,20,18,34.1670457032,-106.889953039,San Acacia Reach,Spring
2016,4,8,Hispanic Cultural Center,6,8,7,35.0688083802,-106.65807622,Angostura Reach,Spring
2016,4,10,Diversion,5.5,9,7.25,35.191618922399996,-106.643382687,Angostura Reach,Spring
2016,4,11,Calabacillas,6,8,7,35.1946222612,-106.646350963,Angostura Reach,Spring
2016,4,12,Minnow,5,11,8,35.1972256042,-106.644122231,Angostura Reach,Spring
2016,4,13,Harrison,5,9,7,35.0150622305,-106.673722917,Angostura Reach,Spring
2016,4,14,Sevilleta,15,20,17.5,34.2586573236,-106.883372761,San Acacia Reach,Spring
2016,4,15,Valencia Cleared,4,5,4.5,34.6486505386211,-106.739180486447,Isleta Reach,Spring
2016,4,16,Valencia Forest,.,13,13,34.6472147233729,-106.738922864063,Isleta Reach,Spring
2016,4,17,Montano,4.5,10,7.25,35.1452628545,-106.680332705,Angostura Reach,Spring
2016,4,18,Reynolds Cleared,13,10.2,11.6,34.6567454384498,-106.738602216398,Isleta Reach,Spring
2016,4,19,Reynolds Forest,9,8.5,8.75,34.657611462267496,-106.739436295579,Isleta Reach,Spring
2016,4,20,Route 66,5,8.5,6.75,35.1006512603,-106.691932797,Angostura Reach,Spring
2016,4,21,Badger,5.5,8,6.75,35.1955715759,-106.641632737,Angostura Reach,Spring
2016,4,22,Bobcat,.,8,8,35.2010747789,-106.641162297,Angostura Reach,Spring
2016,4,23,BioPark,5,5,5,35.0799846256,-106.669723455,Angostura Reach,Spring
2016,4,24,Santo Domingo,5,15,10,35.50989,-106.3896,Cochiti Reach,Spring
2016,4,25,Crawford,9.2,13.5,11.35,34.637561057629,-106.74347269011,Isleta Reach,Spring
2016,4,26,Mesilla,.,12,12,32.248328,-106.821014,South of San Marcial Reach,Spring
2016,4,27,Bosque Farm,.,.,.,34.8477697505695,-106.714997116643,Isleta Reach,Spring
2016,4,28,Valle de Oro,.,.,.,34.9797688406,-106.680112434,Angostura Reach,Spring
2016,4,29,Albuquerque Overbank Project,.,9,9,35.0452081969,-106.665732215,Angostura Reach,Spring
2016,4,30,State Land Office,5.5,8,6.75,34.9679188689,-106.685667747,Angostura Reach,Spring
2016,4,31,San Jose,3.5,5,4.25,35.0124335977,-106.672728518,Angostura Reach,Spring
2016,4,32,Sandia,8,10,9,35.255,-106.5907,Angostura Reach,Spring
2016,5,1,Alameda,3.5,5,4.25,35.1880598884,-106.646949118,Angostura Reach,Spring
2016,5,2,Rio Grande Nature Center,5,.,5,35.1267624154,-106.688450012,Angostura Reach,Spring
2016,5,3,Los Lunas,.,.,.,34.8123850767529,-106.714471968474,Isleta Reach,Spring
2016,5,4,Belen,2.5,5,3.75,34.6481124155284,-106.737727748983,Isleta Reach,Spring
2016,5,5,Santa Ana,.,2,2,35.34284,-106.5458,Angostura Reach,Spring
2016,5,6,Savannah,5,9.5,7.25,35.1428674147,-106.681982289,Angostura Reach,Spring
2016,5,7,Lemitar,2.5,3,2.75,34.1670457032,-106.889953039,San Acacia Reach,Spring
2016,5,8,Hispanic Cultural Center,0,4,2,35.0688083802,-106.65807622,Angostura Reach,Spring
2016,5,10,Diversion,2,5,3.5,35.191618922399996,-106.643382687,Angostura Reach,Spring
2016,5,11,Calabacillas,3,5,4,35.1946222612,-106.646350963,Angostura Reach,Spring
2016,5,12,Minnow,0,7,3.5,35.1972256042,-106.644122231,Angostura Reach,Spring
2016,5,13,Harrison,0.75,4.25,2.5,35.0150622305,-106.673722917,Angostura Reach,Spring
2016,5,14,Sevilleta,1,2.5,1.75,34.2586573236,-106.883372761,San Acacia Reach,Spring
2016,5,15,Valencia Cleared,2.6,6,4.3,34.6486505386211,-106.739180486447,Isleta Reach,Spring
2016,5,16,Valencia Forest,0,5.5,2.75,34.6472147233729,-106.738922864063,Isleta Reach,Spring
2016,5,17,Montano,4,10,7,35.1452628545,-106.680332705,Angostura Reach,Spring
2016,5,18,Reynolds Cleared,4.5,12,8.25,34.6567454384498,-106.738602216398,Isleta Reach,Spring
2016,5,19,Reynolds Forest,6,11,8.5,34.657611462267496,-106.739436295579,Isleta Reach,Spring
2016,5,20,Route 66,1.5,4.75,3.125,35.1006512603,-106.691932797,Angostura Reach,Spring
2016,5,21,Badger,3.5,4.5,4,35.1955715759,-106.641632737,Angostura Reach,Spring
2016,5,22,Bobcat,.,5,5,35.2010747789,-106.641162297,Angostura Reach,Spring
2016,5,23,BioPark,0,4,2,35.0799846256,-106.669723455,Angostura Reach,Spring
2016,5,24,Santo Domingo,2,6,4,35.50989,-106.3896,Cochiti Reach,Spring
2016,5,25,Crawford,0.9,3.7,2.3000000000000003,34.637561057629,-106.74347269011,Isleta Reach,Spring
2016,5,26,Mesilla,12,.,12,32.248328,-106.821014,South of San Marcial Reach,Spring
2016,5,27,Bosque Farm,.,.,.,34.8477697505695,-106.714997116643,Isleta Reach,Spring
2016,5,28,Valle de Oro,.,5,5,34.9797688406,-106.680112434,Angostura Reach,Spring
2016,5,29,Albuquerque Overbank Project,2,5,3.5,35.0452081969,-106.665732215,Angostura Reach,Spring
2016,5,30,State Land Office,2.5,4,3.25,34.9679188689,-106.685667747,Angostura Reach,Spring
2016,5,31,San Jose,2,3,2.5,35.0124335977,-106.672728518,Angostura Reach,Spring
2016,5,32,Sandia,0,2,1,35.255,-106.5907,Angostura Reach,Spring
2016,6,1,Alameda,5.5,5,5.25,35.1880598884,-106.646949118,Angostura Reach,Monsoon
2016,6,2,Rio Grande Nature Center,.,.,.,35.1267624154,-106.688450012,Angostura Reach,Monsoon
2016,6,3,Los Lunas,.,.,.,34.8123850767529,-106.714471968474,Isleta Reach,Monsoon
2016,6,4,Belen,5.5,7,6.25,34.6481124155284,-106.737727748983,Isleta Reach,Monsoon
2016,6,5,Santa Ana,12,15,13.5,35.34284,-106.5458,Angostura Reach,Monsoon
2016,6,6,Savannah,.,.,.,35.1428674147,-106.681982289,Angostura Reach,Monsoon
2016,6,7,Lemitar,10,13,11.5,34.1670457032,-106.889953039,San Acacia Reach,Monsoon
2016,6,8,Hispanic Cultural Center,0,.,0,35.0688083802,-106.65807622,Angostura Reach,Monsoon
2016,6,10,Diversion,2.5,4,3.25,35.191618922399996,-106.643382687,Angostura Reach,Monsoon
2016,6,11,Calabacillas,5,4,4.5,35.1946222612,-106.646350963,Angostura Reach,Monsoon
2016,6,12,Minnow,0.5,4.75,2.625,35.1972256042,-106.644122231,Angostura Reach,Monsoon
2016,6,13,Harrison,7,12,9.5,35.0150622305,-106.673722917,Angostura Reach,Monsoon
2016,6,14,Sevilleta,6,12,9,34.2586573236,-106.883372761,San Acacia Reach,Monsoon
2016,6,15,Valencia Cleared,.,.,.,34.6486505386211,-106.739180486447,Isleta Reach,Monsoon
2016,6,16,Valencia Forest,2,8,5,34.6472147233729,-106.738922864063,Isleta Reach,Monsoon
2016,6,17,Montano,13,21,17,35.1452628545,-106.680332705,Angostura Reach,Monsoon
2016,6,18,Reynolds Cleared,0,1.3,0.65,34.6567454384498,-106.738602216398,Isleta Reach,Monsoon
2016,6,19,Reynolds Forest,1.5,0.5,1,34.657611462267496,-106.739436295579,Isleta Reach,Monsoon
2016,6,20,Route 66,9,17,13,35.1006512603,-106.691932797,Angostura Reach,Monsoon
2016,6,21,Badger,1.5,5,3.25,35.1955715759,-106.641632737,Angostura Reach,Monsoon
2016,6,22,Bobcat,.,3,3,35.2010747789,-106.641162297,Angostura Reach,Monsoon
2016,6,23,BioPark,0,0,0,35.0799846256,-106.669723455,Angostura Reach,Monsoon
2016,6,24,Santo Domingo,0.5,3.5,2,35.50989,-106.3896,Cochiti Reach,Monsoon
2016,6,25,Crawford,4.9,9.3,7.1000000000000005,34.637561057629,-106.74347269011,Isleta Reach,Monsoon
2016,6,26,Mesilla,.,.,.,32.248328,-106.821014,South of San Marcial Reach,Monsoon
2016,6,27,Bosque Farm,.,.,.,34.8477697505695,-106.714997116643,Isleta Reach,Monsoon
2016,6,28,Valle de Oro,.,0,0,34.9797688406,-106.680112434,Angostura Reach,Monsoon
2016,6,29,Albuquerque Overbank Project,0,5.25,2.625,35.0452081969,-106.665732215,Angostura Reach,Monsoon
2016,6,30,State Land Office,0.75,2.5,1.625,34.9679188689,-106.685667747,Angostura Reach,Monsoon
2016,6,31,San Jose,9,11,10,35.0124335977,-106.672728518,Angostura Reach,Monsoon
2016,6,32,Sandia,3.5,3,3.25,35.255,-106.5907,Angostura Reach,Monsoon
2016,7,1,Alameda,1.5,2,1.75,35.1880598884,-106.646949118,Angostura Reach,Monsoon
2016,7,2,Rio Grande Nature Center,.,3.5,3.5,35.1267624154,-106.688450012,Angostura Reach,Monsoon
2016,7,3,Los Lunas,12,16,14,34.8123850767529,-106.714471968474,Isleta Reach,Monsoon
2016,7,4,Belen,10,29,19.5,34.6481124155284,-106.737727748983,Isleta Reach,Monsoon
2016,7,5,Santa Ana,3,.,3,35.34284,-106.5458,Angostura Reach,Monsoon
2016,7,6,Savannah,1.5,6,3.75,35.1428674147,-106.681982289,Angostura Reach,Monsoon
2016,7,7,Lemitar,37,42,39.5,34.1670457032,-106.889953039,San Acacia Reach,Monsoon
2016,7,8,Hispanic Cultural Center,6,.,6,35.0688083802,-106.65807622,Angostura Reach,Monsoon
2016,7,10,Diversion,0.2,2,1.1,35.191618922399996,-106.643382687,Angostura Reach,Monsoon
2016,7,11,Calabacillas,0.5,.,0.5,35.1946222612,-106.646350963,Angostura Reach,Monsoon
2016,7,12,Minnow,0.05,3.25,1.65,35.1972256042,-106.644122231,Angostura Reach,Monsoon
2016,7,13,Harrison,0.05,.,0.05,35.0150622305,-106.673722917,Angostura Reach,Monsoon
2016,7,14,Sevilleta,3.5,6,4.75,34.2586573236,-106.883372761,San Acacia Reach,Monsoon
2016,7,15,Valencia Cleared,16,.,16,34.6486505386211,-106.739180486447,Isleta Reach,Monsoon
2016,7,16,Valencia Forest,16,31,23.5,34.6472147233729,-106.738922864063,Isleta Reach,Monsoon
2016,7,17,Montano,0,5,2.5,35.1452628545,-106.680332705,Angostura Reach,Monsoon
2016,7,18,Reynolds Cleared,2,5.75,3.875,34.6567454384498,-106.738602216398,Isleta Reach,Monsoon
2016,7,19,Reynolds Forest,3,.,3,34.657611462267496,-106.739436295579,Isleta Reach,Monsoon
2016,7,20,Route 66,0.75,8,4.375,35.1006512603,-106.691932797,Angostura Reach,Monsoon
2016,7,21,Badger,0.25,2,1.125,35.1955715759,-106.641632737,Angostura Reach,Monsoon
2016,7,22,Bobcat,0,2,1,35.2010747789,-106.641162297,Angostura Reach,Monsoon
2016,7,23,BioPark,3,9,6,35.0799846256,-106.669723455,Angostura Reach,Monsoon
2016,7,24,Santo Domingo,1.5,0,0.75,35.50989,-106.3896,Cochiti Reach,Monsoon
2016,7,25,Crawford,.,23.2,23.2,34.637561057629,-106.74347269011,Isleta Reach,Monsoon
2016,7,26,Mesilla,2,4.1,3.05,32.248328,-106.821014,South of San Marcial Reach,Monsoon
2016,7,27,Bosque Farm,.,.,.,34.8477697505695,-106.714997116643,Isleta Reach,Monsoon
2016,7,28,Valle de Oro,.,4,4,34.9797688406,-106.680112434,Angostura Reach,Monsoon
2016,7,29,Albuquerque Overbank Project,5.5,22,13.75,35.0452081969,-106.665732215,Angostura Reach,Monsoon
2016,7,30,State Land Office,1.8,2,1.9,34.9679188689,-106.685667747,Angostura Reach,Monsoon
2016,7,31,San Jose,0.05,2,1.025,35.0124335977,-106.672728518,Angostura Reach,Monsoon
2016,7,32,Sandia,3,11,7,35.255,-106.5907,Angostura Reach,Monsoon
2016,8,1,Alameda,29,42,35.5,35.1880598884,-106.646949118,Angostura Reach,Monsoon
2016,8,2,Rio Grande Nature Center,38,43,40.5,35.1267624154,-106.688450012,Angostura Reach,Monsoon
2016,8,3,Los Lunas,40,57,48.5,34.8123850767529,-106.714471968474,Isleta Reach,Monsoon
2016,8,4,Belen,15.5,25.7,20.6,34.6481124155284,-106.737727748983,Isleta Reach,Monsoon
2016,8,5,Santa Ana,4,18,11,35.34284,-106.5458,Angostura Reach,Monsoon
2016,8,6,Savannah,15,55,35,35.1428674147,-106.681982289,Angostura Reach,Monsoon
2016,8,7,Lemitar,19,30,24.5,34.1670457032,-106.889953039,San Acacia Reach,Monsoon
2016,8,8,Hispanic Cultural Center,44,.,44,35.0688083802,-106.65807622,Angostura Reach,Monsoon
2016,8,10,Diversion,24,40,32,35.191618922399996,-106.643382687,Angostura Reach,Monsoon
2016,8,11,Calabacillas,25,41,33,35.1946222612,-106.646350963,Angostura Reach,Monsoon
2016,8,12,Minnow,17,42,29.5,35.1972256042,-106.644122231,Angostura Reach,Monsoon
2016,8,13,Harrison,31,.,31,35.0150622305,-106.673722917,Angostura Reach,Monsoon
2016,8,14,Sevilleta,42.5,53,47.75,34.2586573236,-106.883372761,San Acacia Reach,Monsoon
2016,8,15,Valencia Cleared,14,19,16.5,34.6486505386211,-106.739180486447,Isleta Reach,Monsoon
2016,8,16,Valencia Forest,10,25,17.5,34.6472147233729,-106.738922864063,Isleta Reach,Monsoon
2016,8,17,Montano,23,57,40,35.1452628545,-106.680332705,Angostura Reach,Monsoon
2016,8,18,Reynolds Cleared,12,30,21,34.6567454384498,-106.738602216398,Isleta Reach,Monsoon
2016,8,19,Reynolds Forest,20,.,20,34.657611462267496,-106.739436295579,Isleta Reach,Monsoon
2016,8,20,Route 66,21,47,34,35.1006512603,-106.691932797,Angostura Reach,Monsoon
2016,8,21,Badger,17,36,26.5,35.1955715759,-106.641632737,Angostura Reach,Monsoon
2016,8,22,Bobcat,18,30,24,35.2010747789,-106.641162297,Angostura Reach,Monsoon
2016,8,23,BioPark,48,60,54,35.0799846256,-106.669723455,Angostura Reach,Monsoon
2016,8,24,Santo Domingo,12,27.5,19.75,35.50989,-106.3896,Cochiti Reach,Monsoon
2016,8,25,Crawford,.,23,23,34.637561057629,-106.74347269011,Isleta Reach,Monsoon
2016,8,26,Mesilla,0.5,0.5,0.5,32.248328,-106.821014,South of San Marcial Reach,Monsoon
2016,8,27,Bosque Farm,.,.,.,34.8477697505695,-106.714997116643,Isleta Reach,Monsoon
2016,8,28,Valle de Oro,.,56,56,34.9797688406,-106.680112434,Angostura Reach,Monsoon
2016,8,29,Albuquerque Overbank Project,17,49,33,35.0452081969,-106.665732215,Angostura Reach,Monsoon
2016,8,30,State Land Office,32,56,44,34.9679188689,-106.685667747,Angostura Reach,Monsoon
2016,8,31,San Jose,40,54,47,35.0124335977,-106.672728518,Angostura Reach,Monsoon
2016,8,32,Sandia,24,40,32,35.255,-106.5907,Angostura Reach,Monsoon
2016,9,1,Alameda,41,9,25,35.1880598884,-106.646949118,Angostura Reach,Fall
2016,9,2,Rio Grande Nature Center,33,38,35.5,35.1267624154,-106.688450012,Angostura Reach,Fall
2016,9,3,Los Lunas,1,6.5,3.75,34.8123850767529,-106.714471968474,Isleta Reach,Fall
2016,9,4,Belen,7,13,10,34.6481124155284,-106.737727748983,Isleta Reach,Fall
2016,9,5,Santa Ana,38,60,49,35.34284,-106.5458,Angostura Reach,Fall
2016,9,6,Savannah,13,38,25.5,35.1428674147,-106.681982289,Angostura Reach,Fall
2016,9,7,Lemitar,26,34,30,34.1670457032,-106.889953039,San Acacia Reach,Fall
2016,9,8,Hispanic Cultural Center,40,.,40,35.0688083802,-106.65807622,Angostura Reach,Fall
2016,9,10,Diversion,34,49,41.5,35.191618922399996,-106.643382687,Angostura Reach,Fall
2016,9,11,Calabacillas,36.5,60,48.25,35.1946222612,-106.646350963,Angostura Reach,Fall
2016,9,12,Minnow,20,45,32.5,35.1972256042,-106.644122231,Angostura Reach,Fall
2016,9,13,Harrison,15,23.5,19.25,35.0150622305,-106.673722917,Angostura Reach,Fall
2016,9,14,Sevilleta,24,41,32.5,34.2586573236,-106.883372761,San Acacia Reach,Fall
2016,9,15,Valencia Cleared,9,11.5,10.25,34.6486505386211,-106.739180486447,Isleta Reach,Fall
2016,9,16,Valencia Forest,6.8,14,10.4,34.6472147233729,-106.738922864063,Isleta Reach,Fall
2016,9,17,Montano,15,37,26,35.1452628545,-106.680332705,Angostura Reach,Fall
2016,9,18,Reynolds Cleared,3.75,14,8.875,34.6567454384498,-106.738602216398,Isleta Reach,Fall
2016,9,19,Reynolds Forest,.,13,13,34.657611462267496,-106.739436295579,Isleta Reach,Fall
2016,9,20,Route 66,16,35,25.5,35.1006512603,-106.691932797,Angostura Reach,Fall
2016,9,21,Badger,25,48,36.5,35.1955715759,-106.641632737,Angostura Reach,Fall
2016,9,22,Bobcat,24,46,35,35.2010747789,-106.641162297,Angostura Reach,Fall
2016,9,23,BioPark,31,47,39,35.0799846256,-106.669723455,Angostura Reach,Fall
2016,9,24,Santo Domingo,15,32,23.5,35.50989,-106.3896,Cochiti Reach,Fall
2016,9,25,Crawford,.,11.5,11.5,34.637561057629,-106.74347269011,Isleta Reach,Fall
2016,9,26,Mesilla,30,45,37.5,32.248328,-106.821014,South of San Marcial Reach,Fall
2016,9,27,Bosque Farm,.,.,.,34.8477697505695,-106.714997116643,Isleta Reach,Fall
2016,9,28,Valle de Oro,.,24,24,34.9797688406,-106.680112434,Angostura Reach,Fall
2016,9,29,Albuquerque Overbank Project,11,32,21.5,35.0452081969,-106.665732215,Angostura Reach,Fall
2016,9,30,State Land Office,19.5,26,22.75,34.9679188689,-106.685667747,Angostura Reach,Fall
2016,9,31,San Jose,16,23,19.5,35.0124335977,-106.672728518,Angostura Reach,Fall
2016,9,32,Sandia,.,44,44,35.255,-106.5907,Angostura Reach,Fall
2016,10,1,Alameda,6,8,7,35.1880598884,-106.646949118,Angostura Reach,Fall
2016,10,2,Rio Grande Nature Center,5,8,6.5,35.1267624154,-106.688450012,Angostura Reach,Fall
2016,10,3,Los Lunas,14,14,14,34.8123850767529,-106.714471968474,Isleta Reach,Fall
2016,10,4,Belen,10,14,12,34.6481124155284,-106.737727748983,Isleta Reach,Fall
2016,10,5,Santa Ana,4.5,.,4.5,35.34284,-106.5458,Angostura Reach,Fall
2016,10,6,Savannah,.,6.5,6.5,35.1428674147,-106.681982289,Angostura Reach,Fall
2016,10,7,Lemitar,18,23.5,20.75,34.1670457032,-106.889953039,San Acacia Reach,Fall
2016,10,8,Hispanic Cultural Center,10,12,11,35.0688083802,-106.65807622,Angostura Reach,Fall
2016,10,10,Diversion,6,16,11,35.191618922399996,-106.643382687,Angostura Reach,Fall
2016,10,11,Calabacillas,3.5,8,5.75,35.1946222612,-106.646350963,Angostura Reach,Fall
2016,10,12,Minnow,0,10,5,35.1972256042,-106.644122231,Angostura Reach,Fall
2016,10,13,Harrison,28,47,37.5,35.0150622305,-106.673722917,Angostura Reach,Fall
2016,10,14,Sevilleta,5,10.5,7.75,34.2586573236,-106.883372761,San Acacia Reach,Fall
2016,10,15,Valencia Cleared,10,13,11.5,34.6486505386211,-106.739180486447,Isleta Reach,Fall
2016,10,16,Valencia Forest,8,16,12,34.6472147233729,-106.738922864063,Isleta Reach,Fall
2016,10,17,Montano,0,10,5,35.1452628545,-106.680332705,Angostura Reach,Fall
2016,10,18,Reynolds Cleared,5,11.5,8.25,34.6567454384498,-106.738602216398,Isleta Reach,Fall
2016,10,19,Reynolds Forest,12,11,11.5,34.657611462267496,-106.739436295579,Isleta Reach,Fall
2016,10,20,Route 66,1,10.5,5.75,35.1006512603,-106.691932797,Angostura Reach,Fall
2016,10,21,Badger,4,13,8.5,35.1955715759,-106.641632737,Angostura Reach,Fall
2016,10,22,Bobcat,1.5,7.5,4.5,35.2010747789,-106.641162297,Angostura Reach,Fall
2016,10,23,BioPark,9,15,12,35.0799846256,-106.669723455,Angostura Reach,Fall
2016,10,24,Santo Domingo,0,2,1,35.50989,-106.3896,Cochiti Reach,Fall
2016,10,25,Crawford,.,15.5,15.5,34.637561057629,-106.74347269011,Isleta Reach,Fall
2016,10,26,Mesilla,19,34,26.5,32.248328,-106.821014,South of San Marcial Reach,Fall
2016,10,27,Bosque Farm,.,.,.,34.8477697505695,-106.714997116643,Isleta Reach,Fall
2016,10,28,Valle de Oro,.,.,.,34.9797688406,-106.680112434,Angostura Reach,Fall
2016,10,29,Albuquerque Overbank Project,0.5,24,12.25,35.0452081969,-106.665732215,Angostura Reach,Fall
2016,10,30,State Land Office,27.2,29,28.1,34.9679188689,-106.685667747,Angostura Reach,Fall
2016,10,31,San Jose,44,48,46,35.0124335977,-106.672728518,Angostura Reach,Fall
2016,10,32,Sandia,.,7,7,35.255,-106.5907,Angostura Reach,Fall
2016,11,1,Alameda,.,10,10,35.1880598884,-106.646949118,Angostura Reach,Winter
2016,11,2,Rio Grande Nature Center,6,7,6.5,35.1267624154,-106.688450012,Angostura Reach,Winter
2016,11,3,Los Lunas,17,22,19.5,34.8123850767529,-106.714471968474,Isleta Reach,Winter
2016,11,4,Belen,36,40,38,34.6481124155284,-106.737727748983,Isleta Reach,Winter
2016,11,5,Santa Ana,9.5,.,9.5,35.34284,-106.5458,Angostura Reach,Winter
2016,11,6,Savannah,1.3,9.5,5.4,35.1428674147,-106.681982289,Angostura Reach,Winter
2016,11,7,Lemitar,41,55,48,34.1670457032,-106.889953039,San Acacia Reach,Winter
2016,11,8,Hispanic Cultural Center,3,8.5,5.75,35.0688083802,-106.65807622,Angostura Reach,Winter
2016,11,10,Diversion,.,11,11,35.191618922399996,-106.643382687,Angostura Reach,Winter
2016,11,11,Calabacillas,5.5,9.5,7.5,35.1946222612,-106.646350963,Angostura Reach,Winter
2016,11,12,Minnow,4,12,8,35.1972256042,-106.644122231,Angostura Reach,Winter
2016,11,13,Harrison,5,13,9,35.0150622305,-106.673722917,Angostura Reach,Winter
2016,11,14,Sevilleta,37,48,42.5,34.2586573236,-106.883372761,San Acacia Reach,Winter
2016,11,15,Valencia Cleared,26,38,32,34.6486505386211,-106.739180486447,Isleta Reach,Winter
2016,11,16,Valencia Forest,30.5,42.5,36.5,34.6472147233729,-106.738922864063,Isleta Reach,Winter
2016,11,17,Montano,0,.,0,35.1452628545,-106.680332705,Angostura Reach,Winter
2016,11,18,Reynolds Cleared,21,38,29.5,34.6567454384498,-106.738602216398,Isleta Reach,Winter
2016,11,19,Reynolds Forest,35,38,36.5,34.657611462267496,-106.739436295579,Isleta Reach,Winter
2016,11,20,Route 66,1.5,.,1.5,35.1006512603,-106.691932797,Angostura Reach,Winter
2016,11,21,Badger,6,.,6,35.1955715759,-106.641632737,Angostura Reach,Winter
2016,11,22,Bobcat,4.5,11,7.75,35.2010747789,-106.641162297,Angostura Reach,Winter
2016,11,23,BioPark,2,7,4.5,35.0799846256,-106.669723455,Angostura Reach,Winter
2016,11,24,Santo Domingo,.,13,13,35.50989,-106.3896,Cochiti Reach,Winter
2016,11,25,Crawford,36,45,40.5,34.637561057629,-106.74347269011,Isleta Reach,Winter
2016,11,26,Mesilla,3.5,9.5,6.5,32.248328,-106.821014,South of San Marcial Reach,Winter
2016,11,27,Bosque Farm,.,.,.,34.8477697505695,-106.714997116643,Isleta Reach,Winter
2016,11,28,Valle de Oro,.,12,12,34.9797688406,-106.680112434,Angostura Reach,Winter
2016,11,29,Albuquerque Overbank Project,1.5,15,8.25,35.0452081969,-106.665732215,Angostura Reach,Winter
2016,11,30,State Land Office,6,12,9,34.9679188689,-106.685667747,Angostura Reach,Winter
2016,11,31,San Jose,9,13,11,35.0124335977,-106.672728518,Angostura Reach,Winter
2016,11,32,Sandia,.,11,11,35.255,-106.5907,Angostura Reach,Winter
2016,12,1,Alameda,.,25,25,35.1880598884,-106.646949118,Angostura Reach,Winter
2016,12,2,Rio Grande Nature Center,15,.,15,35.1267624154,-106.688450012,Angostura Reach,Winter
2016,12,3,Los Lunas,2.25,5,3.625,34.8123850767529,-106.714471968474,Isleta Reach,Winter
2016,12,4,Belen,0,.,0,34.6481124155284,-106.737727748983,Isleta Reach,Winter
2016,12,5,Santa Ana,14,.,14,35.34284,-106.5458,Angostura Reach,Winter
2016,12,6,Savannah,9,24,16.5,35.1428674147,-106.681982289,Angostura Reach,Winter
2016,12,7,Lemitar,5.5,6,5.75,34.1670457032,-106.889953039,San Acacia Reach,Winter
2016,12,8,Hispanic Cultural Center,8,.,8,35.0688083802,-106.65807622,Angostura Reach,Winter
2016,12,10,Diversion,.,20,20,35.191618922399996,-106.643382687,Angostura Reach,Winter
2016,12,11,Calabacillas,.,23,23,35.1946222612,-106.646350963,Angostura Reach,Winter
2016,12,12,Minnow,15.6,23,19.3,35.1972256042,-106.644122231,Angostura Reach,Winter
2016,12,13,Harrison,.,.,.,35.0150622305,-106.673722917,Angostura Reach,Winter
2016,12,14,Sevilleta,.,.,.,34.2586573236,-106.883372761,San Acacia Reach,Winter
2016,12,15,Valencia Cleared,.,.,.,34.6486505386211,-106.739180486447,Isleta Reach,Winter
2016,12,16,Valencia Forest,0,5,2.5,34.6472147233729,-106.738922864063,Isleta Reach,Winter
2016,12,17,Montano,7,.,7,35.1452628545,-106.680332705,Angostura Reach,Winter
2016,12,18,Reynolds Cleared,.,7.5,7.5,34.6567454384498,-106.738602216398,Isleta Reach,Winter
2016,12,19,Reynolds Forest,6.5,6.5,6.5,34.657611462267496,-106.739436295579,Isleta Reach,Winter
2016,12,20,Route 66,.,.,.,35.1006512603,-106.691932797,Angostura Reach,Winter
2016,12,21,Badger,13,20,16.5,35.1955715759,-106.641632737,Angostura Reach,Winter
2016,12,22,Bobcat,16.5,.,16.5,35.2010747789,-106.641162297,Angostura Reach,Winter
2016,12,23,BioPark,15,16,15.5,35.0799846256,-106.669723455,Angostura Reach,Winter
2016,12,24,Santo Domingo,4.5,2.5,3.5,35.50989,-106.3896,Cochiti Reach,Winter
2016,12,25,Crawford,.,7.5,7.5,34.637561057629,-106.74347269011,Isleta Reach,Winter
2016,12,26,Mesilla,0.43,0.54,0.485,32.248328,-106.821014,South of San Marcial Reach,Winter
2016,12,27,Bosque Farm,.,.,.,34.8477697505695,-106.714997116643,Isleta Reach,Winter
2016,12,28,Valle de Oro,.,.,.,34.9797688406,-106.680112434,Angostura Reach,Winter
2016,12,29,Albuquerque Overbank Project,3,.,3,35.0452081969,-106.665732215,Angostura Reach,Winter
2016,12,30,State Land Office,15,17,16,34.9679188689,-106.685667747,Angostura Reach,Winter
2016,12,31,San Jose,8,12,10,35.0124335977,-106.672728518,Angostura Reach,Winter
2016,12,32,Sandia,16,17.5,16.75,35.255,-106.5907,Angostura Reach,Winter
2017,1,1,Alameda,31,34,32.5,35.1880598884,-106.646949118,Angostura Reach,Winter
2017,1,2,Rio Grande Nature Center,38,.,38,35.1267624154,-106.688450012,Angostura Reach,Winter
2017,1,3,Los Lunas,35,40,37.5,34.8123850767529,-106.714471968474,Isleta Reach,Winter
2017,1,4,Belen,23,.,23,34.6481124155284,-106.737727748983,Isleta Reach,Winter
2017,1,5,Santa Ana,35,.,35,35.34284,-106.5458,Angostura Reach,Winter
2017,1,6,Savannah,27,46,36.5,35.1428674147,-106.681982289,Angostura Reach,Winter
2017,1,7,Lemitar,43,51,47,34.1670457032,-106.889953039,San Acacia Reach,Winter
2017,1,8,Hispanic Cultural Center,31,.,31,35.0688083802,-106.65807622,Angostura Reach,Winter
2017,1,10,Diversion,23,33,28,35.191618922399996,-106.643382687,Angostura Reach,Winter
2017,1,11,Calabacillas,.,34,34,35.1946222612,-106.646350963,Angostura Reach,Winter
2017,1,12,Minnow,15,35,25,35.1972256042,-106.644122231,Angostura Reach,Winter
2017,1,13,Harrison,.,.,.,35.0150622305,-106.673722917,Angostura Reach,Winter
2017,1,14,Sevilleta,.,.,.,34.2586573236,-106.883372761,San Acacia Reach,Winter
2017,1,15,Valencia Cleared,.,.,.,34.6486505386211,-106.739180486447,Isleta Reach,Winter
2017,1,16,Valencia Forest,32,49,40.5,34.6472147233729,-106.738922864063,Isleta Reach,Winter
2017,1,17,Montano,21,.,21,35.1452628545,-106.680332705,Angostura Reach,Winter
2017,1,18,Reynolds Cleared,.,44,44,34.6567454384498,-106.738602216398,Isleta Reach,Winter
2017,1,19,Reynolds Forest,47,.,47,34.657611462267496,-106.739436295579,Isleta Reach,Winter
2017,1,20,Route 66,14,36,25,35.1006512603,-106.691932797,Angostura Reach,Winter
2017,1,21,Badger,22.5,36,29.25,35.1955715759,-106.641632737,Angostura Reach,Winter
2017,1,22,Bobcat,24,38,31,35.2010747789,-106.641162297,Angostura Reach,Winter
2017,1,23,BioPark,30,38,34,35.0799846256,-106.669723455,Angostura Reach,Winter
2017,1,24,Santo Domingo,27,.,27,35.50989,-106.3896,Cochiti Reach,Winter
2017,1,25,Crawford,42,47,44.5,34.637561057629,-106.74347269011,Isleta Reach,Winter
2017,1,26,Mesilla,30,38,34,32.248328,-106.821014,South of San Marcial Reach,Winter
2017,1,27,Bosque Farm,.,.,.,34.8477697505695,-106.714997116643,Isleta Reach,Winter
2017,1,28,Valle de Oro,.,.,.,34.9797688406,-106.680112434,Angostura Reach,Winter
2017,1,29,Albuquerque Overbank Project,14,.,14,35.0452081969,-106.665732215,Angostura Reach,Winter
2017,1,30,State Land Office,26,35,30.5,34.9679188689,-106.685667747,Angostura Reach,Winter
2017,1,31,San Jose,21,30,25.5,35.0124335977,-106.672728518,Angostura Reach,Winter
2017,1,32,Sandia,27,38,32.5,35.255,-106.5907,Angostura Reach,Winter
2017,2,1,Alameda,15,15,15,35.1880598884,-106.646949118,Angostura Reach,Winter
2017,2,2,Rio Grande Nature Center,20,.,20,35.1267624154,-106.688450012,Angostura Reach,Winter
2017,2,3,Los Lunas,18,21,19.5,34.8123850767529,-106.714471968474,Isleta Reach,Winter
2017,2,4,Belen,5,10,7.5,34.6481124155284,-106.737727748983,Isleta Reach,Winter
2017,2,5,Santa Ana,12,.,12,35.34284,-106.5458,Angostura Reach,Winter
2017,2,6,Savannah,13,22,17.5,35.1428674147,-106.681982289,Angostura Reach,Winter
2017,2,7,Lemitar,9,12,10.5,34.1670457032,-106.889953039,San Acacia Reach,Winter
2017,2,8,Hispanic Cultural Center,20,18,19,35.0688083802,-106.65807622,Angostura Reach,Winter
2017,2,10,Diversion,10,11,10.5,35.191618922399996,-106.643382687,Angostura Reach,Winter
2017,2,11,Calabacillas,.,14,14,35.1946222612,-106.646350963,Angostura Reach,Winter
2017,2,12,Minnow,11,19,15,35.1972256042,-106.644122231,Angostura Reach,Winter
2017,2,13,Harrison,8,.,8,35.0150622305,-106.673722917,Angostura Reach,Winter
2017,2,14,Sevilleta,.,.,.,34.2586573236,-106.883372761,San Acacia Reach,Winter
2017,2,15,Valencia Cleared,5.5,.,5.5,34.6486505386211,-106.739180486447,Isleta Reach,Winter
2017,2,16,Valencia Forest,5,11.5,8.25,34.6472147233729,-106.738922864063,Isleta Reach,Winter
2017,2,17,Montano,12,22,17,35.1452628545,-106.680332705,Angostura Reach,Winter
2017,2,18,Reynolds Cleared,5.5,8.5,7,34.6567454384498,-106.738602216398,Isleta Reach,Winter
2017,2,19,Reynolds Forest,5,.,5,34.657611462267496,-106.739436295579,Isleta Reach,Winter
2017,2,20,Route 66,.,.,.,35.1006512603,-106.691932797,Angostura Reach,Winter
2017,2,21,Badger,11,10,10.5,35.1955715759,-106.641632737,Angostura Reach,Winter
2017,2,22,Bobcat,6,8.5,7.25,35.2010747789,-106.641162297,Angostura Reach,Winter
2017,2,23,BioPark,14,20,17,35.0799846256,-106.669723455,Angostura Reach,Winter
2017,2,24,Santo Domingo,.,13,13,35.50989,-106.3896,Cochiti Reach,Winter
2017,2,25,Crawford,5.5,9,7.25,34.637561057629,-106.74347269011,Isleta Reach,Winter
2017,2,26,Mesilla,7.5,7,7.25,32.248328,-106.821014,South of San Marcial Reach,Winter
2017,2,27,Bosque Farm,.,.,.,34.8477697505695,-106.714997116643,Isleta Reach,Winter
2017,2,28,Valle de Oro,.,18,18,34.9797688406,-106.680112434,Angostura Reach,Winter
2017,2,29,Albuquerque Overbank Project,7.5,.,7.5,35.0452081969,-106.665732215,Angostura Reach,Winter
2017,2,30,State Land Office,15,18.5,16.75,34.9679188689,-106.685667747,Angostura Reach,Winter
2017,2,31,San Jose,12,15,13.5,35.0124335977,-106.672728518,Angostura Reach,Winter
2017,2,32,Sandia,16,15,15.5,35.255,-106.5907,Angostura Reach,Winter
2017,3,1,Alameda,.,0,0,35.1880598884,-106.646949118,Angostura Reach,Spring
2017,3,2,Rio Grande Nature Center,0,.,0,35.1267624154,-106.688450012,Angostura Reach,Spring
2017,3,3,Los Lunas,0,0,0,34.8123850767529,-106.714471968474,Isleta Reach,Spring
2017,3,4,Belen,2,.,2,34.6481124155284,-106.737727748983,Isleta Reach,Spring
2017,3,5,Santa Ana,.,0,0,35.34284,-106.5458,Angostura Reach,Spring
2017,3,6,Savannah,.,.,.,35.1428674147,-106.681982289,Angostura Reach,Spring
2017,3,7,Lemitar,0,0,0,34.1670457032,-106.889953039,San Acacia Reach,Spring
2017,3,8,Hispanic Cultural Center,0,.,0,35.0688083802,-106.65807622,Angostura Reach,Spring
2017,3,10,Diversion,0,0,0,35.191618922399996,-106.643382687,Angostura Reach,Spring
2017,3,11,Calabacillas,.,0,0,35.1946222612,-106.646350963,Angostura Reach,Spring
2017,3,12,Minnow,0,0,0,35.1972256042,-106.644122231,Angostura Reach,Spring
2017,3,13,Harrison,.,.,.,35.0150622305,-106.673722917,Angostura Reach,Spring
2017,3,14,Sevilleta,.,.,.,34.2586573236,-106.883372761,San Acacia Reach,Spring
2017,3,15,Valencia Cleared,0,.,0,34.6486505386211,-106.739180486447,Isleta Reach,Spring
2017,3,16,Valencia Forest,0,0,0,34.6472147233729,-106.738922864063,Isleta Reach,Spring
2017,3,17,Montano,0,0,0,35.1452628545,-106.680332705,Angostura Reach,Spring
2017,3,18,Reynolds Cleared,0,0,0,34.6567454384498,-106.738602216398,Isleta Reach,Spring
2017,3,19,Reynolds Forest,0,.,0,34.657611462267496,-106.739436295579,Isleta Reach,Spring
2017,3,20,Route 66,0,.,0,35.1006512603,-106.691932797,Angostura Reach,Spring
2017,3,21,Badger,.,0,0,35.1955715759,-106.641632737,Angostura Reach,Spring
2017,3,22,Bobcat,.,0,0,35.2010747789,-106.641162297,Angostura Reach,Spring
2017,3,23,BioPark,0,0,0,35.0799846256,-106.669723455,Angostura Reach,Spring
2017,3,24,Santo Domingo,.,.,.,35.50989,-106.3896,Cochiti Reach,Spring
2017,3,25,Crawford,0,0,0,34.637561057629,-106.74347269011,Isleta Reach,Spring
2017,3,26,Mesilla,0.25,0.1,0.175,32.248328,-106.821014,South of San Marcial Reach,Spring
2017,3,27,Bosque Farm,.,.,.,34.8477697505695,-106.714997116643,Isleta Reach,Spring
2017,3,28,Valle de Oro,.,0,0,34.9797688406,-106.680112434,Angostura Reach,Spring
2017,3,29,Albuquerque Overbank Project,0,.,0,35.0452081969,-106.665732215,Angostura Reach,Spring
2017,3,30,State Land Office,0.7,0,0.35,34.9679188689,-106.685667747,Angostura Reach,Spring
2017,3,31,San Jose,0,0,0,35.0124335977,-106.672728518,Angostura Reach,Spring
2017,3,32,Sandia,0,0,0,35.255,-106.5907,Angostura Reach,Spring
2017,4,1,Alameda,.,6,6,35.1880598884,-106.646949118,Angostura Reach,Spring
2017,4,2,Rio Grande Nature Center,7.6,.,7.6,35.1267624154,-106.688450012,Angostura Reach,Spring
2017,4,3,Los Lunas,8,13,10.5,34.8123850767529,-106.714471968474,Isleta Reach,Spring
2017,4,4,Belen,8,16,12,34.6481124155284,-106.737727748983,Isleta Reach,Spring
2017,4,5,Santa Ana,6,16,11,35.34284,-106.5458,Angostura Reach,Spring
2017,4,6,Savannah,5.5,10.5,8,35.1428674147,-106.681982289,Angostura Reach,Spring
2017,4,7,Lemitar,8,14,11,34.1670457032,-106.889953039,San Acacia Reach,Spring
2017,4,8,Hispanic Cultural Center,7,.,7,35.0688083802,-106.65807622,Angostura Reach,Spring
2017,4,10,Diversion,3,7,5,35.191618922399996,-106.643382687,Angostura Reach,Spring
2017,4,11,Calabacillas,.,6.5,6.5,35.1946222612,-106.646350963,Angostura Reach,Spring
2017,4,12,Minnow,3,.,3,35.1972256042,-106.644122231,Angostura Reach,Spring
2017,4,13,Harrison,8.5,.,8.5,35.0150622305,-106.673722917,Angostura Reach,Spring
2017,4,14,Sevilleta,.,.,.,34.2586573236,-106.883372761,San Acacia Reach,Spring
2017,4,15,Valencia Cleared,.,.,.,34.6486505386211,-106.739180486447,Isleta Reach,Spring
2017,4,16,Valencia Forest,11.5,19,15.25,34.6472147233729,-106.738922864063,Isleta Reach,Spring
2017,4,17,Montano,2,11,6.5,35.1452628545,-106.680332705,Angostura Reach,Spring
2017,4,18,Reynolds Cleared,11,15,13,34.6567454384498,-106.738602216398,Isleta Reach,Spring
2017,4,19,Reynolds Forest,14,.,14,34.657611462267496,-106.739436295579,Isleta Reach,Spring
2017,4,20,Route 66,.,.,.,35.1006512603,-106.691932797,Angostura Reach,Spring
2017,4,21,Badger,.,.,.,35.1955715759,-106.641632737,Angostura Reach,Spring
2017,4,22,Bobcat,.,7.5,7.5,35.2010747789,-106.641162297,Angostura Reach,Spring
2017,4,23,BioPark,5,0,2.5,35.0799846256,-106.669723455,Angostura Reach,Spring
2017,4,24,Santo Domingo,8,15,11.5,35.50989,-106.3896,Cochiti Reach,Spring
2017,4,25,Crawford,14,17.5,15.75,34.637561057629,-106.74347269011,Isleta Reach,Spring
2017,4,26,Mesilla,2.5,3,2.75,32.248328,-106.821014,South of San Marcial Reach,Spring
2017,4,27,Bosque Farm,.,.,.,34.8477697505695,-106.714997116643,Isleta Reach,Spring
2017,4,28,Valle de Oro,.,16,16,34.9797688406,-106.680112434,Angostura Reach,Spring
2017,4,29,Albuquerque Overbank Project,0,.,0,35.0452081969,-106.665732215,Angostura Reach,Spring
2017,4,30,State Land Office,12,15,13.5,34.9679188689,-106.685667747,Angostura Reach,Spring
2017,4,31,San Jose,7,12,9.5,35.0124335977,-106.672728518,Angostura Reach,Spring
2017,4,32,Sandia,.,6.75,6.75,35.255,-106.5907,Angostura Reach,Spring
2017,5,1,Alameda,.,8,8,35.1880598884,-106.646949118,Angostura Reach,Spring
2017,5,2,Rio Grande Nature Center,7.5,.,7.5,35.1267624154,-106.688450012,Angostura Reach,Spring
2017,5,3,Los Lunas,.,.,.,34.8123850767529,-106.714471968474,Isleta Reach,Spring
2017,5,4,Belen,7.5,26,16.75,34.6481124155284,-106.737727748983,Isleta Reach,Spring
2017,5,5,Santa Ana,.,.,.,35.34284,-106.5458,Angostura Reach,Spring
2017,5,6,Savannah,.,9,9,35.1428674147,-106.681982289,Angostura Reach,Spring
2017,5,7,Lemitar,1.5,4.25,2.875,34.1670457032,-106.889953039,San Acacia Reach,Spring
2017,5,8,Hispanic Cultural Center,5,.,5,35.0688083802,-106.65807622,Angostura Reach,Spring
2017,5,10,Diversion,2,8,5,35.191618922399996,-106.643382687,Angostura Reach,Spring
2017,5,11,Calabacillas,.,9,9,35.1946222612,-106.646350963,Angostura Reach,Spring
2017,5,12,Minnow,2,11,6.5,35.1972256042,-106.644122231,Angostura Reach,Spring
2017,5,13,Harrison,.,.,.,35.0150622305,-106.673722917,Angostura Reach,Spring
2017,5,14,Sevilleta,.,.,.,34.2586573236,-106.883372761,San Acacia Reach,Spring
2017,5,15,Valencia Cleared,25.4,.,25.4,34.6486505386211,-106.739180486447,Isleta Reach,Spring
2017,5,16,Valencia Forest,15.5,30,22.75,34.6472147233729,-106.738922864063,Isleta Reach,Spring
2017,5,17,Montano,0,9,4.5,35.1452628545,-106.680332705,Angostura Reach,Spring
2017,5,18,Reynolds Cleared,11,22.5,16.75,34.6567454384498,-106.738602216398,Isleta Reach,Spring
2017,5,19,Reynolds Forest,14,6,10,34.657611462267496,-106.739436295579,Isleta Reach,Spring
2017,5,20,Route 66,.,.,.,35.1006512603,-106.691932797,Angostura Reach,Spring
2017,5,21,Badger,.,.,.,35.1955715759,-106.641632737,Angostura Reach,Spring
2017,5,22,Bobcat,.,9.5,9.5,35.2010747789,-106.641162297,Angostura Reach,Spring
2017,5,23,BioPark,5,13,9,35.0799846256,-106.669723455,Angostura Reach,Spring
2017,5,24,Santo Domingo,15,29,22,35.50989,-106.3896,Cochiti Reach,Spring
2017,5,25,Crawford,27,32,29.5,34.637561057629,-106.74347269011,Isleta Reach,Spring
2017,5,26,Mesilla,1.5,0.9,1.2,32.248328,-106.821014,South of San Marcial Reach,Spring
2017,5,27,Bosque Farm,.,.,.,34.8477697505695,-106.714997116643,Isleta Reach,Spring
2017,5,28,Valle de Oro,.,15,15,34.9797688406,-106.680112434,Angostura Reach,Spring
2017,5,29,Albuquerque Overbank Project,6,12,9,35.0452081969,-106.665732215,Angostura Reach,Spring
2017,5,30,State Land Office,13,18,15.5,34.9679188689,-106.685667747,Angostura Reach,Spring
2017,5,31,San Jose,6,14,10,35.0124335977,-106.672728518,Angostura Reach,Spring
2017,5,32,Sandia,.,14,14,35.255,-106.5907,Angostura Reach,Spring
2017,6,1,Alameda,.,10,10,35.1880598884,-106.646949118,Angostura Reach,Monsoon
2017,6,2,Rio Grande Nature Center,1.5,1.2023,1.35115,35.1267624154,-106.688450012,Angostura Reach,Monsoon
2017,6,3,Los Lunas,.,.,.,34.8123850767529,-106.714471968474,Isleta Reach,Monsoon
2017,6,4,Belen,0,4.2,2.1,34.6481124155284,-106.737727748983,Isleta Reach,Monsoon
2017,6,5,Santa Ana,.,.,.,35.34284,-106.5458,Angostura Reach,Monsoon
2017,6,6,Savannah,0,2,1,35.1428674147,-106.681982289,Angostura Reach,Monsoon
2017,6,7,Lemitar,0,0.5,0.25,34.1670457032,-106.889953039,San Acacia Reach,Monsoon
2017,6,8,Hispanic Cultural Center,2.5,4.9914,3.7457,35.0688083802,-106.65807622,Angostura Reach,Monsoon
2017,6,10,Diversion,2,.,2,35.191618922399996,-106.643382687,Angostura Reach,Monsoon
2017,6,11,Calabacillas,.,.,.,35.1946222612,-106.646350963,Angostura Reach,Monsoon
2017,6,12,Minnow,0,2,1,35.1972256042,-106.644122231,Angostura Reach,Monsoon
2017,6,13,Harrison,.,.,.,35.0150622305,-106.673722917,Angostura Reach,Monsoon
2017,6,14,Sevilleta,.,.,.,34.2586573236,-106.883372761,San Acacia Reach,Monsoon
2017,6,15,Valencia Cleared,.,.,.,34.6486505386211,-106.739180486447,Isleta Reach,Monsoon
2017,6,16,Valencia Forest,2,5,3.5,34.6472147233729,-106.738922864063,Isleta Reach,Monsoon
2017,6,17,Montano,0,2,1,35.1452628545,-106.680332705,Angostura Reach,Monsoon
2017,6,18,Reynolds Cleared,0,4,2,34.6567454384498,-106.738602216398,Isleta Reach,Monsoon
2017,6,19,Reynolds Forest,1.5,3,2.25,34.657611462267496,-106.739436295579,Isleta Reach,Monsoon
2017,6,20,Route 66,.,.,.,35.1006512603,-106.691932797,Angostura Reach,Monsoon
2017,6,21,Badger,1.7436,3.9088,2.8262,35.1955715759,-106.641632737,Angostura Reach,Monsoon
2017,6,22,Bobcat,1.7436,5,3.3718,35.2010747789,-106.641162297,Angostura Reach,Monsoon
2017,6,23,BioPark,0,2,1,35.0799846256,-106.669723455,Angostura Reach,Monsoon
2017,6,24,Santo Domingo,1.5,4.5,3,35.50989,-106.3896,Cochiti Reach,Monsoon
2017,6,25,Crawford,4,5.5,4.75,34.637561057629,-106.74347269011,Isleta Reach,Monsoon
2017,6,26,Mesilla,10,16,13,32.248328,-106.821014,South of San Marcial Reach,Monsoon
2017,6,27,Bosque Farm,.,.,.,34.8477697505695,-106.714997116643,Isleta Reach,Monsoon
2017,6,28,Valle de Oro,2.8262,.,2.8262,34.9797688406,-106.680112434,Angostura Reach,Monsoon
2017,6,29,Albuquerque Overbank Project,0,2.5,1.25,35.0452081969,-106.665732215,Angostura Reach,Monsoon
2017,6,30,State Land Office,0,.,0,34.9679188689,-106.685667747,Angostura Reach,Monsoon
2017,6,31,San Jose,0,3,1.5,35.0124335977,-106.672728518,Angostura Reach,Monsoon
2017,6,32,Sandia,11.487,10,10.7435,35.255,-106.5907,Angostura Reach,Monsoon
2017,7,1,Alameda,.,2,2,35.1880598884,-106.646949118,Angostura Reach,Monsoon
2017,7,2,Rio Grande Nature Center,0,1.7436,0.8718,35.1267624154,-106.688450012,Angostura Reach,Monsoon
2017,7,3,Los Lunas,.,4.5,4.5,34.8123850767529,-106.714471968474,Isleta Reach,Monsoon
2017,7,4,Belen,2.7,5.2,3.95,34.6481124155284,-106.737727748983,Isleta Reach,Monsoon
2017,7,5,Santa Ana,2.8262,4.9914,3.9088,35.34284,-106.5458,Angostura Reach,Monsoon
2017,7,6,Savannah,0,0.25,0.125,35.1428674147,-106.681982289,Angostura Reach,Monsoon
2017,7,7,Lemitar,9.5,16.5,13,34.1670457032,-106.889953039,San Acacia Reach,Monsoon
2017,7,8,Hispanic Cultural Center,8.5,8.2392,8.3696,35.0688083802,-106.65807622,Angostura Reach,Monsoon
2017,7,10,Diversion,0,0,0,35.191618922399996,-106.643382687,Angostura Reach,Monsoon
2017,7,11,Calabacillas,0,0,0,35.1946222612,-106.646350963,Angostura Reach,Monsoon
2017,7,12,Minnow,0,1.25,0.625,35.1972256042,-106.644122231,Angostura Reach,Monsoon
2017,7,13,Harrison,.,1.7436,1.7436,35.0150622305,-106.673722917,Angostura Reach,Monsoon
2017,7,14,Sevilleta,15.2761,24.4782,19.87715,34.2586573236,-106.883372761,San Acacia Reach,Monsoon
2017,7,15,Valencia Cleared,.,.,.,34.6486505386211,-106.739180486447,Isleta Reach,Monsoon
2017,7,16,Valencia Forest,2.2,5.5,3.85,34.6472147233729,-106.738922864063,Isleta Reach,Monsoon
2017,7,17,Montano,0,0.5,0.25,35.1452628545,-106.680332705,Angostura Reach,Monsoon
2017,7,18,Reynolds Cleared,0,3.5,1.75,34.6567454384498,-106.738602216398,Isleta Reach,Monsoon
2017,7,19,Reynolds Forest,1,3.9088,2.4543999999999997,34.657611462267496,-106.739436295579,Isleta Reach,Monsoon
2017,7,20,Route 66,1.7436,3.9088,2.8262,35.1006512603,-106.691932797,Angostura Reach,Monsoon
2017,7,21,Badger,0,3.3675,1.68375,35.1955715759,-106.641632737,Angostura Reach,Monsoon
2017,7,22,Bobcat,0,3.3675,1.68375,35.2010747789,-106.641162297,Angostura Reach,Monsoon
2017,7,23,BioPark,2.2849,5.3573341905068,3.8211170952534,35.0799846256,-106.669723455,Angostura Reach,Monsoon
2017,7,24,Santo Domingo,7.1566,17,12.0783,35.50989,-106.3896,Cochiti Reach,Monsoon
2017,7,25,Crawford,.,.,.,34.637561057629,-106.74347269011,Isleta Reach,Monsoon
2017,7,26,Mesilla,16,34,25,32.248328,-106.821014,South of San Marcial Reach,Monsoon
2017,7,27,Bosque Farm,.,.,.,34.8477697505695,-106.714997116643,Isleta Reach,Monsoon
2017,7,28,Valle de Oro,.,3.3675,3.3675,34.9797688406,-106.680112434,Angostura Reach,Monsoon
2017,7,29,Albuquerque Overbank Project,1,5,3,35.0452081969,-106.665732215,Angostura Reach,Monsoon
2017,7,30,State Land Office,0.01,.,0.01,34.9679188689,-106.685667747,Angostura Reach,Monsoon
2017,7,31,San Jose,6,6,6,35.0124335977,-106.672728518,Angostura Reach,Monsoon
2017,7,32,Sandia,0,2.2849,1.14245,35.255,-106.5907,Angostura Reach,Monsoon
2017,8,1,Alameda,24.4782,38,31.2391,35.1880598884,-106.646949118,Angostura Reach,Monsoon
2017,8,2,Rio Grande Nature Center,26.6434,30,28.3217,35.1267624154,-106.688450012,Angostura Reach,Monsoon
2017,8,3,Los Lunas,.,62,62,34.8123850767529,-106.714471968474,Isleta Reach,Monsoon
2017,8,4,Belen,25.5,41,33.25,34.6481124155284,-106.737727748983,Isleta Reach,Monsoon
2017,8,5,Santa Ana,7.1566,10.4044,8.7805,35.34284,-106.5458,Angostura Reach,Monsoon
2017,8,6,Savannah,11.487,40,25.7435,35.1428674147,-106.681982289,Angostura Reach,Monsoon
2017,8,7,Lemitar,17.5,34.5,26,34.1670457032,-106.889953039,San Acacia Reach,Monsoon
2017,8,8,Hispanic Cultural Center,.,.,.,35.0688083802,-106.65807622,Angostura Reach,Monsoon
2017,8,10,Diversion,.,.,.,35.191618922399996,-106.643382687,Angostura Reach,Monsoon
2017,8,11,Calabacillas,.,.,.,35.1946222612,-106.646350963,Angostura Reach,Monsoon
2017,8,12,Minnow,11,32,21.5,35.1972256042,-106.644122231,Angostura Reach,Monsoon
2017,8,13,Harrison,37.4694,.,37.4694,35.0150622305,-106.673722917,Angostura Reach,Monsoon
2017,8,14,Sevilleta,27.726,47.2128,37.4694,34.2586573236,-106.883372761,San Acacia Reach,Monsoon
2017,8,15,Valencia Cleared,21.2304,.,21.2304,34.6486505386211,-106.739180486447,Isleta Reach,Monsoon
2017,8,16,Valencia Forest,21,47,34,34.6472147233729,-106.738922864063,Isleta Reach,Monsoon
2017,8,17,Montano,9,38,23.5,35.1452628545,-106.680332705,Angostura Reach,Monsoon
2017,8,18,Reynolds Cleared,44,19.0652,31.5326,34.6567454384498,-106.738602216398,Isleta Reach,Monsoon
2017,8,19,Reynolds Forest,32,43.965,37.9825,34.657611462267496,-106.739436295579,Isleta Reach,Monsoon
2017,8,20,Route 66,15.8174,38.552,27.1847,35.1006512603,-106.691932797,Angostura Reach,Monsoon
2017,8,21,Badger,12.5696,30.9738,21.7717,35.1955715759,-106.641632737,Angostura Reach,Monsoon
2017,8,22,Bobcat,.,.,.,35.2010747789,-106.641162297,Angostura Reach,Monsoon
2017,8,23,BioPark,26,50,38,35.0799846256,-106.669723455,Angostura Reach,Monsoon
2017,8,24,Santo Domingo,6.074,16.5,11.287,35.50989,-106.3896,Cochiti Reach,Monsoon
2017,8,25,Crawford,43,45.2,44.1,34.637561057629,-106.74347269011,Isleta Reach,Monsoon
2017,8,26,Mesilla,32,61,46.5,32.248328,-106.821014,South of San Marcial Reach,Monsoon
2017,8,27,Bosque Farm,.,.,.,34.8477697505695,-106.714997116643,Isleta Reach,Monsoon
2017,8,28,Valle de Oro,.,35,35,34.9797688406,-106.680112434,Angostura Reach,Monsoon
2017,8,29,Albuquerque Overbank Project,32.0564,48,40.0282,35.0452081969,-106.665732215,Angostura Reach,Monsoon
2017,8,30,State Land Office,.,29.8912,29.8912,34.9679188689,-106.685667747,Angostura Reach,Monsoon
2017,8,31,San Jose,40,52,46,35.0124335977,-106.672728518,Angostura Reach,Monsoon
2017,8,32,Sandia,8.2392,19,13.6196,35.255,-106.5907,Angostura Reach,Monsoon
2017,9,1,Alameda,9.3218,18,13.6609,35.1880598884,-106.646949118,Angostura Reach,Fall
2017,9,2,Rio Grande Nature Center,8.5,10.4044,9.4522,35.1267624154,-106.688450012,Angostura Reach,Fall
2017,9,3,Los Lunas,22.313,33,27.6565,34.8123850767529,-106.714471968474,Isleta Reach,Fall
2017,9,4,Belen,45,30.5,37.75,34.6481124155284,-106.737727748983,Isleta Reach,Fall
2017,9,5,Santa Ana,20.1478,29.8912,25.0195,35.34284,-106.5458,Angostura Reach,Fall
2017,9,6,Savannah,2.8262,16.5,9.6631,35.1428674147,-106.681982289,Angostura Reach,Fall
2017,9,7,Lemitar,30,42,36,34.1670457032,-106.889953039,San Acacia Reach,Fall
2017,9,8,Hispanic Cultural Center,22,13.6522,17.8261,35.0688083802,-106.65807622,Angostura Reach,Fall
2017,9,10,Diversion,0,9,4.5,35.191618922399996,-106.643382687,Angostura Reach,Fall
2017,9,11,Calabacillas,8.2392,15,11.6196,35.1946222612,-106.646350963,Angostura Reach,Fall
2017,9,12,Minnow,2,13,7.5,35.1972256042,-106.644122231,Angostura Reach,Fall
2017,9,13,Harrison,7.1566,.,7.1566,35.0150622305,-106.673722917,Angostura Reach,Fall
2017,9,14,Sevilleta,16.9,25.0195,20.95975,34.2586573236,-106.883372761,San Acacia Reach,Fall
2017,9,15,Valencia Cleared,23.3956,.,23.3956,34.6486505386211,-106.739180486447,Isleta Reach,Fall
2017,9,16,Valencia Forest,15,34,24.5,34.6472147233729,-106.738922864063,Isleta Reach,Fall
2017,9,17,Montano,2,17,9.5,35.1452628545,-106.680332705,Angostura Reach,Fall
2017,9,18,Reynolds Cleared,12.0283,32,22.01415,34.6567454384498,-106.738602216398,Isleta Reach,Fall
2017,9,19,Reynolds Forest,20,34.7629,27.38145,34.657611462267496,-106.739436295579,Isleta Reach,Fall
2017,9,20,Route 66,4.4501,10.4044,7.427250000000001,35.1006512603,-106.691932797,Angostura Reach,Fall
2017,9,21,Badger,1.7436,10.9457,6.344650000000001,35.1955715759,-106.641632737,Angostura Reach,Fall
2017,9,22,Bobcat,14.7348,38,26.3674,35.2010747789,-106.641162297,Angostura Reach,Fall
2017,9,23,BioPark,5,12,8.5,35.0799846256,-106.669723455,Angostura Reach,Fall
2017,9,24,Santo Domingo,2.8262,9,5.9131,35.50989,-106.3896,Cochiti Reach,Fall
2017,9,25,Crawford,19.5,31,25.25,34.637561057629,-106.74347269011,Isleta Reach,Fall
2017,9,26,Mesilla,.,.,.,32.248328,-106.821014,South of San Marcial Reach,Fall
2017,9,27,Bosque Farm,.,.,.,34.8477697505695,-106.714997116643,Isleta Reach,Fall
2017,9,28,Valle de Oro,.,15,15,34.9797688406,-106.680112434,Angostura Reach,Fall
2017,9,29,Albuquerque Overbank Project,12.5696,19,15.7848,35.0452081969,-106.665732215,Angostura Reach,Fall
2017,9,30,State Land Office,13,15.8174,14.4087,34.9679188689,-106.685667747,Angostura Reach,Fall
2017,9,31,San Jose,13,20,16.5,35.0124335977,-106.672728518,Angostura Reach,Fall
2017,9,32,Sandia,0,6,3,35.255,-106.5907,Angostura Reach,Fall
2017,10,1,Alameda,37.4694,45.0476,41.2585,35.1880598884,-106.646949118,Angostura Reach,Fall
2017,10,2,Rio Grande Nature Center,66.6996,63.4518,65.0757,35.1267624154,-106.688450012,Angostura Reach,Fall
2017,10,3,Los Lunas,36.3868,56,46.1934,34.8123850767529,-106.714471968474,Isleta Reach,Fall
2017,10,4,Belen,81,90,85.5,34.6481124155284,-106.737727748983,Isleta Reach,Fall
2017,10,5,Santa Ana,54,70,62,35.34284,-106.5458,Angostura Reach,Fall
2017,10,6,Savannah,27.726,50,38.863,35.1428674147,-106.681982289,Angostura Reach,Fall
2017,10,7,Lemitar,18,27,22.5,34.1670457032,-106.889953039,San Acacia Reach,Fall
2017,10,8,Hispanic Cultural Center,56,63.9931,59.99655,35.0688083802,-106.65807622,Angostura Reach,Fall
2017,10,10,Diversion,31,55,43,35.191618922399996,-106.643382687,Angostura Reach,Fall
2017,10,11,Calabacillas,34.2216,42.5,38.3608,35.1946222612,-106.646350963,Angostura Reach,Fall
2017,10,12,Minnow,29,45,37,35.1972256042,-106.644122231,Angostura Reach,Fall
2017,10,13,Harrison,63.4518,65.617,64.5344,35.0150622305,-106.673722917,Angostura Reach,Fall
2017,10,14,Sevilleta,54.791,63.4518,59.121399999999994,34.2586573236,-106.883372761,San Acacia Reach,Fall
2017,10,15,Valencia Cleared,86.1864,.,86.1864,34.6486505386211,-106.739180486447,Isleta Reach,Fall
2017,10,16,Valencia Forest,72,102,87,34.6472147233729,-106.738922864063,Isleta Reach,Fall
2017,10,17,Montano,39,61,50,35.1452628545,-106.680332705,Angostura Reach,Fall
2017,10,18,Reynolds Cleared,65.617,92,78.80850000000001,34.6567454384498,-106.738602216398,Isleta Reach,Fall
2017,10,19,Reynolds Forest,70,91.5994,80.7997,34.657611462267496,-106.739436295579,Isleta Reach,Fall
2017,10,20,Route 66,46.1302,76.443,61.2866,35.1006512603,-106.691932797,Angostura Reach,Fall
2017,10,21,Badger,23.3956,49.378,36.3868,35.1955715759,-106.641632737,Angostura Reach,Fall
2017,10,22,Bobcat,27.726,47,37.363,35.2010747789,-106.641162297,Angostura Reach,Fall
2017,10,23,BioPark,44,55,49.5,35.0799846256,-106.669723455,Angostura Reach,Fall
2017,10,24,Santo Domingo,167.3814,104,135.6907,35.50989,-106.3896,Cochiti Reach,Fall
2017,10,25,Crawford,106,110,108,34.637561057629,-106.74347269011,Isleta Reach,Fall
2017,10,26,Mesilla,.,.,.,32.248328,-106.821014,South of San Marcial Reach,Fall
2017,10,27,Bosque Farm,.,.,.,34.8477697505695,-106.714997116643,Isleta Reach,Fall
2017,10,28,Valle de Oro,.,52,52,34.9797688406,-106.680112434,Angostura Reach,Fall
2017,10,29,Albuquerque Overbank Project,49.378,66.5,57.939,35.0452081969,-106.665732215,Angostura Reach,Fall
2017,10,30,State Land Office,33,49.378,41.189,34.9679188689,-106.685667747,Angostura Reach,Fall
2017,10,31,San Jose,48,62,55,35.0124335977,-106.672728518,Angostura Reach,Fall
2017,10,32,Sandia,41.7998,52,46.8999,35.255,-106.5907,Angostura Reach,Fall
2017,11,1,Alameda,0,0,0,35.1880598884,-106.646949118,Angostura Reach,Winter
2017,11,2,Rio Grande Nature Center,0,0,0,35.1267624154,-106.688450012,Angostura Reach,Winter
2017,11,3,Los Lunas,0,0,0,34.8123850767529,-106.714471968474,Isleta Reach,Winter
2017,11,4,Belen,1,1,1,34.6481124155284,-106.737727748983,Isleta Reach,Winter
2017,11,5,Santa Ana,0,0,0,35.34284,-106.5458,Angostura Reach,Winter
2017,11,6,Savannah,0,0,0,35.1428674147,-106.681982289,Angostura Reach,Winter
2017,11,7,Lemitar,0,0,0,34.1670457032,-106.889953039,San Acacia Reach,Winter
2017,11,8,Hispanic Cultural Center,0,0,0,35.0688083802,-106.65807622,Angostura Reach,Winter
2017,11,10,Diversion,0,0,0,35.191618922399996,-106.643382687,Angostura Reach,Winter
2017,11,11,Calabacillas,0,0,0,35.1946222612,-106.646350963,Angostura Reach,Winter
2017,11,12,Minnow,0,0,0,35.1972256042,-106.644122231,Angostura Reach,Winter
2017,11,13,Harrison,0,0,0,35.0150622305,-106.673722917,Angostura Reach,Winter
2017,11,14,Sevilleta,0,0,0,34.2586573236,-106.883372761,San Acacia Reach,Winter
2017,11,15,Valencia Cleared,0,0,0,34.6486505386211,-106.739180486447,Isleta Reach,Winter
2017,11,16,Valencia Forest,0,0,0,34.6472147233729,-106.738922864063,Isleta Reach,Winter
2017,11,17,Montano,0,0,0,35.1452628545,-106.680332705,Angostura Reach,Winter
2017,11,18,Reynolds Cleared,0,2.5,1.25,34.6567454384498,-106.738602216398,Isleta Reach,Winter
2017,11,19,Reynolds Forest,9,12.5696,10.7848,34.657611462267496,-106.739436295579,Isleta Reach,Winter
2017,11,20,Route 66,0,0,0,35.1006512603,-106.691932797,Angostura Reach,Winter
2017,11,21,Badger,0,0,0,35.1955715759,-106.641632737,Angostura Reach,Winter
2017,11,22,Bobcat,0,0,0,35.2010747789,-106.641162297,Angostura Reach,Winter
2017,11,23,BioPark,1.7436,0,0.8718,35.0799846256,-106.669723455,Angostura Reach,Winter
2017,11,24,Santo Domingo,0,.,0,35.50989,-106.3896,Cochiti Reach,Winter
2017,11,25,Crawford,1.25,.,1.25,34.637561057629,-106.74347269011,Isleta Reach,Winter
2017,11,26,Mesilla,6.5,11,8.75,32.248328,-106.821014,South of San Marcial Reach,Winter
2017,11,27,Bosque Farm,.,.,.,34.8477697505695,-106.714997116643,Isleta Reach,Winter
2017,11,28,Valle de Oro,.,.,.,34.9797688406,-106.680112434,Angostura Reach,Winter
2017,11,29,Albuquerque Overbank Project,0,1,0.5,35.0452081969,-106.665732215,Angostura Reach,Winter
2017,11,30,State Land Office,1.5,1.7436,1.6218,34.9679188689,-106.685667747,Angostura Reach,Winter
2017,11,31,San Jose,0,0,0,35.0124335977,-106.672728518,Angostura Reach,Winter
2017,11,32,Sandia,0,0,0,35.255,-106.5907,Angostura Reach,Winter
2017,12,1,Alameda,0,0,0,35.1880598884,-106.646949118,Angostura Reach,Winter
2017,12,2,Rio Grande Nature Center,0,0,0,35.1267624154,-106.688450012,Angostura Reach,Winter
2017,12,3,Los Lunas,.,1.25,1.25,34.8123850767529,-106.714471968474,Isleta Reach,Winter
2017,12,4,Belen,0,0,0,34.6481124155284,-106.737727748983,Isleta Reach,Winter
2017,12,5,Santa Ana,0,0,0,35.34284,-106.5458,Angostura Reach,Winter
2017,12,6,Savannah,0,0,0,35.1428674147,-106.681982289,Angostura Reach,Winter
2017,12,7,Lemitar,0,.,0,34.1670457032,-106.889953039,San Acacia Reach,Winter
2017,12,8,Hispanic Cultural Center,0,.,0,35.0688083802,-106.65807622,Angostura Reach,Winter
2017,12,10,Diversion,0,0,0,35.191618922399996,-106.643382687,Angostura Reach,Winter
2017,12,11,Calabacillas,0,0,0,35.1946222612,-106.646350963,Angostura Reach,Winter
2017,12,12,Minnow,0,0,0,35.1972256042,-106.644122231,Angostura Reach,Winter
2017,12,13,Harrison,0.86,0,0.43,35.0150622305,-106.673722917,Angostura Reach,Winter
2017,12,14,Sevilleta,0,0,0,34.2586573236,-106.883372761,San Acacia Reach,Winter
2017,12,15,Valencia Cleared,0,0,0,34.6486505386211,-106.739180486447,Isleta Reach,Winter
2017,12,16,Valencia Forest,0,0.7,0.35,34.6472147233729,-106.738922864063,Isleta Reach,Winter
2017,12,17,Montano,0,0,0,35.1452628545,-106.680332705,Angostura Reach,Winter
2017,12,18,Reynolds Cleared,0,1,0.5,34.6567454384498,-106.738602216398,Isleta Reach,Winter
2017,12,19,Reynolds Forest,0,0.86,0.43,34.657611462267496,-106.739436295579,Isleta Reach,Winter
2017,12,20,Route 66,0,0,0,35.1006512603,-106.691932797,Angostura Reach,Winter
2017,12,21,Badger,0,0,0,35.1955715759,-106.641632737,Angostura Reach,Winter
2017,12,22,Bobcat,.,.,.,35.2010747789,-106.641162297,Angostura Reach,Winter
2017,12,23,BioPark,0,0,0,35.0799846256,-106.669723455,Angostura Reach,Winter
2017,12,24,Santo Domingo,0,0,0,35.50989,-106.3896,Cochiti Reach,Winter
2017,12,25,Crawford,0,0,0,34.637561057629,-106.74347269011,Isleta Reach,Winter
2017,12,26,Mesilla,2.5,3.5,3,32.248328,-106.821014,South of San Marcial Reach,Winter
2017,12,27,Bosque Farm,.,.,.,34.8477697505695,-106.714997116643,Isleta Reach,Winter
2017,12,28,Valle de Oro,.,.,.,34.9797688406,-106.680112434,Angostura Reach,Winter
2017,12,29,Albuquerque Overbank Project,0,0,0,35.0452081969,-106.665732215,Angostura Reach,Winter
2017,12,30,State Land Office,0,0,0,34.9679188689,-106.685667747,Angostura Reach,Winter
2017,12,31,San Jose,0,0,0,35.0124335977,-106.672728518,Angostura Reach,Winter
2017,12,32,Sandia,0,0,0,35.255,-106.5907,Angostura Reach,Winter
2018,1,1,Alameda,0,0,0,35.1880598884,-106.646949118,Angostura Reach,Winter
2018,1,2,Rio Grande Nature Center,0,0,0,35.1267624154,-106.688450012,Angostura Reach,Winter
2018,1,3,Los Lunas,0,0,0,34.8123850767529,-106.714471968474,Isleta Reach,Winter
2018,1,4,Belen,0,0,0,34.6481124155284,-106.737727748983,Isleta Reach,Winter
2018,1,5,Santa Ana,0,0,0,35.34284,-106.5458,Angostura Reach,Winter
2018,1,6,Savannah,0,0,0,35.1428674147,-106.681982289,Angostura Reach,Winter
2018,1,7,Lemitar,0,.,0,34.1670457032,-106.889953039,San Acacia Reach,Winter
2018,1,8,Hispanic Cultural Center,0.5,.,0.5,35.0688083802,-106.65807622,Angostura Reach,Winter
2018,1,10,Diversion,0,0,0,35.191618922399996,-106.643382687,Angostura Reach,Winter
2018,1,11,Calabacillas,0,0.5,0.25,35.1946222612,-106.646350963,Angostura Reach,Winter
2018,1,12,Minnow,0,2,1,35.1972256042,-106.644122231,Angostura Reach,Winter
2018,1,13,Harrison,0,0,0,35.0150622305,-106.673722917,Angostura Reach,Winter
2018,1,14,Sevilleta,0,0,0,34.2586573236,-106.883372761,San Acacia Reach,Winter
2018,1,15,Valencia Cleared,2.56,0.86,1.71,34.6486505386211,-106.739180486447,Isleta Reach,Winter
2018,1,16,Valencia Forest,0,0,0,34.6472147233729,-106.738922864063,Isleta Reach,Winter
2018,1,17,Montano,0,0,0,35.1452628545,-106.680332705,Angostura Reach,Winter
2018,1,18,Reynolds Cleared,0,0,0,34.6567454384498,-106.738602216398,Isleta Reach,Winter
2018,1,19,Reynolds Forest,0,0,0,34.657611462267496,-106.739436295579,Isleta Reach,Winter
2018,1,20,Route 66,0,0,0,35.1006512603,-106.691932797,Angostura Reach,Winter
2018,1,21,Badger,0,0,0,35.1955715759,-106.641632737,Angostura Reach,Winter
2018,1,22,Bobcat,0,0,0,35.2010747789,-106.641162297,Angostura Reach,Winter
2018,1,23,BioPark,0,.,0,35.0799846256,-106.669723455,Angostura Reach,Winter
2018,1,24,Santo Domingo,0,0,0,35.50989,-106.3896,Cochiti Reach,Winter
2018,1,25,Crawford,0,0,0,34.637561057629,-106.74347269011,Isleta Reach,Winter
2018,1,26,Mesilla,0,1.9,0.95,32.248328,-106.821014,South of San Marcial Reach,Winter
2018,1,27,Bosque Farm,.,.,.,34.8477697505695,-106.714997116643,Isleta Reach,Winter
2018,1,28,Valle de Oro,.,.,.,34.9797688406,-106.680112434,Angostura Reach,Winter
2018,1,29,Albuquerque Overbank Project,0,0,0,35.0452081969,-106.665732215,Angostura Reach,Winter
2018,1,30,State Land Office,0,0,0,34.9679188689,-106.685667747,Angostura Reach,Winter
2018,1,31,San Jose,0,0,0,35.0124335977,-106.672728518,Angostura Reach,Winter
2018,1,32,Sandia,0,0,0,35.255,-106.5907,Angostura Reach,Winter
2018,2,1,Alameda,5.988023952,10.71466838,8.351346166,35.1880598884,-106.646949118,Angostura Reach,Winter
2018,2,2,Rio Grande Nature Center,10.69289991,14.46480231,12.57885111,35.1267624154,-106.688450012,Angostura Reach,Winter
2018,2,3,Los Lunas,4.277159966,11,7.638579983,34.8123850767529,-106.714471968474,Isleta Reach,Winter
2018,2,4,Belen,12.7,11.78613522,12.24306761,34.6481124155284,-106.737727748983,Isleta Reach,Winter
2018,2,5,Santa Ana,6.843455945,12.85760206,9.8505290025,35.34284,-106.5458,Angostura Reach,Winter
2018,2,6,Savannah,3.421727973,9.107468124,6.2645980485,35.1428674147,-106.681982289,Angostura Reach,Winter
2018,2,7,Lemitar,7,8.571734705,7.7858673525,34.1670457032,-106.889953039,San Acacia Reach,Winter
2018,2,8,Hispanic Cultural Center,5,1.071466838,3.035733419,35.0688083802,-106.65807622,Angostura Reach,Winter
2018,2,10,Diversion,5.5,.,5.5,35.191618922399996,-106.643382687,Angostura Reach,Winter
2018,2,11,Calabacillas,23.09666382,11,17.04833191,35.1946222612,-106.646350963,Angostura Reach,Winter
2018,2,12,Minnow,3.421727973,10,6.7108639865,35.1972256042,-106.644122231,Angostura Reach,Winter
2018,2,13,Harrison,15.39777588,.,15.39777588,35.0150622305,-106.673722917,Angostura Reach,Winter
2018,2,14,Sevilleta,4.277159966,6.428801029,5.3529804975,34.2586573236,-106.883372761,San Acacia Reach,Winter
2018,2,15,Valencia Cleared,8.554319932,32.14400514,20.349162536,34.6486505386211,-106.739180486447,Isleta Reach,Winter
2018,2,16,Valencia Forest,6,14,10,34.6472147233729,-106.738922864063,Isleta Reach,Winter
2018,2,17,Montano,1.5,8,4.75,35.1452628545,-106.680332705,Angostura Reach,Winter
2018,2,18,Reynolds Cleared,3.849443969,10.5,7.1747219845,34.6567454384498,-106.738602216398,Isleta Reach,Winter
2018,2,19,Reynolds Forest,8,7.500267867,7.7501339335,34.657611462267496,-106.739436295579,Isleta Reach,Winter
2018,2,20,Route 66,1.710863986,5.357334191,3.5340990884999997,35.1006512603,-106.691932797,Angostura Reach,Winter
2018,2,21,Badger,4.277159966,1.607200257,2.9421801115,35.1955715759,-106.641632737,Angostura Reach,Winter
2018,2,22,Bobcat,3.421727973,10,6.7108639865,35.2010747789,-106.641162297,Angostura Reach,Winter
2018,2,23,BioPark,4,.,4,35.0799846256,-106.669723455,Angostura Reach,Winter
2018,2,24,Santo Domingo,4.277159966,12.5,8.388579983,35.50989,-106.3896,Cochiti Reach,Winter
2018,2,25,Crawford,9,10,9.5,34.637561057629,-106.74347269011,Isleta Reach,Winter
2018,2,26,Mesilla,11.7,23,17.35,32.248328,-106.821014,South of San Marcial Reach,Winter
2018,2,27,Bosque Farm,.,.,.,34.8477697505695,-106.714997116643,Isleta Reach,Winter
2018,2,28,Valle de Oro,.,.,.,34.9797688406,-106.680112434,Angostura Reach,Winter
2018,2,29,Albuquerque Overbank Project,4.277159966,.,4.277159966,35.0452081969,-106.665732215,Angostura Reach,Winter
2018,2,30,State Land Office,10.5,9.643201543,10.0716007715,34.9679188689,-106.685667747,Angostura Reach,Winter
2018,2,31,San Jose,7,9,8,35.0124335977,-106.672728518,Angostura Reach,Winter
2018,2,32,Sandia,5.988023952,14,9.994011976,35.255,-106.5907,Angostura Reach,Winter
2018,2,33,Bosque del Apache,.,.,.,33.8196650872,-106.854014975,San Acacia Reach,Winter
2018,3,1,Alameda,1.19760479,2.142933676,1.670269233,35.1880598884,-106.646949118,Angostura Reach,Spring
2018,3,2,Rio Grande Nature Center,1.881950385,2.357227044,2.1195887145,35.1267624154,-106.688450012,Angostura Reach,Spring
2018,3,3,Los Lunas,0.4277159966,.,0.4277159966,34.8123850767529,-106.714471968474,Isleta Reach,Spring
2018,3,4,Belen,1.5,2,1.75,34.6481124155284,-106.737727748983,Isleta Reach,Spring
2018,3,5,Santa Ana,4.277159966,6.428801029,5.3529804975,35.34284,-106.5458,Angostura Reach,Spring
2018,3,6,Savannah,1.28314799,3.5,2.391573995,35.1428674147,-106.681982289,Angostura Reach,Spring
2018,3,7,Lemitar,2,1.607200257,1.8036001285,34.1670457032,-106.889953039,San Acacia Reach,Spring
2018,3,8,Hispanic Cultural Center,0,2.142933676,1.071466838,35.0688083802,-106.65807622,Angostura Reach,Spring
2018,3,10,Diversion,.,.,.,35.191618922399996,-106.643382687,Angostura Reach,Spring
2018,3,11,Calabacillas,9.409751925,5,7.2048759625,35.1946222612,-106.646350963,Angostura Reach,Spring
2018,3,12,Minnow,5,5,5,35.1972256042,-106.644122231,Angostura Reach,Spring
2018,3,13,Harrison,0,.,0,35.0150622305,-106.673722917,Angostura Reach,Spring
2018,3,14,Sevilleta,2.994011976,4.285867352,3.639939664,34.2586573236,-106.883372761,San Acacia Reach,Spring
2018,3,15,Valencia Cleared,0.8554319932,6.964534448,3.9099832206,34.6486505386211,-106.739180486447,Isleta Reach,Spring
2018,3,16,Valencia Forest,0,0,0,34.6472147233729,-106.738922864063,Isleta Reach,Spring
2018,3,17,Montano,0.75,0.5,0.625,35.1452628545,-106.680332705,Angostura Reach,Spring
2018,3,18,Reynolds Cleared,0,2,1,34.6567454384498,-106.738602216398,Isleta Reach,Spring
2018,3,19,Reynolds Forest,1,2.142933676,1.571466838,34.657611462267496,-106.739436295579,Isleta Reach,Spring
2018,3,20,Route 66,0.8554319932,3.214400514,2.0349162536,35.1006512603,-106.691932797,Angostura Reach,Spring
2018,3,21,Badger,1.967493584,5.357334191,3.6624138875,35.1955715759,-106.641632737,Angostura Reach,Spring
2018,3,22,Bobcat,4.2,3.5,3.85,35.2010747789,-106.641162297,Angostura Reach,Spring
2018,3,23,BioPark,11.9760479,.,11.9760479,35.0799846256,-106.669723455,Angostura Reach,Spring
2018,3,24,Santo Domingo,1.710863986,6,3.855431993,35.50989,-106.3896,Cochiti Reach,Spring
2018,3,25,Crawford,2,1.6,1.8,34.637561057629,-106.74347269011,Isleta Reach,Spring
2018,3,26,Mesilla,0,1.6,0.8,32.248328,-106.821014,South of San Marcial Reach,Spring
2018,3,27,Bosque Farm,.,.,.,34.8477697505695,-106.714997116643,Isleta Reach,Spring
2018,3,28,Valle de Oro,.,.,.,34.9797688406,-106.680112434,Angostura Reach,Spring
2018,3,29,Albuquerque Overbank Project,0,.,0,35.0452081969,-106.665732215,Angostura Reach,Spring
2018,3,30,State Land Office,0,1.07146683810136,0.53573341905068,34.9679188689,-106.685667747,Angostura Reach,Spring
2018,3,31,San Jose,2,1.07146683810136,1.53573341905068,35.0124335977,-106.672728518,Angostura Reach,Spring
2018,3,32,Sandia,2.566295979,6.5,4.5331479895,35.255,-106.5907,Angostura Reach,Spring
2018,3,33,Bosque del Apache,2.395209581,5.357334191,3.876271886,33.8196650872,-106.854014975,San Acacia Reach,Spring
2018,4,1,Alameda,1.71086398631309,2.14293367620272,1.9268988312579047,35.1880598884,-106.646949118,Angostura Reach,Spring
2018,4,2,Rio Grande Nature Center,0,1.07146683810136,0.53573341905068,35.1267624154,-106.688450012,Angostura Reach,Spring
2018,4,3,Los Lunas,0.855431993156544,4,2.427715996578272,34.8123850767529,-106.714471968474,Isleta Reach,Spring
2018,4,4,Belen,0,1.2,0.6,34.6481124155284,-106.737727748983,Isleta Reach,Spring
2018,4,5,Santa Ana,0.0427715996578272,0.053573341905068,0.0481724707814476,35.34284,-106.5458,Angostura Reach,Spring
2018,4,6,Savannah,0,3.21440051430408,1.60720025715204,35.1428674147,-106.681982289,Angostura Reach,Spring
2018,4,7,Lemitar,2.5,1.07146683810136,1.78573341905068,34.1670457032,-106.889953039,San Acacia Reach,Spring
2018,4,8,Hispanic Cultural Center,0.855431993156544,18.2149362477231,9.5351841204398209,35.0688083802,-106.65807622,Angostura Reach,Spring
2018,4,10,Diversion,0,2.14293367620272,1.07146683810136,35.191618922399996,-106.643382687,Angostura Reach,Spring
2018,4,11,Calabacillas,0,.,0,35.1946222612,-106.646350963,Angostura Reach,Spring
2018,4,12,Minnow,0,.,0,35.1972256042,-106.644122231,Angostura Reach,Spring
2018,4,13,Harrison,1.71086398631309,3.9,2.805431993156545,35.0150622305,-106.673722917,Angostura Reach,Spring
2018,4,14,Sevilleta,0,0,0,34.2586573236,-106.883372761,San Acacia Reach,Spring
2018,4,15,Valencia Cleared,0,0,0,34.6486505386211,-106.739180486447,Isleta Reach,Spring
2018,4,16,Valencia Forest,0,0,0,34.6472147233729,-106.738922864063,Isleta Reach,Spring
2018,4,17,Montano,0,.,0,35.1452628545,-106.680332705,Angostura Reach,Spring
2018,4,18,Reynolds Cleared,0,0,0,34.6567454384498,-106.738602216398,Isleta Reach,Spring
2018,4,19,Reynolds Forest,0,0,0,34.657611462267496,-106.739436295579,Isleta Reach,Spring
2018,4,20,Route 66,.,2.14293367620272,2.14293367620272,35.1006512603,-106.691932797,Angostura Reach,Spring
2018,4,21,Badger,0.855431993156544,1.07146683810136,0.963449415628952,35.1955715759,-106.641632737,Angostura Reach,Spring
2018,4,22,Bobcat,1.02651839178785,1.28576020572163,1.15613929875474,35.2010747789,-106.641162297,Angostura Reach,Spring
2018,4,23,BioPark,1.71086398631309,.,1.71086398631309,35.0799846256,-106.669723455,Angostura Reach,Spring
2018,4,24,Santo Domingo,2.56629597946963,5.5,4.033147989734815,35.50989,-106.3896,Cochiti Reach,Spring
2018,4,25,Crawford,0,0,0,34.637561057629,-106.74347269011,Isleta Reach,Spring
2018,4,26,Mesilla,.,.,.,32.248328,-106.821014,South of San Marcial Reach,Spring
2018,4,27,Bosque Farm,.,.,.,34.8477697505695,-106.714997116643,Isleta Reach,Spring
2018,4,28,Valle de Oro,.,.,.,34.9797688406,-106.680112434,Angostura Reach,Spring
2018,4,29,Albuquerque Overbank Project,0,3,1.5,35.0452081969,-106.665732215,Angostura Reach,Spring
2018,4,30,State Land Office,2.5,3.21440051430408,2.85720025715204,34.9679188689,-106.685667747,Angostura Reach,Spring
2018,4,31,San Jose,1.71086398631309,4,2.855431993156545,35.0124335977,-106.672728518,Angostura Reach,Spring
2018,4,32,Sandia,0,0,0,35.255,-106.5907,Angostura Reach,Spring
2018,4,33,Bosque del Apache,0,0,0,33.8196650872,-106.854014975,San Acacia Reach,Spring
2018,5,1,Alameda,0,0,0,35.1880598884,-106.646949118,Angostura Reach,Spring
2018,5,2,Rio Grande Nature Center,0,0,0,35.1267624154,-106.688450012,Angostura Reach,Spring
2018,5,3,Los Lunas,0,0,0,34.8123850767529,-106.714471968474,Isleta Reach,Spring
2018,5,4,Belen,0,0,0,34.6481124155284,-106.737727748983,Isleta Reach,Spring
2018,5,5,Santa Ana,0,0,0,35.34284,-106.5458,Angostura Reach,Spring
2018,5,6,Savannah,0,0,0,35.1428674147,-106.681982289,Angostura Reach,Spring
2018,5,7,Lemitar,0,0,0,34.1670457032,-106.889953039,San Acacia Reach,Spring
2018,5,8,Hispanic Cultural Center,0,0,0,35.0688083802,-106.65807622,Angostura Reach,Spring
2018,5,10,Diversion,.,0,0,35.191618922399996,-106.643382687,Angostura Reach,Spring
2018,5,11,Calabacillas,0,.,0,35.1946222612,-106.646350963,Angostura Reach,Spring
2018,5,12,Minnow,0,0,0,35.1972256042,-106.644122231,Angostura Reach,Spring
2018,5,13,Harrison,0,0,0,35.0150622305,-106.673722917,Angostura Reach,Spring
2018,5,14,Sevilleta,0,0,0,34.2586573236,-106.883372761,San Acacia Reach,Spring
2018,5,15,Valencia Cleared,0,0,0,34.6486505386211,-106.739180486447,Isleta Reach,Spring
2018,5,16,Valencia Forest,0,0,0,34.6472147233729,-106.738922864063,Isleta Reach,Spring
2018,5,17,Montano,0,0,0,35.1452628545,-106.680332705,Angostura Reach,Spring
2018,5,18,Reynolds Cleared,0,0,0,34.6567454384498,-106.738602216398,Isleta Reach,Spring
2018,5,19,Reynolds Forest,0,0,0,34.657611462267496,-106.739436295579,Isleta Reach,Spring
2018,5,20,Route 66,0,0,0,35.1006512603,-106.691932797,Angostura Reach,Spring
2018,5,21,Badger,0,0,0,35.1955715759,-106.641632737,Angostura Reach,Spring
2018,5,22,Bobcat,0,.,0,35.2010747789,-106.641162297,Angostura Reach,Spring
2018,5,23,BioPark,0,0,0,35.0799846256,-106.669723455,Angostura Reach,Spring
2018,5,24,Santo Domingo,0,0,0,35.50989,-106.3896,Cochiti Reach,Spring
2018,5,25,Crawford,0.5,0.75,0.625,34.637561057629,-106.74347269011,Isleta Reach,Spring
2018,5,26,Mesilla,0,0,0,32.248328,-106.821014,South of San Marcial Reach,Spring
2018,5,27,Bosque Farm,.,.,.,34.8477697505695,-106.714997116643,Isleta Reach,Spring
2018,5,28,Valle de Oro,.,.,.,34.9797688406,-106.680112434,Angostura Reach,Spring
2018,5,29,Albuquerque Overbank Project,0,0,0,35.0452081969,-106.665732215,Angostura Reach,Spring
2018,5,30,State Land Office,0,0,0,34.9679188689,-106.685667747,Angostura Reach,Spring
2018,5,31,San Jose,0,0,0,35.0124335977,-106.672728518,Angostura Reach,Spring
2018,5,32,Sandia,0,0,0,35.255,-106.5907,Angostura Reach,Spring
2018,5,33,Bosque del Apache,0,0,0,33.8196650872,-106.854014975,San Acacia Reach,Spring
2018,6,1,Alameda,7.27117194183062,16.6077359905711,11.93945396620086,35.1880598884,-106.646949118,Angostura Reach,Monsoon
2018,6,2,Rio Grande Nature Center,23.0966638152267,34.2869388192435,28.691801317235104,35.1267624154,-106.688450012,Angostura Reach,Monsoon
2018,6,3,Los Lunas,17.1086398631309,31,24.054319931565452,34.8123850767529,-106.714471968474,Isleta Reach,Monsoon
2018,6,4,Belen,38.4944396920445,28,33.24721984602225,34.6481124155284,-106.737727748983,Isleta Reach,Monsoon
2018,6,5,Santa Ana,1.71086398631309,9.64320154291225,5.67703276461267,35.34284,-106.5458,Angostura Reach,Monsoon
2018,6,6,Savannah,12.8314798973482,37,24.9157399486741,35.1428674147,-106.681982289,Angostura Reach,Monsoon
2018,6,7,Lemitar,18,21.4293367620272,19.714668381013603,34.1670457032,-106.889953039,San Acacia Reach,Monsoon
2018,6,8,Hispanic Cultural Center,.,.,.,35.0688083802,-106.65807622,Angostura Reach,Monsoon
2018,6,10,Diversion,.,4,4,35.191618922399996,-106.643382687,Angostura Reach,Monsoon
2018,6,11,Calabacillas,6.41573994867408,15,10.70786997433704,35.1946222612,-106.646350963,Angostura Reach,Monsoon
2018,6,12,Minnow,3.42172797262618,10.9289617486339,7.17534486063004,35.1972256042,-106.644122231,Angostura Reach,Monsoon
2018,6,13,Harrison,20.1026518391788,32,26.0513259195894,35.0150622305,-106.673722917,Angostura Reach,Monsoon
2018,6,14,Sevilleta,15.3977758768178,13.9290688953177,14.66342238606775,34.2586573236,-106.883372761,San Acacia Reach,Monsoon
2018,6,15,Valencia Cleared,29.940119760479,37.5013393335476,33.7207295470133,34.6486505386211,-106.739180486447,Isleta Reach,Monsoon
2018,6,16,Valencia Forest,21.3857998289136,45,33.1928999144568,34.6472147233729,-106.738922864063,Isleta Reach,Monsoon
2018,6,17,Montano,4.27715996578272,37,20.63857998289136,35.1452628545,-106.680332705,Angostura Reach,Monsoon
2018,6,18,Reynolds Cleared,19.6749358426005,41,30.337467921300252,34.6567454384498,-106.738602216398,Isleta Reach,Monsoon
2018,6,19,Reynolds Forest,36,36.4298724954463,36.214936247723145,34.657611462267496,-106.739436295579,Isleta Reach,Monsoon
2018,6,20,Route 66,9.40975192472198,24.6437372763313,17.02674460052664,35.1006512603,-106.691932797,Angostura Reach,Monsoon
2018,6,21,Badger,4.27715996578272,10.7682417229187,7.522700844350711,35.1955715759,-106.641632737,Angostura Reach,Monsoon
2018,6,22,Bobcat,3.42172797262618,16,9.71086398631309,35.2010747789,-106.641162297,Angostura Reach,Monsoon
2018,6,23,BioPark,7.6988879384089,20,13.84944396920445,35.0799846256,-106.669723455,Angostura Reach,Monsoon
2018,6,24,Santo Domingo,14.5423438836612,22,18.2711719418306,35.50989,-106.3896,Cochiti Reach,Monsoon
2018,6,25,Crawford,33,42.5,37.75,34.637561057629,-106.74347269011,Isleta Reach,Monsoon
2018,6,26,Mesilla,8,19,13.5,32.248328,-106.821014,South of San Marcial Reach,Monsoon
2018,6,27,Bosque Farm,.,.,.,34.8477697505695,-106.714997116643,Isleta Reach,Monsoon
2018,6,28,Valle de Oro,.,.,.,34.9797688406,-106.680112434,Angostura Reach,Monsoon
2018,6,29,Albuquerque Overbank Project,12.8314798973482,32,22.4157399486741,35.0452081969,-106.665732215,Angostura Reach,Monsoon
2018,6,30,State Land Office,36,38.572806171649,37.2864030858245,34.9679188689,-106.685667747,Angostura Reach,Monsoon
2018,6,31,San Jose,22.2412318220701,.,22.2412318220701,35.0124335977,-106.672728518,Angostura Reach,Monsoon
2018,6,32,Sandia,1.71086398631309,7.50026786670953,4.60556592651131,35.255,-106.5907,Angostura Reach,Monsoon
2018,6,33,Bosque del Apache,13.6869118905047,25.7152041144327,19.7010580024687,33.8196650872,-106.854014975,San Acacia Reach,Monsoon
2018,7,1,Alameda,0,0,0,35.1880598884,-106.646949118,Angostura Reach,Monsoon
2018,7,2,Rio Grande Nature Center,2.13857998289136,3.21440051430408,2.67649024859772,35.1267624154,-106.688450012,Angostura Reach,Monsoon
2018,7,3,Los Lunas,0,.,0,34.8123850767529,-106.714471968474,Isleta Reach,Monsoon
2018,7,4,Belen,.,.,.,34.6481124155284,-106.737727748983,Isleta Reach,Monsoon
2018,7,5,Santa Ana,17.1086398631309,30.0010714668381,23.5548556649845,35.34284,-106.5458,Angostura Reach,Monsoon
2018,7,6,Savannah,8.55431993156544,.,8.55431993156544,35.1428674147,-106.681982289,Angostura Reach,Monsoon
2018,7,7,Lemitar,0.855431993156544,2.14293367620272,1.499182834679632,34.1670457032,-106.889953039,San Acacia Reach,Monsoon
2018,7,8,Hispanic Cultural Center,.,.,.,35.0688083802,-106.65807622,Angostura Reach,Monsoon
2018,7,10,Diversion,.,3.21440051430408,3.21440051430408,35.191618922399996,-106.643382687,Angostura Reach,Monsoon
2018,7,11,Calabacillas,1.28314798973482,.,1.28314798973482,35.1946222612,-106.646350963,Angostura Reach,Monsoon
2018,7,12,Minnow,0.427715996578272,5.3573341905068,2.8925250935425364,35.1972256042,-106.644122231,Angostura Reach,Monsoon
2018,7,13,Harrison,0.855431993156544,.,0.855431993156544,35.0150622305,-106.673722917,Angostura Reach,Monsoon
2018,7,14,Sevilleta,.,.,.,34.2586573236,-106.883372761,San Acacia Reach,Monsoon
2018,7,15,Valencia Cleared,52.1813515825492,.,52.1813515825492,34.6486505386211,-106.739180486447,Isleta Reach,Monsoon
2018,7,16,Valencia Forest,27.8015397775877,53.573341905068,40.68744084132785,34.6472147233729,-106.738922864063,Isleta Reach,Monsoon
2018,7,17,Montano,0.855431993156544,4.82160077145612,2.838516382306332,35.1452628545,-106.680332705,Angostura Reach,Monsoon
2018,7,18,Reynolds Cleared,32.0786997433704,49.2874745526626,40.6830871480165,34.6567454384498,-106.738602216398,Isleta Reach,Monsoon
2018,7,19,Reynolds Forest,44.4824636441403,52.5018750669667,48.4921693555535,34.657611462267496,-106.739436295579,Isleta Reach,Monsoon
2018,7,20,Route 66,0.855431993156544,5.3573341905068,3.106383091831672,35.1006512603,-106.691932797,Angostura Reach,Monsoon
2018,7,21,Badger,1.71086398631309,7.50026786670953,4.60556592651131,35.1955715759,-106.641632737,Angostura Reach,Monsoon
2018,7,22,Bobcat,1.28314798973482,.,1.28314798973482,35.2010747789,-106.641162297,Angostura Reach,Monsoon
2018,7,23,BioPark,3.42172797262618,.,3.42172797262618,35.0799846256,-106.669723455,Angostura Reach,Monsoon
2018,7,24,Santo Domingo,5.13259195893927,8.57173470481089,6.852163331875079,35.50989,-106.3896,Cochiti Reach,Monsoon
2018,7,25,Crawford,.,.,.,34.637561057629,-106.74347269011,Isleta Reach,Monsoon
2018,7,26,Mesilla,0,0,0,32.248328,-106.821014,South of San Marcial Reach,Monsoon
2018,7,27,Bosque Farm,.,.,.,34.8477697505695,-106.714997116643,Isleta Reach,Monsoon
2018,7,28,Valle de Oro,.,.,.,34.9797688406,-106.680112434,Angostura Reach,Monsoon
2018,7,29,Albuquerque Overbank Project,1.71086398631309,.,1.71086398631309,35.0452081969,-106.665732215,Angostura Reach,Monsoon
2018,7,30,State Land Office,.,2.6786670952534,2.6786670952534,34.9679188689,-106.685667747,Angostura Reach,Monsoon
2018,7,31,San Jose,.,.,.,35.0124335977,-106.672728518,Angostura Reach,Monsoon
2018,7,32,Sandia,9.40975192472198,18.7506696667738,14.08021079574789,35.255,-106.5907,Angostura Reach,Monsoon
2018,7,33,Bosque del Apache,35.9281437125748,68.5738776384871,52.25101067553095,33.8196650872,-106.854014975,San Acacia Reach,Monsoon
2018,8,1,Alameda,73.5671514114628,109.289617486339,91.4283844489009,35.1880598884,-106.646949118,Angostura Reach,Monsoon
2018,8,2,Rio Grande Nature Center,49.6150556030796,75.0026786670953,62.308867135087446,35.1267624154,-106.688450012,Angostura Reach,Monsoon
2018,8,3,Los Lunas,9.40975192472198,.,9.40975192472198,34.8123850767529,-106.714471968474,Isleta Reach,Monsoon
2018,8,4,Belen,.,.,.,34.6481124155284,-106.737727748983,Isleta Reach,Monsoon
2018,8,5,Santa Ana,37.6390076988879,73.9312118289939,55.785109763940895,35.34284,-106.5458,Angostura Reach,Monsoon
2018,8,6,Savannah,20.9580838323353,.,20.9580838323353,35.1428674147,-106.681982289,Angostura Reach,Monsoon
2018,8,7,Lemitar,14.5423438836612,25.7152041144327,20.12877399904695,34.1670457032,-106.889953039,San Acacia Reach,Monsoon
2018,8,8,Hispanic Cultural Center,.,.,.,35.0688083802,-106.65807622,Angostura Reach,Monsoon
2018,8,10,Diversion,.,109.289617486339,109.289617486339,35.191618922399996,-106.643382687,Angostura Reach,Monsoon
2018,8,11,Calabacillas,59.8802395209581,.,59.8802395209581,35.1946222612,-106.646350963,Angostura Reach,Monsoon
2018,8,12,Minnow,45.3378956372968,96.4320154291225,70.88495553320965,35.1972256042,-106.644122231,Angostura Reach,Monsoon
2018,8,13,Harrison,5.98802395209581,.,5.98802395209581,35.0150622305,-106.673722917,Angostura Reach,Monsoon
2018,8,14,Sevilleta,.,54.6448087431694,54.6448087431694,34.2586573236,-106.883372761,San Acacia Reach,Monsoon
2018,8,15,Valencia Cleared,23.524379811805,.,23.524379811805,34.6486505386211,-106.739180486447,Isleta Reach,Monsoon
2018,8,16,Valencia Forest,20.5303678357571,42.8586735240544,31.69452067990575,34.6472147233729,-106.738922864063,Isleta Reach,Monsoon
2018,8,17,Montano,25.6629597946963,.,25.6629597946963,35.1452628545,-106.680332705,Angostura Reach,Monsoon
2018,8,18,Reynolds Cleared,17.1086398631309,33.2154719811422,25.162055922136553,34.6567454384498,-106.738602216398,Isleta Reach,Monsoon
2018,8,19,Reynolds Forest,23.0966638152267,34.2869388192435,28.691801317235104,34.657611462267496,-106.739436295579,Isleta Reach,Monsoon
2018,8,20,Route 66,21.3857998289136,73.9312118289939,47.65850582895375,35.1006512603,-106.691932797,Angostura Reach,Monsoon
2018,8,21,Badger,59.8802395209581,102.860816457731,81.37052798934455,35.1955715759,-106.641632737,Angostura Reach,Monsoon
2018,8,22,Bobcat,59.0248075278015,.,59.0248075278015,35.2010747789,-106.641162297,Angostura Reach,Monsoon
2018,8,23,BioPark,26.5183917878529,.,26.5183917878529,35.0799846256,-106.669723455,Angostura Reach,Monsoon
2018,8,24,Santo Domingo,.,34.2869388192435,34.2869388192435,35.50989,-106.3896,Cochiti Reach,Monsoon
2018,8,25,Crawford,.,.,.,34.637561057629,-106.74347269011,Isleta Reach,Monsoon
2018,8,26,Mesilla,.,.,.,32.248328,-106.821014,South of San Marcial Reach,Monsoon
2018,8,27,Bosque Farm,.,.,.,34.8477697505695,-106.714997116643,Isleta Reach,Monsoon
2018,8,28,Valle de Oro,.,.,.,34.9797688406,-106.680112434,Angostura Reach,Monsoon
2018,8,29,Albuquerque Overbank Project,.,.,.,35.0452081969,-106.665732215,Angostura Reach,Monsoon
2018,8,30,State Land Office,.,.,.,34.9679188689,-106.685667747,Angostura Reach,Monsoon
2018,8,31,San Jose,.,.,.,35.0124335977,-106.672728518,Angostura Reach,Monsoon
2018,8,32,Sandia,.,.,.,35.255,-106.5907,Angostura Reach,Monsoon
2018,8,33,Bosque del Apache,36.7835757057314,65.8952105432337,51.339393124482555,33.8196650872,-106.854014975,San Acacia Reach,Monsoon
2018,9,1,Alameda,0,0,0,35.1880598884,-106.646949118,Angostura Reach,Fall
2018,9,2,Rio Grande Nature Center,10.2651839178785,.,10.2651839178785,35.1267624154,-106.688450012,Angostura Reach,Fall
2018,9,3,Los Lunas,8.55431993156544,.,8.55431993156544,34.8123850767529,-106.714471968474,Isleta Reach,Fall
2018,9,4,Belen,.,.,.,34.6481124155284,-106.737727748983,Isleta Reach,Fall
2018,9,5,Santa Ana,19.6749358426005,33.2154719811422,26.445203911871353,35.34284,-106.5458,Angostura Reach,Fall
2018,9,6,Savannah,3.42172797262618,.,3.42172797262618,35.1428674147,-106.681982289,Angostura Reach,Fall
2018,9,7,Lemitar,17.1086398631309,.,17.1086398631309,34.1670457032,-106.889953039,San Acacia Reach,Fall
2018,9,8,Hispanic Cultural Center,.,.,.,35.0688083802,-106.65807622,Angostura Reach,Fall
2018,9,10,Diversion,0,.,0,35.191618922399996,-106.643382687,Angostura Reach,Fall
2018,9,11,Calabacillas,11.1206159110351,.,11.1206159110351,35.1946222612,-106.646350963,Angostura Reach,Fall
2018,9,12,Minnow,5.98802395209581,18.2149362477231,12.101480099909455,35.1972256042,-106.644122231,Angostura Reach,Fall
2018,9,13,Harrison,4.27715996578272,.,4.27715996578272,35.0150622305,-106.673722917,Angostura Reach,Fall
2018,9,14,Sevilleta,.,42.8586735240544,42.8586735240544,34.2586573236,-106.883372761,San Acacia Reach,Fall
2018,9,15,Valencia Cleared,.,.,.,34.6486505386211,-106.739180486447,Isleta Reach,Fall
2018,9,16,Valencia Forest,5.56030795551754,11.2504018000643,8.40535487779092,34.6472147233729,-106.738922864063,Isleta Reach,Fall
2018,9,17,Montano,.,.,.,35.1452628545,-106.680332705,Angostura Reach,Fall
2018,9,18,Reynolds Cleared,.,16.0720025715204,16.0720025715204,34.6567454384498,-106.738602216398,Isleta Reach,Fall
2018,9,19,Reynolds Forest,5.98802395209581,.,5.98802395209581,34.657611462267496,-106.739436295579,Isleta Reach,Fall
2018,9,20,Route 66,3.42172797262618,12.8576020572163,8.13966501492124,35.1006512603,-106.691932797,Angostura Reach,Fall
2018,9,21,Badger,5.13259195893927,10.7146683810136,7.923630169976436,35.1955715759,-106.641632737,Angostura Reach,Fall
2018,9,22,Bobcat,6.41573994867408,21.4293367620272,13.92253835535064,35.2010747789,-106.641162297,Angostura Reach,Fall
2018,9,23,BioPark,10.2651839178785,.,10.2651839178785,35.0799846256,-106.669723455,Angostura Reach,Fall
2018,9,24,Santo Domingo,0,22.5008036001286,11.2504018000643,35.50989,-106.3896,Cochiti Reach,Fall
2018,9,25,Crawford,.,.,.,34.637561057629,-106.74347269011,Isleta Reach,Fall
2018,9,26,Mesilla,0,0,0,32.248328,-106.821014,South of San Marcial Reach,Fall
2018,9,27,Bosque Farm,.,.,.,34.8477697505695,-106.714997116643,Isleta Reach,Fall
2018,9,28,Valle de Oro,.,.,.,34.9797688406,-106.680112434,Angostura Reach,Fall
2018,9,29,Albuquerque Overbank Project,.,.,.,35.0452081969,-106.665732215,Angostura Reach,Fall
2018,9,30,State Land Office,.,11.786135219115,11.786135219115,34.9679188689,-106.685667747,Angostura Reach,Fall
2018,9,31,San Jose,.,.,.,35.0124335977,-106.672728518,Angostura Reach,Fall
2018,9,32,Sandia,46.1933276304534,87.8602807243116,67.0268041773825,35.255,-106.5907,Angostura Reach,Fall
2018,9,33,Bosque del Apache,32.5064157399487,45.0016072002572,38.75401147010295,33.8196650872,-106.854014975,San Acacia Reach,Fall
2018,10,1,Alameda,15.5,24.5,20,35.1880598884,-106.646949118,Angostura Reach,Fall
2018,10,2,Rio Grande Nature Center,28,32,30,35.1267624154,-106.688450012,Angostura Reach,Fall
2018,10,3,Los Lunas,19.5,40,29.75,34.8123850767529,-106.714471968474,Isleta Reach,Fall
2018,10,4,Belen,8,18,13,34.6481124155284,-106.737727748983,Isleta Reach,Fall
2018,10,5,Santa Ana,32,41,36.5,35.34284,-106.5458,Angostura Reach,Fall
2018,10,6,Savannah,7,27,17,35.1428674147,-106.681982289,Angostura Reach,Fall
2018,10,7,Lemitar,7,10,8.5,34.1670457032,-106.889953039,San Acacia Reach,Fall
2018,10,8,Hispanic Cultural Center,.,.,.,35.0688083802,-106.65807622,Angostura Reach,Fall
2018,10,10,Diversion,11.5,15,13.25,35.191618922399996,-106.643382687,Angostura Reach,Fall
2018,10,11,Calabacillas,12,20.5,16.25,35.1946222612,-106.646350963,Angostura Reach,Fall
2018,10,12,Minnow,8,23.5,15.75,35.1972256042,-106.644122231,Angostura Reach,Fall
2018,10,13,Harrison,9.5,20,14.75,35.0150622305,-106.673722917,Angostura Reach,Fall
2018,10,14,Sevilleta,3,13,8,34.2586573236,-106.883372761,San Acacia Reach,Fall
2018,10,15,Valencia Cleared,5,16,10.5,34.6486505386211,-106.739180486447,Isleta Reach,Fall
2018,10,16,Valencia Forest,8,19,13.5,34.6472147233729,-106.738922864063,Isleta Reach,Fall
2018,10,17,Montano,8,34.5,21.25,35.1452628545,-106.680332705,Angostura Reach,Fall
2018,10,18,Reynolds Cleared,4,18,11,34.6567454384498,-106.738602216398,Isleta Reach,Fall
2018,10,19,Reynolds Forest,5.5,17,11.25,34.657611462267496,-106.739436295579,Isleta Reach,Fall
2018,10,20,Route 66,15,33,24,35.1006512603,-106.691932797,Angostura Reach,Fall
2018,10,21,Badger,10.5,24,17.25,35.1955715759,-106.641632737,Angostura Reach,Fall
2018,10,22,Bobcat,9,21,15,35.2010747789,-106.641162297,Angostura Reach,Fall
2018,10,23,BioPark,25,38,31.5,35.0799846256,-106.669723455,Angostura Reach,Fall
2018,10,24,Santo Domingo,11,32,21.5,35.50989,-106.3896,Cochiti Reach,Fall
2018,10,25,Crawford,9,21,15,34.637561057629,-106.74347269011,Isleta Reach,Fall
2018,10,26,Mesilla,11.4,22,16.7,32.248328,-106.821014,South of San Marcial Reach,Fall
2018,10,27,Bosque Farm,.,.,.,34.8477697505695,-106.714997116643,Isleta Reach,Fall
2018,10,28,Valle de Oro,.,.,.,34.9797688406,-106.680112434,Angostura Reach,Fall
2018,10,29,Albuquerque Overbank Project,8,26,17,35.0452081969,-106.665732215,Angostura Reach,Fall
2018,10,30,State Land Office,14,8,11,34.9679188689,-106.685667747,Angostura Reach,Fall
2018,10,31,San Jose,15,9,12,35.0124335977,-106.672728518,Angostura Reach,Fall
2018,10,32,Sandia,15.5,28,21.75,35.255,-106.5907,Angostura Reach,Fall
2018,10,33,Bosque del Apache,2,4,3,33.8196650872,-106.854014975,San Acacia Reach,Fall
2018,11,1,Alameda,.,.,.,35.1880598884,-106.646949118,Angostura Reach,Winter
2018,11,2,Rio Grande Nature Center,0.25,0.5,0.375,35.1267624154,-106.688450012,Angostura Reach,Winter
2018,11,3,Los Lunas,.,.,.,34.8123850767529,-106.714471968474,Isleta Reach,Winter
2018,11,4,Belen,30,34,32,34.6481124155284,-106.737727748983,Isleta Reach,Winter
2018,11,5,Santa Ana,.,.,.,35.34284,-106.5458,Angostura Reach,Winter
2018,11,6,Savannah,.,.,.,35.1428674147,-106.681982289,Angostura Reach,Winter
2018,11,7,Lemitar,25,.,25,34.1670457032,-106.889953039,San Acacia Reach,Winter
2018,11,8,Hispanic Cultural Center,.,49,49,35.0688083802,-106.65807622,Angostura Reach,Winter
2018,11,10,Diversion,32,40,36,35.191618922399996,-106.643382687,Angostura Reach,Winter
2018,11,11,Calabacillas,38,48,43,35.1946222612,-106.646350963,Angostura Reach,Winter
2018,11,12,Minnow,30,47,38.5,35.1972256042,-106.644122231,Angostura Reach,Winter
2018,11,13,Harrison,25,40,32.5,35.0150622305,-106.673722917,Angostura Reach,Winter
2018,11,14,Sevilleta,25,27,26,34.2586573236,-106.883372761,San Acacia Reach,Winter
2018,11,15,Valencia Cleared,24,33,28.5,34.6486505386211,-106.739180486447,Isleta Reach,Winter
2018,11,16,Valencia Forest,22,40,31,34.6472147233729,-106.738922864063,Isleta Reach,Winter
2018,11,17,Montano,24,52,38,35.1452628545,-106.680332705,Angostura Reach,Winter
2018,11,18,Reynolds Cleared,19,35,27,34.6567454384498,-106.738602216398,Isleta Reach,Winter
2018,11,19,Reynolds Forest,27,35,31,34.657611462267496,-106.739436295579,Isleta Reach,Winter
2018,11,20,Route 66,.,.,.,35.1006512603,-106.691932797,Angostura Reach,Winter
2018,11,21,Badger,39,50,44.5,35.1955715759,-106.641632737,Angostura Reach,Winter
2018,11,22,Bobcat,32,43,37.5,35.2010747789,-106.641162297,Angostura Reach,Winter
2018,11,23,BioPark,35,48,41.5,35.0799846256,-106.669723455,Angostura Reach,Winter
2018,11,24,Santo Domingo,25,50,37.5,35.50989,-106.3896,Cochiti Reach,Winter
2018,11,25,Crawford,1.5,37,19.25,34.637561057629,-106.74347269011,Isleta Reach,Winter
2018,11,26,Mesilla,21,39,30,32.248328,-106.821014,South of San Marcial Reach,Winter
2018,11,27,Bosque Farm,.,.,.,34.8477697505695,-106.714997116643,Isleta Reach,Winter
2018,11,28,Valle de Oro,.,.,.,34.9797688406,-106.680112434,Angostura Reach,Winter
2018,11,29,Albuquerque Overbank Project,17,42,29.5,35.0452081969,-106.665732215,Angostura Reach,Winter
2018,11,30,State Land Office,29,29,29,34.9679188689,-106.685667747,Angostura Reach,Winter
2018,11,31,San Jose,20,18,19,35.0124335977,-106.672728518,Angostura Reach,Winter
2018,11,32,Sandia,11,3,7,35.255,-106.5907,Angostura Reach,Winter
2018,11,33,Bosque del Apache,17,22.5,19.75,33.8196650872,-106.854014975,San Acacia Reach,Winter
2018,12,1,Alameda,2.25,4,3.125,35.1880598884,-106.646949118,Angostura Reach,Winter
2018,12,2,Rio Grande Nature Center,3,3.5,3.25,35.1267624154,-106.688450012,Angostura Reach,Winter
2018,12,3,Los Lunas,1,1.5,1.25,34.8123850767529,-106.714471968474,Isleta Reach,Winter
2018,12,4,Belen,1,2,1.5,34.6481124155284,-106.737727748983,Isleta Reach,Winter
2018,12,5,Santa Ana,3.5,4,3.75,35.34284,-106.5458,Angostura Reach,Winter
2018,12,6,Savannah,1.5,5,3.25,35.1428674147,-106.681982289,Angostura Reach,Winter
2018,12,7,Lemitar,0,0,0,34.1670457032,-106.889953039,San Acacia Reach,Winter
2018,12,8,Hispanic Cultural Center,1,2.5,1.75,35.0688083802,-106.65807622,Angostura Reach,Winter
2018,12,10,Diversion,2.5,4.5,3.5,35.191618922399996,-106.643382687,Angostura Reach,Winter
2018,12,11,Calabacillas,1.5,4,2.75,35.1946222612,-106.646350963,Angostura Reach,Winter
2018,12,12,Minnow,1,6,3.5,35.1972256042,-106.644122231,Angostura Reach,Winter
2018,12,13,Harrison,0.5,15,7.75,35.0150622305,-106.673722917,Angostura Reach,Winter
2018,12,14,Sevilleta,0,0,0,34.2586573236,-106.883372761,San Acacia Reach,Winter
2018,12,15,Valencia Cleared,1,4.5,2.75,34.6486505386211,-106.739180486447,Isleta Reach,Winter
2018,12,16,Valencia Forest,4,9,6.5,34.6472147233729,-106.738922864063,Isleta Reach,Winter
2018,12,17,Montano,1.5,4.5,3,35.1452628545,-106.680332705,Angostura Reach,Winter
2018,12,18,Reynolds Cleared,0,0,0,34.6567454384498,-106.738602216398,Isleta Reach,Winter
2018,12,19,Reynolds Forest,0,0,0,34.657611462267496,-106.739436295579,Isleta Reach,Winter
2018,12,20,Route 66,1,3,2,35.1006512603,-106.691932797,Angostura Reach,Winter
2018,12,21,Badger,1,4,2.5,35.1955715759,-106.641632737,Angostura Reach,Winter
2018,12,22,Bobcat,2,4,3,35.2010747789,-106.641162297,Angostura Reach,Winter
2018,12,23,BioPark,2,3,2.5,35.0799846256,-106.669723455,Angostura Reach,Winter
2018,12,24,Santo Domingo,.,.,.,35.50989,-106.3896,Cochiti Reach,Winter
2018,12,25,Crawford,0,0,0,34.637561057629,-106.74347269011,Isleta Reach,Winter
2018,12,26,Mesilla,.,.,.,32.248328,-106.821014,South of San Marcial Reach,Winter
2018,12,27,Bosque Farm,.,.,.,34.8477697505695,-106.714997116643,Isleta Reach,Winter
2018,12,28,Valle de Oro,.,.,.,34.9797688406,-106.680112434,Angostura Reach,Winter
2018,12,29,Albuquerque Overbank Project,0.1,0,0.05,35.0452081969,-106.665732215,Angostura Reach,Winter
2018,12,30,State Land Office,3,4,3.5,34.9679188689,-106.685667747,Angostura Reach,Winter
2018,12,31,San Jose,0.75,1.3,1.025,35.0124335977,-106.672728518,Angostura Reach,Winter
2018,12,32,Sandia,2,.,2,35.255,-106.5907,Angostura Reach,Winter
2018,12,33,Bosque del Apache,3.5,5,4.25,33.8196650872,-106.854014975,San Acacia Reach,Winter
2019,1,1,Alameda,18,21,19.5,35.1880598884,-106.646949118,Angostura Reach,Winter
2019,1,2,Rio Grande Nature Center,13,14,13.5,35.1267624154,-106.688450012,Angostura Reach,Winter
2019,1,3,Los Lunas,13,30,21.5,34.8123850767529,-106.714471968474,Isleta Reach,Winter
2019,1,4,Belen,.,36,36,34.6481124155284,-106.737727748983,Isleta Reach,Winter
2019,1,5,Santa Ana,14,22,18,35.34284,-106.5458,Angostura Reach,Winter
2019,1,6,Savannah,.,.,.,35.1428674147,-106.681982289,Angostura Reach,Winter
2019,1,7,Lemitar,19,20,19.5,34.1670457032,-106.889953039,San Acacia Reach,Winter
2019,1,8,Hispanic Cultural Center,15,18.5,16.75,35.0688083802,-106.65807622,Angostura Reach,Winter
2019,1,10,Diversion,14,20,17,35.191618922399996,-106.643382687,Angostura Reach,Winter
2019,1,11,Calabacillas,14,22,18,35.1946222612,-106.646350963,Angostura Reach,Winter
2019,1,12,Minnow,.,21,21,35.1972256042,-106.644122231,Angostura Reach,Winter
2019,1,13,Harrison,11,19,15,35.0150622305,-106.673722917,Angostura Reach,Winter
2019,1,14,Sevilleta,.,18.5,18.5,34.2586573236,-106.883372761,San Acacia Reach,Winter
2019,1,15,Valencia Cleared,22.5,34,28.25,34.6486505386211,-106.739180486447,Isleta Reach,Winter
2019,1,16,Valencia Forest,20,35,27.5,34.6472147233729,-106.738922864063,Isleta Reach,Winter
2019,1,17,Montano,9.5,18.7,14.1,35.1452628545,-106.680332705,Angostura Reach,Winter
2019,1,18,Reynolds Cleared,17,35,26,34.6567454384498,-106.738602216398,Isleta Reach,Winter
2019,1,19,Reynolds Forest,26,30,28,34.657611462267496,-106.739436295579,Isleta Reach,Winter
2019,1,20,Route 66,6,17,11.5,35.1006512603,-106.691932797,Angostura Reach,Winter
2019,1,21,Badger,13,17,15,35.1955715759,-106.641632737,Angostura Reach,Winter
2019,1,22,Bobcat,10,16,13,35.2010747789,-106.641162297,Angostura Reach,Winter
2019,1,23,BioPark,12.25,.,12.25,35.0799846256,-106.669723455,Angostura Reach,Winter
2019,1,24,Santo Domingo,23,.,23,35.50989,-106.3896,Cochiti Reach,Winter
2019,1,25,Crawford,.,37,37,34.637561057629,-106.74347269011,Isleta Reach,Winter
2019,1,26,Mesilla,.,.,.,32.248328,-106.821014,South of San Marcial Reach,Winter
2019,1,27,Bosque Farm,.,.,.,34.8477697505695,-106.714997116643,Isleta Reach,Winter
2019,1,28,Valle de Oro,.,.,.,34.9797688406,-106.680112434,Angostura Reach,Winter
2019,1,29,Albuquerque Overbank Project,13,20,16.5,35.0452081969,-106.665732215,Angostura Reach,Winter
2019,1,30,State Land Office,15,16,15.5,34.9679188689,-106.685667747,Angostura Reach,Winter
2019,1,31,San Jose,12,19,15.5,35.0124335977,-106.672728518,Angostura Reach,Winter
2019,1,32,Sandia,17,.,17,35.255,-106.5907,Angostura Reach,Winter
2019,1,33,Bosque del Apache,15,23,19,33.8196650872,-106.854014975,San Acacia Reach,Winter
2019,2,1,Alameda,.,6.2,6.2,35.1880598884,-106.646949118,Angostura Reach,Winter
2019,2,2,Rio Grande Nature Center,3.5,4.5,4,35.1267624154,-106.688450012,Angostura Reach,Winter
2019,2,3,Los Lunas,4,12,8,34.8123850767529,-106.714471968474,Isleta Reach,Winter
2019,2,4,Belen,1.8,7.5,4.65,34.6481124155284,-106.737727748983,Isleta Reach,Winter
2019,2,5,Santa Ana,6,13,9.5,35.34284,-106.5458,Angostura Reach,Winter
2019,2,6,Savannah,4.2,7,5.6,35.1428674147,-106.681982289,Angostura Reach,Winter
2019,2,7,Lemitar,2,5.5,3.75,34.1670457032,-106.889953039,San Acacia Reach,Winter
2019,2,8,Hispanic Cultural Center,7.5,10,8.75,35.0688083802,-106.65807622,Angostura Reach,Winter
2019,2,10,Diversion,11,9,10,35.191618922399996,-106.643382687,Angostura Reach,Winter
2019,2,11,Calabacillas,4.5,10,7.25,35.1946222612,-106.646350963,Angostura Reach,Winter
2019,2,12,Minnow,.,10,10,35.1972256042,-106.644122231,Angostura Reach,Winter
2019,2,13,Harrison,2,5,3.5,35.0150622305,-106.673722917,Angostura Reach,Winter
2019,2,14,Sevilleta,4.5,5.5,5,34.2586573236,-106.883372761,San Acacia Reach,Winter
2019,2,15,Valencia Cleared,2,7,4.5,34.6486505386211,-106.739180486447,Isleta Reach,Winter
2019,2,16,Valencia Forest,6,9.5,7.75,34.6472147233729,-106.738922864063,Isleta Reach,Winter
2019,2,17,Montano,2.5,6.5,4.5,35.1452628545,-106.680332705,Angostura Reach,Winter
2019,2,18,Reynolds Cleared,2.3,5,3.65,34.6567454384498,-106.738602216398,Isleta Reach,Winter
2019,2,19,Reynolds Forest,3.5,5.3,4.4,34.657611462267496,-106.739436295579,Isleta Reach,Winter
2019,2,20,Route 66,1.3,6,3.65,35.1006512603,-106.691932797,Angostura Reach,Winter
2019,2,21,Badger,4,4.4,4.2,35.1955715759,-106.641632737,Angostura Reach,Winter
2019,2,22,Bobcat,4,10,7,35.2010747789,-106.641162297,Angostura Reach,Winter
2019,2,23,BioPark,2.5,5,3.75,35.0799846256,-106.669723455,Angostura Reach,Winter
2019,2,24,Santo Domingo,3,.,3,35.50989,-106.3896,Cochiti Reach,Winter
2019,2,25,Crawford,.,4.5,4.5,34.637561057629,-106.74347269011,Isleta Reach,Winter
2019,2,26,Mesilla,.,.,.,32.248328,-106.821014,South of San Marcial Reach,Winter
2019,2,27,Bosque Farm,.,.,.,34.8477697505695,-106.714997116643,Isleta Reach,Winter
2019,2,28,Valle de Oro,.,.,.,34.9797688406,-106.680112434,Angostura Reach,Winter
2019,2,29,Albuquerque Overbank Project,2,4,3,35.0452081969,-106.665732215,Angostura Reach,Winter
2019,2,30,State Land Office,4.5,4,4.25,34.9679188689,-106.685667747,Angostura Reach,Winter
2019,2,31,San Jose,2.5,4.5,3.5,35.0124335977,-106.672728518,Angostura Reach,Winter
2019,2,32,Sandia,4,7,5.5,35.255,-106.5907,Angostura Reach,Winter
2019,2,33,Bosque del Apache,0.8,1.3,1.05,33.8196650872,-106.854014975,San Acacia Reach,Winter
2019,3,1,Alameda,0,15,7.5,35.1880598884,-106.646949118,Angostura Reach,Spring
2019,3,2,Rio Grande Nature Center,14,11,12.5,35.1267624154,-106.688450012,Angostura Reach,Spring
2019,3,3,Los Lunas,.,9.3,9.3,34.8123850767529,-106.714471968474,Isleta Reach,Spring
2019,3,4,Belen,4.5,11.8,8.15,34.6481124155284,-106.737727748983,Isleta Reach,Spring
2019,3,5,Santa Ana,11,14,12.5,35.34284,-106.5458,Angostura Reach,Spring
2019,3,6,Savannah,16,27,21.5,35.1428674147,-106.681982289,Angostura Reach,Spring
2019,3,7,Lemitar,6,8.5,7.25,34.1670457032,-106.889953039,San Acacia Reach,Spring
2019,3,8,Hispanic Cultural Center,10.5,16,13.25,35.0688083802,-106.65807622,Angostura Reach,Spring
2019,3,10,Diversion,4.6,17,10.8,35.191618922399996,-106.643382687,Angostura Reach,Spring
2019,3,11,Calabacillas,5,10,7.5,35.1946222612,-106.646350963,Angostura Reach,Spring
2019,3,12,Minnow,.,43,43,35.1972256042,-106.644122231,Angostura Reach,Spring
2019,3,13,Harrison,9.5,17,13.25,35.0150622305,-106.673722917,Angostura Reach,Spring
2019,3,14,Sevilleta,9.5,9.5,9.5,34.2586573236,-106.883372761,San Acacia Reach,Spring
2019,3,15,Valencia Cleared,4.5,10.5,7.5,34.6486505386211,-106.739180486447,Isleta Reach,Spring
2019,3,16,Valencia Forest,4.5,6,5.25,34.6472147233729,-106.738922864063,Isleta Reach,Spring
2019,3,17,Montano,5,16,10.5,35.1452628545,-106.680332705,Angostura Reach,Spring
2019,3,18,Reynolds Cleared,4,11,7.5,34.6567454384498,-106.738602216398,Isleta Reach,Spring
2019,3,19,Reynolds Forest,6,11,8.5,34.657611462267496,-106.739436295579,Isleta Reach,Spring
2019,3,20,Route 66,7.3,15,11.15,35.1006512603,-106.691932797,Angostura Reach,Spring
2019,3,21,Badger,7,13,10,35.1955715759,-106.641632737,Angostura Reach,Spring
2019,3,22,Bobcat,10,9.5,9.75,35.2010747789,-106.641162297,Angostura Reach,Spring
2019,3,23,BioPark,13.2,19.8,16.5,35.0799846256,-106.669723455,Angostura Reach,Spring
2019,3,24,Santo Domingo,38,.,38,35.50989,-106.3896,Cochiti Reach,Spring
2019,3,25,Crawford,.,11.5,11.5,34.637561057629,-106.74347269011,Isleta Reach,Spring
2019,3,26,Mesilla,.,.,.,32.248328,-106.821014,South of San Marcial Reach,Spring
2019,3,27,Bosque Farm,.,.,.,34.8477697505695,-106.714997116643,Isleta Reach,Spring
2019,3,28,Valle de Oro,.,.,.,34.9797688406,-106.680112434,Angostura Reach,Spring
2019,3,29,Albuquerque Overbank Project,8,19,13.5,35.0452081969,-106.665732215,Angostura Reach,Spring
2019,3,30,State Land Office,42,56,49,34.9679188689,-106.685667747,Angostura Reach,Spring
2019,3,31,San Jose,11,19,15,35.0124335977,-106.672728518,Angostura Reach,Spring
2019,3,32,Sandia,11,18,14.5,35.255,-106.5907,Angostura Reach,Spring
2019,3,33,Bosque del Apache,9,15,12,33.8196650872,-106.854014975,San Acacia Reach,Spring
2019,4,1,Alameda,3,3.25,3.125,35.1880598884,-106.646949118,Angostura Reach,Spring
2019,4,2,Rio Grande Nature Center,2.1,2.5,2.3,35.1267624154,-106.688450012,Angostura Reach,Spring
2019,4,3,Los Lunas,4.5,.,4.5,34.8123850767529,-106.714471968474,Isleta Reach,Spring
2019,4,4,Belen,3,3.9,3.45,34.6481124155284,-106.737727748983,Isleta Reach,Spring
2019,4,5,Santa Ana,2,3,2.5,35.34284,-106.5458,Angostura Reach,Spring
2019,4,6,Savannah,9,13,11,35.1428674147,-106.681982289,Angostura Reach,Spring
2019,4,7,Lemitar,16,18,17,34.1670457032,-106.889953039,San Acacia Reach,Spring
2019,4,8,Hispanic Cultural Center,1.4,3.3,2.3499999999999996,35.0688083802,-106.65807622,Angostura Reach,Spring
2019,4,10,Diversion,4.5,8.5,6.5,35.191618922399996,-106.643382687,Angostura Reach,Spring
2019,4,11,Calabacillas,7.5,13,10.25,35.1946222612,-106.646350963,Angostura Reach,Spring
2019,4,12,Minnow,1,4.3,2.65,35.1972256042,-106.644122231,Angostura Reach,Spring
2019,4,13,Harrison,16,.,16,35.0150622305,-106.673722917,Angostura Reach,Spring
2019,4,14,Sevilleta,14,18,16,34.2586573236,-106.883372761,San Acacia Reach,Spring
2019,4,15,Valencia Cleared,13,19,16,34.6486505386211,-106.739180486447,Isleta Reach,Spring
2019,4,16,Valencia Forest,2.3,4,3.15,34.6472147233729,-106.738922864063,Isleta Reach,Spring
2019,4,17,Montano,4.5,16,10.25,35.1452628545,-106.680332705,Angostura Reach,Spring
2019,4,18,Reynolds Cleared,11,19,15,34.6567454384498,-106.738602216398,Isleta Reach,Spring
2019,4,19,Reynolds Forest,16.3,18,17.15,34.657611462267496,-106.739436295579,Isleta Reach,Spring
2019,4,20,Route 66,3,8.5,5.75,35.1006512603,-106.691932797,Angostura Reach,Spring
2019,4,21,Badger,4,6.5,5.25,35.1955715759,-106.641632737,Angostura Reach,Spring
2019,4,22,Bobcat,4,11.5,7.75,35.2010747789,-106.641162297,Angostura Reach,Spring
2019,4,23,BioPark,13,16,14.5,35.0799846256,-106.669723455,Angostura Reach,Spring
2019,4,24,Santo Domingo,3.8,.,3.8,35.50989,-106.3896,Cochiti Reach,Spring
2019,4,25,Crawford,3.5,5.3,4.4,34.637561057629,-106.74347269011,Isleta Reach,Spring
2019,4,26,Mesilla,.,.,.,32.248328,-106.821014,South of San Marcial Reach,Spring
2019,4,27,Bosque Farm,.,.,.,34.8477697505695,-106.714997116643,Isleta Reach,Spring
2019,4,28,Valle de Oro,.,.,.,34.9797688406,-106.680112434,Angostura Reach,Spring
2019,4,29,Albuquerque Overbank Project,3.5,11,7.25,35.0452081969,-106.665732215,Angostura Reach,Spring
2019,4,30,State Land Office,4,4.5,4.25,34.9679188689,-106.685667747,Angostura Reach,Spring
2019,4,31,San Jose,7,3.5,5.25,35.0124335977,-106.672728518,Angostura Reach,Spring
2019,4,32,Sandia,7,11,9,35.255,-106.5907,Angostura Reach,Spring
2019,4,33,Bosque del Apache,.,4,4,33.8196650872,-106.854014975,San Acacia Reach,Spring
2019,4,34,River Realignment,.,.,.,33.8227,-106.8419,San Acacia Reach,Spring
2019,5,1,Alameda,15,43,29,35.1880598884,-106.646949118,Angostura Reach,Spring
2019,5,2,Rio Grande Nature Center,16,.,16,35.1267624154,-106.688450012,Angostura Reach,Spring
2019,5,3,Los Lunas,16,23,19.5,34.8123850767529,-106.714471968474,Isleta Reach,Spring
2019,5,4,Belen,.,40,40,34.6481124155284,-106.737727748983,Isleta Reach,Spring
2019,5,5,Santa Ana,19,24,21.5,35.34284,-106.5458,Angostura Reach,Spring
2019,5,6,Savannah,5,9.5,7.25,35.1428674147,-106.681982289,Angostura Reach,Spring
2019,5,7,Lemitar,7.5,12.5,10,34.1670457032,-106.889953039,San Acacia Reach,Spring
2019,5,8,Hispanic Cultural Center,19,29,24,35.0688083802,-106.65807622,Angostura Reach,Spring
2019,5,10,Diversion,15,35,25,35.191618922399996,-106.643382687,Angostura Reach,Spring
2019,5,11,Calabacillas,22,32,27,35.1946222612,-106.646350963,Angostura Reach,Spring
2019,5,12,Minnow,10,39,24.5,35.1972256042,-106.644122231,Angostura Reach,Spring
2019,5,13,Harrison,3.25,13,8.125,35.0150622305,-106.673722917,Angostura Reach,Spring
2019,5,14,Sevilleta,10,8.5,9.25,34.2586573236,-106.883372761,San Acacia Reach,Spring
2019,5,15,Valencia Cleared,16,29,22.5,34.6486505386211,-106.739180486447,Isleta Reach,Spring
2019,5,16,Valencia Forest,25,33,29,34.6472147233729,-106.738922864063,Isleta Reach,Spring
2019,5,17,Montano,3.5,15,9.25,35.1452628545,-106.680332705,Angostura Reach,Spring
2019,5,18,Reynolds Cleared,11,29,20,34.6567454384498,-106.738602216398,Isleta Reach,Spring
2019,5,19,Reynolds Forest,19,28.5,23.75,34.657611462267496,-106.739436295579,Isleta Reach,Spring
2019,5,20,Route 66,.,17.5,17.5,35.1006512603,-106.691932797,Angostura Reach,Spring
2019,5,21,Badger,19,33,26,35.1955715759,-106.641632737,Angostura Reach,Spring
2019,5,22,Bobcat,11,30,20.5,35.2010747789,-106.641162297,Angostura Reach,Spring
2019,5,23,BioPark,15.5,14,14.75,35.0799846256,-106.669723455,Angostura Reach,Spring
2019,5,24,Santo Domingo,.,38,38,35.50989,-106.3896,Cochiti Reach,Spring
2019,5,25,Crawford,36,48,42,34.637561057629,-106.74347269011,Isleta Reach,Spring
2019,5,26,Mesilla,6,10,8,32.248328,-106.821014,South of San Marcial Reach,Spring
2019,5,27,Bosque Farm,.,.,.,34.8477697505695,-106.714997116643,Isleta Reach,Spring
2019,5,28,Valle de Oro,.,.,.,34.9797688406,-106.680112434,Angostura Reach,Spring
2019,5,29,Albuquerque Overbank Project,9,23,16,35.0452081969,-106.665732215,Angostura Reach,Spring
2019,5,30,State Land Office,20,26,23,34.9679188689,-106.685667747,Angostura Reach,Spring
2019,5,31,San Jose,12,24,18,35.0124335977,-106.672728518,Angostura Reach,Spring
2019,5,32,Sandia,4,12,8,35.255,-106.5907,Angostura Reach,Spring
2019,5,33,Bosque del Apache,.,.,.,33.8196650872,-106.854014975,San Acacia Reach,Spring
2019,5,34,River Realignment,15,27,21,33.8227,-106.8419,San Acacia Reach,Spring
2019,6,1,Alameda,0.5,2,1.25,35.1880598884,-106.646949118,Angostura Reach,Monsoon
2019,6,2,Rio Grande Nature Center,0.75,0,0.375,35.1267624154,-106.688450012,Angostura Reach,Monsoon
2019,6,3,Los Lunas,.,.,.,34.8123850767529,-106.714471968474,Isleta Reach,Monsoon
2019,6,4,Belen,3.5,5,4.25,34.6481124155284,-106.737727748983,Isleta Reach,Monsoon
2019,6,5,Santa Ana,0.5,0.75,0.625,35.34284,-106.5458,Angostura Reach,Monsoon
2019,6,6,Savannah,0,0,0,35.1428674147,-106.681982289,Angostura Reach,Monsoon
2019,6,7,Lemitar,8.5,11,9.75,34.1670457032,-106.889953039,San Acacia Reach,Monsoon
2019,6,8,Hispanic Cultural Center,0.5,1.5,1,35.0688083802,-106.65807622,Angostura Reach,Monsoon
2019,6,10,Diversion,0.5,0.5,0.5,35.191618922399996,-106.643382687,Angostura Reach,Monsoon
2019,6,11,Calabacillas,0.5,2,1.25,35.1946222612,-106.646350963,Angostura Reach,Monsoon
2019,6,12,Minnow,0,2,1,35.1972256042,-106.644122231,Angostura Reach,Monsoon
2019,6,13,Harrison,0.5,2.25,1.375,35.0150622305,-106.673722917,Angostura Reach,Monsoon
2019,6,14,Sevilleta,18,20.5,19.25,34.2586573236,-106.883372761,San Acacia Reach,Monsoon
2019,6,15,Valencia Cleared,1.5,5,3.25,34.6486505386211,-106.739180486447,Isleta Reach,Monsoon
2019,6,16,Valencia Forest,2,4.5,3.25,34.6472147233729,-106.738922864063,Isleta Reach,Monsoon
2019,6,17,Montano,0,0,0,35.1452628545,-106.680332705,Angostura Reach,Monsoon
2019,6,18,Reynolds Cleared,0.5,3.5,2,34.6567454384498,-106.738602216398,Isleta Reach,Monsoon
2019,6,19,Reynolds Forest,.,4,4,34.657611462267496,-106.739436295579,Isleta Reach,Monsoon
2019,6,20,Route 66,0.75,0.25,0.5,35.1006512603,-106.691932797,Angostura Reach,Monsoon
2019,6,21,Badger,0,.,0,35.1955715759,-106.641632737,Angostura Reach,Monsoon
2019,6,22,Bobcat,.,1.75,1.75,35.2010747789,-106.641162297,Angostura Reach,Monsoon
2019,6,23,BioPark,.,1.25,1.25,35.0799846256,-106.669723455,Angostura Reach,Monsoon
2019,6,24,Santo Domingo,.,5,5,35.50989,-106.3896,Cochiti Reach,Monsoon
2019,6,25,Crawford,2,4.5,3.25,34.637561057629,-106.74347269011,Isleta Reach,Monsoon
2019,6,26,Mesilla,27,.,27,32.248328,-106.821014,South of San Marcial Reach,Monsoon
2019,6,27,Bosque Farm,.,.,.,34.8477697505695,-106.714997116643,Isleta Reach,Monsoon
2019,6,28,Valle de Oro,.,.,.,34.9797688406,-106.680112434,Angostura Reach,Monsoon
2019,6,29,Albuquerque Overbank Project,0.75,1.5,1.125,35.0452081969,-106.665732215,Angostura Reach,Monsoon
2019,6,30,State Land Office,5.5,7,6.25,34.9679188689,-106.685667747,Angostura Reach,Monsoon
2019,6,31,San Jose,0,2.5,1.25,35.0124335977,-106.672728518,Angostura Reach,Monsoon
2019,6,32,Sandia,0,0.5,0.25,35.255,-106.5907,Angostura Reach,Monsoon
2019,6,33,Bosque del Apache,.,.,.,33.8196650872,-106.854014975,San Acacia Reach,Monsoon
2019,6,34,River Realignment,.,.,.,33.8227,-106.8419,San Acacia Reach,Monsoon
2019,7,1,Alameda,9,14,11.5,35.1880598884,-106.646949118,Angostura Reach,Monsoon
2019,7,2,Rio Grande Nature Center,20,24.5,22.25,35.1267624154,-106.688450012,Angostura Reach,Monsoon
2019,7,3,Los Lunas,.,.,.,34.8123850767529,-106.714471968474,Isleta Reach,Monsoon
2019,7,4,Belen,7.5,7,7.25,34.6481124155284,-106.737727748983,Isleta Reach,Monsoon
2019,7,5,Santa Ana,5,9,7,35.34284,-106.5458,Angostura Reach,Monsoon
2019,7,6,Savannah,7,21,14,35.1428674147,-106.681982289,Angostura Reach,Monsoon
2019,7,7,Lemitar,15,9,12,34.1670457032,-106.889953039,San Acacia Reach,Monsoon
2019,7,8,Hispanic Cultural Center,23,37.5,30.25,35.0688083802,-106.65807622,Angostura Reach,Monsoon
2019,7,10,Diversion,7,15,11,35.191618922399996,-106.643382687,Angostura Reach,Monsoon
2019,7,11,Calabacillas,9,15,12,35.1946222612,-106.646350963,Angostura Reach,Monsoon
2019,7,12,Minnow,4.5,11,7.75,35.1972256042,-106.644122231,Angostura Reach,Monsoon
2019,7,13,Harrison,12.5,16,14.25,35.0150622305,-106.673722917,Angostura Reach,Monsoon
2019,7,14,Sevilleta,1.75,7,4.375,34.2586573236,-106.883372761,San Acacia Reach,Monsoon
2019,7,15,Valencia Cleared,.,7.6,7.6,34.6486505386211,-106.739180486447,Isleta Reach,Monsoon
2019,7,16,Valencia Forest,4,6.5,5.25,34.6472147233729,-106.738922864063,Isleta Reach,Monsoon
2019,7,17,Montano,3.5,21,12.25,35.1452628545,-106.680332705,Angostura Reach,Monsoon
2019,7,18,Reynolds Cleared,4.5,7,5.75,34.6567454384498,-106.738602216398,Isleta Reach,Monsoon
2019,7,19,Reynolds Forest,1.5,7.5,4.5,34.657611462267496,-106.739436295579,Isleta Reach,Monsoon
2019,7,20,Route 66,8,18,13,35.1006512603,-106.691932797,Angostura Reach,Monsoon
2019,7,21,Badger,4.5,12.5,8.5,35.1955715759,-106.641632737,Angostura Reach,Monsoon
2019,7,22,Bobcat,.,13,13,35.2010747789,-106.641162297,Angostura Reach,Monsoon
2019,7,23,BioPark,1,14,7.5,35.0799846256,-106.669723455,Angostura Reach,Monsoon
2019,7,24,Santo Domingo,2.5,8,5.25,35.50989,-106.3896,Cochiti Reach,Monsoon
2019,7,25,Crawford,4.3,7.5,5.9,34.637561057629,-106.74347269011,Isleta Reach,Monsoon
2019,7,26,Mesilla,1.25,3,2.125,32.248328,-106.821014,South of San Marcial Reach,Monsoon
2019,7,27,Bosque Farm,.,.,.,34.8477697505695,-106.714997116643,Isleta Reach,Monsoon
2019,7,28,Valle de Oro,.,.,.,34.9797688406,-106.680112434,Angostura Reach,Monsoon
2019,7,29,Albuquerque Overbank Project,4.5,12,8.25,35.0452081969,-106.665732215,Angostura Reach,Monsoon
2019,7,30,State Land Office,16,19,17.5,34.9679188689,-106.685667747,Angostura Reach,Monsoon
2019,7,31,San Jose,10.5,14,12.25,35.0124335977,-106.672728518,Angostura Reach,Monsoon
2019,7,32,Sandia,4.5,5.5,5,35.255,-106.5907,Angostura Reach,Monsoon
2019,7,33,Bosque del Apache,.,.,.,33.8196650872,-106.854014975,San Acacia Reach,Monsoon
2019,7,34,River Realignment,.,.,.,33.8227,-106.8419,San Acacia Reach,Monsoon
2019,8,1,Alameda,10,29,19.5,35.1880598884,-106.646949118,Angostura Reach,Monsoon
2019,8,2,Rio Grande Nature Center,28.5,21.5,25,35.1267624154,-106.688450012,Angostura Reach,Monsoon
2019,8,3,Los Lunas,.,27,27,34.8123850767529,-106.714471968474,Isleta Reach,Monsoon
2019,8,4,Belen,22.5,24.5,23.5,34.6481124155284,-106.737727748983,Isleta Reach,Monsoon
2019,8,5,Santa Ana,45.5,67,56.25,35.34284,-106.5458,Angostura Reach,Monsoon
2019,8,6,Savannah,9.5,1.5,5.5,35.1428674147,-106.681982289,Angostura Reach,Monsoon
2019,8,7,Lemitar,19.5,32,25.75,34.1670457032,-106.889953039,San Acacia Reach,Monsoon
2019,8,8,Hispanic Cultural Center,13,23,18,35.0688083802,-106.65807622,Angostura Reach,Monsoon
2019,8,10,Diversion,.,26,26,35.191618922399996,-106.643382687,Angostura Reach,Monsoon
2019,8,11,Calabacillas,16,31,23.5,35.1946222612,-106.646350963,Angostura Reach,Monsoon
2019,8,12,Minnow,7,25,16,35.1972256042,-106.644122231,Angostura Reach,Monsoon
2019,8,13,Harrison,5.5,14,9.75,35.0150622305,-106.673722917,Angostura Reach,Monsoon
2019,8,14,Sevilleta,16,21.5,18.75,34.2586573236,-106.883372761,San Acacia Reach,Monsoon
2019,8,15,Valencia Cleared,10.5,27,18.75,34.6486505386211,-106.739180486447,Isleta Reach,Monsoon
2019,8,16,Valencia Forest,13,25,19,34.6472147233729,-106.738922864063,Isleta Reach,Monsoon
2019,8,17,Montano,15,38,26.5,35.1452628545,-106.680332705,Angostura Reach,Monsoon
2019,8,18,Reynolds Cleared,10.5,30.5,20.5,34.6567454384498,-106.738602216398,Isleta Reach,Monsoon
2019,8,19,Reynolds Forest,19,28,23.5,34.657611462267496,-106.739436295579,Isleta Reach,Monsoon
2019,8,20,Route 66,17,35,26,35.1006512603,-106.691932797,Angostura Reach,Monsoon
2019,8,21,Badger,6,20,13,35.1955715759,-106.641632737,Angostura Reach,Monsoon
2019,8,22,Bobcat,5.5,21,13.25,35.2010747789,-106.641162297,Angostura Reach,Monsoon
2019,8,23,BioPark,23,37,30,35.0799846256,-106.669723455,Angostura Reach,Monsoon
2019,8,24,Santo Domingo,5.5,20,12.75,35.50989,-106.3896,Cochiti Reach,Monsoon
2019,8,25,Crawford,16,29,22.5,34.637561057629,-106.74347269011,Isleta Reach,Monsoon
2019,8,26,Mesilla,7,16,11.5,32.248328,-106.821014,South of San Marcial Reach,Monsoon
2019,8,27,Bosque Farm,.,.,.,34.8477697505695,-106.714997116643,Isleta Reach,Monsoon
2019,8,28,Valle de Oro,.,.,.,34.9797688406,-106.680112434,Angostura Reach,Monsoon
2019,8,29,Albuquerque Overbank Project,19,7.5,13.25,35.0452081969,-106.665732215,Angostura Reach,Monsoon
2019,8,30,State Land Office,16,20,18,34.9679188689,-106.685667747,Angostura Reach,Monsoon
2019,8,31,San Jose,7,14,10.5,35.0124335977,-106.672728518,Angostura Reach,Monsoon
2019,8,32,Sandia,18,24,21,35.255,-106.5907,Angostura Reach,Monsoon
2019,8,33,Bosque del Apache,16,.,16,33.8196650872,-106.854014975,San Acacia Reach,Monsoon
2019,8,34,River Realignment,15,.,15,33.8227,-106.8419,San Acacia Reach,Monsoon
2019,9,1,Alameda,25,37,31,35.1880598884,-106.646949118,Angostura Reach,Fall
2019,9,2,Rio Grande Nature Center,18,11,14.5,35.1267624154,-106.688450012,Angostura Reach,Fall
2019,9,3,Los Lunas,6.5,16,11.25,34.8123850767529,-106.714471968474,Isleta Reach,Fall
2019,9,4,Belen,3.6,11,7.3,34.6481124155284,-106.737727748983,Isleta Reach,Fall
2019,9,5,Santa Ana,4,8.5,6.25,35.34284,-106.5458,Angostura Reach,Fall
2019,9,6,Savannah,8.5,28,18.25,35.1428674147,-106.681982289,Angostura Reach,Fall
2019,9,7,Lemitar,.,.,.,34.1670457032,-106.889953039,San Acacia Reach,Fall
2019,9,8,Hispanic Cultural Center,6.75,18,12.375,35.0688083802,-106.65807622,Angostura Reach,Fall
2019,9,10,Diversion,17,32,24.5,35.191618922399996,-106.643382687,Angostura Reach,Fall
2019,9,11,Calabacillas,25.5,38,31.75,35.1946222612,-106.646350963,Angostura Reach,Fall
2019,9,12,Minnow,18,40,29,35.1972256042,-106.644122231,Angostura Reach,Fall
2019,9,13,Harrison,3.5,8.5,6,35.0150622305,-106.673722917,Angostura Reach,Fall
2019,9,14,Sevilleta,8,14,11,34.2586573236,-106.883372761,San Acacia Reach,Fall
2019,9,15,Valencia Cleared,10.5,5,7.75,34.6486505386211,-106.739180486447,Isleta Reach,Fall
2019,9,16,Valencia Forest,1.5,5.5,3.5,34.6472147233729,-106.738922864063,Isleta Reach,Fall
2019,9,17,Montano,10.1,22.5,16.3,35.1452628545,-106.680332705,Angostura Reach,Fall
2019,9,18,Reynolds Cleared,2.5,11,6.75,34.6567454384498,-106.738602216398,Isleta Reach,Fall
2019,9,19,Reynolds Forest,4,12,8,34.657611462267496,-106.739436295579,Isleta Reach,Fall
2019,9,20,Route 66,13.5,25,19.25,35.1006512603,-106.691932797,Angostura Reach,Fall
2019,9,21,Badger,85,36,60.5,35.1955715759,-106.641632737,Angostura Reach,Fall
2019,9,22,Bobcat,22,37,29.5,35.2010747789,-106.641162297,Angostura Reach,Fall
2019,9,23,BioPark,14,23,18.5,35.0799846256,-106.669723455,Angostura Reach,Fall
2019,9,24,Santo Domingo,6.5,19,12.75,35.50989,-106.3896,Cochiti Reach,Fall
2019,9,25,Crawford,7.2,8,7.6,34.637561057629,-106.74347269011,Isleta Reach,Fall
2019,9,26,Mesilla,13,27,20,32.248328,-106.821014,South of San Marcial Reach,Fall
2019,9,27,Bosque Farm,.,.,.,34.8477697505695,-106.714997116643,Isleta Reach,Fall
2019,9,28,Valle de Oro,.,.,.,34.9797688406,-106.680112434,Angostura Reach,Fall
2019,9,29,Albuquerque Overbank Project,0.5,6.3,3.4,35.0452081969,-106.665732215,Angostura Reach,Fall
2019,9,30,State Land Office,5.5,6.5,6,34.9679188689,-106.685667747,Angostura Reach,Fall
2019,9,31,San Jose,3.5,6,4.75,35.0124335977,-106.672728518,Angostura Reach,Fall
2019,9,32,Sandia,6.5,21,13.75,35.255,-106.5907,Angostura Reach,Fall
2019,9,33,Bosque del Apache,10,.,10,33.8196650872,-106.854014975,San Acacia Reach,Fall
2019,9,34,River Realignment,2.25,.,2.25,33.8227,-106.8419,San Acacia Reach,Fall
2019,10,1,Alameda,44.5,12,28.25,35.1880598884,-106.646949118,Angostura Reach,Fall
2019,10,2,Rio Grande Nature Center,8,8,8,35.1267624154,-106.688450012,Angostura Reach,Fall
2019,10,3,Los Lunas,14,15,14.5,34.8123850767529,-106.714471968474,Isleta Reach,Fall
2019,10,4,Belen,30.5,40,35.25,34.6481124155284,-106.737727748983,Isleta Reach,Fall
2019,10,5,Santa Ana,13,17.75,15.375,35.34284,-106.5458,Angostura Reach,Fall
2019,10,6,Savannah,6,11,8.5,35.1428674147,-106.681982289,Angostura Reach,Fall
2019,10,7,Lemitar,7,.,7,34.1670457032,-106.889953039,San Acacia Reach,Fall
2019,10,8,Hispanic Cultural Center,16.5,21,18.75,35.0688083802,-106.65807622,Angostura Reach,Fall
2019,10,10,Diversion,8.5,14,11.25,35.191618922399996,-106.643382687,Angostura Reach,Fall
2019,10,11,Calabacillas,10.5,14,12.25,35.1946222612,-106.646350963,Angostura Reach,Fall
2019,10,12,Minnow,11,15,13,35.1972256042,-106.644122231,Angostura Reach,Fall
2019,10,13,Harrison,10,17,13.5,35.0150622305,-106.673722917,Angostura Reach,Fall
2019,10,14,Sevilleta,.,4.5,4.5,34.2586573236,-106.883372761,San Acacia Reach,Fall
2019,10,15,Valencia Cleared,39,39,39,34.6486505386211,-106.739180486447,Isleta Reach,Fall
2019,10,16,Valencia Forest,40,45,42.5,34.6472147233729,-106.738922864063,Isleta Reach,Fall
2019,10,17,Montano,7,16,11.5,35.1452628545,-106.680332705,Angostura Reach,Fall
2019,10,18,Reynolds Cleared,31,43,37,34.6567454384498,-106.738602216398,Isleta Reach,Fall
2019,10,19,Reynolds Forest,45,43,44,34.657611462267496,-106.739436295579,Isleta Reach,Fall
2019,10,20,Route 66,6.5,7.5,7,35.1006512603,-106.691932797,Angostura Reach,Fall
2019,10,21,Badger,9,4,6.5,35.1955715759,-106.641632737,Angostura Reach,Fall
2019,10,22,Bobcat,9,14.6,11.8,35.2010747789,-106.641162297,Angostura Reach,Fall
2019,10,23,BioPark,6.5,12,9.25,35.0799846256,-106.669723455,Angostura Reach,Fall
2019,10,24,Santo Domingo,7,14,10.5,35.50989,-106.3896,Cochiti Reach,Fall
2019,10,25,Crawford,26.5,38,32.25,34.637561057629,-106.74347269011,Isleta Reach,Fall
2019,10,26,Mesilla,8,13,10.5,32.248328,-106.821014,South of San Marcial Reach,Fall
2019,10,27,Bosque Farm,.,.,.,34.8477697505695,-106.714997116643,Isleta Reach,Fall
2019,10,28,Valle de Oro,.,.,.,34.9797688406,-106.680112434,Angostura Reach,Fall
2019,10,29,Albuquerque Overbank Project,4,24,14,35.0452081969,-106.665732215,Angostura Reach,Fall
2019,10,30,State Land Office,17,18,17.5,34.9679188689,-106.685667747,Angostura Reach,Fall
2019,10,31,San Jose,25,21,23,35.0124335977,-106.672728518,Angostura Reach,Fall
2019,10,32,Sandia,6,13,9.5,35.255,-106.5907,Angostura Reach,Fall
2019,10,33,Bosque del Apache,15,.,15,33.8196650872,-106.854014975,San Acacia Reach,Fall
2019,10,34,River Realignment,19,16,17.5,33.8227,-106.8419,San Acacia Reach,Fall
2019,11,1,Alameda,17,21,19,35.1880598884,-106.646949118,Angostura Reach,Winter
2019,11,2,Rio Grande Nature Center,5,5.5,5.25,35.1267624154,-106.688450012,Angostura Reach,Winter
2019,11,3,Los Lunas,18,22,20,34.8123850767529,-106.714471968474,Isleta Reach,Winter
2019,11,4,Belen,3,5,4,34.6481124155284,-106.737727748983,Isleta Reach,Winter
2019,11,5,Santa Ana,8,8.5,8.25,35.34284,-106.5458,Angostura Reach,Winter
2019,11,6,Savannah,2.5,7,4.75,35.1428674147,-106.681982289,Angostura Reach,Winter
2019,11,7,Lemitar,25.5,26.5,26,34.1670457032,-106.889953039,San Acacia Reach,Winter
2019,11,8,Hispanic Cultural Center,11,12,11.5,35.0688083802,-106.65807622,Angostura Reach,Winter
2019,11,10,Diversion,.,1,1,35.191618922399996,-106.643382687,Angostura Reach,Winter
2019,11,11,Calabacillas,21,27,24,35.1946222612,-106.646350963,Angostura Reach,Winter
2019,11,12,Minnow,3.5,8,5.75,35.1972256042,-106.644122231,Angostura Reach,Winter
2019,11,13,Harrison,23,28,25.5,35.0150622305,-106.673722917,Angostura Reach,Winter
2019,11,14,Sevilleta,24,30,27,34.2586573236,-106.883372761,San Acacia Reach,Winter
2019,11,15,Valencia Cleared,15.5,18,16.75,34.6486505386211,-106.739180486447,Isleta Reach,Winter
2019,11,16,Valencia Forest,3,3.5,3.25,34.6472147233729,-106.738922864063,Isleta Reach,Winter
2019,11,17,Montano,2.25,10.5,6.375,35.1452628545,-106.680332705,Angostura Reach,Winter
2019,11,18,Reynolds Cleared,13,17,15,34.6567454384498,-106.738602216398,Isleta Reach,Winter
2019,11,19,Reynolds Forest,10,15,12.5,34.657611462267496,-106.739436295579,Isleta Reach,Winter
2019,11,20,Route 66,6,12,9,35.1006512603,-106.691932797,Angostura Reach,Winter
2019,11,21,Badger,11,14,12.5,35.1955715759,-106.641632737,Angostura Reach,Winter
2019,11,22,Bobcat,14.5,28,21.25,35.2010747789,-106.641162297,Angostura Reach,Winter
2019,11,23,BioPark,17,22,19.5,35.0799846256,-106.669723455,Angostura Reach,Winter
2019,11,24,Santo Domingo,2,4,3,35.50989,-106.3896,Cochiti Reach,Winter
2019,11,25,Crawford,2.7,5,3.85,34.637561057629,-106.74347269011,Isleta Reach,Winter
2019,11,26,Mesilla,5.5,10,7.75,32.248328,-106.821014,South of San Marcial Reach,Winter
2019,11,27,Bosque Farm,.,.,.,34.8477697505695,-106.714997116643,Isleta Reach,Winter
2019,11,28,Valle de Oro,.,.,.,34.9797688406,-106.680112434,Angostura Reach,Winter
2019,11,29,Albuquerque Overbank Project,1.25,5,3.125,35.0452081969,-106.665732215,Angostura Reach,Winter
2019,11,30,State Land Office,18.5,24,21.25,34.9679188689,-106.685667747,Angostura Reach,Winter
2019,11,31,San Jose,3,2.25,2.625,35.0124335977,-106.672728518,Angostura Reach,Winter
2019,11,32,Sandia,24,36,30,35.255,-106.5907,Angostura Reach,Winter
2019,11,33,Bosque del Apache,24,.,24,33.8196650872,-106.854014975,San Acacia Reach,Winter
2019,11,34,River Realignment,40,33,36.5,33.8227,-106.8419,San Acacia Reach,Winter
2019,12,1,Alameda,30,33,31.5,35.1880598884,-106.646949118,Angostura Reach,Winter
2019,12,2,Rio Grande Nature Center,36,.,36,35.1267624154,-106.688450012,Angostura Reach,Winter
2019,12,3,Los Lunas,.,19,19,34.8123850767529,-106.714471968474,Isleta Reach,Winter
2019,12,4,Belen,68,.,68,34.6481124155284,-106.737727748983,Isleta Reach,Winter
2019,12,5,Santa Ana,43,56,49.5,35.34284,-106.5458,Angostura Reach,Winter
2019,12,6,Savannah,23,50.5,36.75,35.1428674147,-106.681982289,Angostura Reach,Winter
2019,12,7,Lemitar,25,24,24.5,34.1670457032,-106.889953039,San Acacia Reach,Winter
2019,12,8,Hispanic Cultural Center,34,39,36.5,35.0688083802,-106.65807622,Angostura Reach,Winter
2019,12,10,Diversion,43,43,43,35.191618922399996,-106.643382687,Angostura Reach,Winter
2019,12,11,Calabacillas,21,30,25.5,35.1946222612,-106.646350963,Angostura Reach,Winter
2019,12,12,Minnow,39,45,42,35.1972256042,-106.644122231,Angostura Reach,Winter
2019,12,13,Harrison,26,28,27,35.0150622305,-106.673722917,Angostura Reach,Winter
2019,12,14,Sevilleta,.,.,.,34.2586573236,-106.883372761,San Acacia Reach,Winter
2019,12,15,Valencia Cleared,23,29,26,34.6486505386211,-106.739180486447,Isleta Reach,Winter
2019,12,16,Valencia Forest,35,.,35,34.6472147233729,-106.738922864063,Isleta Reach,Winter
2019,12,17,Montano,.,41,41,35.1452628545,-106.680332705,Angostura Reach,Winter
2019,12,18,Reynolds Cleared,32,32,32,34.6567454384498,-106.738602216398,Isleta Reach,Winter
2019,12,19,Reynolds Forest,32,35,33.5,34.657611462267496,-106.739436295579,Isleta Reach,Winter
2019,12,20,Route 66,29,42,35.5,35.1006512603,-106.691932797,Angostura Reach,Winter
2019,12,21,Badger,16,26,21,35.1955715759,-106.641632737,Angostura Reach,Winter
2019,12,22,Bobcat,0.5,0.5,0.5,35.2010747789,-106.641162297,Angostura Reach,Winter
2019,12,23,BioPark,28,35,31.5,35.0799846256,-106.669723455,Angostura Reach,Winter
2019,12,24,Santo Domingo,.,.,.,35.50989,-106.3896,Cochiti Reach,Winter
2019,12,25,Crawford,37,42,39.5,34.637561057629,-106.74347269011,Isleta Reach,Winter
2019,12,26,Mesilla,22,46,34,32.248328,-106.821014,South of San Marcial Reach,Winter
2019,12,27,Bosque Farm,.,.,.,34.8477697505695,-106.714997116643,Isleta Reach,Winter
2019,12,28,Valle de Oro,.,.,.,34.9797688406,-106.680112434,Angostura Reach,Winter
2019,12,29,Albuquerque Overbank Project,27,47,37,35.0452081969,-106.665732215,Angostura Reach,Winter
2019,12,30,State Land Office,19,23,21,34.9679188689,-106.685667747,Angostura Reach,Winter
2019,12,31,San Jose,45,50,47.5,35.0124335977,-106.672728518,Angostura Reach,Winter
2019,12,32,Sandia,19,23,21,35.255,-106.5907,Angostura Reach,Winter
2019,12,33,Bosque del Apache,42,41,41.5,33.8196650872,-106.854014975,San Acacia Reach,Winter
2019,12,34,River Realignment,45,32,38.5,33.8227,-106.8419,San Acacia Reach,Winter
2020,1,1,Alameda,12.5,16,14.25,35.1880598884,-106.646949118,Angostura Reach,Winter
2020,1,2,Rio Grande Nature Center,11,12,11.5,35.1267624154,-106.688450012,Angostura Reach,Winter
2020,1,3,Los Lunas,.,.,.,34.8123850767529,-106.714471968474,Isleta Reach,Winter
2020,1,4,Belen,12,7,9.5,34.6481124155284,-106.737727748983,Isleta Reach,Winter
2020,1,5,Santa Ana,17,2.5,9.75,35.34284,-106.5458,Angostura Reach,Winter
2020,1,6,Savannah,30,13,21.5,35.1428674147,-106.681982289,Angostura Reach,Winter
2020,1,7,Lemitar,4.25,7.25,5.75,34.1670457032,-106.889953039,San Acacia Reach,Winter
2020,1,8,Hispanic Cultural Center,10.5,13,11.75,35.0688083802,-106.65807622,Angostura Reach,Winter
2020,1,10,Diversion,8,18,13,35.191618922399996,-106.643382687,Angostura Reach,Winter
2020,1,11,Calabacillas,.,.,.,35.1946222612,-106.646350963,Angostura Reach,Winter
2020,1,12,Minnow,9,16,12.5,35.1972256042,-106.644122231,Angostura Reach,Winter
2020,1,13,Harrison,7.5,12,9.75,35.0150622305,-106.673722917,Angostura Reach,Winter
2020,1,14,Sevilleta,.,.,.,34.2586573236,-106.883372761,San Acacia Reach,Winter
2020,1,15,Valencia Cleared,5,.,5,34.6486505386211,-106.739180486447,Isleta Reach,Winter
2020,1,16,Valencia Forest,4,6,5,34.6472147233729,-106.738922864063,Isleta Reach,Winter
2020,1,17,Montano,7,16,11.5,35.1452628545,-106.680332705,Angostura Reach,Winter
2020,1,18,Reynolds Cleared,2,7,4.5,34.6567454384498,-106.738602216398,Isleta Reach,Winter
2020,1,19,Reynolds Forest,.,7.5,7.5,34.657611462267496,-106.739436295579,Isleta Reach,Winter
2020,1,20,Route 66,4,12.5,8.25,35.1006512603,-106.691932797,Angostura Reach,Winter
2020,1,21,Badger,3.5,4.5,4,35.1955715759,-106.641632737,Angostura Reach,Winter
2020,1,22,Bobcat,.,17,17,35.2010747789,-106.641162297,Angostura Reach,Winter
2020,1,23,BioPark,9.5,13,11.25,35.0799846256,-106.669723455,Angostura Reach,Winter
2020,1,24,Santo Domingo,7,.,7,35.50989,-106.3896,Cochiti Reach,Winter
2020,1,25,Crawford,5.5,7.5,6.5,34.637561057629,-106.74347269011,Isleta Reach,Winter
2020,1,26,Mesilla,1,1.5,1.25,32.248328,-106.821014,South of San Marcial Reach,Winter
2020,1,27,Bosque Farm,.,.,.,34.8477697505695,-106.714997116643,Isleta Reach,Winter
2020,1,28,Valle de Oro,.,.,.,34.9797688406,-106.680112434,Angostura Reach,Winter
2020,1,29,Albuquerque Overbank Project,4.5,12,8.25,35.0452081969,-106.665732215,Angostura Reach,Winter
2020,1,30,State Land Office,7.5,8.5,8,34.9679188689,-106.685667747,Angostura Reach,Winter
2020,1,31,San Jose,8,9,8.5,35.0124335977,-106.672728518,Angostura Reach,Winter
2020,1,32,Sandia,.,.,.,35.255,-106.5907,Angostura Reach,Winter
2020,1,33,Bosque del Apache,5.5,9.5,7.5,33.8196650872,-106.854014975,San Acacia Reach,Winter
2020,1,34,River Realignment,10,10,10,33.8227,-106.8419,San Acacia Reach,Winter
2020,2,1,Alameda,10,.,10,35.1880598884,-106.646949118,Angostura Reach,Winter
2020,2,2,Rio Grande Nature Center,8.5,9,8.75,35.1267624154,-106.688450012,Angostura Reach,Winter
2020,2,3,Los Lunas,.,.,.,34.8123850767529,-106.714471968474,Isleta Reach,Winter
2020,2,4,Belen,21,17,19,34.6481124155284,-106.737727748983,Isleta Reach,Winter
2020,2,5,Santa Ana,15.9,.,15.9,35.34284,-106.5458,Angostura Reach,Winter
2020,2,6,Savannah,.,14,14,35.1428674147,-106.681982289,Angostura Reach,Winter
2020,2,7,Lemitar,13,16,14.5,34.1670457032,-106.889953039,San Acacia Reach,Winter
2020,2,8,Hispanic Cultural Center,7,9,8,35.0688083802,-106.65807622,Angostura Reach,Winter
2020,2,10,Diversion,7.5,12.1,9.8,35.191618922399996,-106.643382687,Angostura Reach,Winter
2020,2,11,Calabacillas,7.5,12.5,10,35.1946222612,-106.646350963,Angostura Reach,Winter
2020,2,12,Minnow,5.5,3,4.25,35.1972256042,-106.644122231,Angostura Reach,Winter
2020,2,13,Harrison,9.5,10.5,10,35.0150622305,-106.673722917,Angostura Reach,Winter
2020,2,14,Sevilleta,.,16,16,34.2586573236,-106.883372761,San Acacia Reach,Winter
2020,2,15,Valencia Cleared,10,.,10,34.6486505386211,-106.739180486447,Isleta Reach,Winter
2020,2,16,Valencia Forest,10,15,12.5,34.6472147233729,-106.738922864063,Isleta Reach,Winter
2020,2,17,Montano,8.5,12.2,10.35,35.1452628545,-106.680332705,Angostura Reach,Winter
2020,2,18,Reynolds Cleared,9,14,11.5,34.6567454384498,-106.738602216398,Isleta Reach,Winter
2020,2,19,Reynolds Forest,.,15,15,34.657611462267496,-106.739436295579,Isleta Reach,Winter
2020,2,20,Route 66,5,9.5,7.25,35.1006512603,-106.691932797,Angostura Reach,Winter
2020,2,21,Badger,7,11,9,35.1955715759,-106.641632737,Angostura Reach,Winter
2020,2,22,Bobcat,7.5,10.5,9,35.2010747789,-106.641162297,Angostura Reach,Winter
2020,2,23,BioPark,6.5,9,7.75,35.0799846256,-106.669723455,Angostura Reach,Winter
2020,2,24,Santo Domingo,6.5,.,6.5,35.50989,-106.3896,Cochiti Reach,Winter
2020,2,25,Crawford,13.2,18.3,15.75,34.637561057629,-106.74347269011,Isleta Reach,Winter
2020,2,26,Mesilla,11.5,23,17.25,32.248328,-106.821014,South of San Marcial Reach,Winter
2020,2,27,Bosque Farm,.,.,.,34.8477697505695,-106.714997116643,Isleta Reach,Winter
2020,2,28,Valle de Oro,.,.,.,34.9797688406,-106.680112434,Angostura Reach,Winter
2020,2,29,Albuquerque Overbank Project,6.5,12,9.25,35.0452081969,-106.665732215,Angostura Reach,Winter
2020,2,30,State Land Office,11.5,12,11.75,34.9679188689,-106.685667747,Angostura Reach,Winter
2020,2,31,San Jose,7.5,10,8.75,35.0124335977,-106.672728518,Angostura Reach,Winter
2020,2,32,Sandia,.,.,.,35.255,-106.5907,Angostura Reach,Winter
2020,2,33,Bosque del Apache,31,40,35.5,33.8196650872,-106.854014975,San Acacia Reach,Winter
2020,2,34,River Realignment,32,37,34.5,33.8227,-106.8419,San Acacia Reach,Winter
2020,3,1,Alameda,10.5,9.5,10,35.1880598884,-106.646949118,Angostura Reach,Spring
2020,3,2,Rio Grande Nature Center,8.5,10,9.25,35.1267624154,-106.688450012,Angostura Reach,Spring
2020,3,3,Los Lunas,.,20,20,34.8123850767529,-106.714471968474,Isleta Reach,Spring
2020,3,4,Belen,6.5,.,6.5,34.6481124155284,-106.737727748983,Isleta Reach,Spring
2020,3,5,Santa Ana,17,.,17,35.34284,-106.5458,Angostura Reach,Spring
2020,3,6,Savannah,0.5,11,5.75,35.1428674147,-106.681982289,Angostura Reach,Spring
2020,3,7,Lemitar,21,21,21,34.1670457032,-106.889953039,San Acacia Reach,Spring
2020,3,8,Hispanic Cultural Center,0,20,10,35.0688083802,-106.65807622,Angostura Reach,Spring
2020,3,10,Diversion,9,13,11,35.191618922399996,-106.643382687,Angostura Reach,Spring
2020,3,11,Calabacillas,8,16,12,35.1946222612,-106.646350963,Angostura Reach,Spring
2020,3,12,Minnow,10,.,10,35.1972256042,-106.644122231,Angostura Reach,Spring
2020,3,13,Harrison,10,15,12.5,35.0150622305,-106.673722917,Angostura Reach,Spring
2020,3,14,Sevilleta,6,14,10,34.2586573236,-106.883372761,San Acacia Reach,Spring
2020,3,15,Valencia Cleared,4.6,.,4.6,34.6486505386211,-106.739180486447,Isleta Reach,Spring
2020,3,16,Valencia Forest,6,10.5,8.25,34.6472147233729,-106.738922864063,Isleta Reach,Spring
2020,3,17,Montano,24,11,17.5,35.1452628545,-106.680332705,Angostura Reach,Spring
2020,3,18,Reynolds Cleared,5,12,8.5,34.6567454384498,-106.738602216398,Isleta Reach,Spring
2020,3,19,Reynolds Forest,.,12,12,34.657611462267496,-106.739436295579,Isleta Reach,Spring
2020,3,20,Route 66,2,9.5,5.75,35.1006512603,-106.691932797,Angostura Reach,Spring
2020,3,21,Badger,10,13,11.5,35.1955715759,-106.641632737,Angostura Reach,Spring
2020,3,22,Bobcat,9.5,16,12.75,35.2010747789,-106.641162297,Angostura Reach,Spring
2020,3,23,BioPark,9,11.5,10.25,35.0799846256,-106.669723455,Angostura Reach,Spring
2020,3,24,Santo Domingo,.,.,.,35.50989,-106.3896,Cochiti Reach,Spring
2020,3,25,Crawford,13,16,14.5,34.637561057629,-106.74347269011,Isleta Reach,Spring
2020,3,26,Mesilla,32,54,43,32.248328,-106.821014,South of San Marcial Reach,Spring
2020,3,27,Bosque Farm,.,.,.,34.8477697505695,-106.714997116643,Isleta Reach,Spring
2020,3,28,Valle de Oro,.,.,.,34.9797688406,-106.680112434,Angostura Reach,Spring
2020,3,29,Albuquerque Overbank Project,.,12.5,12.5,35.0452081969,-106.665732215,Angostura Reach,Spring
2020,3,30,State Land Office,10,11,10.5,34.9679188689,-106.685667747,Angostura Reach,Spring
2020,3,31,San Jose,10,15.5,12.75,35.0124335977,-106.672728518,Angostura Reach,Spring
2020,3,32,Sandia,11,18,14.5,35.255,-106.5907,Angostura Reach,Spring
2020,3,33,Bosque del Apache,13,20,16.5,33.8196650872,-106.854014975,San Acacia Reach,Spring
2020,3,34,River Realignment,6.5,17.5,12,33.8227,-106.8419,San Acacia Reach,Spring
2020,4,1,Alameda,6.5,8,7.25,35.1880598884,-106.646949118,Angostura Reach,Spring
2020,4,2,Rio Grande Nature Center,4.25,5,4.625,35.1267624154,-106.688450012,Angostura Reach,Spring
2020,4,3,Los Lunas,0,0,0,34.8123850767529,-106.714471968474,Isleta Reach,Spring
2020,4,4,Belen,13,11.5,12.25,34.6481124155284,-106.737727748983,Isleta Reach,Spring
2020,4,5,Santa Ana,.,.,.,35.34284,-106.5458,Angostura Reach,Spring
2020,4,6,Savannah,3.5,7,5.25,35.1428674147,-106.681982289,Angostura Reach,Spring
2020,4,7,Lemitar,2.5,4,3.25,34.1670457032,-106.889953039,San Acacia Reach,Spring
2020,4,8,Hispanic Cultural Center,5.5,10,7.75,35.0688083802,-106.65807622,Angostura Reach,Spring
2020,4,10,Diversion,3,8.5,5.75,35.191618922399996,-106.643382687,Angostura Reach,Spring
2020,4,11,Calabacillas,3.75,8,5.875,35.1946222612,-106.646350963,Angostura Reach,Spring
2020,4,12,Minnow,2.5,2.5,2.5,35.1972256042,-106.644122231,Angostura Reach,Spring
2020,4,13,Harrison,3.5,8,5.75,35.0150622305,-106.673722917,Angostura Reach,Spring
2020,4,14,Sevilleta,4.5,8,6.25,34.2586573236,-106.883372761,San Acacia Reach,Spring
2020,4,15,Valencia Cleared,9.5,13,11.25,34.6486505386211,-106.739180486447,Isleta Reach,Spring
2020,4,16,Valencia Forest,7,13,10,34.6472147233729,-106.738922864063,Isleta Reach,Spring
2020,4,17,Montano,2.5,7,4.75,35.1452628545,-106.680332705,Angostura Reach,Spring
2020,4,18,Reynolds Cleared,8,13,10.5,34.6567454384498,-106.738602216398,Isleta Reach,Spring
2020,4,19,Reynolds Forest,.,14,14,34.657611462267496,-106.739436295579,Isleta Reach,Spring
2020,4,20,Route 66,3.25,5,4.125,35.1006512603,-106.691932797,Angostura Reach,Spring
2020,4,21,Badger,3.5,8.5,6,35.1955715759,-106.641632737,Angostura Reach,Spring
2020,4,22,Bobcat,4.5,8,6.25,35.2010747789,-106.641162297,Angostura Reach,Spring
2020,4,23,BioPark,4,.,4,35.0799846256,-106.669723455,Angostura Reach,Spring
2020,4,24,Santo Domingo,.,.,.,35.50989,-106.3896,Cochiti Reach,Spring
2020,4,25,Crawford,10,14,12,34.637561057629,-106.74347269011,Isleta Reach,Spring
2020,4,26,Mesilla,2,1,1.5,32.248328,-106.821014,South of San Marcial Reach,Spring
2020,4,27,Bosque Farm,.,.,.,34.8477697505695,-106.714997116643,Isleta Reach,Spring
2020,4,28,Valle de Oro,.,.,.,34.9797688406,-106.680112434,Angostura Reach,Spring
2020,4,29,Albuquerque Overbank Project,3,11,7,35.0452081969,-106.665732215,Angostura Reach,Spring
2020,4,30,State Land Office,5,7.5,6.25,34.9679188689,-106.685667747,Angostura Reach,Spring
2020,4,31,San Jose,5.5,8,6.75,35.0124335977,-106.672728518,Angostura Reach,Spring
2020,4,32,Sandia,.,.,.,35.255,-106.5907,Angostura Reach,Spring
2020,4,33,Bosque del Apache,5,7.5,6.25,33.8196650872,-106.854014975,San Acacia Reach,Spring
2020,4,34,River Realignment,5.5,7,6.25,33.8227,-106.8419,San Acacia Reach,Spring
2020,5,1,Alameda,6.5,1,3.75,35.1880598884,-106.646949118,Angostura Reach,Spring
2020,5,2,Rio Grande Nature Center,0.5,0.75,0.625,35.1267624154,-106.688450012,Angostura Reach,Spring
2020,5,3,Los Lunas,0,0,0,34.8123850767529,-106.714471968474,Isleta Reach,Spring
2020,5,4,Belen,0,0.5,0.25,34.6481124155284,-106.737727748983,Isleta Reach,Spring
2020,5,5,Santa Ana,.,.,.,35.34284,-106.5458,Angostura Reach,Spring
2020,5,6,Savannah,0,30,15,35.1428674147,-106.681982289,Angostura Reach,Spring
2020,5,7,Lemitar,15,14,14.5,34.1670457032,-106.889953039,San Acacia Reach,Spring
2020,5,8,Hispanic Cultural Center,0.5,0.85,0.675,35.0688083802,-106.65807622,Angostura Reach,Spring
2020,5,10,Diversion,0.5,2,1.25,35.191618922399996,-106.643382687,Angostura Reach,Spring
2020,5,11,Calabacillas,0,1,0.5,35.1946222612,-106.646350963,Angostura Reach,Spring
2020,5,12,Minnow,0,1,0.5,35.1972256042,-106.644122231,Angostura Reach,Spring
2020,5,13,Harrison,0.25,1,0.625,35.0150622305,-106.673722917,Angostura Reach,Spring
2020,5,14,Sevilleta,0.5,0.75,0.625,34.2586573236,-106.883372761,San Acacia Reach,Spring
2020,5,15,Valencia Cleared,0,0,0,34.6486505386211,-106.739180486447,Isleta Reach,Spring
2020,5,16,Valencia Forest,0.5,0,0.25,34.6472147233729,-106.738922864063,Isleta Reach,Spring
2020,5,17,Montano,0,0.5,0.25,35.1452628545,-106.680332705,Angostura Reach,Spring
2020,5,18,Reynolds Cleared,0,0,0,34.6567454384498,-106.738602216398,Isleta Reach,Spring
2020,5,19,Reynolds Forest,0,0,0,34.657611462267496,-106.739436295579,Isleta Reach,Spring
2020,5,20,Route 66,0.5,1,0.75,35.1006512603,-106.691932797,Angostura Reach,Spring
2020,5,21,Badger,0,.,0,35.1955715759,-106.641632737,Angostura Reach,Spring
2020,5,22,Bobcat,0,0.5,0.25,35.2010747789,-106.641162297,Angostura Reach,Spring
2020,5,23,BioPark,0,1,0.5,35.0799846256,-106.669723455,Angostura Reach,Spring
2020,5,24,Santo Domingo,.,.,.,35.50989,-106.3896,Cochiti Reach,Spring
2020,5,25,Crawford,0.5,0.5,0.5,34.637561057629,-106.74347269011,Isleta Reach,Spring
2020,5,26,Mesilla,0,0,0,32.248328,-106.821014,South of San Marcial Reach,Spring
2020,5,27,Bosque Farm,.,.,.,34.8477697505695,-106.714997116643,Isleta Reach,Spring
2020,5,28,Valle de Oro,.,.,.,34.9797688406,-106.680112434,Angostura Reach,Spring
2020,5,29,Albuquerque Overbank Project,1,3,2,35.0452081969,-106.665732215,Angostura Reach,Spring
2020,5,30,State Land Office,0,0.25,0.125,34.9679188689,-106.685667747,Angostura Reach,Spring
2020,5,31,San Jose,0,0.5,0.25,35.0124335977,-106.672728518,Angostura Reach,Spring
2020,5,32,Sandia,.,.,.,35.255,-106.5907,Angostura Reach,Spring
2020,5,33,Bosque del Apache,.,.,.,33.8196650872,-106.854014975,San Acacia Reach,Spring
2020,5,34,River Realignment,0,0,0,33.8227,-106.8419,San Acacia Reach,Spring
2020,6,1,Alameda,7,17.5,12.25,35.1880598884,-106.646949118,Angostura Reach,Monsoon
2020,6,2,Rio Grande Nature Center,15.5,19.5,17.5,35.1267624154,-106.688450012,Angostura Reach,Monsoon
2020,6,3,Los Lunas,.,3,3,34.8123850767529,-106.714471968474,Isleta Reach,Monsoon
2020,6,4,Belen,.,4.5,4.5,34.6481124155284,-106.737727748983,Isleta Reach,Monsoon
2020,6,5,Santa Ana,0,25,12.5,35.34284,-106.5458,Angostura Reach,Monsoon
2020,6,6,Savannah,0,25,12.5,35.1428674147,-106.681982289,Angostura Reach,Monsoon
2020,6,7,Lemitar,3.5,7.5,5.5,34.1670457032,-106.889953039,San Acacia Reach,Monsoon
2020,6,8,Hispanic Cultural Center,28,25,26.5,35.0688083802,-106.65807622,Angostura Reach,Monsoon
2020,6,10,Diversion,5,18,11.5,35.191618922399996,-106.643382687,Angostura Reach,Monsoon
2020,6,11,Calabacillas,10.5,17,13.75,35.1946222612,-106.646350963,Angostura Reach,Monsoon
2020,6,12,Minnow,7,6,6.5,35.1972256042,-106.644122231,Angostura Reach,Monsoon
2020,6,13,Harrison,46,60,53,35.0150622305,-106.673722917,Angostura Reach,Monsoon
2020,6,14,Sevilleta,1.5,4,2.75,34.2586573236,-106.883372761,San Acacia Reach,Monsoon
2020,6,15,Valencia Cleared,.,4,4,34.6486505386211,-106.739180486447,Isleta Reach,Monsoon
2020,6,16,Valencia Forest,.,3.2,3.2,34.6472147233729,-106.738922864063,Isleta Reach,Monsoon
2020,6,17,Montano,6.5,24,15.25,35.1452628545,-106.680332705,Angostura Reach,Monsoon
2020,6,18,Reynolds Cleared,0,2.5,1.25,34.6567454384498,-106.738602216398,Isleta Reach,Monsoon
2020,6,19,Reynolds Forest,1,5.5,3.25,34.657611462267496,-106.739436295579,Isleta Reach,Monsoon
2020,6,20,Route 66,12,23,17.5,35.1006512603,-106.691932797,Angostura Reach,Monsoon
2020,6,21,Badger,8,15.25,11.625,35.1955715759,-106.641632737,Angostura Reach,Monsoon
2020,6,22,Bobcat,5,15,10,35.2010747789,-106.641162297,Angostura Reach,Monsoon
2020,6,23,BioPark,16.5,26,21.25,35.0799846256,-106.669723455,Angostura Reach,Monsoon
2020,6,24,Santo Domingo,.,.,.,35.50989,-106.3896,Cochiti Reach,Monsoon
2020,6,25,Crawford,1.5,5,3.25,34.637561057629,-106.74347269011,Isleta Reach,Monsoon
2020,6,26,Mesilla,7,12,9.5,32.248328,-106.821014,South of San Marcial Reach,Monsoon
2020,6,27,Bosque Farm,.,.,.,34.8477697505695,-106.714997116643,Isleta Reach,Monsoon
2020,6,28,Valle de Oro,.,.,.,34.9797688406,-106.680112434,Angostura Reach,Monsoon
2020,6,29,Albuquerque Overbank Project,15,35,25,35.0452081969,-106.665732215,Angostura Reach,Monsoon
2020,6,30,State Land Office,9,14,11.5,34.9679188689,-106.685667747,Angostura Reach,Monsoon
2020,6,31,San Jose,38,57,47.5,35.0124335977,-106.672728518,Angostura Reach,Monsoon
2020,6,32,Sandia,.,.,.,35.255,-106.5907,Angostura Reach,Monsoon
2020,6,33,Bosque del Apache,2,.,2,33.8196650872,-106.854014975,San Acacia Reach,Monsoon
2020,6,34,River Realignment,0,4.5,2.25,33.8227,-106.8419,San Acacia Reach,Monsoon
2020,7,1,Alameda,4,8,6,35.1880598884,-106.646949118,Angostura Reach,Monsoon
2020,7,2,Rio Grande Nature Center,10,12.5,11.25,35.1267624154,-106.688450012,Angostura Reach,Monsoon
2020,7,3,Los Lunas,0,3,1.5,34.8123850767529,-106.714471968474,Isleta Reach,Monsoon
2020,7,4,Belen,0.5,.,0.5,34.6481124155284,-106.737727748983,Isleta Reach,Monsoon
2020,7,5,Santa Ana,.,.,.,35.34284,-106.5458,Angostura Reach,Monsoon
2020,7,6,Savannah,0,2,1,35.1428674147,-106.681982289,Angostura Reach,Monsoon
2020,7,7,Lemitar,36,37,36.5,34.1670457032,-106.889953039,San Acacia Reach,Monsoon
2020,7,8,Hispanic Cultural Center,2,.,2,35.0688083802,-106.65807622,Angostura Reach,Monsoon
2020,7,10,Diversion,5,5,5,35.191618922399996,-106.643382687,Angostura Reach,Monsoon
2020,7,11,Calabacillas,0,2,1,35.1946222612,-106.646350963,Angostura Reach,Monsoon
2020,7,12,Minnow,0.5,3,1.75,35.1972256042,-106.644122231,Angostura Reach,Monsoon
2020,7,13,Harrison,0.5,3,1.75,35.0150622305,-106.673722917,Angostura Reach,Monsoon
2020,7,14,Sevilleta,15,35,25,34.2586573236,-106.883372761,San Acacia Reach,Monsoon
2020,7,15,Valencia Cleared,0,1.8,0.9,34.6486505386211,-106.739180486447,Isleta Reach,Monsoon
2020,7,16,Valencia Forest,0,1.8,0.9,34.6472147233729,-106.738922864063,Isleta Reach,Monsoon
2020,7,17,Montano,0,2.5,1.25,35.1452628545,-106.680332705,Angostura Reach,Monsoon
2020,7,18,Reynolds Cleared,0,1,0.5,34.6567454384498,-106.738602216398,Isleta Reach,Monsoon
2020,7,19,Reynolds Forest,2.5,1,1.75,34.657611462267496,-106.739436295579,Isleta Reach,Monsoon
2020,7,20,Route 66,9,17,13,35.1006512603,-106.691932797,Angostura Reach,Monsoon
2020,7,21,Badger,6.5,12,9.25,35.1955715759,-106.641632737,Angostura Reach,Monsoon
2020,7,22,Bobcat,0.5,4.5,2.5,35.2010747789,-106.641162297,Angostura Reach,Monsoon
2020,7,23,BioPark,10,18,14,35.0799846256,-106.669723455,Angostura Reach,Monsoon
2020,7,24,Santo Domingo,.,.,.,35.50989,-106.3896,Cochiti Reach,Monsoon
2020,7,25,Crawford,2.4,6,4.2,34.637561057629,-106.74347269011,Isleta Reach,Monsoon
2020,7,26,Mesilla,16,28,22,32.248328,-106.821014,South of San Marcial Reach,Monsoon
2020,7,27,Bosque Farm,.,.,.,34.8477697505695,-106.714997116643,Isleta Reach,Monsoon
2020,7,28,Valle de Oro,.,.,.,34.9797688406,-106.680112434,Angostura Reach,Monsoon
2020,7,29,Albuquerque Overbank Project,2.75,4,3.375,35.0452081969,-106.665732215,Angostura Reach,Monsoon
2020,7,30,State Land Office,1,2.5,1.75,34.9679188689,-106.685667747,Angostura Reach,Monsoon
2020,7,31,San Jose,2.5,5,3.75,35.0124335977,-106.672728518,Angostura Reach,Monsoon
2020,7,32,Sandia,.,.,.,35.255,-106.5907,Angostura Reach,Monsoon
2020,7,33,Bosque del Apache,8,10,9,33.8196650872,-106.854014975,San Acacia Reach,Monsoon
2020,7,34,River Realignment,0,12,6,33.8227,-106.8419,San Acacia Reach,Monsoon
2020,8,1,Alameda,9,22,15.5,35.1880598884,-106.646949118,Angostura Reach,Monsoon
2020,8,2,Rio Grande Nature Center,17,19,18,35.1267624154,-106.688450012,Angostura Reach,Monsoon
2020,8,3,Los Lunas,37,62,49.5,34.8123850767529,-106.714471968474,Isleta Reach,Monsoon
2020,8,4,Belen,51,26,38.5,34.6481124155284,-106.737727748983,Isleta Reach,Monsoon
2020,8,5,Santa Ana,.,.,.,35.34284,-106.5458,Angostura Reach,Monsoon
2020,8,6,Savannah,12,39.5,25.75,35.1428674147,-106.681982289,Angostura Reach,Monsoon
2020,8,7,Lemitar,18,23,20.5,34.1670457032,-106.889953039,San Acacia Reach,Monsoon
2020,8,8,Hispanic Cultural Center,27,19,23,35.0688083802,-106.65807622,Angostura Reach,Monsoon
2020,8,10,Diversion,10.5,24,17.25,35.191618922399996,-106.643382687,Angostura Reach,Monsoon
2020,8,11,Calabacillas,21,30,25.5,35.1946222612,-106.646350963,Angostura Reach,Monsoon
2020,8,12,Minnow,15,35,25,35.1972256042,-106.644122231,Angostura Reach,Monsoon
2020,8,13,Harrison,9,27,18,35.0150622305,-106.673722917,Angostura Reach,Monsoon
2020,8,14,Sevilleta,16,33,24.5,34.2586573236,-106.883372761,San Acacia Reach,Monsoon
2020,8,15,Valencia Cleared,29,48,38.5,34.6486505386211,-106.739180486447,Isleta Reach,Monsoon
2020,8,16,Valencia Forest,28,51,39.5,34.6472147233729,-106.738922864063,Isleta Reach,Monsoon
2020,8,17,Montano,18,40,29,35.1452628545,-106.680332705,Angostura Reach,Monsoon
2020,8,18,Reynolds Cleared,23,45,34,34.6567454384498,-106.738602216398,Isleta Reach,Monsoon
2020,8,19,Reynolds Forest,31,42,36.5,34.657611462267496,-106.739436295579,Isleta Reach,Monsoon
2020,8,20,Route 66,10,27,18.5,35.1006512603,-106.691932797,Angostura Reach,Monsoon
2020,8,21,Badger,7,18,12.5,35.1955715759,-106.641632737,Angostura Reach,Monsoon
2020,8,22,Bobcat,13,28,20.5,35.2010747789,-106.641162297,Angostura Reach,Monsoon
2020,8,23,BioPark,17,29,23,35.0799846256,-106.669723455,Angostura Reach,Monsoon
2020,8,24,Santo Domingo,.,.,.,35.50989,-106.3896,Cochiti Reach,Monsoon
2020,8,25,Crawford,40,54,47,34.637561057629,-106.74347269011,Isleta Reach,Monsoon
2020,8,26,Mesilla,5.5,12,8.75,32.248328,-106.821014,South of San Marcial Reach,Monsoon
2020,8,27,Bosque Farm,.,.,.,34.8477697505695,-106.714997116643,Isleta Reach,Monsoon
2020,8,28,Valle de Oro,.,.,.,34.9797688406,-106.680112434,Angostura Reach,Monsoon
2020,8,29,Albuquerque Overbank Project,13,40,26.5,35.0452081969,-106.665732215,Angostura Reach,Monsoon
2020,8,30,State Land Office,41,59,50,34.9679188689,-106.685667747,Angostura Reach,Monsoon
2020,8,31,San Jose,22,26,24,35.0124335977,-106.672728518,Angostura Reach,Monsoon
2020,8,32,Sandia,.,.,.,35.255,-106.5907,Angostura Reach,Monsoon
2020,8,33,Bosque del Apache,30,.,30,33.8196650872,-106.854014975,San Acacia Reach,Monsoon
2020,8,34,River Realignment,38,32,35,33.8227,-106.8419,San Acacia Reach,Monsoon
2020,9,1,Alameda,5.1,5,5.05,35.1880598884,-106.646949118,Angostura Reach,Fall
2020,9,2,Rio Grande Nature Center,6,6.5,6.25,35.1267624154,-106.688450012,Angostura Reach,Fall
2020,9,3,Los Lunas,11.75,22,16.875,34.8123850767529,-106.714471968474,Isleta Reach,Fall
2020,9,4,Belen,15.5,18,16.75,34.6481124155284,-106.737727748983,Isleta Reach,Fall
2020,9,5,Santa Ana,.,.,.,35.34284,-106.5458,Angostura Reach,Fall
2020,9,6,Savannah,0,7,3.5,35.1428674147,-106.681982289,Angostura Reach,Fall
2020,9,7,Lemitar,13,18,15.5,34.1670457032,-106.889953039,San Acacia Reach,Fall
2020,9,8,Hispanic Cultural Center,12,0,6,35.0688083802,-106.65807622,Angostura Reach,Fall
2020,9,10,Diversion,3.5,4,3.75,35.191618922399996,-106.643382687,Angostura Reach,Fall
2020,9,11,Calabacillas,6,9.5,7.75,35.1946222612,-106.646350963,Angostura Reach,Fall
2020,9,12,Minnow,4.5,8.5,6.5,35.1972256042,-106.644122231,Angostura Reach,Fall
2020,9,13,Harrison,15.5,24,19.75,35.0150622305,-106.673722917,Angostura Reach,Fall
2020,9,14,Sevilleta,9,19,14,34.2586573236,-106.883372761,San Acacia Reach,Fall
2020,9,15,Valencia Cleared,12,19,15.5,34.6486505386211,-106.739180486447,Isleta Reach,Fall
2020,9,16,Valencia Forest,9.5,19,14.25,34.6472147233729,-106.738922864063,Isleta Reach,Fall
2020,9,17,Montano,0,7,3.5,35.1452628545,-106.680332705,Angostura Reach,Fall
2020,9,18,Reynolds Cleared,16,21,18.5,34.6567454384498,-106.738602216398,Isleta Reach,Fall
2020,9,19,Reynolds Forest,18,21,19.5,34.657611462267496,-106.739436295579,Isleta Reach,Fall
2020,9,20,Route 66,2.5,7,4.75,35.1006512603,-106.691932797,Angostura Reach,Fall
2020,9,21,Badger,3.5,7.5,5.5,35.1955715759,-106.641632737,Angostura Reach,Fall
2020,9,22,Bobcat,3,8,5.5,35.2010747789,-106.641162297,Angostura Reach,Fall
2020,9,23,BioPark,7.5,12,9.75,35.0799846256,-106.669723455,Angostura Reach,Fall
2020,9,24,Santo Domingo,.,.,.,35.50989,-106.3896,Cochiti Reach,Fall
2020,9,25,Crawford,18.5,26,22.25,34.637561057629,-106.74347269011,Isleta Reach,Fall
2020,9,26,Mesilla,21,41,31,32.248328,-106.821014,South of San Marcial Reach,Fall
2020,9,27,Bosque Farm,.,.,.,34.8477697505695,-106.714997116643,Isleta Reach,Fall
2020,9,28,Valle de Oro,.,.,.,34.9797688406,-106.680112434,Angostura Reach,Fall
2020,9,29,Albuquerque Overbank Project,11,28,19.5,35.0452081969,-106.665732215,Angostura Reach,Fall
2020,9,30,State Land Office,15.25,13,14.125,34.9679188689,-106.685667747,Angostura Reach,Fall
2020,9,31,San Jose,14,26,20,35.0124335977,-106.672728518,Angostura Reach,Fall
2020,9,32,Sandia,.,.,.,35.255,-106.5907,Angostura Reach,Fall
2020,9,33,Bosque del Apache,16,.,16,33.8196650872,-106.854014975,San Acacia Reach,Fall
2020,9,34,River Realignment,12,25,18.5,33.8227,-106.8419,San Acacia Reach,Fall
2020,10,1,Alameda,0,0,0,35.1880598884,-106.646949118,Angostura Reach,Fall
2020,10,2,Rio Grande Nature Center,0,0,0,35.1267624154,-106.688450012,Angostura Reach,Fall
2020,10,3,Los Lunas,.,.,.,34.8123850767529,-106.714471968474,Isleta Reach,Fall
2020,10,4,Belen,0,0,0,34.6481124155284,-106.737727748983,Isleta Reach,Fall
2020,10,5,Santa Ana,.,.,.,35.34284,-106.5458,Angostura Reach,Fall
2020,10,6,Savannah,0,0,0,35.1428674147,-106.681982289,Angostura Reach,Fall
2020,10,7,Lemitar,0,0,0,34.1670457032,-106.889953039,San Acacia Reach,Fall
2020,10,8,Hispanic Cultural Center,0,0,0,35.0688083802,-106.65807622,Angostura Reach,Fall
2020,10,10,Diversion,0,0,0,35.191618922399996,-106.643382687,Angostura Reach,Fall
2020,10,11,Calabacillas,0.5,2,1.25,35.1946222612,-106.646350963,Angostura Reach,Fall
2020,10,12,Minnow,0,2,1,35.1972256042,-106.644122231,Angostura Reach,Fall
2020,10,13,Harrison,.,0,0,35.0150622305,-106.673722917,Angostura Reach,Fall
2020,10,14,Sevilleta,0,0,0,34.2586573236,-106.883372761,San Acacia Reach,Fall
2020,10,15,Valencia Cleared,0,0,0,34.6486505386211,-106.739180486447,Isleta Reach,Fall
2020,10,16,Valencia Forest,0,0,0,34.6472147233729,-106.738922864063,Isleta Reach,Fall
2020,10,17,Montano,0,0,0,35.1452628545,-106.680332705,Angostura Reach,Fall
2020,10,18,Reynolds Cleared,0,0,0,34.6567454384498,-106.738602216398,Isleta Reach,Fall
2020,10,19,Reynolds Forest,0,0,0,34.657611462267496,-106.739436295579,Isleta Reach,Fall
2020,10,20,Route 66,0,0,0,35.1006512603,-106.691932797,Angostura Reach,Fall
2020,10,21,Badger,0,0,0,35.1955715759,-106.641632737,Angostura Reach,Fall
2020,10,22,Bobcat,0,2,1,35.2010747789,-106.641162297,Angostura Reach,Fall
2020,10,23,BioPark,0,0,0,35.0799846256,-106.669723455,Angostura Reach,Fall
2020,10,24,Santo Domingo,.,.,.,35.50989,-106.3896,Cochiti Reach,Fall
2020,10,25,Crawford,0,0,0,34.637561057629,-106.74347269011,Isleta Reach,Fall
2020,10,26,Mesilla,0,0,0,32.248328,-106.821014,South of San Marcial Reach,Fall
2020,10,27,Bosque Farm,.,.,.,34.8477697505695,-106.714997116643,Isleta Reach,Fall
2020,10,28,Valle de Oro,.,.,.,34.9797688406,-106.680112434,Angostura Reach,Fall
2020,10,29,Albuquerque Overbank Project,0,0,0,35.0452081969,-106.665732215,Angostura Reach,Fall
2020,10,30,State Land Office,0,0,0,34.9679188689,-106.685667747,Angostura Reach,Fall
2020,10,31,San Jose,0,0,0,35.0124335977,-106.672728518,Angostura Reach,Fall
2020,10,32,Sandia,.,.,.,35.255,-106.5907,Angostura Reach,Fall
2020,10,33,Bosque del Apache,0,0,0,33.8196650872,-106.854014975,San Acacia Reach,Fall
2020,10,34,River Realignment,0,0,0,33.8227,-106.8419,San Acacia Reach,Fall
2020,11,1,Alameda,14,.,14,35.1880598884,-106.646949118,Angostura Reach,Winter
2020,11,2,Rio Grande Nature Center,12,11,11.5,35.1267624154,-106.688450012,Angostura Reach,Winter
2020,11,3,Los Lunas,.,.,.,34.8123850767529,-106.714471968474,Isleta Reach,Winter
2020,11,4,Belen,12,13.8,12.9,34.6481124155284,-106.737727748983,Isleta Reach,Winter
2020,11,5,Santa Ana,.,.,.,35.34284,-106.5458,Angostura Reach,Winter
2020,11,6,Savannah,0,16,8,35.1428674147,-106.681982289,Angostura Reach,Winter
2020,11,7,Lemitar,11,13,12,34.1670457032,-106.889953039,San Acacia Reach,Winter
2020,11,8,Hispanic Cultural Center,13,.,13,35.0688083802,-106.65807622,Angostura Reach,Winter
2020,11,10,Diversion,0.5,13.5,7,35.191618922399996,-106.643382687,Angostura Reach,Winter
2020,11,11,Calabacillas,12,14,13,35.1946222612,-106.646350963,Angostura Reach,Winter
2020,11,12,Minnow,12,.,12,35.1972256042,-106.644122231,Angostura Reach,Winter
2020,11,13,Harrison,5.5,10,7.75,35.0150622305,-106.673722917,Angostura Reach,Winter
2020,11,14,Sevilleta,9,14,11.5,34.2586573236,-106.883372761,San Acacia Reach,Winter
2020,11,15,Valencia Cleared,11,14.2,12.6,34.6486505386211,-106.739180486447,Isleta Reach,Winter
2020,11,16,Valencia Forest,12.5,13.5,13,34.6472147233729,-106.738922864063,Isleta Reach,Winter
2020,11,17,Montano,12,13,12.5,35.1452628545,-106.680332705,Angostura Reach,Winter
2020,11,18,Reynolds Cleared,12,15,13.5,34.6567454384498,-106.738602216398,Isleta Reach,Winter
2020,11,19,Reynolds Forest,13,15,14,34.657611462267496,-106.739436295579,Isleta Reach,Winter
2020,11,20,Route 66,12,14,13,35.1006512603,-106.691932797,Angostura Reach,Winter
2020,11,21,Badger,10,11.5,10.75,35.1955715759,-106.641632737,Angostura Reach,Winter
2020,11,22,Bobcat,12.5,12,12.25,35.2010747789,-106.641162297,Angostura Reach,Winter
2020,11,23,BioPark,12,13,12.5,35.0799846256,-106.669723455,Angostura Reach,Winter
2020,11,24,Santo Domingo,.,.,.,35.50989,-106.3896,Cochiti Reach,Winter
2020,11,25,Crawford,15,17.5,16.25,34.637561057629,-106.74347269011,Isleta Reach,Winter
2020,11,26,Mesilla,8,11.5,9.75,32.248328,-106.821014,South of San Marcial Reach,Winter
2020,11,27,Bosque Farm,.,.,.,34.8477697505695,-106.714997116643,Isleta Reach,Winter
2020,11,28,Valle de Oro,.,.,.,34.9797688406,-106.680112434,Angostura Reach,Winter
2020,11,29,Albuquerque Overbank Project,9.75,12,10.875,35.0452081969,-106.665732215,Angostura Reach,Winter
2020,11,30,State Land Office,8,9,8.5,34.9679188689,-106.685667747,Angostura Reach,Winter
2020,11,31,San Jose,8.5,12,10.25,35.0124335977,-106.672728518,Angostura Reach,Winter
2020,11,32,Sandia,12,8.5,10.25,35.255,-106.5907,Angostura Reach,Winter
2020,11,33,Bosque del Apache,10,.,10,33.8196650872,-106.854014975,San Acacia Reach,Winter
2020,11,34,River Realignment,0.38,0.42,0.4,33.8227,-106.8419,San Acacia Reach,Winter
2020,12,1,Alameda,9,12,10.5,35.1880598884,-106.646949118,Angostura Reach,Winter
2020,12,2,Rio Grande Nature Center,8.75,10,9.375,35.1267624154,-106.688450012,Angostura Reach,Winter
2020,12,3,Los Lunas,10,21,15.5,34.8123850767529,-106.714471968474,Isleta Reach,Winter
2020,12,4,Belen,12,9.98,10.99,34.6481124155284,-106.737727748983,Isleta Reach,Winter
2020,12,5,Santa Ana,14,16.5,15.25,35.34284,-106.5458,Angostura Reach,Winter
2020,12,6,Savannah,7.5,11,9.25,35.1428674147,-106.681982289,Angostura Reach,Winter
2020,12,7,Lemitar,14,16,15,34.1670457032,-106.889953039,San Acacia Reach,Winter
2020,12,8,Hispanic Cultural Center,6.5,9,7.75,35.0688083802,-106.65807622,Angostura Reach,Winter
2020,12,10,Diversion,8,13.5,10.75,35.191618922399996,-106.643382687,Angostura Reach,Winter
2020,12,11,Calabacillas,9.5,12.5,11,35.1946222612,-106.646350963,Angostura Reach,Winter
2020,12,12,Minnow,8,12,10,35.1972256042,-106.644122231,Angostura Reach,Winter
2020,12,13,Harrison,4.5,5,4.75,35.0150622305,-106.673722917,Angostura Reach,Winter
2020,12,14,Sevilleta,10,13,11.5,34.2586573236,-106.883372761,San Acacia Reach,Winter
2020,12,15,Valencia Cleared,6.5,10.3,8.4,34.6486505386211,-106.739180486447,Isleta Reach,Winter
2020,12,16,Valencia Forest,6.7,10,8.35,34.6472147233729,-106.738922864063,Isleta Reach,Winter
2020,12,17,Montano,5,110,57.5,35.1452628545,-106.680332705,Angostura Reach,Winter
2020,12,18,Reynolds Cleared,6.5,10,8.25,34.6567454384498,-106.738602216398,Isleta Reach,Winter
2020,12,19,Reynolds Forest,9,12,10.5,34.657611462267496,-106.739436295579,Isleta Reach,Winter
2020,12,20,Route 66,5.5,11,8.25,35.1006512603,-106.691932797,Angostura Reach,Winter
2020,12,21,Badger,8,12,10,35.1955715759,-106.641632737,Angostura Reach,Winter
2020,12,22,Bobcat,8,2.25,5.125,35.2010747789,-106.641162297,Angostura Reach,Winter
2020,12,23,BioPark,10,7,8.5,35.0799846256,-106.669723455,Angostura Reach,Winter
2020,12,24,Santo Domingo,.,.,.,35.50989,-106.3896,Cochiti Reach,Winter
2020,12,25,Crawford,11,14.2,12.6,34.637561057629,-106.74347269011,Isleta Reach,Winter
2020,12,26,Mesilla,5,7,6,32.248328,-106.821014,South of San Marcial Reach,Winter
2020,12,27,Bosque Farm,.,.,.,34.8477697505695,-106.714997116643,Isleta Reach,Winter
2020,12,28,Valle de Oro,.,.,.,34.9797688406,-106.680112434,Angostura Reach,Winter
2020,12,29,Albuquerque Overbank Project,3.25,6,4.625,35.0452081969,-106.665732215,Angostura Reach,Winter
2020,12,30,State Land Office,4,5.5,4.75,34.9679188689,-106.685667747,Angostura Reach,Winter
2020,12,31,San Jose,7,5.5,6.25,35.0124335977,-106.672728518,Angostura Reach,Winter
2020,12,32,Sandia,10,15,12.5,35.255,-106.5907,Angostura Reach,Winter
2020,12,33,Bosque del Apache,8,.,8,33.8196650872,-106.854014975,San Acacia Reach,Winter
2020,12,34,River Realignment,19,12,15.5,33.8227,-106.8419,San Acacia Reach,Winter
2021,1,1,Alameda,1.25,1.125,1.1875,35.1880598884,-106.646949118,Angostura Reach,Winter
2021,1,2,Rio Grande Nature Center,1.25,1.5,1.375,35.1267624154,-106.688450012,Angostura Reach,Winter
2021,1,3,Los Lunas,0,0,0,34.8123850767529,-106.714471968474,Isleta Reach,Winter
2021,1,4,Belen,4.8,3.8,4.3,34.6481124155284,-106.737727748983,Isleta Reach,Winter
2021,1,5,Santa Ana,0.75,1,0.875,35.34284,-106.5458,Angostura Reach,Winter
2021,1,6,Savannah,2,1,1.5,35.1428674147,-106.681982289,Angostura Reach,Winter
2021,1,7,Lemitar,2,3,2.5,34.1670457032,-106.889953039,San Acacia Reach,Winter
2021,1,8,Hispanic Cultural Center,1,1,1,35.0688083802,-106.65807622,Angostura Reach,Winter
2021,1,10,Diversion,1.25,2.4,1.825,35.191618922399996,-106.643382687,Angostura Reach,Winter
2021,1,11,Calabacillas,0.5,1.5,1,35.1946222612,-106.646350963,Angostura Reach,Winter
2021,1,12,Minnow,0.5,1,0.75,35.1972256042,-106.644122231,Angostura Reach,Winter
2021,1,13,Harrison,0,0.75,0.375,35.0150622305,-106.673722917,Angostura Reach,Winter
2021,1,14,Sevilleta,1.5,2.5,2,34.2586573236,-106.883372761,San Acacia Reach,Winter
2021,1,15,Valencia Cleared,2,3,2.5,34.6486505386211,-106.739180486447,Isleta Reach,Winter
2021,1,16,Valencia Forest,1.5,2.5,2,34.6472147233729,-106.738922864063,Isleta Reach,Winter
2021,1,17,Montano,1,1.5,1.25,35.1452628545,-106.680332705,Angostura Reach,Winter
2021,1,18,Reynolds Cleared,0,1.3,0.65,34.6567454384498,-106.738602216398,Isleta Reach,Winter
2021,1,19,Reynolds Forest,1,1.6,1.3,34.657611462267496,-106.739436295579,Isleta Reach,Winter
2021,1,20,Route 66,1.5,5,3.25,35.1006512603,-106.691932797,Angostura Reach,Winter
2021,1,21,Badger,0.75,1.25,1,35.1955715759,-106.641632737,Angostura Reach,Winter
2021,1,22,Bobcat,.,1,1,35.2010747789,-106.641162297,Angostura Reach,Winter
2021,1,23,BioPark,0.75,1,0.875,35.0799846256,-106.669723455,Angostura Reach,Winter
2021,1,24,Santo Domingo,.,.,.,35.50989,-106.3896,Cochiti Reach,Winter
2021,1,25,Crawford,2.9,6.5,4.7,34.637561057629,-106.74347269011,Isleta Reach,Winter
2021,1,26,Mesilla,0.5,.,0.5,32.248328,-106.821014,South of San Marcial Reach,Winter
2021,1,27,Bosque Farm,.,.,.,34.8477697505695,-106.714997116643,Isleta Reach,Winter
2021,1,28,Valle de Oro,.,.,.,34.9797688406,-106.680112434,Angostura Reach,Winter
2021,1,29,Albuquerque Overbank Project,0,0,0,35.0452081969,-106.665732215,Angostura Reach,Winter
2021,1,30,State Land Office,1,1,1,34.9679188689,-106.685667747,Angostura Reach,Winter
2021,1,31,San Jose,1,0.75,0.875,35.0124335977,-106.672728518,Angostura Reach,Winter
2021,1,32,Sandia,0.9,0.8,0.8500000000000001,35.255,-106.5907,Angostura Reach,Winter
2021,1,33,Bosque del Apache,1.5,.,1.5,33.8196650872,-106.854014975,San Acacia Reach,Winter
2021,1,34,River Realignment,0,2,1,33.8227,-106.8419,San Acacia Reach,Winter
2021,2,1,Alameda,5,7,6,35.1880598884,-106.646949118,Angostura Reach,Winter
2021,2,2,Rio Grande Nature Center,9.5,10.5,10,35.1267624154,-106.688450012,Angostura Reach,Winter
2021,2,3,Los Lunas,6,9.5,7.75,34.8123850767529,-106.714471968474,Isleta Reach,Winter
2021,2,4,Belen,10,14.5,12.25,34.6481124155284,-106.737727748983,Isleta Reach,Winter
2021,2,5,Santa Ana,10,14,12,35.34284,-106.5458,Angostura Reach,Winter
2021,2,6,Savannah,4.5,77.5,41,35.1428674147,-106.681982289,Angostura Reach,Winter
2021,2,7,Lemitar,4.9,6.25,5.575,34.1670457032,-106.889953039,San Acacia Reach,Winter
2021,2,8,Hispanic Cultural Center,5,6,5.5,35.0688083802,-106.65807622,Angostura Reach,Winter
2021,2,10,Diversion,6.5,9.5,8,35.191618922399996,-106.643382687,Angostura Reach,Winter
2021,2,11,Calabacillas,.,8,8,35.1946222612,-106.646350963,Angostura Reach,Winter
2021,2,12,Minnow,5,6,5.5,35.1972256042,-106.644122231,Angostura Reach,Winter
2021,2,13,Harrison,3,6,4.5,35.0150622305,-106.673722917,Angostura Reach,Winter
2021,2,14,Sevilleta,3.5,4.75,4.125,34.2586573236,-106.883372761,San Acacia Reach,Winter
2021,2,15,Valencia Cleared,9,14,11.5,34.6486505386211,-106.739180486447,Isleta Reach,Winter
2021,2,16,Valencia Forest,13,.,13,34.6472147233729,-106.738922864063,Isleta Reach,Winter
2021,2,17,Montano,4,6,5,35.1452628545,-106.680332705,Angostura Reach,Winter
2021,2,18,Reynolds Cleared,9.5,12.5,11,34.6567454384498,-106.738602216398,Isleta Reach,Winter
2021,2,19,Reynolds Forest,7.5,12.5,10,34.657611462267496,-106.739436295579,Isleta Reach,Winter
2021,2,20,Route 66,6.5,12.5,9.5,35.1006512603,-106.691932797,Angostura Reach,Winter
2021,2,21,Badger,4.5,6,5.25,35.1955715759,-106.641632737,Angostura Reach,Winter
2021,2,22,Bobcat,5,.,5,35.2010747789,-106.641162297,Angostura Reach,Winter
2021,2,23,BioPark,6.5,0,3.25,35.0799846256,-106.669723455,Angostura Reach,Winter
2021,2,24,Santo Domingo,.,.,.,35.50989,-106.3896,Cochiti Reach,Winter
2021,2,25,Crawford,10.5,18,14.25,34.637561057629,-106.74347269011,Isleta Reach,Winter
2021,2,26,Mesilla,4,6,5,32.248328,-106.821014,South of San Marcial Reach,Winter
2021,2,27,Bosque Farm,.,.,.,34.8477697505695,-106.714997116643,Isleta Reach,Winter
2021,2,28,Valle de Oro,.,.,.,34.9797688406,-106.680112434,Angostura Reach,Winter
2021,2,29,Albuquerque Overbank Project,5,7,6,35.0452081969,-106.665732215,Angostura Reach,Winter
2021,2,30,State Land Office,10,12,11,34.9679188689,-106.685667747,Angostura Reach,Winter
2021,2,31,San Jose,7,8,7.5,35.0124335977,-106.672728518,Angostura Reach,Winter
2021,2,32,Sandia,8,10,9,35.255,-106.5907,Angostura Reach,Winter
2021,2,33,Bosque del Apache,4.5,8,6.25,33.8196650872,-106.854014975,San Acacia Reach,Winter
2021,2,34,River Realignment,4.5,5.5,5,33.8227,-106.8419,San Acacia Reach,Winter
2021,3,1,Alameda,0,0,0,35.1880598884,-106.646949118,Angostura Reach,Spring
2021,3,2,Rio Grande Nature Center,0,0,0,35.1267624154,-106.688450012,Angostura Reach,Spring
2021,3,3,Los Lunas,0.75,0,0.375,34.8123850767529,-106.714471968474,Isleta Reach,Spring
2021,3,4,Belen,0.75,0,0.375,34.6481124155284,-106.737727748983,Isleta Reach,Spring
2021,3,5,Santa Ana,0,3.75,1.875,35.34284,-106.5458,Angostura Reach,Spring
2021,3,6,Savannah,2,7,4.5,35.1428674147,-106.681982289,Angostura Reach,Spring
2021,3,7,Lemitar,0,0,0,34.1670457032,-106.889953039,San Acacia Reach,Spring
2021,3,8,Hispanic Cultural Center,1,1,1,35.0688083802,-106.65807622,Angostura Reach,Spring
2021,3,10,Diversion,0,0,0,35.191618922399996,-106.643382687,Angostura Reach,Spring
2021,3,11,Calabacillas,.,0.025,0.025,35.1946222612,-106.646350963,Angostura Reach,Spring
2021,3,12,Minnow,0,0.025,0.0125,35.1972256042,-106.644122231,Angostura Reach,Spring
2021,3,13,Harrison,2.5,3,2.75,35.0150622305,-106.673722917,Angostura Reach,Spring
2021,3,14,Sevilleta,0,0,0,34.2586573236,-106.883372761,San Acacia Reach,Spring
2021,3,15,Valencia Cleared,0,0,0,34.6486505386211,-106.739180486447,Isleta Reach,Spring
2021,3,16,Valencia Forest,.,0.5,0.5,34.6472147233729,-106.738922864063,Isleta Reach,Spring
2021,3,17,Montano,8,11,9.5,35.1452628545,-106.680332705,Angostura Reach,Spring
2021,3,18,Reynolds Cleared,0,0,0,34.6567454384498,-106.738602216398,Isleta Reach,Spring
2021,3,19,Reynolds Forest,0,0,0,34.657611462267496,-106.739436295579,Isleta Reach,Spring
2021,3,20,Route 66,0,0,0,35.1006512603,-106.691932797,Angostura Reach,Spring
2021,3,21,Badger,0,0,0,35.1955715759,-106.641632737,Angostura Reach,Spring
2021,3,22,Bobcat,0.25,0.25,0.25,35.2010747789,-106.641162297,Angostura Reach,Spring
2021,3,23,BioPark,2.75,.,2.75,35.0799846256,-106.669723455,Angostura Reach,Spring
2021,3,24,Santo Domingo,.,.,.,35.50989,-106.3896,Cochiti Reach,Spring
2021,3,25,Crawford,0.5,0.5,0.5,34.637561057629,-106.74347269011,Isleta Reach,Spring
2021,3,26,Mesilla,0,0,0,32.248328,-106.821014,South of San Marcial Reach,Spring
2021,3,27,Bosque Farm,.,.,.,34.8477697505695,-106.714997116643,Isleta Reach,Spring
2021,3,28,Valle de Oro,.,.,.,34.9797688406,-106.680112434,Angostura Reach,Spring
2021,3,29,Albuquerque Overbank Project,3,3.5,3.25,35.0452081969,-106.665732215,Angostura Reach,Spring
2021,3,30,State Land Office,0,0,0,34.9679188689,-106.685667747,Angostura Reach,Spring
2021,3,31,San Jose,0,0,0,35.0124335977,-106.672728518,Angostura Reach,Spring
2021,3,32,Sandia,0.25,0.25,0.25,35.255,-106.5907,Angostura Reach,Spring
2021,3,33,Bosque del Apache,0,0,0,33.8196650872,-106.854014975,San Acacia Reach,Spring
2021,3,34,River Realignment,0,0,0,33.8227,-106.8419,San Acacia Reach,Spring
2021,4,1,Alameda,0.25,1,0.625,35.1880598884,-106.646949118,Angostura Reach,Spring
2021,4,2,Rio Grande Nature Center,0.75,0.75,0.75,35.1267624154,-106.688450012,Angostura Reach,Spring
2021,4,3,Los Lunas,0,.,0,34.8123850767529,-106.714471968474,Isleta Reach,Spring
2021,4,4,Belen,2.5,2.3,2.4,34.6481124155284,-106.737727748983,Isleta Reach,Spring
2021,4,5,Santa Ana,5.5,7.5,6.5,35.34284,-106.5458,Angostura Reach,Spring
2021,4,6,Savannah,0.5,2,1.25,35.1428674147,-106.681982289,Angostura Reach,Spring
2021,4,7,Lemitar,28.4,32.5,30.45,34.1670457032,-106.889953039,San Acacia Reach,Spring
2021,4,8,Hispanic Cultural Center,1,1.5,1.25,35.0688083802,-106.65807622,Angostura Reach,Spring
2021,4,10,Diversion,0,.,0,35.191618922399996,-106.643382687,Angostura Reach,Spring
2021,4,11,Calabacillas,0,1,0.5,35.1946222612,-106.646350963,Angostura Reach,Spring
2021,4,12,Minnow,0,1,0.5,35.1972256042,-106.644122231,Angostura Reach,Spring
2021,4,13,Harrison,0,1.5,0.75,35.0150622305,-106.673722917,Angostura Reach,Spring
2021,4,14,Sevilleta,8.9,30.5,19.7,34.2586573236,-106.883372761,San Acacia Reach,Spring
2021,4,15,Valencia Cleared,1.8,2.7,2.25,34.6486505386211,-106.739180486447,Isleta Reach,Spring
2021,4,16,Valencia Forest,.,2,2,34.6472147233729,-106.738922864063,Isleta Reach,Spring
2021,4,17,Montano,0.5,1.5,1,35.1452628545,-106.680332705,Angostura Reach,Spring
2021,4,18,Reynolds Cleared,2.25,3,2.625,34.6567454384498,-106.738602216398,Isleta Reach,Spring
2021,4,19,Reynolds Forest,3,3,3,34.657611462267496,-106.739436295579,Isleta Reach,Spring
2021,4,20,Route 66,0,1,0.5,35.1006512603,-106.691932797,Angostura Reach,Spring
2021,4,21,Badger,0.5,1.5,1,35.1955715759,-106.641632737,Angostura Reach,Spring
2021,4,22,Bobcat,1,1,1,35.2010747789,-106.641162297,Angostura Reach,Spring
2021,4,23,BioPark,0,0,0,35.0799846256,-106.669723455,Angostura Reach,Spring
2021,4,24,Santo Domingo,.,.,.,35.50989,-106.3896,Cochiti Reach,Spring
2021,4,25,Crawford,2.4,2.5,2.45,34.637561057629,-106.74347269011,Isleta Reach,Spring
2021,4,26,Mesilla,1,3,2,32.248328,-106.821014,South of San Marcial Reach,Spring
2021,4,27,Bosque Farm,.,.,.,34.8477697505695,-106.714997116643,Isleta Reach,Spring
2021,4,28,Valle de Oro,.,.,.,34.9797688406,-106.680112434,Angostura Reach,Spring
2021,4,29,Albuquerque Overbank Project,0.25,1.75,1,35.0452081969,-106.665732215,Angostura Reach,Spring
2021,4,30,State Land Office,0.5,1.5,1,34.9679188689,-106.685667747,Angostura Reach,Spring
2021,4,31,San Jose,0.5,1.4,0.95,35.0124335977,-106.672728518,Angostura Reach,Spring
2021,4,32,Sandia,0,1,0.5,35.255,-106.5907,Angostura Reach,Spring
2021,4,33,Bosque del Apache,.,.,.,33.8196650872,-106.854014975,San Acacia Reach,Spring
2021,4,34,River Realignment,3,9,6,33.8227,-106.8419,San Acacia Reach,Spring
2021,5,1,Alameda,4.5,11.5,8,35.1880598884,-106.646949118,Angostura Reach,Spring
2021,5,2,Rio Grande Nature Center,10,9.5,9.75,35.1267624154,-106.688450012,Angostura Reach,Spring
2021,5,3,Los Lunas,0,4,2,34.8123850767529,-106.714471968474,Isleta Reach,Spring
2021,5,4,Belen,18.4,12,15.2,34.6481124155284,-106.737727748983,Isleta Reach,Spring
2021,5,5,Santa Ana,6,9.5,7.75,35.34284,-106.5458,Angostura Reach,Spring
2021,5,6,Savannah,.,.,.,35.1428674147,-106.681982289,Angostura Reach,Spring
2021,5,7,Lemitar,0.5,2.2,1.35,34.1670457032,-106.889953039,San Acacia Reach,Spring
2021,5,8,Hispanic Cultural Center,5,12.5,8.75,35.0688083802,-106.65807622,Angostura Reach,Spring
2021,5,10,Diversion,4,10,7,35.191618922399996,-106.643382687,Angostura Reach,Spring
2021,5,11,Calabacillas,6,11,8.5,35.1946222612,-106.646350963,Angostura Reach,Spring
2021,5,12,Minnow,2,11,6.5,35.1972256042,-106.644122231,Angostura Reach,Spring
2021,5,13,Harrison,5,8.75,6.875,35.0150622305,-106.673722917,Angostura Reach,Spring
2021,5,14,Sevilleta,7.5,9.75,8.625,34.2586573236,-106.883372761,San Acacia Reach,Spring
2021,5,15,Valencia Cleared,8,12.2,10.1,34.6486505386211,-106.739180486447,Isleta Reach,Spring
2021,5,16,Valencia Forest,.,11.5,11.5,34.6472147233729,-106.738922864063,Isleta Reach,Spring
2021,5,17,Montano,0,14,7,35.1452628545,-106.680332705,Angostura Reach,Spring
2021,5,18,Reynolds Cleared,2.5,5,3.75,34.6567454384498,-106.738602216398,Isleta Reach,Spring
2021,5,19,Reynolds Forest,3,5.5,4.25,34.657611462267496,-106.739436295579,Isleta Reach,Spring
2021,5,20,Route 66,0.5,16,8.25,35.1006512603,-106.691932797,Angostura Reach,Spring
2021,5,21,Badger,5.5,12,8.75,35.1955715759,-106.641632737,Angostura Reach,Spring
2021,5,22,Bobcat,4,12,8,35.2010747789,-106.641162297,Angostura Reach,Spring
2021,5,23,BioPark,8,15,11.5,35.0799846256,-106.669723455,Angostura Reach,Spring
2021,5,24,Santo Domingo,.,.,.,35.50989,-106.3896,Cochiti Reach,Spring
2021,5,25,Crawford,13.8,14,13.9,34.637561057629,-106.74347269011,Isleta Reach,Spring
2021,5,26,Mesilla,0,1,0.5,32.248328,-106.821014,South of San Marcial Reach,Spring
2021,5,27,Bosque Farm,.,.,.,34.8477697505695,-106.714997116643,Isleta Reach,Spring
2021,5,28,Valle de Oro,.,.,.,34.9797688406,-106.680112434,Angostura Reach,Spring
2021,5,29,Albuquerque Overbank Project,3.75,9.5,6.625,35.0452081969,-106.665732215,Angostura Reach,Spring
2021,5,30,State Land Office,6,.,6,34.9679188689,-106.685667747,Angostura Reach,Spring
2021,5,31,San Jose,5,9,7,35.0124335977,-106.672728518,Angostura Reach,Spring
2021,5,32,Sandia,2.5,9,5.75,35.255,-106.5907,Angostura Reach,Spring
2021,5,33,Bosque del Apache,.,.,.,33.8196650872,-106.854014975,San Acacia Reach,Spring
2021,5,34,River Realignment,1,.,1,33.8227,-106.8419,San Acacia Reach,Spring
2021,6,1,Alameda,39,34,36.5,35.1880598884,-106.646949118,Angostura Reach,Monsoon
2021,6,2,Rio Grande Nature Center,12,16,14,35.1267624154,-106.688450012,Angostura Reach,Monsoon
2021,6,3,Los Lunas,0,1,0.5,34.8123850767529,-106.714471968474,Isleta Reach,Monsoon
2021,6,4,Belen,1.1,3.8,2.45,34.6481124155284,-106.737727748983,Isleta Reach,Monsoon
2021,6,5,Santa Ana,1.25,4.5,2.875,35.34284,-106.5458,Angostura Reach,Monsoon
2021,6,6,Savannah,0,32,16,35.1428674147,-106.681982289,Angostura Reach,Monsoon
2021,6,7,Lemitar,0.25,0.5,0.375,34.1670457032,-106.889953039,San Acacia Reach,Monsoon
2021,6,8,Hispanic Cultural Center,14.5,18,16.25,35.0688083802,-106.65807622,Angostura Reach,Monsoon
2021,6,10,Diversion,63,60,61.5,35.191618922399996,-106.643382687,Angostura Reach,Monsoon
2021,6,11,Calabacillas,21,35,28,35.1946222612,-106.646350963,Angostura Reach,Monsoon
2021,6,12,Minnow,38,44,41,35.1972256042,-106.644122231,Angostura Reach,Monsoon
2021,6,13,Harrison,10,13,11.5,35.0150622305,-106.673722917,Angostura Reach,Monsoon
2021,6,14,Sevilleta,0,0,0,34.2586573236,-106.883372761,San Acacia Reach,Monsoon
2021,6,15,Valencia Cleared,1.5,4.3,2.9,34.6486505386211,-106.739180486447,Isleta Reach,Monsoon
2021,6,16,Valencia Forest,0,3,1.5,34.6472147233729,-106.738922864063,Isleta Reach,Monsoon
2021,6,17,Montano,37,42,39.5,35.1452628545,-106.680332705,Angostura Reach,Monsoon
2021,6,18,Reynolds Cleared,1,3.5,2.25,34.6567454384498,-106.738602216398,Isleta Reach,Monsoon
2021,6,19,Reynolds Forest,1.25,2.5,1.875,34.657611462267496,-106.739436295579,Isleta Reach,Monsoon
2021,6,20,Route 66,13,26,19.5,35.1006512603,-106.691932797,Angostura Reach,Monsoon
2021,6,21,Badger,47,46,46.5,35.1955715759,-106.641632737,Angostura Reach,Monsoon
2021,6,22,Bobcat,34,55,44.5,35.2010747789,-106.641162297,Angostura Reach,Monsoon
2021,6,23,BioPark,20,.,20,35.0799846256,-106.669723455,Angostura Reach,Monsoon
2021,6,24,Santo Domingo,.,.,.,35.50989,-106.3896,Cochiti Reach,Monsoon
2021,6,25,Crawford,2.5,3.8,3.15,34.637561057629,-106.74347269011,Isleta Reach,Monsoon
2021,6,26,Mesilla,0,1,0.5,32.248328,-106.821014,South of San Marcial Reach,Monsoon
2021,6,27,Bosque Farm,.,.,.,34.8477697505695,-106.714997116643,Isleta Reach,Monsoon
2021,6,28,Valle de Oro,.,.,.,34.9797688406,-106.680112434,Angostura Reach,Monsoon
2021,6,29,Albuquerque Overbank Project,8.5,16.5,12.5,35.0452081969,-106.665732215,Angostura Reach,Monsoon
2021,6,30,State Land Office,21,40,30.5,34.9679188689,-106.685667747,Angostura Reach,Monsoon
2021,6,31,San Jose,.,12,12,35.0124335977,-106.672728518,Angostura Reach,Monsoon
2021,6,32,Sandia,1.25,4.5,2.875,35.255,-106.5907,Angostura Reach,Monsoon
2021,6,33,Bosque del Apache,.,.,.,33.8196650872,-106.854014975,San Acacia Reach,Monsoon
2021,6,34,River Realignment,0,.,0,33.8227,-106.8419,San Acacia Reach,Monsoon
2021,7,1,Alameda,12,21,16.5,35.1880598884,-106.646949118,Angostura Reach,Monsoon
2021,7,2,Rio Grande Nature Center,13,16,14.5,35.1267624154,-106.688450012,Angostura Reach,Monsoon
2021,7,3,Los Lunas,10,40,25,34.8123850767529,-106.714471968474,Isleta Reach,Monsoon
2021,7,4,Belen,90,56,73,34.6481124155284,-106.737727748983,Isleta Reach,Monsoon
2021,7,5,Santa Ana,11,16,13.5,35.34284,-106.5458,Angostura Reach,Monsoon
2021,7,6,Savannah,0,11,5.5,35.1428674147,-106.681982289,Angostura Reach,Monsoon
2021,7,7,Lemitar,74,92,83,34.1670457032,-106.889953039,San Acacia Reach,Monsoon
2021,7,8,Hispanic Cultural Center,12.5,.,12.5,35.0688083802,-106.65807622,Angostura Reach,Monsoon
2021,7,10,Diversion,12,21,16.5,35.191618922399996,-106.643382687,Angostura Reach,Monsoon
2021,7,11,Calabacillas,13,22,17.5,35.1946222612,-106.646350963,Angostura Reach,Monsoon
2021,7,12,Minnow,6.5,21,13.75,35.1972256042,-106.644122231,Angostura Reach,Monsoon
2021,7,13,Harrison,8,22,15,35.0150622305,-106.673722917,Angostura Reach,Monsoon
2021,7,14,Sevilleta,106,73,89.5,34.2586573236,-106.883372761,San Acacia Reach,Monsoon
2021,7,15,Valencia Cleared,63,64,63.5,34.6486505386211,-106.739180486447,Isleta Reach,Monsoon
2021,7,16,Valencia Forest,31,60,45.5,34.6472147233729,-106.738922864063,Isleta Reach,Monsoon
2021,7,17,Montano,.,10,10,35.1452628545,-106.680332705,Angostura Reach,Monsoon
2021,7,18,Reynolds Cleared,56,71,63.5,34.6567454384498,-106.738602216398,Isleta Reach,Monsoon
2021,7,19,Reynolds Forest,68,76,72,34.657611462267496,-106.739436295579,Isleta Reach,Monsoon
2021,7,20,Route 66,4,15,9.5,35.1006512603,-106.691932797,Angostura Reach,Monsoon
2021,7,21,Badger,10,21,15.5,35.1955715759,-106.641632737,Angostura Reach,Monsoon
2021,7,22,Bobcat,10,24,17,35.2010747789,-106.641162297,Angostura Reach,Monsoon
2021,7,23,BioPark,12.5,.,12.5,35.0799846256,-106.669723455,Angostura Reach,Monsoon
2021,7,24,Santo Domingo,.,.,.,35.50989,-106.3896,Cochiti Reach,Monsoon
2021,7,25,Crawford,56,60,58,34.637561057629,-106.74347269011,Isleta Reach,Monsoon
2021,7,26,Mesilla,41,78,59.5,32.248328,-106.821014,South of San Marcial Reach,Monsoon
2021,7,27,Bosque Farm,.,.,.,34.8477697505695,-106.714997116643,Isleta Reach,Monsoon
2021,7,28,Valle de Oro,.,.,.,34.9797688406,-106.680112434,Angostura Reach,Monsoon
2021,7,29,Albuquerque Overbank Project,11,29,20,35.0452081969,-106.665732215,Angostura Reach,Monsoon
2021,7,30,State Land Office,15.25,25,20.125,34.9679188689,-106.685667747,Angostura Reach,Monsoon
2021,7,31,San Jose,9,21,15,35.0124335977,-106.672728518,Angostura Reach,Monsoon
2021,7,32,Sandia,14,19,16.5,35.255,-106.5907,Angostura Reach,Monsoon
2021,7,33,Bosque del Apache,.,.,.,33.8196650872,-106.854014975,San Acacia Reach,Monsoon
2021,7,34,River Realignment,111,.,111,33.8227,-106.8419,San Acacia Reach,Monsoon
2021,8,1,Alameda,31,40,35.5,35.1880598884,-106.646949118,Angostura Reach,Monsoon
2021,8,2,Rio Grande Nature Center,44,44,44,35.1267624154,-106.688450012,Angostura Reach,Monsoon
2021,8,3,Los Lunas,0,7,3.5,34.8123850767529,-106.714471968474,Isleta Reach,Monsoon
2021,8,4,Belen,15,22,18.5,34.6481124155284,-106.737727748983,Isleta Reach,Monsoon
2021,8,5,Santa Ana,8,26,17,35.34284,-106.5458,Angostura Reach,Monsoon
2021,8,6,Savannah,.,37.5,37.5,35.1428674147,-106.681982289,Angostura Reach,Monsoon
2021,8,7,Lemitar,21,39,30,34.1670457032,-106.889953039,San Acacia Reach,Monsoon
2021,8,8,Hispanic Cultural Center,21,21,21,35.0688083802,-106.65807622,Angostura Reach,Monsoon
2021,8,10,Diversion,31,33,32,35.191618922399996,-106.643382687,Angostura Reach,Monsoon
2021,8,11,Calabacillas,23,37,30,35.1946222612,-106.646350963,Angostura Reach,Monsoon
2021,8,12,Minnow,17,35,26,35.1972256042,-106.644122231,Angostura Reach,Monsoon
2021,8,13,Harrison,29,29,29,35.0150622305,-106.673722917,Angostura Reach,Monsoon
2021,8,14,Sevilleta,14,.,14,34.2586573236,-106.883372761,San Acacia Reach,Monsoon
2021,8,15,Valencia Cleared,18,23,20.5,34.6486505386211,-106.739180486447,Isleta Reach,Monsoon
2021,8,16,Valencia Forest,12,20,16,34.6472147233729,-106.738922864063,Isleta Reach,Monsoon
2021,8,17,Montano,19,36,27.5,35.1452628545,-106.680332705,Angostura Reach,Monsoon
2021,8,18,Reynolds Cleared,18,29,23.5,34.6567454384498,-106.738602216398,Isleta Reach,Monsoon
2021,8,19,Reynolds Forest,22,28,25,34.657611462267496,-106.739436295579,Isleta Reach,Monsoon
2021,8,20,Route 66,28,45,36.5,35.1006512603,-106.691932797,Angostura Reach,Monsoon
2021,8,21,Badger,23,40,31.5,35.1955715759,-106.641632737,Angostura Reach,Monsoon
2021,8,22,Bobcat,24,39,31.5,35.2010747789,-106.641162297,Angostura Reach,Monsoon
2021,8,23,BioPark,32,8,20,35.0799846256,-106.669723455,Angostura Reach,Monsoon
2021,8,24,Santo Domingo,.,.,.,35.50989,-106.3896,Cochiti Reach,Monsoon
2021,8,25,Crawford,22.5,22,22.25,34.637561057629,-106.74347269011,Isleta Reach,Monsoon
2021,8,26,Mesilla,25,52,38.5,32.248328,-106.821014,South of San Marcial Reach,Monsoon
2021,8,27,Bosque Farm,.,.,.,34.8477697505695,-106.714997116643,Isleta Reach,Monsoon
2021,8,28,Valle de Oro,.,.,.,34.9797688406,-106.680112434,Angostura Reach,Monsoon
2021,8,29,Albuquerque Overbank Project,12,27,19.5,35.0452081969,-106.665732215,Angostura Reach,Monsoon
2021,8,30,State Land Office,0,3,1.5,34.9679188689,-106.685667747,Angostura Reach,Monsoon
2021,8,31,San Jose,16,23.5,19.75,35.0124335977,-106.672728518,Angostura Reach,Monsoon
2021,8,32,Sandia,22,31,26.5,35.255,-106.5907,Angostura Reach,Monsoon
2021,8,33,Bosque del Apache,.,.,.,33.8196650872,-106.854014975,San Acacia Reach,Monsoon
2021,8,34,River Realignment,38,.,38,33.8227,-106.8419,San Acacia Reach,Monsoon
2021,9,1,Alameda,6.5,12,9.25,35.1880598884,-106.646949118,Angostura Reach,Fall
2021,9,2,Rio Grande Nature Center,32,36,34,35.1267624154,-106.688450012,Angostura Reach,Fall
2021,9,3,Los Lunas,8,27,17.5,34.8123850767529,-106.714471968474,Isleta Reach,Fall
2021,9,4,Belen,33,33,33,34.6481124155284,-106.737727748983,Isleta Reach,Fall
2021,9,5,Santa Ana,3.5,8,5.75,35.34284,-106.5458,Angostura Reach,Fall
2021,9,6,Savannah,11,20,15.5,35.1428674147,-106.681982289,Angostura Reach,Fall
2021,9,7,Lemitar,14,18.5,16.25,34.1670457032,-106.889953039,San Acacia Reach,Fall
2021,9,8,Hispanic Cultural Center,6.3,14,10.15,35.0688083802,-106.65807622,Angostura Reach,Fall
2021,9,10,Diversion,5.5,5,5.25,35.191618922399996,-106.643382687,Angostura Reach,Fall
2021,9,11,Calabacillas,7,14,10.5,35.1946222612,-106.646350963,Angostura Reach,Fall
2021,9,12,Minnow,4.5,13,8.75,35.1972256042,-106.644122231,Angostura Reach,Fall
2021,9,13,Harrison,5.5,9,7.25,35.0150622305,-106.673722917,Angostura Reach,Fall
2021,9,14,Sevilleta,.,36,36,34.2586573236,-106.883372761,San Acacia Reach,Fall
2021,9,15,Valencia Cleared,28,33.5,30.75,34.6486505386211,-106.739180486447,Isleta Reach,Fall
2021,9,16,Valencia Forest,18,31,24.5,34.6472147233729,-106.738922864063,Isleta Reach,Fall
2021,9,17,Montano,8.5,21,14.75,35.1452628545,-106.680332705,Angostura Reach,Fall
2021,9,18,Reynolds Cleared,4.5,14,9.25,34.6567454384498,-106.738602216398,Isleta Reach,Fall
2021,9,19,Reynolds Forest,8.5,14,11.25,34.657611462267496,-106.739436295579,Isleta Reach,Fall
2021,9,20,Route 66,13,21,17,35.1006512603,-106.691932797,Angostura Reach,Fall
2021,9,21,Badger,4,11,7.5,35.1955715759,-106.641632737,Angostura Reach,Fall
2021,9,22,Bobcat,3,14,8.5,35.2010747789,-106.641162297,Angostura Reach,Fall
2021,9,23,BioPark,13,12,12.5,35.0799846256,-106.669723455,Angostura Reach,Fall
2021,9,24,Santo Domingo,.,.,.,35.50989,-106.3896,Cochiti Reach,Fall
2021,9,25,Crawford,20,28,24,34.637561057629,-106.74347269011,Isleta Reach,Fall
2021,9,26,Mesilla,10,26,18,32.248328,-106.821014,South of San Marcial Reach,Fall
2021,9,27,Bosque Farm,.,.,.,34.8477697505695,-106.714997116643,Isleta Reach,Fall
2021,9,28,Valle de Oro,.,.,.,34.9797688406,-106.680112434,Angostura Reach,Fall
2021,9,29,Albuquerque Overbank Project,6.5,1,3.75,35.0452081969,-106.665732215,Angostura Reach,Fall
2021,9,30,State Land Office,15,23,19,34.9679188689,-106.685667747,Angostura Reach,Fall
2021,9,31,San Jose,3.5,9,6.25,35.0124335977,-106.672728518,Angostura Reach,Fall
2021,9,32,Sandia,6.2,12.2,9.2,35.255,-106.5907,Angostura Reach,Fall
2021,9,33,Bosque del Apache,20,.,20,33.8196650872,-106.854014975,San Acacia Reach,Fall
2021,9,34,River Realignment,35,24,29.5,33.8227,-106.8419,San Acacia Reach,Fall
2021,10,1,Alameda,7.5,14,10.75,35.1880598884,-106.646949118,Angostura Reach,Fall
2021,10,2,Rio Grande Nature Center,11,12,11.5,35.1267624154,-106.688450012,Angostura Reach,Fall
2021,10,3,Los Lunas,7,11,9,34.8123850767529,-106.714471968474,Isleta Reach,Fall
2021,10,4,Belen,18,18,18,34.6481124155284,-106.737727748983,Isleta Reach,Fall
2021,10,5,Santa Ana,12,20,16,35.34284,-106.5458,Angostura Reach,Fall
2021,10,6,Savannah,3.5,11.5,7.5,35.1428674147,-106.681982289,Angostura Reach,Fall
2021,10,7,Lemitar,16.5,20,18.25,34.1670457032,-106.889953039,San Acacia Reach,Fall
2021,10,8,Hispanic Cultural Center,16,.,16,35.0688083802,-106.65807622,Angostura Reach,Fall
2021,10,10,Diversion,7.5,17,12.25,35.191618922399996,-106.643382687,Angostura Reach,Fall
2021,10,11,Calabacillas,0.25,14.5,7.375,35.1946222612,-106.646350963,Angostura Reach,Fall
2021,10,12,Minnow,7,16,11.5,35.1972256042,-106.644122231,Angostura Reach,Fall
2021,10,13,Harrison,14,16,15,35.0150622305,-106.673722917,Angostura Reach,Fall
2021,10,14,Sevilleta,.,22,22,34.2586573236,-106.883372761,San Acacia Reach,Fall
2021,10,15,Valencia Cleared,7.5,18,12.75,34.6486505386211,-106.739180486447,Isleta Reach,Fall
2021,10,16,Valencia Forest,7.8,16,11.9,34.6472147233729,-106.738922864063,Isleta Reach,Fall
2021,10,17,Montano,7,11.5,9.25,35.1452628545,-106.680332705,Angostura Reach,Fall
2021,10,18,Reynolds Cleared,10,17,13.5,34.6567454384498,-106.738602216398,Isleta Reach,Fall
2021,10,19,Reynolds Forest,11.7,18,14.85,34.657611462267496,-106.739436295579,Isleta Reach,Fall
2021,10,20,Route 66,8,15,11.5,35.1006512603,-106.691932797,Angostura Reach,Fall
2021,10,21,Badger,11,15,13,35.1955715759,-106.641632737,Angostura Reach,Fall
2021,10,22,Bobcat,8,14,11,35.2010747789,-106.641162297,Angostura Reach,Fall
2021,10,23,BioPark,18,23,20.5,35.0799846256,-106.669723455,Angostura Reach,Fall
2021,10,24,Santo Domingo,.,.,.,35.50989,-106.3896,Cochiti Reach,Fall
2021,10,25,Crawford,13,18,15.5,34.637561057629,-106.74347269011,Isleta Reach,Fall
2021,10,26,Mesilla,.,.,.,32.248328,-106.821014,South of San Marcial Reach,Fall
2021,10,27,Bosque Farm,.,.,.,34.8477697505695,-106.714997116643,Isleta Reach,Fall
2021,10,28,Valle de Oro,.,.,.,34.9797688406,-106.680112434,Angostura Reach,Fall
2021,10,29,Albuquerque Overbank Project,17,16.5,16.75,35.0452081969,-106.665732215,Angostura Reach,Fall
2021,10,30,State Land Office,11,15,13,34.9679188689,-106.685667747,Angostura Reach,Fall
2021,10,31,San Jose,13,18,15.5,35.0124335977,-106.672728518,Angostura Reach,Fall
2021,10,32,Sandia,9,15,12,35.255,-106.5907,Angostura Reach,Fall
2021,10,33,Bosque del Apache,9,17.5,13.25,33.8196650872,-106.854014975,San Acacia Reach,Fall
2021,10,34,River Realignment,.,.,.,33.8227,-106.8419,San Acacia Reach,Fall
2021,11,1,Alameda,0,0,0,35.1880598884,-106.646949118,Angostura Reach,Winter
2021,11,2,Rio Grande Nature Center,2.25,2,2.125,35.1267624154,-106.688450012,Angostura Reach,Winter
2021,11,3,Los Lunas,0,0,0,34.8123850767529,-106.714471968474,Isleta Reach,Winter
2021,11,4,Belen,0,0,0,34.6481124155284,-106.737727748983,Isleta Reach,Winter
2021,11,5,Santa Ana,0,0,0,35.34284,-106.5458,Angostura Reach,Winter
2021,11,6,Savannah,0,0,0,35.1428674147,-106.681982289,Angostura Reach,Winter
2021,11,7,Lemitar,0,0,0,34.1670457032,-106.889953039,San Acacia Reach,Winter
2021,11,8,Hispanic Cultural Center,0,0,0,35.0688083802,-106.65807622,Angostura Reach,Winter
2021,11,10,Diversion,0,0,0,35.191618922399996,-106.643382687,Angostura Reach,Winter
2021,11,11,Calabacillas,0,0,0,35.1946222612,-106.646350963,Angostura Reach,Winter
2021,11,12,Minnow,0,0,0,35.1972256042,-106.644122231,Angostura Reach,Winter
2021,11,13,Harrison,0,0.25,0.125,35.0150622305,-106.673722917,Angostura Reach,Winter
2021,11,14,Sevilleta,0,0,0,34.2586573236,-106.883372761,San Acacia Reach,Winter
2021,11,15,Valencia Cleared,1,0.5,0.75,34.6486505386211,-106.739180486447,Isleta Reach,Winter
2021,11,16,Valencia Forest,0,0,0,34.6472147233729,-106.738922864063,Isleta Reach,Winter
2021,11,17,Montano,0,0,0,35.1452628545,-106.680332705,Angostura Reach,Winter
2021,11,18,Reynolds Cleared,0,0,0,34.6567454384498,-106.738602216398,Isleta Reach,Winter
2021,11,19,Reynolds Forest,0,0,0,34.657611462267496,-106.739436295579,Isleta Reach,Winter
2021,11,20,Route 66,0,0,0,35.1006512603,-106.691932797,Angostura Reach,Winter
2021,11,21,Badger,0,0,0,35.1955715759,-106.641632737,Angostura Reach,Winter
2021,11,22,Bobcat,0,0,0,35.2010747789,-106.641162297,Angostura Reach,Winter
2021,11,23,BioPark,3,1.8,2.4,35.0799846256,-106.669723455,Angostura Reach,Winter
2021,11,24,Santo Domingo,.,.,.,35.50989,-106.3896,Cochiti Reach,Winter
2021,11,25,Crawford,0.2,0.75,0.475,34.637561057629,-106.74347269011,Isleta Reach,Winter
2021,11,26,Mesilla,.,.,.,32.248328,-106.821014,South of San Marcial Reach,Winter
2021,11,27,Bosque Farm,.,.,.,34.8477697505695,-106.714997116643,Isleta Reach,Winter
2021,11,28,Valle de Oro,.,.,.,34.9797688406,-106.680112434,Angostura Reach,Winter
2021,11,29,Albuquerque Overbank Project,0,0,0,35.0452081969,-106.665732215,Angostura Reach,Winter
2021,11,30,State Land Office,0.75,1.4,1.075,34.9679188689,-106.685667747,Angostura Reach,Winter
2021,11,31,San Jose,0,0,0,35.0124335977,-106.672728518,Angostura Reach,Winter
2021,11,32,Sandia,0,0,0,35.255,-106.5907,Angostura Reach,Winter
2021,11,33,Bosque del Apache,0,0,0,33.8196650872,-106.854014975,San Acacia Reach,Winter
2021,11,34,River Realignment,.,.,.,33.8227,-106.8419,San Acacia Reach,Winter
2021,12,1,Alameda,5,7,6,35.1880598884,-106.646949118,Angostura Reach,Winter
2021,12,2,Rio Grande Nature Center,4,5,4.5,35.1267624154,-106.688450012,Angostura Reach,Winter
2021,12,3,Los Lunas,0,0.25,0.125,34.8123850767529,-106.714471968474,Isleta Reach,Winter
2021,12,4,Belen,0,0,0,34.6481124155284,-106.737727748983,Isleta Reach,Winter
2021,12,5,Santa Ana,6,7,6.5,35.34284,-106.5458,Angostura Reach,Winter
2021,12,6,Savannah,10,6.5,8.25,35.1428674147,-106.681982289,Angostura Reach,Winter
2021,12,7,Lemitar,0,0,0,34.1670457032,-106.889953039,San Acacia Reach,Winter
2021,12,8,Hispanic Cultural Center,0,0,0,35.0688083802,-106.65807622,Angostura Reach,Winter
2021,12,10,Diversion,4.5,.,4.5,35.191618922399996,-106.643382687,Angostura Reach,Winter
2021,12,11,Calabacillas,6,7.5,6.75,35.1946222612,-106.646350963,Angostura Reach,Winter
2021,12,12,Minnow,4.5,7.5,6,35.1972256042,-106.644122231,Angostura Reach,Winter
2021,12,13,Harrison,0.05,0.3,0.175,35.0150622305,-106.673722917,Angostura Reach,Winter
2021,12,14,Sevilleta,0,0,0,34.2586573236,-106.883372761,San Acacia Reach,Winter
2021,12,15,Valencia Cleared,0,0,0,34.6486505386211,-106.739180486447,Isleta Reach,Winter
2021,12,16,Valencia Forest,0,0,0,34.6472147233729,-106.738922864063,Isleta Reach,Winter
2021,12,17,Montano,1,7,4,35.1452628545,-106.680332705,Angostura Reach,Winter
2021,12,18,Reynolds Cleared,0.25,0.75,0.5,34.6567454384498,-106.738602216398,Isleta Reach,Winter
2021,12,19,Reynolds Forest,0,0.5,0.25,34.657611462267496,-106.739436295579,Isleta Reach,Winter
2021,12,20,Route 66,1.5,5.5,3.5,35.1006512603,-106.691932797,Angostura Reach,Winter
2021,12,21,Badger,3.5,8,5.75,35.1955715759,-106.641632737,Angostura Reach,Winter
2021,12,22,Bobcat,3.5,4,3.75,35.2010747789,-106.641162297,Angostura Reach,Winter
2021,12,23,BioPark,2.5,.,2.5,35.0799846256,-106.669723455,Angostura Reach,Winter
2021,12,24,Santo Domingo,.,.,.,35.50989,-106.3896,Cochiti Reach,Winter
2021,12,25,Crawford,0.5,0.7,0.6,34.637561057629,-106.74347269011,Isleta Reach,Winter
2021,12,26,Mesilla,.,.,.,32.248328,-106.821014,South of San Marcial Reach,Winter
2021,12,27,Bosque Farm,.,.,.,34.8477697505695,-106.714997116643,Isleta Reach,Winter
2021,12,28,Valle de Oro,.,.,.,34.9797688406,-106.680112434,Angostura Reach,Winter
2021,12,29,Albuquerque Overbank Project,0.5,4,2.25,35.0452081969,-106.665732215,Angostura Reach,Winter
2021,12,30,State Land Office,1,2,1.5,34.9679188689,-106.685667747,Angostura Reach,Winter
2021,12,31,San Jose,2,3,2.5,35.0124335977,-106.672728518,Angostura Reach,Winter
2021,12,32,Sandia,4,7.5,5.75,35.255,-106.5907,Angostura Reach,Winter
2021,12,33,Bosque del Apache,0,0,0,33.8196650872,-106.854014975,San Acacia Reach,Winter
2021,12,34,River Realignment,.,.,.,33.8227,-106.8419,San Acacia Reach,Winter
2022,1,1,Alameda,5.5,9,7.25,35.1880598884,-106.646949118,Angostura Reach,Winter
2022,1,2,Rio Grande Nature Center,9,10,9.5,35.1267624154,-106.688450012,Angostura Reach,Winter
2022,1,3,Los Lunas,3,7,5,34.8123850767529,-106.714471968474,Isleta Reach,Winter
2022,1,4,Belen,0.25,7,3.625,34.6481124155284,-106.737727748983,Isleta Reach,Winter
2022,1,5,Santa Ana,8,13,10.5,35.34284,-106.5458,Angostura Reach,Winter
2022,1,6,Savannah,.,.,.,35.1428674147,-106.681982289,Angostura Reach,Winter
2022,1,7,Lemitar,0,0,0,34.1670457032,-106.889953039,San Acacia Reach,Winter
2022,1,8,Hispanic Cultural Center,.,.,.,35.0688083802,-106.65807622,Angostura Reach,Winter
2022,1,10,Diversion,7,9.5,8.25,35.191618922399996,-106.643382687,Angostura Reach,Winter
2022,1,11,Calabacillas,.,.,.,35.1946222612,-106.646350963,Angostura Reach,Winter
2022,1,12,Minnow,7.5,8,7.75,35.1972256042,-106.644122231,Angostura Reach,Winter
2022,1,13,Harrison,4.5,0.5,2.5,35.0150622305,-106.673722917,Angostura Reach,Winter
2022,1,14,Sevilleta,0.4,1,0.7,34.2586573236,-106.883372761,San Acacia Reach,Winter
2022,1,15,Valencia Cleared,5,10.2,7.6,34.6486505386211,-106.739180486447,Isleta Reach,Winter
2022,1,16,Valencia Forest,7.5,9,8.25,34.6472147233729,-106.738922864063,Isleta Reach,Winter
2022,1,17,Montano,6.5,9.5,8,35.1452628545,-106.680332705,Angostura Reach,Winter
2022,1,18,Reynolds Cleared,.,.,.,34.6567454384498,-106.738602216398,Isleta Reach,Winter
2022,1,19,Reynolds Forest,7.5,7.5,7.5,34.657611462267496,-106.739436295579,Isleta Reach,Winter
2022,1,20,Route 66,3,7,5,35.1006512603,-106.691932797,Angostura Reach,Winter
2022,1,21,Badger,5.5,6.5,6,35.1955715759,-106.641632737,Angostura Reach,Winter
2022,1,22,Bobcat,7,.,7,35.2010747789,-106.641162297,Angostura Reach,Winter
2022,1,23,BioPark,7,7,7,35.0799846256,-106.669723455,Angostura Reach,Winter
2022,1,24,Santo Domingo,.,.,.,35.50989,-106.3896,Cochiti Reach,Winter
2022,1,25,Crawford,9.5,11,10.25,34.637561057629,-106.74347269011,Isleta Reach,Winter
2022,1,26,Mesilla,.,.,.,32.248328,-106.821014,South of San Marcial Reach,Winter
2022,1,27,Bosque Farm,.,.,.,34.8477697505695,-106.714997116643,Isleta Reach,Winter
2022,1,28,Valle de Oro,.,.,.,34.9797688406,-106.680112434,Angostura Reach,Winter
2022,1,29,Albuquerque Overbank Project,3.5,6.5,5,35.0452081969,-106.665732215,Angostura Reach,Winter
2022,1,30,State Land Office,5,6.5,5.75,34.9679188689,-106.685667747,Angostura Reach,Winter
2022,1,31,San Jose,0.1,7,3.55,35.0124335977,-106.672728518,Angostura Reach,Winter
2022,1,32,Sandia,7.5,10.5,9,35.255,-106.5907,Angostura Reach,Winter
2022,1,33,Bosque del Apache,0.3,1.3,0.8,33.8196650872,-106.854014975,San Acacia Reach,Winter
2022,1,34,River Realignment,.,.,.,33.8227,-106.8419,San Acacia Reach,Winter
2022,2,1,Alameda,3.5,5,4.25,35.1880598884,-106.646949118,Angostura Reach,Winter
2022,2,2,Rio Grande Nature Center,6,6,6,35.1267624154,-106.688450012,Angostura Reach,Winter
2022,2,3,Los Lunas,6,8,7,34.8123850767529,-106.714471968474,Isleta Reach,Winter
2022,2,4,Belen,11,11,11,34.6481124155284,-106.737727748983,Isleta Reach,Winter
2022,2,5,Santa Ana,8,8,8,35.34284,-106.5458,Angostura Reach,Winter
2022,2,6,Savannah,16,9,12.5,35.1428674147,-106.681982289,Angostura Reach,Winter
2022,2,7,Lemitar,.,1.5,1.5,34.1670457032,-106.889953039,San Acacia Reach,Winter
2022,2,8,Hispanic Cultural Center,.,.,.,35.0688083802,-106.65807622,Angostura Reach,Winter
2022,2,10,Diversion,5.5,0,2.75,35.191618922399996,-106.643382687,Angostura Reach,Winter
2022,2,11,Calabacillas,.,.,.,35.1946222612,-106.646350963,Angostura Reach,Winter
2022,2,12,Minnow,4,5,4.5,35.1972256042,-106.644122231,Angostura Reach,Winter
2022,2,13,Harrison,3,7,5,35.0150622305,-106.673722917,Angostura Reach,Winter
2022,2,14,Sevilleta,3.5,6.5,5,34.2586573236,-106.883372761,San Acacia Reach,Winter
2022,2,15,Valencia Cleared,12,11,11.5,34.6486505386211,-106.739180486447,Isleta Reach,Winter
2022,2,16,Valencia Forest,10,12,11,34.6472147233729,-106.738922864063,Isleta Reach,Winter
2022,2,17,Montano,3.5,4,3.75,35.1452628545,-106.680332705,Angostura Reach,Winter
2022,2,18,Reynolds Cleared,.,.,.,34.6567454384498,-106.738602216398,Isleta Reach,Winter
2022,2,19,Reynolds Forest,11,13,12,34.657611462267496,-106.739436295579,Isleta Reach,Winter
2022,2,20,Route 66,2.5,4,3.25,35.1006512603,-106.691932797,Angostura Reach,Winter
2022,2,21,Badger,3.5,6,4.75,35.1955715759,-106.641632737,Angostura Reach,Winter
2022,2,22,Bobcat,7.5,.,7.5,35.2010747789,-106.641162297,Angostura Reach,Winter
2022,2,23,BioPark,7.5,9,8.25,35.0799846256,-106.669723455,Angostura Reach,Winter
2022,2,24,Santo Domingo,.,.,.,35.50989,-106.3896,Cochiti Reach,Winter
2022,2,25,Crawford,10,14,12,34.637561057629,-106.74347269011,Isleta Reach,Winter
2022,2,26,Mesilla,.,.,.,32.248328,-106.821014,South of San Marcial Reach,Winter
2022,2,27,Bosque Farm,.,.,.,34.8477697505695,-106.714997116643,Isleta Reach,Winter
2022,2,28,Valle de Oro,.,.,.,34.9797688406,-106.680112434,Angostura Reach,Winter
2022,2,29,Albuquerque Overbank Project,6,8,7,35.0452081969,-106.665732215,Angostura Reach,Winter
2022,2,30,State Land Office,1.5,2,1.75,34.9679188689,-106.685667747,Angostura Reach,Winter
2022,2,31,San Jose,2.75,2.75,2.75,35.0124335977,-106.672728518,Angostura Reach,Winter
2022,2,32,Sandia,9,11.5,10.25,35.255,-106.5907,Angostura Reach,Winter
2022,2,33,Bosque del Apache,1.5,4,2.75,33.8196650872,-106.854014975,San Acacia Reach,Winter
2022,2,34,River Realignment,.,.,.,33.8227,-106.8419,San Acacia Reach,Winter
2022,3,1,Alameda,5,6.5,5.75,35.1880598884,-106.646949118,Angostura Reach,Spring
2022,3,2,Rio Grande Nature Center,9,10,9.5,35.1267624154,-106.688450012,Angostura Reach,Spring
2022,3,3,Los Lunas,0,1,0.5,34.8123850767529,-106.714471968474,Isleta Reach,Spring
2022,3,4,Belen,0.75,1.2,0.975,34.6481124155284,-106.737727748983,Isleta Reach,Spring
2022,3,5,Santa Ana,.,.,.,35.34284,-106.5458,Angostura Reach,Spring
2022,3,6,Savannah,18,29,23.5,35.1428674147,-106.681982289,Angostura Reach,Spring
2022,3,7,Lemitar,2.25,3.5,2.875,34.1670457032,-106.889953039,San Acacia Reach,Spring
2022,3,8,Hispanic Cultural Center,.,.,.,35.0688083802,-106.65807622,Angostura Reach,Spring
2022,3,10,Diversion,5.45,9.5,7.475,35.191618922399996,-106.643382687,Angostura Reach,Spring
2022,3,11,Calabacillas,.,.,.,35.1946222612,-106.646350963,Angostura Reach,Spring
2022,3,12,Minnow,4.25,6.5,5.375,35.1972256042,-106.644122231,Angostura Reach,Spring
2022,3,13,Harrison,1.5,2.5,2,35.0150622305,-106.673722917,Angostura Reach,Spring
2022,3,14,Sevilleta,0.75,2,1.375,34.2586573236,-106.883372761,San Acacia Reach,Spring
2022,3,15,Valencia Cleared,0.7,0.6,0.6499999999999999,34.6486505386211,-106.739180486447,Isleta Reach,Spring
2022,3,16,Valencia Forest,0.2,0.8,0.5,34.6472147233729,-106.738922864063,Isleta Reach,Spring
2022,3,17,Montano,6,6.5,6.25,35.1452628545,-106.680332705,Angostura Reach,Spring
2022,3,18,Reynolds Cleared,.,.,.,34.6567454384498,-106.738602216398,Isleta Reach,Spring
2022,3,19,Reynolds Forest,0.5,1,0.75,34.657611462267496,-106.739436295579,Isleta Reach,Spring
2022,3,20,Route 66,5,8,6.5,35.1006512603,-106.691932797,Angostura Reach,Spring
2022,3,21,Badger,4.5,6.5,5.5,35.1955715759,-106.641632737,Angostura Reach,Spring
2022,3,22,Bobcat,2.5,.,2.5,35.2010747789,-106.641162297,Angostura Reach,Spring
2022,3,23,BioPark,3,.,3,35.0799846256,-106.669723455,Angostura Reach,Spring
2022,3,24,Santo Domingo,.,.,.,35.50989,-106.3896,Cochiti Reach,Spring
2022,3,25,Crawford,0.5,1,0.75,34.637561057629,-106.74347269011,Isleta Reach,Spring
2022,3,26,Mesilla,.,.,.,32.248328,-106.821014,South of San Marcial Reach,Spring
2022,3,27,Bosque Farm,.,.,.,34.8477697505695,-106.714997116643,Isleta Reach,Spring
2022,3,28,Valle de Oro,.,.,.,34.9797688406,-106.680112434,Angostura Reach,Spring
2022,3,29,Albuquerque Overbank Project,1.5,1.5,1.5,35.0452081969,-106.665732215,Angostura Reach,Spring
2022,3,30,State Land Office,3,5,4,34.9679188689,-106.685667747,Angostura Reach,Spring
2022,3,31,San Jose,.,6,6,35.0124335977,-106.672728518,Angostura Reach,Spring
2022,3,32,Sandia,2,.,2,35.255,-106.5907,Angostura Reach,Spring
2022,3,33,Bosque del Apache,0.5,0.5,0.5,33.8196650872,-106.854014975,San Acacia Reach,Spring
2022,3,34,River Realignment,.,.,.,33.8227,-106.8419,San Acacia Reach,Spring
2022,4,1,Alameda,13,16,14.5,35.1880598884,-106.646949118,Angostura Reach,Spring
2022,4,2,Rio Grande Nature Center,15,13,14,35.1267624154,-106.688450012,Angostura Reach,Spring
2022,4,3,Los Lunas,0,.,0,34.8123850767529,-106.714471968474,Isleta Reach,Spring
2022,4,4,Belen,27,18,22.5,34.6481124155284,-106.737727748983,Isleta Reach,Spring
2022,4,5,Santa Ana,0.5,11,5.75,35.34284,-106.5458,Angostura Reach,Spring
2022,4,6,Savannah,11.5,18,14.75,35.1428674147,-106.681982289,Angostura Reach,Spring
2022,4,7,Lemitar,7.5,9,8.25,34.1670457032,-106.889953039,San Acacia Reach,Spring
2022,4,8,Hispanic Cultural Center,.,.,.,35.0688083802,-106.65807622,Angostura Reach,Spring
2022,4,10,Diversion,7.5,16.25,11.875,35.191618922399996,-106.643382687,Angostura Reach,Spring
2022,4,11,Calabacillas,.,.,.,35.1946222612,-106.646350963,Angostura Reach,Spring
2022,4,12,Minnow,8,14.5,11.25,35.1972256042,-106.644122231,Angostura Reach,Spring
2022,4,13,Harrison,6,12,9,35.0150622305,-106.673722917,Angostura Reach,Spring
2022,4,14,Sevilleta,6.5,11,8.75,34.2586573236,-106.883372761,San Acacia Reach,Spring
2022,4,15,Valencia Cleared,16,16,16,34.6486505386211,-106.739180486447,Isleta Reach,Spring
2022,4,16,Valencia Forest,12,18,15,34.6472147233729,-106.738922864063,Isleta Reach,Spring
2022,4,17,Montano,17,14,15.5,35.1452628545,-106.680332705,Angostura Reach,Spring
2022,4,18,Reynolds Cleared,.,.,.,34.6567454384498,-106.738602216398,Isleta Reach,Spring
2022,4,19,Reynolds Forest,.,.,.,34.657611462267496,-106.739436295579,Isleta Reach,Spring
2022,4,20,Route 66,13,16,14.5,35.1006512603,-106.691932797,Angostura Reach,Spring
2022,4,21,Badger,9.5,15,12.25,35.1955715759,-106.641632737,Angostura Reach,Spring
2022,4,22,Bobcat,9.5,.,9.5,35.2010747789,-106.641162297,Angostura Reach,Spring
2022,4,23,BioPark,10.5,0,5.25,35.0799846256,-106.669723455,Angostura Reach,Spring
2022,4,24,Santo Domingo,.,.,.,35.50989,-106.3896,Cochiti Reach,Spring
2022,4,25,Crawford,14,18,16,34.637561057629,-106.74347269011,Isleta Reach,Spring
2022,4,26,Mesilla,.,.,.,32.248328,-106.821014,South of San Marcial Reach,Spring
2022,4,27,Bosque Farm,.,.,.,34.8477697505695,-106.714997116643,Isleta Reach,Spring
2022,4,28,Valle de Oro,.,.,.,34.9797688406,-106.680112434,Angostura Reach,Spring
2022,4,29,Albuquerque Overbank Project,7,14,10.5,35.0452081969,-106.665732215,Angostura Reach,Spring
2022,4,30,State Land Office,4,8,6,34.9679188689,-106.685667747,Angostura Reach,Spring
2022,4,31,San Jose,.,11.5,11.5,35.0124335977,-106.672728518,Angostura Reach,Spring
2022,4,32,Sandia,10,.,10,35.255,-106.5907,Angostura Reach,Spring
2022,4,33,Bosque del Apache,7,11,9,33.8196650872,-106.854014975,San Acacia Reach,Spring
2022,4,34,River Realignment,.,.,.,33.8227,-106.8419,San Acacia Reach,Spring
2022,5,1,Alameda,0,0,0,35.1880598884,-106.646949118,Angostura Reach,Spring
2022,5,2,Rio Grande Nature Center,0,0,0,35.1267624154,-106.688450012,Angostura Reach,Spring
2022,5,3,Los Lunas,0,.,0,34.8123850767529,-106.714471968474,Isleta Reach,Spring
2022,5,4,Belen,0,0,0,34.6481124155284,-106.737727748983,Isleta Reach,Spring
2022,5,5,Santa Ana,0,0,0,35.34284,-106.5458,Angostura Reach,Spring
2022,5,6,Savannah,10.9,17.02,13.96,35.1428674147,-106.681982289,Angostura Reach,Spring
2022,5,7,Lemitar,0.5,.,0.5,34.1670457032,-106.889953039,San Acacia Reach,Spring
2022,5,8,Hispanic Cultural Center,.,.,.,35.0688083802,-106.65807622,Angostura Reach,Spring
2022,5,10,Diversion,0,0,0,35.191618922399996,-106.643382687,Angostura Reach,Spring
2022,5,11,Calabacillas,1.5,2.5,2,35.1946222612,-106.646350963,Angostura Reach,Spring
2022,5,12,Minnow,0,0,0,35.1972256042,-106.644122231,Angostura Reach,Spring
2022,5,13,Harrison,0,0,0,35.0150622305,-106.673722917,Angostura Reach,Spring
2022,5,14,Sevilleta,0,0,0,34.2586573236,-106.883372761,San Acacia Reach,Spring
2022,5,15,Valencia Cleared,0,0,0,34.6486505386211,-106.739180486447,Isleta Reach,Spring
2022,5,16,Valencia Forest,0,0,0,34.6472147233729,-106.738922864063,Isleta Reach,Spring
2022,5,17,Montano,0,0,0,35.1452628545,-106.680332705,Angostura Reach,Spring
2022,5,18,Reynolds Cleared,.,.,.,34.6567454384498,-106.738602216398,Isleta Reach,Spring
2022,5,19,Reynolds Forest,.,.,.,34.657611462267496,-106.739436295579,Isleta Reach,Spring
2022,5,20,Route 66,0,0,0,35.1006512603,-106.691932797,Angostura Reach,Spring
2022,5,21,Badger,0,0,0,35.1955715759,-106.641632737,Angostura Reach,Spring
2022,5,22,Bobcat,0,.,0,35.2010747789,-106.641162297,Angostura Reach,Spring
2022,5,23,BioPark,0,0,0,35.0799846256,-106.669723455,Angostura Reach,Spring
2022,5,24,Santo Domingo,.,.,.,35.50989,-106.3896,Cochiti Reach,Spring
2022,5,25,Crawford,0,0,0,34.637561057629,-106.74347269011,Isleta Reach,Spring
2022,5,26,Mesilla,0,0,0,32.248328,-106.821014,South of San Marcial Reach,Spring
2022,5,27,Bosque Farm,.,.,.,34.8477697505695,-106.714997116643,Isleta Reach,Spring
2022,5,28,Valle de Oro,.,.,.,34.9797688406,-106.680112434,Angostura Reach,Spring
2022,5,29,Albuquerque Overbank Project,0,0,0,35.0452081969,-106.665732215,Angostura Reach,Spring
2022,5,30,State Land Office,0,0,0,34.9679188689,-106.685667747,Angostura Reach,Spring
2022,5,31,San Jose,0,0,0,35.0124335977,-106.672728518,Angostura Reach,Spring
2022,5,32,Sandia,0,.,0,35.255,-106.5907,Angostura Reach,Spring
2022,5,33,Bosque del Apache,0,0,0,33.8196650872,-106.854014975,San Acacia Reach,Spring
2022,5,34,River Realignment,.,.,.,33.8227,-106.8419,San Acacia Reach,Spring
2022,6,1,Alameda,26,35,30.5,35.1880598884,-106.646949118,Angostura Reach,Monsoon
2022,6,2,Rio Grande Nature Center,21,.,21,35.1267624154,-106.688450012,Angostura Reach,Monsoon
2022,6,3,Los Lunas,9,18,13.5,34.8123850767529,-106.714471968474,Isleta Reach,Monsoon
2022,6,4,Belen,2.245,0.45,1.3475,34.6481124155284,-106.737727748983,Isleta Reach,Monsoon
2022,6,5,Santa Ana,22,27,24.5,35.34284,-106.5458,Angostura Reach,Monsoon
2022,6,6,Savannah,14.5,26,20.25,35.1428674147,-106.681982289,Angostura Reach,Monsoon
2022,6,7,Lemitar,47,60,53.5,34.1670457032,-106.889953039,San Acacia Reach,Monsoon
2022,6,8,Hispanic Cultural Center,.,.,.,35.0688083802,-106.65807622,Angostura Reach,Monsoon
2022,6,10,Diversion,16,33,24.5,35.191618922399996,-106.643382687,Angostura Reach,Monsoon
2022,6,11,Calabacillas,14,23,18.5,35.1946222612,-106.646350963,Angostura Reach,Monsoon
2022,6,12,Minnow,8.5,3.5,6,35.1972256042,-106.644122231,Angostura Reach,Monsoon
2022,6,13,Harrison,21,38,29.5,35.0150622305,-106.673722917,Angostura Reach,Monsoon
2022,6,14,Sevilleta,27,43,35,34.2586573236,-106.883372761,San Acacia Reach,Monsoon
2022,6,15,Valencia Cleared,12,24,18,34.6486505386211,-106.739180486447,Isleta Reach,Monsoon
2022,6,16,Valencia Forest,17,26.5,21.75,34.6472147233729,-106.738922864063,Isleta Reach,Monsoon
2022,6,17,Montano,25,38,31.5,35.1452628545,-106.680332705,Angostura Reach,Monsoon
2022,6,18,Reynolds Cleared,23,42.5,32.75,34.6567454384498,-106.738602216398,Isleta Reach,Monsoon
2022,6,19,Reynolds Forest,34,45,39.5,34.657611462267496,-106.739436295579,Isleta Reach,Monsoon
2022,6,20,Route 66,23.5,41,32.25,35.1006512603,-106.691932797,Angostura Reach,Monsoon
2022,6,21,Badger,15,34,24.5,35.1955715759,-106.641632737,Angostura Reach,Monsoon
2022,6,22,Bobcat,8.5,22,15.25,35.2010747789,-106.641162297,Angostura Reach,Monsoon
2022,6,23,BioPark,22,27,24.5,35.0799846256,-106.669723455,Angostura Reach,Monsoon
2022,6,24,Santo Domingo,7,28,17.5,35.50989,-106.3896,Cochiti Reach,Monsoon
2022,6,25,Crawford,18,23.5,20.75,34.637561057629,-106.74347269011,Isleta Reach,Monsoon
2022,6,26,Mesilla,16,5,10.5,32.248328,-106.821014,South of San Marcial Reach,Monsoon
2022,6,27,Bosque Farm,.,.,.,34.8477697505695,-106.714997116643,Isleta Reach,Monsoon
2022,6,28,Valle de Oro,.,.,.,34.9797688406,-106.680112434,Angostura Reach,Monsoon
2022,6,29,Albuquerque Overbank Project,23,45.5,34.25,35.0452081969,-106.665732215,Angostura Reach,Monsoon
2022,6,30,State Land Office,18,22,20,34.9679188689,-106.685667747,Angostura Reach,Monsoon
2022,6,31,San Jose,13,22,17.5,35.0124335977,-106.672728518,Angostura Reach,Monsoon
2022,6,32,Sandia,17,33,25,35.255,-106.5907,Angostura Reach,Monsoon
2022,6,33,Bosque del Apache,.,.,.,33.8196650872,-106.854014975,San Acacia Reach,Monsoon
2022,6,34,River Realignment,.,.,.,33.8227,-106.8419,San Acacia Reach,Monsoon
2022,7,1,Alameda,23,37,30,35.1880598884,-106.646949118,Angostura Reach,Monsoon
2022,7,2,Rio Grande Nature Center,28,37,32.5,35.1267624154,-106.688450012,Angostura Reach,Monsoon
2022,7,3,Los Lunas,45,54,49.5,34.8123850767529,-106.714471968474,Isleta Reach,Monsoon
2022,7,4,Belen,0,30,15,34.6481124155284,-106.737727748983,Isleta Reach,Monsoon
2022,7,5,Santa Ana,20.5,28,24.25,35.34284,-106.5458,Angostura Reach,Monsoon
2022,7,6,Savannah,17.5,43.5,30.5,35.1428674147,-106.681982289,Angostura Reach,Monsoon
2022,7,7,Lemitar,7.5,16,11.75,34.1670457032,-106.889953039,San Acacia Reach,Monsoon
2022,7,8,Hispanic Cultural Center,.,.,.,35.0688083802,-106.65807622,Angostura Reach,Monsoon
2022,7,10,Diversion,13,46,29.5,35.191618922399996,-106.643382687,Angostura Reach,Monsoon
2022,7,11,Calabacillas,50,37,43.5,35.1946222612,-106.646350963,Angostura Reach,Monsoon
2022,7,12,Minnow,28,29,28.5,35.1972256042,-106.644122231,Angostura Reach,Monsoon
2022,7,13,Harrison,24,48.5,36.25,35.0150622305,-106.673722917,Angostura Reach,Monsoon
2022,7,14,Sevilleta,25,41,33,34.2586573236,-106.883372761,San Acacia Reach,Monsoon
2022,7,15,Valencia Cleared,26,.,26,34.6486505386211,-106.739180486447,Isleta Reach,Monsoon
2022,7,16,Valencia Forest,27,52,39.5,34.6472147233729,-106.738922864063,Isleta Reach,Monsoon
2022,7,17,Montano,11.5,33,22.25,35.1452628545,-106.680332705,Angostura Reach,Monsoon
2022,7,18,Reynolds Cleared,18,30,24,34.6567454384498,-106.738602216398,Isleta Reach,Monsoon
2022,7,19,Reynolds Forest,19,29,24,34.657611462267496,-106.739436295579,Isleta Reach,Monsoon
2022,7,20,Route 66,17,29.5,23.25,35.1006512603,-106.691932797,Angostura Reach,Monsoon
2022,7,21,Badger,22,38,30,35.1955715759,-106.641632737,Angostura Reach,Monsoon
2022,7,22,Bobcat,23,47,35,35.2010747789,-106.641162297,Angostura Reach,Monsoon
2022,7,23,BioPark,31,47,39,35.0799846256,-106.669723455,Angostura Reach,Monsoon
2022,7,24,Santo Domingo,19,57,38,35.50989,-106.3896,Cochiti Reach,Monsoon
2022,7,25,Crawford,38,50,44,34.637561057629,-106.74347269011,Isleta Reach,Monsoon
2022,7,26,Mesilla,9,16,12.5,32.248328,-106.821014,South of San Marcial Reach,Monsoon
2022,7,27,Bosque Farm,.,.,.,34.8477697505695,-106.714997116643,Isleta Reach,Monsoon
2022,7,28,Valle de Oro,.,.,.,34.9797688406,-106.680112434,Angostura Reach,Monsoon
2022,7,29,Albuquerque Overbank Project,12,34,23,35.0452081969,-106.665732215,Angostura Reach,Monsoon
2022,7,30,State Land Office,38,48,43,34.9679188689,-106.685667747,Angostura Reach,Monsoon
2022,7,31,San Jose,37.5,60,48.75,35.0124335977,-106.672728518,Angostura Reach,Monsoon
2022,7,32,Sandia,10,21.5,15.75,35.255,-106.5907,Angostura Reach,Monsoon
2022,7,33,Bosque del Apache,7,.,7,33.8196650872,-106.854014975,San Acacia Reach,Monsoon
2022,7,34,River Realignment,.,.,.,33.8227,-106.8419,San Acacia Reach,Monsoon
2022,8,1,Alameda,18,25.5,21.75,35.1880598884,-106.646949118,Angostura Reach,Monsoon
2022,8,2,Rio Grande Nature Center,21,23,22,35.1267624154,-106.688450012,Angostura Reach,Monsoon
2022,8,3,Los Lunas,3.5,15,9.25,34.8123850767529,-106.714471968474,Isleta Reach,Monsoon
2022,8,4,Belen,25,34,29.5,34.6481124155284,-106.737727748983,Isleta Reach,Monsoon
2022,8,5,Santa Ana,.,55,55,35.34284,-106.5458,Angostura Reach,Monsoon
2022,8,6,Savannah,29,35,32,35.1428674147,-106.681982289,Angostura Reach,Monsoon
2022,8,7,Lemitar,28,37,32.5,34.1670457032,-106.889953039,San Acacia Reach,Monsoon
2022,8,8,Hispanic Cultural Center,.,18,18,35.0688083802,-106.65807622,Angostura Reach,Monsoon
2022,8,10,Diversion,.,18,18,35.191618922399996,-106.643382687,Angostura Reach,Monsoon
2022,8,11,Calabacillas,17.5,27,22.25,35.1946222612,-106.646350963,Angostura Reach,Monsoon
2022,8,12,Minnow,15,29,22,35.1972256042,-106.644122231,Angostura Reach,Monsoon
2022,8,13,Harrison,8.5,23,15.75,35.0150622305,-106.673722917,Angostura Reach,Monsoon
2022,8,14,Sevilleta,60,87,73.5,34.2586573236,-106.883372761,San Acacia Reach,Monsoon
2022,8,15,Valencia Cleared,21,33,27,34.6486505386211,-106.739180486447,Isleta Reach,Monsoon
2022,8,16,Valencia Forest,27,33,30,34.6472147233729,-106.738922864063,Isleta Reach,Monsoon
2022,8,17,Montano,19,26,22.5,35.1452628545,-106.680332705,Angostura Reach,Monsoon
2022,8,18,Reynolds Cleared,13,33,23,34.6567454384498,-106.738602216398,Isleta Reach,Monsoon
2022,8,19,Reynolds Forest,24,35,29.5,34.657611462267496,-106.739436295579,Isleta Reach,Monsoon
2022,8,20,Route 66,21,41,31,35.1006512603,-106.691932797,Angostura Reach,Monsoon
2022,8,21,Badger,14,30,22,35.1955715759,-106.641632737,Angostura Reach,Monsoon
2022,8,22,Bobcat,16,34,25,35.2010747789,-106.641162297,Angostura Reach,Monsoon
2022,8,23,BioPark,20,.,20,35.0799846256,-106.669723455,Angostura Reach,Monsoon
2022,8,24,Santo Domingo,59,71,65,35.50989,-106.3896,Cochiti Reach,Monsoon
2022,8,25,Crawford,27,33,30,34.637561057629,-106.74347269011,Isleta Reach,Monsoon
2022,8,26,Mesilla,7.5,27,17.25,32.248328,-106.821014,South of San Marcial Reach,Monsoon
2022,8,27,Bosque Farm,.,.,.,34.8477697505695,-106.714997116643,Isleta Reach,Monsoon
2022,8,28,Valle de Oro,.,.,.,34.9797688406,-106.680112434,Angostura Reach,Monsoon
2022,8,29,Albuquerque Overbank Project,13,26,19.5,35.0452081969,-106.665732215,Angostura Reach,Monsoon
2022,8,30,State Land Office,8.5,13,10.75,34.9679188689,-106.685667747,Angostura Reach,Monsoon
2022,8,31,San Jose,9,20,14.5,35.0124335977,-106.672728518,Angostura Reach,Monsoon
2022,8,32,Sandia,44,46,45,35.255,-106.5907,Angostura Reach,Monsoon
2022,8,33,Bosque del Apache,19,.,19,33.8196650872,-106.854014975,San Acacia Reach,Monsoon
2022,8,34,River Realignment,.,.,.,33.8227,-106.8419,San Acacia Reach,Monsoon
2022,9,1,Alameda,9.5,19,14.25,35.1880598884,-106.646949118,Angostura Reach,Fall
2022,9,2,Rio Grande Nature Center,16.5,19,17.75,35.1267624154,-106.688450012,Angostura Reach,Fall
2022,9,3,Los Lunas,15,30.5,22.75,34.8123850767529,-106.714471968474,Isleta Reach,Fall
2022,9,4,Belen,46,34,40,34.6481124155284,-106.737727748983,Isleta Reach,Fall
2022,9,5,Santa Ana,26,42,34,35.34284,-106.5458,Angostura Reach,Fall
2022,9,6,Savannah,8,22,15,35.1428674147,-106.681982289,Angostura Reach,Fall
2022,9,7,Lemitar,49,80.5,64.75,34.1670457032,-106.889953039,San Acacia Reach,Fall
2022,9,8,Hispanic Cultural Center,.,14,14,35.0688083802,-106.65807622,Angostura Reach,Fall
2022,9,10,Diversion,7.5,20,13.75,35.191618922399996,-106.643382687,Angostura Reach,Fall
2022,9,11,Calabacillas,4,9,6.5,35.1946222612,-106.646350963,Angostura Reach,Fall
2022,9,12,Minnow,3.81,4.318,4.064,35.1972256042,-106.644122231,Angostura Reach,Fall
2022,9,13,Harrison,9.5,20,14.75,35.0150622305,-106.673722917,Angostura Reach,Fall
2022,9,14,Sevilleta,8.5,15,11.75,34.2586573236,-106.883372761,San Acacia Reach,Fall
2022,9,15,Valencia Cleared,12,32,22,34.6486505386211,-106.739180486447,Isleta Reach,Fall
2022,9,16,Valencia Forest,13,32.5,22.75,34.6472147233729,-106.738922864063,Isleta Reach,Fall
2022,9,17,Montano,13,36,24.5,35.1452628545,-106.680332705,Angostura Reach,Fall
2022,9,18,Reynolds Cleared,12,28,20,34.6567454384498,-106.738602216398,Isleta Reach,Fall
2022,9,19,Reynolds Forest,22,28,25,34.657611462267496,-106.739436295579,Isleta Reach,Fall
2022,9,20,Route 66,3,8,5.5,35.1006512603,-106.691932797,Angostura Reach,Fall
2022,9,21,Badger,5.5,9,7.25,35.1955715759,-106.641632737,Angostura Reach,Fall
2022,9,22,Bobcat,2.8,16,9.4,35.2010747789,-106.641162297,Angostura Reach,Fall
2022,9,23,BioPark,15,26,20.5,35.0799846256,-106.669723455,Angostura Reach,Fall
2022,9,24,Santo Domingo,32,16,24,35.50989,-106.3896,Cochiti Reach,Fall
2022,9,25,Crawford,27,33,30,34.637561057629,-106.74347269011,Isleta Reach,Fall
2022,9,26,Mesilla,9.5,27,18.25,32.248328,-106.821014,South of San Marcial Reach,Fall
2022,9,27,Bosque Farm,.,.,.,34.8477697505695,-106.714997116643,Isleta Reach,Fall
2022,9,28,Valle de Oro,.,3.5,3.5,34.9797688406,-106.680112434,Angostura Reach,Fall
2022,9,29,Albuquerque Overbank Project,9.5,26,17.75,35.0452081969,-106.665732215,Angostura Reach,Fall
2022,9,30,State Land Office,26,.,26,34.9679188689,-106.685667747,Angostura Reach,Fall
2022,9,31,San Jose,13,19,16,35.0124335977,-106.672728518,Angostura Reach,Fall
2022,9,32,Sandia,14,34.5,24.25,35.255,-106.5907,Angostura Reach,Fall
2022,9,33,Bosque del Apache,40,60,50,33.8196650872,-106.854014975,San Acacia Reach,Fall
2022,9,34,River Realignment,.,.,.,33.8227,-106.8419,San Acacia Reach,Fall
2022,10,1,Alameda,35,42,38.5,35.1880598884,-106.646949118,Angostura Reach,Fall
2022,10,2,Rio Grande Nature Center,32,28,30,35.1267624154,-106.688450012,Angostura Reach,Fall
2022,10,3,Los Lunas,34,52,43,34.8123850767529,-106.714471968474,Isleta Reach,Fall
2022,10,4,Belen,13,57.7,35.35,34.6481124155284,-106.737727748983,Isleta Reach,Fall
2022,10,5,Santa Ana,52,64,58,35.34284,-106.5458,Angostura Reach,Fall
2022,10,6,Savannah,20,47,33.5,35.1428674147,-106.681982289,Angostura Reach,Fall
2022,10,7,Lemitar,47.5,64.5,56,34.1670457032,-106.889953039,San Acacia Reach,Fall
2022,10,8,Hispanic Cultural Center,.,22,22,35.0688083802,-106.65807622,Angostura Reach,Fall
2022,10,10,Diversion,24,.,24,35.191618922399996,-106.643382687,Angostura Reach,Fall
2022,10,11,Calabacillas,28,40,34,35.1946222612,-106.646350963,Angostura Reach,Fall
2022,10,12,Minnow,19,45,32,35.1972256042,-106.644122231,Angostura Reach,Fall
2022,10,13,Harrison,18,42,30,35.0150622305,-106.673722917,Angostura Reach,Fall
2022,10,14,Sevilleta,27,47,37,34.2586573236,-106.883372761,San Acacia Reach,Fall
2022,10,15,Valencia Cleared,31,45,38,34.6486505386211,-106.739180486447,Isleta Reach,Fall
2022,10,16,Valencia Forest,36,64,50,34.6472147233729,-106.738922864063,Isleta Reach,Fall
2022,10,17,Montano,6.5,43,24.75,35.1452628545,-106.680332705,Angostura Reach,Fall
2022,10,18,Reynolds Cleared,28,54,41,34.6567454384498,-106.738602216398,Isleta Reach,Fall
2022,10,19,Reynolds Forest,42,52,47,34.657611462267496,-106.739436295579,Isleta Reach,Fall
2022,10,20,Route 66,15,34,24.5,35.1006512603,-106.691932797,Angostura Reach,Fall
2022,10,21,Badger,18,44,31,35.1955715759,-106.641632737,Angostura Reach,Fall
2022,10,22,Bobcat,21,43,32,35.2010747789,-106.641162297,Angostura Reach,Fall
2022,10,23,BioPark,22,43,32.5,35.0799846256,-106.669723455,Angostura Reach,Fall
2022,10,24,Santo Domingo,12,34,23,35.50989,-106.3896,Cochiti Reach,Fall
2022,10,25,Crawford,30,34,32,34.637561057629,-106.74347269011,Isleta Reach,Fall
2022,10,26,Mesilla,32,75,53.5,32.248328,-106.821014,South of San Marcial Reach,Fall
2022,10,27,Bosque Farm,.,.,.,34.8477697505695,-106.714997116643,Isleta Reach,Fall
2022,10,28,Valle de Oro,.,30,30,34.9797688406,-106.680112434,Angostura Reach,Fall
2022,10,29,Albuquerque Overbank Project,15,46,30.5,35.0452081969,-106.665732215,Angostura Reach,Fall
2022,10,30,State Land Office,18,.,18,34.9679188689,-106.685667747,Angostura Reach,Fall
2022,10,31,San Jose,22.5,40,31.25,35.0124335977,-106.672728518,Angostura Reach,Fall
2022,10,32,Sandia,20,42,31,35.255,-106.5907,Angostura Reach,Fall
2022,10,33,Bosque del Apache,23,.,23,33.8196650872,-106.854014975,San Acacia Reach,Fall
2022,10,34,River Realignment,.,.,.,33.8227,-106.8419,San Acacia Reach,Fall
2022,11,1,Alameda,1,1.5,1.25,35.1880598884,-106.646949118,Angostura Reach,Winter
2022,11,2,Rio Grande Nature Center,2,3,2.5,35.1267624154,-106.688450012,Angostura Reach,Winter
2022,11,3,Los Lunas,.,14,14,34.8123850767529,-106.714471968474,Isleta Reach,Winter
2022,11,4,Belen,.,.,.,34.6481124155284,-106.737727748983,Isleta Reach,Winter
2022,11,5,Santa Ana,1.25,3,2.125,35.34284,-106.5458,Angostura Reach,Winter
2022,11,6,Savannah,0.5,1,0.75,35.1428674147,-106.681982289,Angostura Reach,Winter
2022,11,7,Lemitar,8.5,11.5,10,34.1670457032,-106.889953039,San Acacia Reach,Winter
2022,11,8,Hispanic Cultural Center,.,23,23,35.0688083802,-106.65807622,Angostura Reach,Winter
2022,11,10,Diversion,0.5,2,1.25,35.191618922399996,-106.643382687,Angostura Reach,Winter
2022,11,11,Calabacillas,5,5.5,5.25,35.1946222612,-106.646350963,Angostura Reach,Winter
2022,11,12,Minnow,0.75,2,1.375,35.1972256042,-106.644122231,Angostura Reach,Winter
2022,11,13,Harrison,0,0.75,0.375,35.0150622305,-106.673722917,Angostura Reach,Winter
2022,11,14,Sevilleta,4,7,5.5,34.2586573236,-106.883372761,San Acacia Reach,Winter
2022,11,15,Valencia Cleared,.,18,18,34.6486505386211,-106.739180486447,Isleta Reach,Winter
2022,11,16,Valencia Forest,.,1.5,1.5,34.6472147233729,-106.738922864063,Isleta Reach,Winter
2022,11,17,Montano,0,1.5,0.75,35.1452628545,-106.680332705,Angostura Reach,Winter
2022,11,18,Reynolds Cleared,0.5,1.5,1,34.6567454384498,-106.738602216398,Isleta Reach,Winter
2022,11,19,Reynolds Forest,1.5,2.3,1.9,34.657611462267496,-106.739436295579,Isleta Reach,Winter
2022,11,20,Route 66,1.5,0.5,1,35.1006512603,-106.691932797,Angostura Reach,Winter
2022,11,21,Badger,1,4,2.5,35.1955715759,-106.641632737,Angostura Reach,Winter
2022,11,22,Bobcat,1.5,2.5,2,35.2010747789,-106.641162297,Angostura Reach,Winter
2022,11,23,BioPark,2,2.75,2.375,35.0799846256,-106.669723455,Angostura Reach,Winter
2022,11,24,Santo Domingo,0,2,1,35.50989,-106.3896,Cochiti Reach,Winter
2022,11,25,Crawford,14,18,16,34.637561057629,-106.74347269011,Isleta Reach,Winter
2022,11,26,Mesilla,1,5,3,32.248328,-106.821014,South of San Marcial Reach,Winter
2022,11,27,Bosque Farm,.,.,.,34.8477697505695,-106.714997116643,Isleta Reach,Winter
2022,11,28,Valle de Oro,.,.,.,34.9797688406,-106.680112434,Angostura Reach,Winter
2022,11,29,Albuquerque Overbank Project,0.05,2,1.025,35.0452081969,-106.665732215,Angostura Reach,Winter
2022,11,30,State Land Office,5,.,5,34.9679188689,-106.685667747,Angostura Reach,Winter
2022,11,31,San Jose,1.25,1,1.125,35.0124335977,-106.672728518,Angostura Reach,Winter
2022,11,32,Sandia,0,0.5,0.25,35.255,-106.5907,Angostura Reach,Winter
2022,11,33,Bosque del Apache,1,.,1,33.8196650872,-106.854014975,San Acacia Reach,Winter
2022,11,34,River Realignment,.,0,0,33.8227,-106.8419,San Acacia Reach,Winter
2022,12,1,Alameda,10,11,10.5,35.1880598884,-106.646949118,Angostura Reach,Winter
2022,12,2,Rio Grande Nature Center,12,13,12.5,35.1267624154,-106.688450012,Angostura Reach,Winter
2022,12,3,Los Lunas,20,19,19.5,34.8123850767529,-106.714471968474,Isleta Reach,Winter
2022,12,4,Belen,.,2.5,2.5,34.6481124155284,-106.737727748983,Isleta Reach,Winter
2022,12,5,Santa Ana,7,9,8,35.34284,-106.5458,Angostura Reach,Winter
2022,12,6,Savannah,8.5,13,10.75,35.1428674147,-106.681982289,Angostura Reach,Winter
2022,12,7,Lemitar,13,23,18,34.1670457032,-106.889953039,San Acacia Reach,Winter
2022,12,8,Hispanic Cultural Center,.,.,.,35.0688083802,-106.65807622,Angostura Reach,Winter
2022,12,10,Diversion,8,12,10,35.191618922399996,-106.643382687,Angostura Reach,Winter
2022,12,11,Calabacillas,10,10.5,10.25,35.1946222612,-106.646350963,Angostura Reach,Winter
2022,12,12,Minnow,6.25,10,8.125,35.1972256042,-106.644122231,Angostura Reach,Winter
2022,12,13,Harrison,11,15,13,35.0150622305,-106.673722917,Angostura Reach,Winter
2022,12,14,Sevilleta,24,31,27.5,34.2586573236,-106.883372761,San Acacia Reach,Winter
2022,12,15,Valencia Cleared,24,30,27,34.6486505386211,-106.739180486447,Isleta Reach,Winter
2022,12,16,Valencia Forest,16,26,21,34.6472147233729,-106.738922864063,Isleta Reach,Winter
2022,12,17,Montano,6.5,12,9.25,35.1452628545,-106.680332705,Angostura Reach,Winter
2022,12,18,Reynolds Cleared,13,25,19,34.6567454384498,-106.738602216398,Isleta Reach,Winter
2022,12,19,Reynolds Forest,22,27,24.5,34.657611462267496,-106.739436295579,Isleta Reach,Winter
2022,12,20,Route 66,7,13,10,35.1006512603,-106.691932797,Angostura Reach,Winter
2022,12,21,Badger,8,11,9.5,35.1955715759,-106.641632737,Angostura Reach,Winter
2022,12,22,Bobcat,6.5,10,8.25,35.2010747789,-106.641162297,Angostura Reach,Winter
2022,12,23,BioPark,10,14,12,35.0799846256,-106.669723455,Angostura Reach,Winter
2022,12,24,Santo Domingo,.,.,.,35.50989,-106.3896,Cochiti Reach,Winter
2022,12,25,Crawford,26,.,26,34.637561057629,-106.74347269011,Isleta Reach,Winter
2022,12,26,Mesilla,.,.,.,32.248328,-106.821014,South of San Marcial Reach,Winter
2022,12,27,Bosque Farm,.,.,.,34.8477697505695,-106.714997116643,Isleta Reach,Winter
2022,12,28,Valle de Oro,.,14,14,34.9797688406,-106.680112434,Angostura Reach,Winter
2022,12,29,Albuquerque Overbank Project,5.5,14,9.75,35.0452081969,-106.665732215,Angostura Reach,Winter
2022,12,30,State Land Office,13,13,13,34.9679188689,-106.685667747,Angostura Reach,Winter
2022,12,31,San Jose,13,14,13.5,35.0124335977,-106.672728518,Angostura Reach,Winter
2022,12,32,Sandia,.,.,.,35.255,-106.5907,Angostura Reach,Winter
2022,12,33,Bosque del Apache,7,10.5,8.75,33.8196650872,-106.854014975,San Acacia Reach,Winter
2022,12,34,River Realignment,.,10,10,33.8227,-106.8419,San Acacia Reach,Winter
2023,1,1,Alameda,6,9,7.5,35.1880598884,-106.646949118,Angostura Reach,Winter
2023,1,2,Rio Grande Nature Center,7,10,8.5,35.1267624154,-106.688450012,Angostura Reach,Winter
2023,1,3,Los Lunas,2.5,6,4.25,34.8123850767529,-106.714471968474,Isleta Reach,Winter
2023,1,4,Belen,3,4.5,3.75,34.6481124155284,-106.737727748983,Isleta Reach,Winter
2023,1,5,Santa Ana,3.25,7.5,5.375,35.34284,-106.5458,Angostura Reach,Winter
2023,1,6,Savannah,5,.,5,35.1428674147,-106.681982289,Angostura Reach,Winter
2023,1,7,Lemitar,1.5,2,1.75,34.1670457032,-106.889953039,San Acacia Reach,Winter
2023,1,8,Hispanic Cultural Center,.,8,8,35.0688083802,-106.65807622,Angostura Reach,Winter
2023,1,10,Diversion,5.5,11,8.25,35.191618922399996,-106.643382687,Angostura Reach,Winter
2023,1,11,Calabacillas,6,7.5,6.75,35.1946222612,-106.646350963,Angostura Reach,Winter
2023,1,12,Minnow,5.5,6,5.75,35.1972256042,-106.644122231,Angostura Reach,Winter
2023,1,13,Harrison,4.5,8,6.25,35.0150622305,-106.673722917,Angostura Reach,Winter
2023,1,14,Sevilleta,2,3.5,2.75,34.2586573236,-106.883372761,San Acacia Reach,Winter
2023,1,15,Valencia Cleared,3,5,4,34.6486505386211,-106.739180486447,Isleta Reach,Winter
2023,1,16,Valencia Forest,2.5,4,3.25,34.6472147233729,-106.738922864063,Isleta Reach,Winter
2023,1,17,Montano,1.5,10,5.75,35.1452628545,-106.680332705,Angostura Reach,Winter
2023,1,18,Reynolds Cleared,2,4.5,3.25,34.6567454384498,-106.738602216398,Isleta Reach,Winter
2023,1,19,Reynolds Forest,4,4.5,4.25,34.657611462267496,-106.739436295579,Isleta Reach,Winter
2023,1,20,Route 66,1.75,8,4.875,35.1006512603,-106.691932797,Angostura Reach,Winter
2023,1,21,Badger,6,9,7.5,35.1955715759,-106.641632737,Angostura Reach,Winter
2023,1,22,Bobcat,8,11,9.5,35.2010747789,-106.641162297,Angostura Reach,Winter
2023,1,23,BioPark,4.5,3.5,4,35.0799846256,-106.669723455,Angostura Reach,Winter
2023,1,24,Santo Domingo,4.5,18,11.25,35.50989,-106.3896,Cochiti Reach,Winter
2023,1,25,Crawford,3.5,3.9,3.7,34.637561057629,-106.74347269011,Isleta Reach,Winter
2023,1,26,Mesilla,7,21,14,32.248328,-106.821014,South of San Marcial Reach,Winter
2023,1,27,Bosque Farm,.,.,.,34.8477697505695,-106.714997116643,Isleta Reach,Winter
2023,1,28,Valle de Oro,.,.,.,34.9797688406,-106.680112434,Angostura Reach,Winter
2023,1,29,Albuquerque Overbank Project,3,7,5,35.0452081969,-106.665732215,Angostura Reach,Winter
2023,1,30,State Land Office,8.5,7.5,8,34.9679188689,-106.685667747,Angostura Reach,Winter
2023,1,31,San Jose,5.5,.,5.5,35.0124335977,-106.672728518,Angostura Reach,Winter
2023,1,32,Sandia,.,20,20,35.255,-106.5907,Angostura Reach,Winter
2023,1,33,Bosque del Apache,5,10,7.5,33.8196650872,-106.854014975,San Acacia Reach,Winter
2023,1,34,River Realignment,.,12,12,33.8227,-106.8419,San Acacia Reach,Winter
2023,2,1,Alameda,4,6.5,5.25,35.1880598884,-106.646949118,Angostura Reach,Winter
2023,2,2,Rio Grande Nature Center,5.25,5,5.125,35.1267624154,-106.688450012,Angostura Reach,Winter
2023,3,3,Los Lunas,4.5,6.8,5.65,34.8123850767529,-106.714471968474,Isleta Reach,Spring
2023,2,4,Belen,7,13,10,34.6481124155284,-106.737727748983,Isleta Reach,Winter
2023,2,5,Santa Ana,7,14,10.5,35.34284,-106.5458,Angostura Reach,Winter
2023,2,6,Savannah,3,8.5,5.75,35.1428674147,-106.681982289,Angostura Reach,Winter
2023,2,7,Lemitar,6.5,7,6.75,34.1670457032,-106.889953039,San Acacia Reach,Winter
2023,2,8,Hispanic Cultural Center,.,5.5,5.5,35.0688083802,-106.65807622,Angostura Reach,Winter
2023,2,10,Diversion,6,9,7.5,35.191618922399996,-106.643382687,Angostura Reach,Winter
2023,2,11,Calabacillas,7,11,9,35.1946222612,-106.646350963,Angostura Reach,Winter
2023,2,12,Minnow,6.5,10,8.25,35.1972256042,-106.644122231,Angostura Reach,Winter
2023,2,13,Harrison,2.5,7,4.75,35.0150622305,-106.673722917,Angostura Reach,Winter
2023,2,14,Sevilleta,4.5,7,5.75,34.2586573236,-106.883372761,San Acacia Reach,Winter
2023,2,15,Valencia Cleared,.,.,.,34.6486505386211,-106.739180486447,Isleta Reach,Winter
2023,2,16,Valencia Forest,4,.,4,34.6472147233729,-106.738922864063,Isleta Reach,Winter
2023,2,17,Montano,5,5.5,5.25,35.1452628545,-106.680332705,Angostura Reach,Winter
2023,2,18,Reynolds Cleared,2,3,2.5,34.6567454384498,-106.738602216398,Isleta Reach,Winter
2023,2,19,Reynolds Forest,2,3.5,2.75,34.657611462267496,-106.739436295579,Isleta Reach,Winter
2023,2,20,Route 66,2,4.5,3.25,35.1006512603,-106.691932797,Angostura Reach,Winter
2023,2,21,Badger,3.75,4.5,4.125,35.1955715759,-106.641632737,Angostura Reach,Winter
2023,2,22,Bobcat,3.5,6,4.75,35.2010747789,-106.641162297,Angostura Reach,Winter
2023,2,23,BioPark,4.5,0.5,2.5,35.0799846256,-106.669723455,Angostura Reach,Winter
2023,2,24,Santo Domingo,6.5,12,9.25,35.50989,-106.3896,Cochiti Reach,Winter
2023,2,25,Crawford,5,7.3,6.15,34.637561057629,-106.74347269011,Isleta Reach,Winter
2023,2,26,Mesilla,1,3,2,32.248328,-106.821014,South of San Marcial Reach,Winter
2023,2,27,Bosque Farm,.,.,.,34.8477697505695,-106.714997116643,Isleta Reach,Winter
2023,2,28,Valle de Oro,.,.,.,34.9797688406,-106.680112434,Angostura Reach,Winter
2023,2,29,Albuquerque Overbank Project,3,9,6,35.0452081969,-106.665732215,Angostura Reach,Winter
2023,2,30,State Land Office,4,5.5,4.75,34.9679188689,-106.685667747,Angostura Reach,Winter
2023,2,31,San Jose,3.75,6.5,5.125,35.0124335977,-106.672728518,Angostura Reach,Winter
2023,2,32,Sandia,2.5,8,5.25,35.255,-106.5907,Angostura Reach,Winter
2023,2,33,Bosque del Apache,7.25,11,9.125,33.8196650872,-106.854014975,San Acacia Reach,Winter
2023,2,34,River Realignment,4.5,.,4.5,33.8227,-106.8419,San Acacia Reach,Winter
2023,3,1,Alameda,15,18,16.5,35.1880598884,-106.646949118,Angostura Reach,Spring
2023,3,2,Rio Grande Nature Center,5.5,5.5,5.5,35.1267624154,-106.688450012,Angostura Reach,Spring
2023,3,3,Los Lunas,4,8,6,34.8123850767529,-106.714471968474,Isleta Reach,Spring
2023,3,4,Belen,.,.,.,34.6481124155284,-106.737727748983,Isleta Reach,Spring
2023,3,5,Santa Ana,22,29,25.5,35.34284,-106.5458,Angostura Reach,Spring
2023,3,6,Savannah,.,18,18,35.1428674147,-106.681982289,Angostura Reach,Spring
2023,3,7,Lemitar,4,4,4,34.1670457032,-106.889953039,San Acacia Reach,Spring
2023,3,8,Hispanic Cultural Center,.,11,11,35.0688083802,-106.65807622,Angostura Reach,Spring
2023,3,10,Diversion,10,21,15.5,35.191618922399996,-106.643382687,Angostura Reach,Spring
2023,3,11,Calabacillas,12,.,12,35.1946222612,-106.646350963,Angostura Reach,Spring
2023,3,12,Minnow,6.8,11.8,9.3,35.1972256042,-106.644122231,Angostura Reach,Spring
2023,3,13,Harrison,2.25,8.5,5.375,35.0150622305,-106.673722917,Angostura Reach,Spring
2023,3,14,Sevilleta,3,6,4.5,34.2586573236,-106.883372761,San Acacia Reach,Spring
2023,3,15,Valencia Cleared,5.5,9,7.25,34.6486505386211,-106.739180486447,Isleta Reach,Spring
2023,3,16,Valencia Forest,7,10,8.5,34.6472147233729,-106.738922864063,Isleta Reach,Spring
2023,3,17,Montano,5.5,16,10.75,35.1452628545,-106.680332705,Angostura Reach,Spring
2023,3,18,Reynolds Cleared,5,8.5,6.75,34.6567454384498,-106.738602216398,Isleta Reach,Spring
2023,3,19,Reynolds Forest,8,9,8.5,34.657611462267496,-106.739436295579,Isleta Reach,Spring
2023,3,20,Route 66,3.5,8.5,6,35.1006512603,-106.691932797,Angostura Reach,Spring
2023,3,21,Badger,11,19.5,15.25,35.1955715759,-106.641632737,Angostura Reach,Spring
2023,3,22,Bobcat,.,.,.,35.2010747789,-106.641162297,Angostura Reach,Spring
2023,3,23,BioPark,6,7.5,6.75,35.0799846256,-106.669723455,Angostura Reach,Spring
2023,3,24,Santo Domingo,15,28,21.5,35.50989,-106.3896,Cochiti Reach,Spring
2023,3,25,Crawford,6.5,9,7.75,34.637561057629,-106.74347269011,Isleta Reach,Spring
2023,3,26,Mesilla,1,3,2,32.248328,-106.821014,South of San Marcial Reach,Spring
2023,3,27,Bosque Farm,.,.,.,34.8477697505695,-106.714997116643,Isleta Reach,Spring
2023,3,28,Valle de Oro,.,.,.,34.9797688406,-106.680112434,Angostura Reach,Spring
2023,3,29,Albuquerque Overbank Project,6,10,8,35.0452081969,-106.665732215,Angostura Reach,Spring
2023,3,30,State Land Office,9.5,9.5,9.5,34.9679188689,-106.685667747,Angostura Reach,Spring
2023,3,31,San Jose,5,8.5,6.75,35.0124335977,-106.672728518,Angostura Reach,Spring
2023,3,32,Sandia,.,23,23,35.255,-106.5907,Angostura Reach,Spring
2023,3,33,Bosque del Apache,2,6,4,33.8196650872,-106.854014975,San Acacia Reach,Spring
2023,3,34,River Realignment,.,4.5,4.5,33.8227,-106.8419,San Acacia Reach,Spring
2023,4,1,Alameda,1.5,2.5,2,35.1880598884,-106.646949118,Angostura Reach,Spring
2023,4,2,Rio Grande Nature Center,4,5,4.5,35.1267624154,-106.688450012,Angostura Reach,Spring
2023,4,3,Los Lunas,.,.,.,34.8123850767529,-106.714471968474,Isleta Reach,Spring
2023,4,4,Belen,0,0,0,34.6481124155284,-106.737727748983,Isleta Reach,Spring
2023,4,5,Santa Ana,1.5,2.5,2,35.34284,-106.5458,Angostura Reach,Spring
2023,4,6,Savannah,.,0,0,35.1428674147,-106.681982289,Angostura Reach,Spring
2023,4,7,Lemitar,0,.,0,34.1670457032,-106.889953039,San Acacia Reach,Spring
2023,4,8,Hispanic Cultural Center,.,.,.,35.0688083802,-106.65807622,Angostura Reach,Spring
2023,4,10,Diversion,0,.,0,35.191618922399996,-106.643382687,Angostura Reach,Spring
2023,4,11,Calabacillas,1,.,1,35.1946222612,-106.646350963,Angostura Reach,Spring
2023,4,12,Minnow,2.5,7.5,5,35.1972256042,-106.644122231,Angostura Reach,Spring
2023,4,13,Harrison,0,0.75,0.375,35.0150622305,-106.673722917,Angostura Reach,Spring
2023,4,14,Sevilleta,0.5,1,0.75,34.2586573236,-106.883372761,San Acacia Reach,Spring
2023,4,15,Valencia Cleared,2.5,0.5,1.5,34.6486505386211,-106.739180486447,Isleta Reach,Spring
2023,4,16,Valencia Forest,0,2,1,34.6472147233729,-106.738922864063,Isleta Reach,Spring
2023,4,17,Montano,3,6,4.5,35.1452628545,-106.680332705,Angostura Reach,Spring
2023,4,18,Reynolds Cleared,0,0,0,34.6567454384498,-106.738602216398,Isleta Reach,Spring
2023,4,19,Reynolds Forest,0,0,0,34.657611462267496,-106.739436295579,Isleta Reach,Spring
2023,4,20,Route 66,2,2.5,2.25,35.1006512603,-106.691932797,Angostura Reach,Spring
2023,4,21,Badger,2.5,1.5,2,35.1955715759,-106.641632737,Angostura Reach,Spring
2023,4,22,Bobcat,.,.,.,35.2010747789,-106.641162297,Angostura Reach,Spring
2023,4,23,BioPark,4,.,4,35.0799846256,-106.669723455,Angostura Reach,Spring
2023,4,24,Santo Domingo,0.5,1,0.75,35.50989,-106.3896,Cochiti Reach,Spring
2023,4,25,Crawford,0.3,1.5,0.9,34.637561057629,-106.74347269011,Isleta Reach,Spring
2023,4,26,Mesilla,0,0,0,32.248328,-106.821014,South of San Marcial Reach,Spring
2023,4,27,Bosque Farm,.,.,.,34.8477697505695,-106.714997116643,Isleta Reach,Spring
2023,4,28,Valle de Oro,.,.,.,34.9797688406,-106.680112434,Angostura Reach,Spring
2023,4,29,Albuquerque Overbank Project,0,1,0.5,35.0452081969,-106.665732215,Angostura Reach,Spring
2023,4,30,State Land Office,1,2.5,1.75,34.9679188689,-106.685667747,Angostura Reach,Spring
2023,4,31,San Jose,0,0.5,0.25,35.0124335977,-106.672728518,Angostura Reach,Spring
2023,4,32,Sandia,.,7,7,35.255,-106.5907,Angostura Reach,Spring
2023,4,33,Bosque del Apache,0.01,0.01,0.01,33.8196650872,-106.854014975,San Acacia Reach,Spring
2023,4,34,River Realignment,.,0,0,33.8227,-106.8419,San Acacia Reach,Spring
2023,5,1,Alameda,1,6,3.5,35.1880598884,-106.646949118,Angostura Reach,Spring
2023,5,2,Rio Grande Nature Center,1.25,2,1.625,35.1267624154,-106.688450012,Angostura Reach,Spring
2023,5,3,Los Lunas,.,.,.,34.8123850767529,-106.714471968474,Isleta Reach,Spring
2023,5,4,Belen,0,0,0,34.6481124155284,-106.737727748983,Isleta Reach,Spring
2023,5,5,Santa Ana,0,2,1,35.34284,-106.5458,Angostura Reach,Spring
2023,5,6,Savannah,0.5,1.5,1,35.1428674147,-106.681982289,Angostura Reach,Spring
2023,5,7,Lemitar,2.5,.,2.5,34.1670457032,-106.889953039,San Acacia Reach,Spring
2023,5,8,Hispanic Cultural Center,.,2,2,35.0688083802,-106.65807622,Angostura Reach,Spring
2023,5,10,Diversion,1.5,5.8,3.65,35.191618922399996,-106.643382687,Angostura Reach,Spring
2023,5,11,Calabacillas,0,0,0,35.1946222612,-106.646350963,Angostura Reach,Spring
2023,5,12,Minnow,1.25,4.25,2.75,35.1972256042,-106.644122231,Angostura Reach,Spring
2023,5,13,Harrison,0.75,4,2.375,35.0150622305,-106.673722917,Angostura Reach,Spring
2023,5,14,Sevilleta,3.5,6.5,5,34.2586573236,-106.883372761,San Acacia Reach,Spring
2023,5,15,Valencia Cleared,.,.,.,34.6486505386211,-106.739180486447,Isleta Reach,Spring
2023,5,16,Valencia Forest,.,.,.,34.6472147233729,-106.738922864063,Isleta Reach,Spring
2023,5,17,Montano,0,2,1,35.1452628545,-106.680332705,Angostura Reach,Spring
2023,5,18,Reynolds Cleared,0,0,0,34.6567454384498,-106.738602216398,Isleta Reach,Spring
2023,5,19,Reynolds Forest,0,0,0,34.657611462267496,-106.739436295579,Isleta Reach,Spring
2023,5,20,Route 66,0,0.75,0.375,35.1006512603,-106.691932797,Angostura Reach,Spring
2023,5,21,Badger,0,0,0,35.1955715759,-106.641632737,Angostura Reach,Spring
2023,5,22,Bobcat,.,.,.,35.2010747789,-106.641162297,Angostura Reach,Spring
2023,5,23,BioPark,5,4,4.5,35.0799846256,-106.669723455,Angostura Reach,Spring
2023,5,24,Santo Domingo,1.5,4,2.75,35.50989,-106.3896,Cochiti Reach,Spring
2023,5,25,Crawford,0,0,0,34.637561057629,-106.74347269011,Isleta Reach,Spring
2023,5,26,Mesilla,6,14,10,32.248328,-106.821014,South of San Marcial Reach,Spring
2023,5,27,Bosque Farm,.,.,.,34.8477697505695,-106.714997116643,Isleta Reach,Spring
2023,5,28,Valle de Oro,.,.,.,34.9797688406,-106.680112434,Angostura Reach,Spring
2023,5,29,Albuquerque Overbank Project,0,1.5,0.75,35.0452081969,-106.665732215,Angostura Reach,Spring
2023,5,30,State Land Office,4.5,6,5.25,34.9679188689,-106.685667747,Angostura Reach,Spring
2023,5,31,San Jose,2.5,5,3.75,35.0124335977,-106.672728518,Angostura Reach,Spring
2023,5,32,Sandia,0,8.5,4.25,35.255,-106.5907,Angostura Reach,Spring
2023,5,33,Bosque del Apache,1.5,.,1.5,33.8196650872,-106.854014975,San Acacia Reach,Spring
2023,5,34,River Realignment,.,5,5,33.8227,-106.8419,San Acacia Reach,Spring
2023,6,1,Alameda,0.75,2,1.375,35.1880598884,-106.646949118,Angostura Reach,Monsoon
2023,6,2,Rio Grande Nature Center,17,20,18.5,35.1267624154,-106.688450012,Angostura Reach,Monsoon
2023,6,3,Los Lunas,.,.,.,34.8123850767529,-106.714471968474,Isleta Reach,Monsoon
2023,6,4,Belen,12.7,18,15.35,34.6481124155284,-106.737727748983,Isleta Reach,Monsoon
2023,6,5,Santa Ana,10,.,10,35.34284,-106.5458,Angostura Reach,Monsoon
2023,6,6,Savannah,12,1.5,6.75,35.1428674147,-106.681982289,Angostura Reach,Monsoon
2023,6,7,Lemitar,20,18,19,34.1670457032,-106.889953039,San Acacia Reach,Monsoon
2023,6,8,Hispanic Cultural Center,.,5,5,35.0688083802,-106.65807622,Angostura Reach,Monsoon
2023,6,10,Diversion,0.5,2.5,1.5,35.191618922399996,-106.643382687,Angostura Reach,Monsoon
2023,6,11,Calabacillas,2,8,5,35.1946222612,-106.646350963,Angostura Reach,Monsoon
2023,6,12,Minnow,5,7,6,35.1972256042,-106.644122231,Angostura Reach,Monsoon
2023,6,13,Harrison,.,3,3,35.0150622305,-106.673722917,Angostura Reach,Monsoon
2023,6,14,Sevilleta,10,19,14.5,34.2586573236,-106.883372761,San Acacia Reach,Monsoon
2023,6,15,Valencia Cleared,2.5,20,11.25,34.6486505386211,-106.739180486447,Isleta Reach,Monsoon
2023,6,16,Valencia Forest,8,26,17,34.6472147233729,-106.738922864063,Isleta Reach,Monsoon
2023,6,17,Montano,4,17,10.5,35.1452628545,-106.680332705,Angostura Reach,Monsoon
2023,6,18,Reynolds Cleared,7,18,12.5,34.6567454384498,-106.738602216398,Isleta Reach,Monsoon
2023,6,19,Reynolds Forest,13,19,16,34.657611462267496,-106.739436295579,Isleta Reach,Monsoon
2023,6,20,Route 66,4,10,7,35.1006512603,-106.691932797,Angostura Reach,Monsoon
2023,6,21,Badger,2,6.5,4.25,35.1955715759,-106.641632737,Angostura Reach,Monsoon
2023,6,22,Bobcat,2,7.5,4.75,35.2010747789,-106.641162297,Angostura Reach,Monsoon
2023,6,23,BioPark,0,2,1,35.0799846256,-106.669723455,Angostura Reach,Monsoon
2023,6,24,Santo Domingo,.,.,.,35.50989,-106.3896,Cochiti Reach,Monsoon
2023,6,25,Crawford,10,15,12.5,34.637561057629,-106.74347269011,Isleta Reach,Monsoon
2023,6,26,Mesilla,9,24,16.5,32.248328,-106.821014,South of San Marcial Reach,Monsoon
2023,6,27,Bosque Farm,.,.,.,34.8477697505695,-106.714997116643,Isleta Reach,Monsoon
2023,6,28,Valle de Oro,.,.,.,34.9797688406,-106.680112434,Angostura Reach,Monsoon
2023,6,29,Albuquerque Overbank Project,0,10,5,35.0452081969,-106.665732215,Angostura Reach,Monsoon
2023,6,30,State Land Office,4.5,11.25,7.875,34.9679188689,-106.685667747,Angostura Reach,Monsoon
2023,6,31,San Jose,.,3,3,35.0124335977,-106.672728518,Angostura Reach,Monsoon
2023,6,32,Sandia,2,12,7,35.255,-106.5907,Angostura Reach,Monsoon
2023,6,33,Bosque del Apache,.,44,44,33.8196650872,-106.854014975,San Acacia Reach,Monsoon
2023,6,34,River Realignment,.,.,.,33.8227,-106.8419,San Acacia Reach,Monsoon
2023,7,1,Alameda,1,3,2,35.1880598884,-106.646949118,Angostura Reach,Monsoon
2023,7,2,Rio Grande Nature Center,3,5,4,35.1267624154,-106.688450012,Angostura Reach,Monsoon
2023,7,3,Los Lunas,0,8,4,34.8123850767529,-106.714471968474,Isleta Reach,Monsoon
2023,7,4,Belen,0,0,0,34.6481124155284,-106.737727748983,Isleta Reach,Monsoon
2023,7,5,Santa Ana,0,0,0,35.34284,-106.5458,Angostura Reach,Monsoon
2023,7,6,Savannah,1,3,2,35.1428674147,-106.681982289,Angostura Reach,Monsoon
2023,7,7,Lemitar,2,3,2.5,34.1670457032,-106.889953039,San Acacia Reach,Monsoon
2023,7,8,Hispanic Cultural Center,.,3.5,3.5,35.0688083802,-106.65807622,Angostura Reach,Monsoon
2023,7,10,Diversion,0,.,0,35.191618922399996,-106.643382687,Angostura Reach,Monsoon
2023,7,11,Calabacillas,1,2.5,1.75,35.1946222612,-106.646350963,Angostura Reach,Monsoon
2023,7,12,Minnow,0,2.5,1.25,35.1972256042,-106.644122231,Angostura Reach,Monsoon
2023,7,13,Harrison,0,2,1,35.0150622305,-106.673722917,Angostura Reach,Monsoon
2023,7,14,Sevilleta,2.5,6.5,4.5,34.2586573236,-106.883372761,San Acacia Reach,Monsoon
2023,7,15,Valencia Cleared,5.5,1,3.25,34.6486505386211,-106.739180486447,Isleta Reach,Monsoon
2023,7,16,Valencia Forest,5,8,6.5,34.6472147233729,-106.738922864063,Isleta Reach,Monsoon
2023,7,17,Montano,0.5,4,2.25,35.1452628545,-106.680332705,Angostura Reach,Monsoon
2023,7,18,Reynolds Cleared,0,0.5,0.25,34.6567454384498,-106.738602216398,Isleta Reach,Monsoon
2023,7,19,Reynolds Forest,0,0,0,34.657611462267496,-106.739436295579,Isleta Reach,Monsoon
2023,7,20,Route 66,1,.,1,35.1006512603,-106.691932797,Angostura Reach,Monsoon
2023,7,21,Badger,0,1.5,0.75,35.1955715759,-106.641632737,Angostura Reach,Monsoon
2023,7,22,Bobcat,0,2.5,1.25,35.2010747789,-106.641162297,Angostura Reach,Monsoon
2023,7,23,BioPark,2,0,1,35.0799846256,-106.669723455,Angostura Reach,Monsoon
2023,7,24,Santo Domingo,.,.,.,35.50989,-106.3896,Cochiti Reach,Monsoon
2023,7,25,Crawford,0,1.5,0.75,34.637561057629,-106.74347269011,Isleta Reach,Monsoon
2023,7,26,Mesilla,0,2.5,1.25,32.248328,-106.821014,South of San Marcial Reach,Monsoon
2023,7,27,Bosque Farm,.,.,.,34.8477697505695,-106.714997116643,Isleta Reach,Monsoon
2023,7,28,Valle de Oro,.,0,0,34.9797688406,-106.680112434,Angostura Reach,Monsoon
2023,7,29,Albuquerque Overbank Project,0,3.5,1.75,35.0452081969,-106.665732215,Angostura Reach,Monsoon
2023,7,30,State Land Office,0,0,0,34.9679188689,-106.685667747,Angostura Reach,Monsoon
2023,7,31,San Jose,0,1,0.5,35.0124335977,-106.672728518,Angostura Reach,Monsoon
2023,7,32,Sandia,0.5,1,0.75,35.255,-106.5907,Angostura Reach,Monsoon
2023,7,33,Bosque del Apache,.,.,.,33.8196650872,-106.854014975,San Acacia Reach,Monsoon
2023,7,34,River Realignment,.,42,42,33.8227,-106.8419,San Acacia Reach,Monsoon
2023,8,1,Alameda,0.75,2.5,1.625,35.1880598884,-106.646949118,Angostura Reach,Monsoon
2023,8,2,Rio Grande Nature Center,15,16,15.5,35.1267624154,-106.688450012,Angostura Reach,Monsoon
2023,8,3,Los Lunas,.,8,8,34.8123850767529,-106.714471968474,Isleta Reach,Monsoon
2023,8,4,Belen,4.5,12,8.25,34.6481124155284,-106.737727748983,Isleta Reach,Monsoon
2023,8,5,Santa Ana,0,7,3.5,35.34284,-106.5458,Angostura Reach,Monsoon
2023,8,6,Savannah,19,24,21.5,35.1428674147,-106.681982289,Angostura Reach,Monsoon
2023,8,7,Lemitar,10,20,15,34.1670457032,-106.889953039,San Acacia Reach,Monsoon
2023,8,8,Hispanic Cultural Center,.,.,.,35.0688083802,-106.65807622,Angostura Reach,Monsoon
2023,8,10,Diversion,.,3,3,35.191618922399996,-106.643382687,Angostura Reach,Monsoon
2023,8,11,Calabacillas,1,2.5,1.75,35.1946222612,-106.646350963,Angostura Reach,Monsoon
2023,8,12,Minnow,.,1.5,1.5,35.1972256042,-106.644122231,Angostura Reach,Monsoon
2023,8,13,Harrison,1.5,5,3.25,35.0150622305,-106.673722917,Angostura Reach,Monsoon
2023,8,14,Sevilleta,21,33,27,34.2586573236,-106.883372761,San Acacia Reach,Monsoon
2023,8,15,Valencia Cleared,4,12,8,34.6486505386211,-106.739180486447,Isleta Reach,Monsoon
2023,8,16,Valencia Forest,2,1.2,1.6,34.6472147233729,-106.738922864063,Isleta Reach,Monsoon
2023,8,17,Montano,15,28,21.5,35.1452628545,-106.680332705,Angostura Reach,Monsoon
2023,8,18,Reynolds Cleared,.,.,.,34.6567454384498,-106.738602216398,Isleta Reach,Monsoon
2023,8,19,Reynolds Forest,8.5,13,10.75,34.657611462267496,-106.739436295579,Isleta Reach,Monsoon
2023,8,20,Route 66,4,9,6.5,35.1006512603,-106.691932797,Angostura Reach,Monsoon
2023,8,21,Badger,2,5,3.5,35.1955715759,-106.641632737,Angostura Reach,Monsoon
2023,8,22,Bobcat,3,0.5,1.75,35.2010747789,-106.641162297,Angostura Reach,Monsoon
2023,8,23,BioPark,3,9,6,35.0799846256,-106.669723455,Angostura Reach,Monsoon
2023,8,24,Santo Domingo,.,.,.,35.50989,-106.3896,Cochiti Reach,Monsoon
2023,8,25,Crawford,.,11,11,34.637561057629,-106.74347269011,Isleta Reach,Monsoon
2023,8,26,Mesilla,17,20,18.5,32.248328,-106.821014,South of San Marcial Reach,Monsoon
2023,8,27,Bosque Farm,.,.,.,34.8477697505695,-106.714997116643,Isleta Reach,Monsoon
2023,8,28,Valle de Oro,.,10,10,34.9797688406,-106.680112434,Angostura Reach,Monsoon
2023,8,29,Albuquerque Overbank Project,0.5,4.5,2.5,35.0452081969,-106.665732215,Angostura Reach,Monsoon
2023,8,30,State Land Office,.,.,.,34.9679188689,-106.685667747,Angostura Reach,Monsoon
2023,8,31,San Jose,0.5,4,2.25,35.0124335977,-106.672728518,Angostura Reach,Monsoon
2023,8,32,Sandia,1,2,1.5,35.255,-106.5907,Angostura Reach,Monsoon
2023,8,33,Bosque del Apache,.,37,37,33.8196650872,-106.854014975,San Acacia Reach,Monsoon
2023,8,34,River Realignment,.,32,32,33.8227,-106.8419,San Acacia Reach,Monsoon
2023,9,1,Alameda,19,28,23.5,35.1880598884,-106.646949118,Angostura Reach,Fall
2023,9,2,Rio Grande Nature Center,40,45,42.5,35.1267624154,-106.688450012,Angostura Reach,Fall
2023,9,3,Los Lunas,28,56,42,34.8123850767529,-106.714471968474,Isleta Reach,Fall
2023,9,4,Belen,.,.,.,34.6481124155284,-106.737727748983,Isleta Reach,Fall
2023,9,5,Santa Ana,18,31,24.5,35.34284,-106.5458,Angostura Reach,Fall
2023,9,6,Savannah,21,48,34.5,35.1428674147,-106.681982289,Angostura Reach,Fall
2023,9,7,Lemitar,45.5,57,51.25,34.1670457032,-106.889953039,San Acacia Reach,Fall
2023,9,8,Hispanic Cultural Center,.,.,.,35.0688083802,-106.65807622,Angostura Reach,Fall
2023,9,10,Diversion,11,.,11,35.191618922399996,-106.643382687,Angostura Reach,Fall
2023,9,11,Calabacillas,22.5,34.5,28.5,35.1946222612,-106.646350963,Angostura Reach,Fall
2023,9,12,Minnow,11,23,17,35.1972256042,-106.644122231,Angostura Reach,Fall
2023,9,13,Harrison,22,39,30.5,35.0150622305,-106.673722917,Angostura Reach,Fall
2023,9,14,Sevilleta,37,58,47.5,34.2586573236,-106.883372761,San Acacia Reach,Fall
2023,9,15,Valencia Cleared,18,43,30.5,34.6486505386211,-106.739180486447,Isleta Reach,Fall
2023,9,16,Valencia Forest,27,44.5,35.75,34.6472147233729,-106.738922864063,Isleta Reach,Fall
2023,9,17,Montano,20,43,31.5,35.1452628545,-106.680332705,Angostura Reach,Fall
2023,9,18,Reynolds Cleared,.,.,.,34.6567454384498,-106.738602216398,Isleta Reach,Fall
2023,9,19,Reynolds Forest,52,58,55,34.657611462267496,-106.739436295579,Isleta Reach,Fall
2023,9,20,Route 66,29,45.5,37.25,35.1006512603,-106.691932797,Angostura Reach,Fall
2023,9,21,Badger,11,25,18,35.1955715759,-106.641632737,Angostura Reach,Fall
2023,9,22,Bobcat,.,.,.,35.2010747789,-106.641162297,Angostura Reach,Fall
2023,9,23,BioPark,44,54,49,35.0799846256,-106.669723455,Angostura Reach,Fall
2023,.,24,Santo Domingo,.,.,.,35.50989,-106.3896,Cochiti Reach,.
2023,9,25,Crawford,35,36,35.5,34.637561057629,-106.74347269011,Isleta Reach,Fall
2023,9,26,Mesilla,22,37,29.5,32.248328,-106.821014,South of San Marcial Reach,Fall
2023,9,27,Bosque Farm,.,.,.,34.8477697505695,-106.714997116643,Isleta Reach,Fall
2023,9,28,Valle de Oro,.,48,48,34.9797688406,-106.680112434,Angostura Reach,Fall
2023,9,29,Albuquerque Overbank Project,14.5,45,29.75,35.0452081969,-106.665732215,Angostura Reach,Fall
2023,9,30,State Land Office,35,41,38,34.9679188689,-106.685667747,Angostura Reach,Fall
2023,9,31,San Jose,19,35,27,35.0124335977,-106.672728518,Angostura Reach,Fall
2023,9,32,Sandia,1,6.5,3.75,35.255,-106.5907,Angostura Reach,Fall
2023,9,33,Bosque del Apache,27.5,.,27.5,33.8196650872,-106.854014975,San Acacia Reach,Fall
2023,9,34,River Realignment,.,29,29,33.8227,-106.8419,San Acacia Reach,Fall
2023,10,1,Alameda,0,0.5,0.25,35.1880598884,-106.646949118,Angostura Reach,Fall
2023,10,2,Rio Grande Nature Center,0,1,0.5,35.1267624154,-106.688450012,Angostura Reach,Fall
2023,10,3,Los Lunas,0,0,0,34.8123850767529,-106.714471968474,Isleta Reach,Fall
2023,.,4,Belen,.,.,.,34.6481124155284,-106.737727748983,Isleta Reach,.
2023,10,5,Santa Ana,0,1,0.5,35.34284,-106.5458,Angostura Reach,Fall
2023,10,6,Savannah,0,1.25,0.625,35.1428674147,-106.681982289,Angostura Reach,Fall
2023,10,7,Lemitar,3,5.5,4.25,34.1670457032,-106.889953039,San Acacia Reach,Fall
2023,10,8,Hispanic Cultural Center,.,0,0,35.0688083802,-106.65807622,Angostura Reach,Fall
2023,10,10,Diversion,0,0,0,35.191618922399996,-106.643382687,Angostura Reach,Fall
2023,10,11,Calabacillas,0.5,1,0.75,35.1946222612,-106.646350963,Angostura Reach,Fall
2023,10,12,Minnow,0.25,1,0.625,35.1972256042,-106.644122231,Angostura Reach,Fall
2023,10,13,Harrison,0.75,1.5,1.125,35.0150622305,-106.673722917,Angostura Reach,Fall
2023,10,14,Sevilleta,1.5,4.5,3,34.2586573236,-106.883372761,San Acacia Reach,Fall
2023,10,15,Valencia Cleared,5,4,4.5,34.6486505386211,-106.739180486447,Isleta Reach,Fall
2023,10,16,Valencia Forest,0,0,0,34.6472147233729,-106.738922864063,Isleta Reach,Fall
2023,10,17,Montano,0,1,0.5,35.1452628545,-106.680332705,Angostura Reach,Fall
2023,10,18,Reynolds Cleared,.,.,.,34.6567454384498,-106.738602216398,Isleta Reach,Fall
2023,10,19,Reynolds Forest,0,0,0,34.657611462267496,-106.739436295579,Isleta Reach,Fall
2023,10,20,Route 66,0,0.5,0.25,35.1006512603,-106.691932797,Angostura Reach,Fall
2023,10,21,Badger,0,1,0.5,35.1955715759,-106.641632737,Angostura Reach,Fall
2023,10,22,Bobcat,.,.,.,35.2010747789,-106.641162297,Angostura Reach,Fall
2023,10,23,BioPark,3,0,1.5,35.0799846256,-106.669723455,Angostura Reach,Fall
2023,.,24,Santo Domingo,.,.,.,35.50989,-106.3896,Cochiti Reach,.
2023,10,25,Crawford,0,0.75,0.375,34.637561057629,-106.74347269011,Isleta Reach,Fall
2023,10,26,Mesilla,1,2,1.5,32.248328,-106.821014,South of San Marcial Reach,Fall
2023,10,27,Bosque Farm,.,.,.,34.8477697505695,-106.714997116643,Isleta Reach,Fall
2023,10,28,Valle de Oro,.,.,.,34.9797688406,-106.680112434,Angostura Reach,Fall
2023,10,29,Albuquerque Overbank Project,0,0,0,35.0452081969,-106.665732215,Angostura Reach,Fall
2023,10,30,State Land Office,0.5,.,0.5,34.9679188689,-106.685667747,Angostura Reach,Fall
2023,10,31,San Jose,0.5,1.25,0.875,35.0124335977,-106.672728518,Angostura Reach,Fall
2023,10,32,Sandia,0.5,3,1.75,35.255,-106.5907,Angostura Reach,Fall
2023,10,33,Bosque del Apache,4.75,7.5,6.125,33.8196650872,-106.854014975,San Acacia Reach,Fall
2023,10,34,River Realignment,.,.,.,33.8227,-106.8419,San Acacia Reach,Fall
2023,11,1,Alameda,14,18,16,35.1880598884,-106.646949118,Angostura Reach,Winter
2023,11,2,Rio Grande Nature Center,10,4,7,35.1267624154,-106.688450012,Angostura Reach,Winter
2023,11,3,Los Lunas,11,10,10.5,34.8123850767529,-106.714471968474,Isleta Reach,Winter
2023,11,4,Belen,16,18,17,34.6481124155284,-106.737727748983,Isleta Reach,Winter
2023,11,5,Santa Ana,9,15,12,35.34284,-106.5458,Angostura Reach,Winter
2023,11,6,Savannah,10,18,14,35.1428674147,-106.681982289,Angostura Reach,Winter
2023,11,7,Lemitar,8,16,12,34.1670457032,-106.889953039,San Acacia Reach,Winter
2023,11,8,Hispanic Cultural Center,.,.,.,35.0688083802,-106.65807622,Angostura Reach,Winter
2023,11,10,Diversion,2,0,1,35.191618922399996,-106.643382687,Angostura Reach,Winter
2023,11,11,Calabacillas,4,7.5,5.75,35.1946222612,-106.646350963,Angostura Reach,Winter
2023,11,12,Minnow,8.5,15,11.75,35.1972256042,-106.644122231,Angostura Reach,Winter
2023,11,13,Harrison,10,16,13,35.0150622305,-106.673722917,Angostura Reach,Winter
2023,11,14,Sevilleta,7.5,14.5,11,34.2586573236,-106.883372761,San Acacia Reach,Winter
2023,11,15,Valencia Cleared,10,18,14,34.6486505386211,-106.739180486447,Isleta Reach,Winter
2023,11,16,Valencia Forest,.,.,.,34.6472147233729,-106.738922864063,Isleta Reach,Winter
2023,11,17,Montano,4.11,18,11.055,35.1452628545,-106.680332705,Angostura Reach,Winter
2023,11,18,Reynolds Cleared,.,18,18,34.6567454384498,-106.738602216398,Isleta Reach,Winter
2023,11,19,Reynolds Forest,19,19,19,34.657611462267496,-106.739436295579,Isleta Reach,Winter
2023,11,20,Route 66,3.5,6,4.75,35.1006512603,-106.691932797,Angostura Reach,Winter
2023,11,21,Badger,3,4.5,3.75,35.1955715759,-106.641632737,Angostura Reach,Winter
2023,11,22,Bobcat,8.5,21,14.75,35.2010747789,-106.641162297,Angostura Reach,Winter
2023,11,23,BioPark,9.5,.,9.5,35.0799846256,-106.669723455,Angostura Reach,Winter
2023,11,24,Santo Domingo,.,.,.,35.50989,-106.3896,Cochiti Reach,Winter
2023,11,25,Crawford,16,14.9,15.45,34.637561057629,-106.74347269011,Isleta Reach,Winter
2023,11,26,Mesilla,6.5,19,12.75,32.248328,-106.821014,South of San Marcial Reach,Winter
2023,11,27,Bosque Farm,.,.,.,34.8477697505695,-106.714997116643,Isleta Reach,Winter
2023,11,28,Valle de Oro,.,15,15,34.9797688406,-106.680112434,Angostura Reach,Winter
2023,11,29,Albuquerque Overbank Project,5.5,16,10.75,35.0452081969,-106.665732215,Angostura Reach,Winter
2023,11,30,State Land Office,13,18.5,15.75,34.9679188689,-106.685667747,Angostura Reach,Winter
2023,11,31,San Jose,11,16.5,13.75,35.0124335977,-106.672728518,Angostura Reach,Winter
2023,11,32,Sandia,7,14,10.5,35.255,-106.5907,Angostura Reach,Winter
2023,11,33,Bosque del Apache,4,8.75,6.375,33.8196650872,-106.854014975,San Acacia Reach,Winter
2023,11,34,River Realignment,.,15.5,15.5,33.8227,-106.8419,San Acacia Reach,Winter
2023,12,1,Alameda,18,20,19,35.1880598884,-106.646949118,Angostura Reach,Winter
2023,12,2,Rio Grande Nature Center,30,32,31,35.1267624154,-106.688450012,Angostura Reach,Winter
2023,12,3,Los Lunas,17,26,21.5,34.8123850767529,-106.714471968474,Isleta Reach,Winter
2023,12,4,Belen,20.5,25,22.75,34.6481124155284,-106.737727748983,Isleta Reach,Winter
2023,12,5,Santa Ana,21,32,26.5,35.34284,-106.5458,Angostura Reach,Winter
2023,12,6,Savannah,15,23,19,35.1428674147,-106.681982289,Angostura Reach,Winter
2023,12,7,Lemitar,17,19,18,34.1670457032,-106.889953039,San Acacia Reach,Winter
2023,12,8,Hispanic Cultural Center,.,.,.,35.0688083802,-106.65807622,Angostura Reach,Winter
2023,12,10,Diversion,12,39,25.5,35.191618922399996,-106.643382687,Angostura Reach,Winter
2023,12,11,Calabacillas,20,31.5,25.75,35.1946222612,-106.646350963,Angostura Reach,Winter
2023,12,12,Minnow,8.5,18,13.25,35.1972256042,-106.644122231,Angostura Reach,Winter
2023,12,13,Harrison,8,16,12,35.0150622305,-106.673722917,Angostura Reach,Winter
2023,12,14,Sevilleta,8.5,.,8.5,34.2586573236,-106.883372761,San Acacia Reach,Winter
2023,12,15,Valencia Cleared,22,28,25,34.6486505386211,-106.739180486447,Isleta Reach,Winter
2023,12,16,Valencia Forest,.,.,.,34.6472147233729,-106.738922864063,Isleta Reach,Winter
2023,12,17,Montano,18,22,20,35.1452628545,-106.680332705,Angostura Reach,Winter
2023,12,18,Reynolds Cleared,14,.,14,34.6567454384498,-106.738602216398,Isleta Reach,Winter
2023,12,19,Reynolds Forest,22,25,23.5,34.657611462267496,-106.739436295579,Isleta Reach,Winter
2023,12,20,Route 66,16,31.5,23.75,35.1006512603,-106.691932797,Angostura Reach,Winter
2023,12,21,Badger,27,37,32,35.1955715759,-106.641632737,Angostura Reach,Winter
2023,12,22,Bobcat,10.5,18.5,14.5,35.2010747789,-106.641162297,Angostura Reach,Winter
2023,12,23,BioPark,15,20,17.5,35.0799846256,-106.669723455,Angostura Reach,Winter
2023,12,24,Santo Domingo,.,.,.,35.50989,-106.3896,Cochiti Reach,Winter
2023,12,25,Crawford,25,21.5,23.25,34.637561057629,-106.74347269011,Isleta Reach,Winter
2023,12,26,Mesilla,0,1,0.5,32.248328,-106.821014,South of San Marcial Reach,Winter
2023,12,27,Bosque Farm,.,.,.,34.8477697505695,-106.714997116643,Isleta Reach,Winter
2023,12,28,Valle de Oro,.,12,12,34.9797688406,-106.680112434,Angostura Reach,Winter
2023,12,29,Albuquerque Overbank Project,9,16,12.5,35.0452081969,-106.665732215,Angostura Reach,Winter
2023,12,30,State Land Office,8,13,10.5,34.9679188689,-106.685667747,Angostura Reach,Winter
2023,12,31,San Jose,7.5,15,11.25,35.0124335977,-106.672728518,Angostura Reach,Winter
2023,12,32,Sandia,17,23,20,35.255,-106.5907,Angostura Reach,Winter
2023,12,33,Bosque del Apache,5,.,5,33.8196650872,-106.854014975,San Acacia Reach,Winter
2023,12,34,River Realignment,7.5,.,7.5,33.8227,-106.8419,San Acacia Reach,Winter
2024,1,1,Alameda,11,13.5,12.25,35.1880598884,-106.646949118,Angostura Reach,Winter
2024,1,2,Rio Grande Nature Center,10,.,10,35.1267624154,-106.688450012,Angostura Reach,Winter
2024,1,3,Los Lunas,6.5,13,9.75,34.8123850767529,-106.714471968474,Isleta Reach,Winter
2024,1,4,Belen,16.5,20,18.25,34.6481124155284,-106.737727748983,Isleta Reach,Winter
2024,1,5,Santa Ana,8,14,11,35.34284,-106.5458,Angostura Reach,Winter
2024,1,6,Savannah,4.5,12,8.25,35.1428674147,-106.681982289,Angostura Reach,Winter
2024,1,7,Lemitar,.,17,17,34.1670457032,-106.889953039,San Acacia Reach,Winter
2024,1,8,Hispanic Cultural Center,.,.,.,35.0688083802,-106.65807622,Angostura Reach,Winter
2024,1,10,Diversion,.,16,16,35.191618922399996,-106.643382687,Angostura Reach,Winter
2024,1,11,Calabacillas,8,14,11,35.1946222612,-106.646350963,Angostura Reach,Winter
2024,1,12,Minnow,7.5,13,10.25,35.1972256042,-106.644122231,Angostura Reach,Winter
2024,1,13,Harrison,19.5,22,20.75,35.0150622305,-106.673722917,Angostura Reach,Winter
2024,1,14,Sevilleta,13.5,22,17.75,34.2586573236,-106.883372761,San Acacia Reach,Winter
2024,1,15,Valencia Cleared,14,27.5,20.75,34.6486505386211,-106.739180486447,Isleta Reach,Winter
2024,1,16,Valencia Forest,22,21,21.5,34.6472147233729,-106.738922864063,Isleta Reach,Winter
2024,1,17,Montano,3.5,13.25,8.375,35.1452628545,-106.680332705,Angostura Reach,Winter
2024,1,18,Reynolds Cleared,12,17,14.5,34.6567454384498,-106.738602216398,Isleta Reach,Winter
2024,1,19,Reynolds Forest,15,17,16,34.657611462267496,-106.739436295579,Isleta Reach,Winter
2024,1,20,Route 66,3.5,12,7.75,35.1006512603,-106.691932797,Angostura Reach,Winter
2024,1,21,Badger,8,11,9.5,35.1955715759,-106.641632737,Angostura Reach,Winter
2024,1,22,Bobcat,6,13,9.5,35.2010747789,-106.641162297,Angostura Reach,Winter
2024,1,23,BioPark,11,.,11,35.0799846256,-106.669723455,Angostura Reach,Winter
2024,1,24,Santo Domingo,.,.,.,35.50989,-106.3896,Cochiti Reach,Winter
2024,1,25,Crawford,20,18.5,19.25,34.637561057629,-106.74347269011,Isleta Reach,Winter
2024,1,26,Mesilla,4.5,10,7.25,32.248328,-106.821014,South of San Marcial Reach,Winter
2024,1,27,Bosque Farm,.,.,.,34.8477697505695,-106.714997116643,Isleta Reach,Winter
2024,1,28,Valle de Oro,.,18,18,34.9797688406,-106.680112434,Angostura Reach,Winter
2024,1,29,Albuquerque Overbank Project,6.5,17,11.75,35.0452081969,-106.665732215,Angostura Reach,Winter
2024,1,30,State Land Office,15,19,17,34.9679188689,-106.685667747,Angostura Reach,Winter
2024,1,31,San Jose,15,21.5,18.25,35.0124335977,-106.672728518,Angostura Reach,Winter
2024,1,32,Sandia,6,13,9.5,35.255,-106.5907,Angostura Reach,Winter
2024,1,33,Bosque del Apache,.,.,.,33.8196650872,-106.854014975,San Acacia Reach,Winter
2024,1,34,River Realignment,.,23.5,23.5,33.8227,-106.8419,San Acacia Reach,Winter
2024,2,1,Alameda,7,9.5,8.25,35.1880598884,-106.646949118,Angostura Reach,Winter
2024,2,2,Rio Grande Nature Center,9,.,9,35.1267624154,-106.688450012,Angostura Reach,Winter
2024,2,3,Los Lunas,.,.,.,34.8123850767529,-106.714471968474,Isleta Reach,Winter
2024,2,4,Belen,11,14.5,12.75,34.6481124155284,-106.737727748983,Isleta Reach,Winter
2024,2,5,Santa Ana,5.5,10,7.75,35.34284,-106.5458,Angostura Reach,Winter
2024,2,6,Savannah,7,10,8.5,35.1428674147,-106.681982289,Angostura Reach,Winter
2024,2,7,Lemitar,.,18,18,34.1670457032,-106.889953039,San Acacia Reach,Winter
2024,2,8,Hispanic Cultural Center,.,.,.,35.0688083802,-106.65807622,Angostura Reach,Winter
2024,2,10,Diversion,6.5,12,9.25,35.191618922399996,-106.643382687,Angostura Reach,Winter
2024,2,11,Calabacillas,6.5,10,8.25,35.1946222612,-106.646350963,Angostura Reach,Winter
2024,2,12,Minnow,7,6.5,6.75,35.1972256042,-106.644122231,Angostura Reach,Winter
2024,2,13,Harrison,17,20,18.5,35.0150622305,-106.673722917,Angostura Reach,Winter
2024,2,14,Sevilleta,11.5,20,15.75,34.2586573236,-106.883372761,San Acacia Reach,Winter
2024,2,15,Valencia Cleared,10,14,12,34.6486505386211,-106.739180486447,Isleta Reach,Winter
2024,2,16,Valencia Forest,13,6.5,9.75,34.6472147233729,-106.738922864063,Isleta Reach,Winter
2024,2,17,Montano,5,1.5,3.25,35.1452628545,-106.680332705,Angostura Reach,Winter
2024,2,18,Reynolds Cleared,11,15,13,34.6567454384498,-106.738602216398,Isleta Reach,Winter
2024,2,19,Reynolds Forest,13,14,13.5,34.657611462267496,-106.739436295579,Isleta Reach,Winter
2024,2,20,Route 66,7.5,14,10.75,35.1006512603,-106.691932797,Angostura Reach,Winter
2024,2,21,Badger,5,6,5.5,35.1955715759,-106.641632737,Angostura Reach,Winter
2024,2,22,Bobcat,6.5,7.5,7,35.2010747789,-106.641162297,Angostura Reach,Winter
2024,2,23,BioPark,11,13,12,35.0799846256,-106.669723455,Angostura Reach,Winter
2024,2,24,Santo Domingo,.,.,.,35.50989,-106.3896,Cochiti Reach,Winter
2024,2,25,Crawford,12,13,12.5,34.637561057629,-106.74347269011,Isleta Reach,Winter
2024,2,26,Mesilla,.,.,.,32.248328,-106.821014,South of San Marcial Reach,Winter
2024,2,27,Bosque Farm,.,.,.,34.8477697505695,-106.714997116643,Isleta Reach,Winter
2024,2,28,Valle de Oro,.,.,.,34.9797688406,-106.680112434,Angostura Reach,Winter
2024,2,29,Albuquerque Overbank Project,.,10,10,35.0452081969,-106.665732215,Angostura Reach,Winter
2024,2,30,State Land Office,7,11,9,34.9679188689,-106.685667747,Angostura Reach,Winter
2024,2,31,San Jose,13.5,18,15.75,35.0124335977,-106.672728518,Angostura Reach,Winter
2024,2,32,Sandia,5,9.5,7.25,35.255,-106.5907,Angostura Reach,Winter
2024,2,33,Bosque del Apache,11,15,13,33.8196650872,-106.854014975,San Acacia Reach,Winter
2024,2,34,River Realignment,18,.,18,33.8227,-106.8419,San Acacia Reach,Winter
2024,3,1,Alameda,10.5,11,10.75,35.1880598884,-106.646949118,Angostura Reach,Spring
2024,3,2,Rio Grande Nature Center,12.5,.,12.5,35.1267624154,-106.688450012,Angostura Reach,Spring
2024,3,3,Los Lunas,7,12,9.5,34.8123850767529,-106.714471968474,Isleta Reach,Spring
2024,3,4,Belen,.,15.9,15.9,34.6481124155284,-106.737727748983,Isleta Reach,Spring
2024,3,5,Santa Ana,12,18,15,35.34284,-106.5458,Angostura Reach,Spring
2024,3,6,Savannah,8.25,17,12.625,35.1428674147,-106.681982289,Angostura Reach,Spring
2024,3,7,Lemitar,18,28,23,34.1670457032,-106.889953039,San Acacia Reach,Spring
2024,3,8,Hispanic Cultural Center,.,.,.,35.0688083802,-106.65807622,Angostura Reach,Spring
2024,3,10,Diversion,7,14,10.5,35.191618922399996,-106.643382687,Angostura Reach,Spring
2024,3,11,Calabacillas,8,12,10,35.1946222612,-106.646350963,Angostura Reach,Spring
2024,3,12,Minnow,6,11,8.5,35.1972256042,-106.644122231,Angostura Reach,Spring
2024,3,13,Harrison,4.5,10.5,7.5,35.0150622305,-106.673722917,Angostura Reach,Spring
2024,3,14,Sevilleta,22,32,27,34.2586573236,-106.883372761,San Acacia Reach,Spring
2024,3,15,Valencia Cleared,8.2,16,12.1,34.6486505386211,-106.739180486447,Isleta Reach,Spring
2024,3,16,Valencia Forest,12,16.75,14.375,34.6472147233729,-106.738922864063,Isleta Reach,Spring
2024,3,17,Montano,8,15,11.5,35.1452628545,-106.680332705,Angostura Reach,Spring
2024,3,18,Reynolds Cleared,8.5,13.5,11,34.6567454384498,-106.738602216398,Isleta Reach,Spring
2024,3,19,Reynolds Forest,11.5,10,10.75,34.657611462267496,-106.739436295579,Isleta Reach,Spring
2024,3,20,Route 66,8,17.5,12.75,35.1006512603,-106.691932797,Angostura Reach,Spring
2024,3,21,Badger,6,9.5,7.75,35.1955715759,-106.641632737,Angostura Reach,Spring
2024,3,22,Bobcat,6,10,8,35.2010747789,-106.641162297,Angostura Reach,Spring
2024,3,23,BioPark,6.5,13,9.75,35.0799846256,-106.669723455,Angostura Reach,Spring
2024,3,24,Santo Domingo,.,.,.,35.50989,-106.3896,Cochiti Reach,Spring
2024,3,25,Crawford,14,16,15,34.637561057629,-106.74347269011,Isleta Reach,Spring
2024,3,26,Mesilla,1.5,4,2.75,32.248328,-106.821014,South of San Marcial Reach,Spring
2024,3,27,Bosque Farm,.,.,.,34.8477697505695,-106.714997116643,Isleta Reach,Spring
2024,3,28,Valle de Oro,.,8.5,8.5,34.9797688406,-106.680112434,Angostura Reach,Spring
2024,3,29,Albuquerque Overbank Project,.,10,10,35.0452081969,-106.665732215,Angostura Reach,Spring
2024,3,30,State Land Office,6,9,7.5,34.9679188689,-106.685667747,Angostura Reach,Spring
2024,3,31,San Jose,4.5,9,6.75,35.0124335977,-106.672728518,Angostura Reach,Spring
2024,3,32,Sandia,5.5,10,7.75,35.255,-106.5907,Angostura Reach,Spring
2024,3,33,Bosque del Apache,7.5,.,7.5,33.8196650872,-106.854014975,San Acacia Reach,Spring
2024,3,34,River Realignment,.,8,8,33.8227,-106.8419,San Acacia Reach,Spring
2024,4,1,Alameda,4,5,4.5,35.1880598884,-106.646949118,Angostura Reach,Spring
2024,4,2,Rio Grande Nature Center,4.5,.,4.5,35.1267624154,-106.688450012,Angostura Reach,Spring
2024,4,3,Los Lunas,10.5,10.5,10.5,34.8123850767529,-106.714471968474,Isleta Reach,Spring
2024,4,4,Belen,15,15,15,34.6481124155284,-106.737727748983,Isleta Reach,Spring
2024,4,5,Santa Ana,2,4,3,35.34284,-106.5458,Angostura Reach,Spring
2024,4,6,Savannah,3.5,5.5,4.5,35.1428674147,-106.681982289,Angostura Reach,Spring
2024,4,7,Lemitar,6,9,7.5,34.1670457032,-106.889953039,San Acacia Reach,Spring
2024,4,8,Hispanic Cultural Center,.,.,.,35.0688083802,-106.65807622,Angostura Reach,Spring
2024,4,10,Diversion,2.25,7,4.625,35.191618922399996,-106.643382687,Angostura Reach,Spring
2024,4,11,Calabacillas,.,.,.,35.1946222612,-106.646350963,Angostura Reach,Spring
2024,4,12,Minnow,2,4,3,35.1972256042,-106.644122231,Angostura Reach,Spring
2024,4,13,Harrison,5,8.5,6.75,35.0150622305,-106.673722917,Angostura Reach,Spring
2024,4,14,Sevilleta,6,11,8.5,34.2586573236,-106.883372761,San Acacia Reach,Spring
2024,4,15,Valencia Cleared,9.5,14.3,11.9,34.6486505386211,-106.739180486447,Isleta Reach,Spring
2024,4,16,Valencia Forest,8,15,11.5,34.6472147233729,-106.738922864063,Isleta Reach,Spring
2024,4,17,Montano,2,4.5,3.25,35.1452628545,-106.680332705,Angostura Reach,Spring
2024,4,18,Reynolds Cleared,.,.,.,34.6567454384498,-106.738602216398,Isleta Reach,Spring
2024,4,19,Reynolds Forest,13,5.5,9.25,34.657611462267496,-106.739436295579,Isleta Reach,Spring
2024,4,20,Route 66,3.5,5,4.25,35.1006512603,-106.691932797,Angostura Reach,Spring
2024,4,21,Badger,2,3.5,2.75,35.1955715759,-106.641632737,Angostura Reach,Spring
2024,4,22,Bobcat,0.5,4.5,2.5,35.2010747789,-106.641162297,Angostura Reach,Spring
2024,4,23,BioPark,5.5,9,7.25,35.0799846256,-106.669723455,Angostura Reach,Spring
2024,4,25,Crawford,15,16,15.5,34.637561057629,-106.74347269011,Isleta Reach,Spring
2024,4,26,Mesilla,.,.,.,32.248328,-106.821014,South of San Marcial Reach,Spring
2024,4,27,Bosque Farm,.,.,.,34.8477697505695,-106.714997116643,Isleta Reach,Spring
2024,4,28,Valle de Oro,.,7.5,7.5,34.9797688406,-106.680112434,Angostura Reach,Spring
2024,4,29,Albuquerque Overbank Project,0,13,6.5,35.0452081969,-106.665732215,Angostura Reach,Spring
2024,4,30,State Land Office,8,9.5,8.75,34.9679188689,-106.685667747,Angostura Reach,Spring
2024,4,31,San Jose,6,7,6.5,35.0124335977,-106.672728518,Angostura Reach,Spring
2024,4,32,Sandia,3,6,4.5,35.255,-106.5907,Angostura Reach,Spring
2024,4,33,Bosque del Apache,3.5,.,3.5,33.8196650872,-106.854014975,San Acacia Reach,Spring
2024,4,34,River Realignment,.,6.5,6.5,33.8227,-106.8419,San Acacia Reach,Spring
2024,5,1,Alameda,15,21,18,35.1880598884,-106.646949118,Angostura Reach,Spring
2024,5,2,Rio Grande Nature Center,14,.,14,35.1267624154,-106.688450012,Angostura Reach,Spring
2024,5,3,Los Lunas,8,12,10,34.8123850767529,-106.714471968474,Isleta Reach,Spring
2024,5,4,Belen,8,5,6.5,34.6481124155284,-106.737727748983,Isleta Reach,Spring
2024,5,5,Santa Ana,7.5,13,10.25,35.34284,-106.5458,Angostura Reach,Spring
2024,5,6,Savannah,.,.,.,35.1428674147,-106.681982289,Angostura Reach,Spring
2024,5,7,Lemitar,3,4.5,3.75,34.1670457032,-106.889953039,San Acacia Reach,Spring
2024,5,8,Hispanic Cultural Center,.,.,.,35.0688083802,-106.65807622,Angostura Reach,Spring
2024,5,10,Diversion,12,24.5,18.25,35.191618922399996,-106.643382687,Angostura Reach,Spring
2024,5,11,Calabacillas,.,.,.,35.1946222612,-106.646350963,Angostura Reach,Spring
2024,5,12,Minnow,7,18,12.5,35.1972256042,-106.644122231,Angostura Reach,Spring
2024,5,13,Harrison,1.5,4.5,3,35.0150622305,-106.673722917,Angostura Reach,Spring
2024,5,14,Sevilleta,3.5,11,7.25,34.2586573236,-106.883372761,San Acacia Reach,Spring
2024,5,15,Valencia Cleared,3.5,9,6.25,34.6486505386211,-106.739180486447,Isleta Reach,Spring
2024,5,16,Valencia Forest,3,10,6.5,34.6472147233729,-106.738922864063,Isleta Reach,Spring
2024,5,17,Montano,7,18,12.5,35.1452628545,-106.680332705,Angostura Reach,Spring
2024,5,18,Reynolds Cleared,.,.,.,34.6567454384498,-106.738602216398,Isleta Reach,Spring
2024,5,19,Reynolds Forest,7,7.5,7.25,34.657611462267496,-106.739436295579,Isleta Reach,Spring
2024,5,20,Route 66,6.5,11,8.75,35.1006512603,-106.691932797,Angostura Reach,Spring
2024,5,21,Badger,15,18,16.5,35.1955715759,-106.641632737,Angostura Reach,Spring
2024,5,22,Bobcat,.,.,.,35.2010747789,-106.641162297,Angostura Reach,Spring
2024,5,23,BioPark,3,1,2,35.0799846256,-106.669723455,Angostura Reach,Spring
2024,5,25,Crawford,5,7,6,34.637561057629,-106.74347269011,Isleta Reach,Spring
2024,5,26,Mesilla,.,.,.,32.248328,-106.821014,South of San Marcial Reach,Spring
2024,5,27,Bosque Farm,.,.,.,34.8477697505695,-106.714997116643,Isleta Reach,Spring
2024,5,28,Valle de Oro,.,.,.,34.9797688406,-106.680112434,Angostura Reach,Spring
2024,5,29,Albuquerque Overbank Project,.,3.5,3.5,35.0452081969,-106.665732215,Angostura Reach,Spring
2024,5,30,State Land Office,2,3,2.5,34.9679188689,-106.685667747,Angostura Reach,Spring
2024,5,31,San Jose,1.5,4.5,3,35.0124335977,-106.672728518,Angostura Reach,Spring
2024,5,32,Sandia,10,16,13,35.255,-106.5907,Angostura Reach,Spring
2024,5,33,Bosque del Apache,5,8,6.5,33.8196650872,-106.854014975,San Acacia Reach,Spring
2024,5,34,River Realignment,.,6.5,6.5,33.8227,-106.8419,San Acacia Reach,Spring
2024,6,1,Alameda,6,10,8,35.1880598884,-106.646949118,Angostura Reach,Monsoon
2024,6,2,Rio Grande Nature Center,0.5,.,0.5,35.1267624154,-106.688450012,Angostura Reach,Monsoon
2024,6,3,Los Lunas,.,4.5,4.5,34.8123850767529,-106.714471968474,Isleta Reach,Monsoon
2024,6,4,Belen,0.5,4,2.25,34.6481124155284,-106.737727748983,Isleta Reach,Monsoon
2024,6,5,Santa Ana,7,12,9.5,35.34284,-106.5458,Angostura Reach,Monsoon
2024,6,6,Savannah,.,.,.,35.1428674147,-106.681982289,Angostura Reach,Monsoon
2024,6,7,Lemitar,0,0,0,34.1670457032,-106.889953039,San Acacia Reach,Monsoon
2024,6,8,Hispanic Cultural Center,.,.,.,35.0688083802,-106.65807622,Angostura Reach,Monsoon
2024,6,10,Diversion,3.5,9.5,6.5,35.191618922399996,-106.643382687,Angostura Reach,Monsoon
2024,6,11,Calabacillas,.,.,.,35.1946222612,-106.646350963,Angostura Reach,Monsoon
2024,6,12,Minnow,3,7.5,5.25,35.1972256042,-106.644122231,Angostura Reach,Monsoon
2024,6,13,Harrison,2,5,3.5,35.0150622305,-106.673722917,Angostura Reach,Monsoon
2024,6,14,Sevilleta,0,.,0,34.2586573236,-106.883372761,San Acacia Reach,Monsoon
2024,6,15,Valencia Cleared,0,0,0,34.6486505386211,-106.739180486447,Isleta Reach,Monsoon
2024,6,16,Valencia Forest,3,0,1.5,34.6472147233729,-106.738922864063,Isleta Reach,Monsoon
2024,6,17,Montano,0.5,6.5,3.5,35.1452628545,-106.680332705,Angostura Reach,Monsoon
2024,6,18,Reynolds Cleared,.,.,.,34.6567454384498,-106.738602216398,Isleta Reach,Monsoon
2024,6,19,Reynolds Forest,3.5,2.5,3,34.657611462267496,-106.739436295579,Isleta Reach,Monsoon
2024,6,20,Route 66,4.5,7.5,6,35.1006512603,-106.691932797,Angostura Reach,Monsoon
2024,6,21,Badger,4,7,5.5,35.1955715759,-106.641632737,Angostura Reach,Monsoon
2024,6,22,Bobcat,.,.,.,35.2010747789,-106.641162297,Angostura Reach,Monsoon
2024,6,23,BioPark,.,.,.,35.0799846256,-106.669723455,Angostura Reach,Monsoon
2024,6,25,Crawford,0,2,1,34.637561057629,-106.74347269011,Isleta Reach,Monsoon
2024,6,26,Mesilla,.,.,.,32.248328,-106.821014,South of San Marcial Reach,Monsoon
2024,6,27,Bosque Farm,.,.,.,34.8477697505695,-106.714997116643,Isleta Reach,Monsoon
2024,6,28,Valle de Oro,.,.,.,34.9797688406,-106.680112434,Angostura Reach,Monsoon
2024,6,29,Albuquerque Overbank Project,.,5.5,5.5,35.0452081969,-106.665732215,Angostura Reach,Monsoon
2024,6,30,State Land Office,2.75,3.75,3.25,34.9679188689,-106.685667747,Angostura Reach,Monsoon
2024,6,31,San Jose,3,4.5,3.75,35.0124335977,-106.672728518,Angostura Reach,Monsoon
2024,6,32,Sandia,4,8,6,35.255,-106.5907,Angostura Reach,Monsoon
2024,6,33,Bosque del Apache,0,.,0,33.8196650872,-106.854014975,San Acacia Reach,Monsoon
2024,6,34,River Realignment,0,.,0,33.8227,-106.8419,San Acacia Reach,Monsoon
2024,7,1,Alameda,43,68,55.5,35.1880598884,-106.646949118,Angostura Reach,Monsoon
2024,7,2,Rio Grande Nature Center,65.5,.,65.5,35.1267624154,-106.688450012,Angostura Reach,Monsoon
2024,7,3,Los Lunas,11.5,.,11.5,34.8123850767529,-106.714471968474,Isleta Reach,Monsoon
2024,7,4,Belen,32,37,34.5,34.6481124155284,-106.737727748983,Isleta Reach,Monsoon
2024,7,5,Santa Ana,33,53,43,35.34284,-106.5458,Angostura Reach,Monsoon
2024,7,6,Savannah,.,.,.,35.1428674147,-106.681982289,Angostura Reach,Monsoon
2024,7,7,Lemitar,12,22,17,34.1670457032,-106.889953039,San Acacia Reach,Monsoon
2024,7,8,Hispanic Cultural Center,.,.,.,35.0688083802,-106.65807622,Angostura Reach,Monsoon
2024,7,10,Diversion,47,65,56,35.191618922399996,-106.643382687,Angostura Reach,Monsoon
2024,7,11,Calabacillas,.,.,.,35.1946222612,-106.646350963,Angostura Reach,Monsoon
2024,7,12,Minnow,37,52,44.5,35.1972256042,-106.644122231,Angostura Reach,Monsoon
2024,7,13,Harrison,32,53,42.5,35.0150622305,-106.673722917,Angostura Reach,Monsoon
2024,7,14,Sevilleta,21,49,35,34.2586573236,-106.883372761,San Acacia Reach,Monsoon
2024,7,15,Valencia Cleared,5.75,22.3,14.025,34.6486505386211,-106.739180486447,Isleta Reach,Monsoon
2024,7,16,Valencia Forest,9.5,22.25,15.875,34.6472147233729,-106.738922864063,Isleta Reach,Monsoon
2024,7,17,Montano,46,66,56,35.1452628545,-106.680332705,Angostura Reach,Monsoon
2024,7,18,Reynolds Cleared,.,.,.,34.6567454384498,-106.738602216398,Isleta Reach,Monsoon
2024,7,19,Reynolds Forest,35,37,36,34.657611462267496,-106.739436295579,Isleta Reach,Monsoon
2024,7,20,Route 66,26,48,37,35.1006512603,-106.691932797,Angostura Reach,Monsoon
2024,7,21,Badger,40,45,42.5,35.1955715759,-106.641632737,Angostura Reach,Monsoon
2024,7,22,Bobcat,.,.,.,35.2010747789,-106.641162297,Angostura Reach,Monsoon
2024,7,23,BioPark,60,.,60,35.0799846256,-106.669723455,Angostura Reach,Monsoon
2024,7,25,Crawford,16.8,23,19.9,34.637561057629,-106.74347269011,Isleta Reach,Monsoon
2024,7,26,Mesilla,.,.,.,32.248328,-106.821014,South of San Marcial Reach,Monsoon
2024,7,27,Bosque Farm,.,.,.,34.8477697505695,-106.714997116643,Isleta Reach,Monsoon
2024,7,28,Valle de Oro,.,22,22,34.9797688406,-106.680112434,Angostura Reach,Monsoon
2024,7,29,Albuquerque Overbank Project,26,74,50,35.0452081969,-106.665732215,Angostura Reach,Monsoon
2024,7,30,State Land Office,13,.,13,34.9679188689,-106.685667747,Angostura Reach,Monsoon
2024,7,31,San Jose,49,46,47.5,35.0124335977,-106.672728518,Angostura Reach,Monsoon
2024,7,32,Sandia,33,37,35,35.255,-106.5907,Angostura Reach,Monsoon
2024,7,33,Bosque del Apache,23,.,23,33.8196650872,-106.854014975,San Acacia Reach,Monsoon
2024,7,34,River Realignment,.,28,28,33.8227,-106.8419,San Acacia Reach,Monsoon
2024,8,1,Alameda,16,22,19,35.1880598884,-106.646949118,Angostura Reach,Monsoon
2024,8,2,Rio Grande Nature Center,12,12,12,35.1267624154,-106.688450012,Angostura Reach,Monsoon
2024,8,3,Los Lunas,15,61.5,38.25,34.8123850767529,-106.714471968474,Isleta Reach,Monsoon
2024,8,4,Belen,37,47,42,34.6481124155284,-106.737727748983,Isleta Reach,Monsoon
2024,8,5,Santa Ana,8,13,10.5,35.34284,-106.5458,Angostura Reach,Monsoon
2024,8,6,Savannah,.,.,.,35.1428674147,-106.681982289,Angostura Reach,Monsoon
2024,8,7,Lemitar,41,47,44,34.1670457032,-106.889953039,San Acacia Reach,Monsoon
2024,8,8,Hispanic Cultural Center,.,.,.,35.0688083802,-106.65807622,Angostura Reach,Monsoon
2024,8,10,Diversion,9,26,17.5,35.191618922399996,-106.643382687,Angostura Reach,Monsoon
2024,8,11,Calabacillas,.,.,.,35.1946222612,-106.646350963,Angostura Reach,Monsoon
2024,8,12,Minnow,7.5,23,15.25,35.1972256042,-106.644122231,Angostura Reach,Monsoon
2024,8,13,Harrison,38,56,47,35.0150622305,-106.673722917,Angostura Reach,Monsoon
2024,8,14,Sevilleta,19,49,34,34.2586573236,-106.883372761,San Acacia Reach,Monsoon
2024,8,15,Valencia Cleared,48,70,59,34.6486505386211,-106.739180486447,Isleta Reach,Monsoon
2024,8,16,Valencia Forest,54,74,64,34.6472147233729,-106.738922864063,Isleta Reach,Monsoon
2024,8,17,Montano,2,15,8.5,35.1452628545,-106.680332705,Angostura Reach,Monsoon
2024,8,18,Reynolds Cleared,.,.,.,34.6567454384498,-106.738602216398,Isleta Reach,Monsoon
2024,8,19,Reynolds Forest,56,62,59,34.657611462267496,-106.739436295579,Isleta Reach,Monsoon
2024,8,20,Route 66,13,28,20.5,35.1006512603,-106.691932797,Angostura Reach,Monsoon
2024,8,21,Badger,16,28,22,35.1955715759,-106.641632737,Angostura Reach,Monsoon
2024,8,22,Bobcat,.,.,.,35.2010747789,-106.641162297,Angostura Reach,Monsoon
2024,8,23,BioPark,29,.,29,35.0799846256,-106.669723455,Angostura Reach,Monsoon
2024,8,25,Crawford,66,80,73,34.637561057629,-106.74347269011,Isleta Reach,Monsoon
2024,8,26,Mesilla,.,.,.,32.248328,-106.821014,South of San Marcial Reach,Monsoon
2024,8,27,Bosque Farm,.,.,.,34.8477697505695,-106.714997116643,Isleta Reach,Monsoon
2024,8,28,Valle de Oro,.,57,57,34.9797688406,-106.680112434,Angostura Reach,Monsoon
2024,8,29,Albuquerque Overbank Project,31,51,41,35.0452081969,-106.665732215,Angostura Reach,Monsoon
2024,8,30,State Land Office,33,.,33,34.9679188689,-106.685667747,Angostura Reach,Monsoon
2024,8,31,San Jose,32,53,42.5,35.0124335977,-106.672728518,Angostura Reach,Monsoon
2024,8,32,Sandia,9,20,14.5,35.255,-106.5907,Angostura Reach,Monsoon
2024,8,33,Bosque del Apache,.,.,.,33.8196650872,-106.854014975,San Acacia Reach,Monsoon
2024,8,34,River Realignment,.,.,.,33.8227,-106.8419,San Acacia Reach,Monsoon
2024,9,1,Alameda,10,19,14.5,35.1880598884,-106.646949118,Angostura Reach,Fall
2024,9,2,Rio Grande Nature Center,11,16,13.5,35.1267624154,-106.688450012,Angostura Reach,Fall
2024,9,3,Los Lunas,.,21,21,34.8123850767529,-106.714471968474,Isleta Reach,Fall
2024,9,4,Belen,.,.,.,34.6481124155284,-106.737727748983,Isleta Reach,Fall
2024,9,5,Santa Ana,24,39,31.5,35.34284,-106.5458,Angostura Reach,Fall
2024,9,6,Savannah,.,.,.,35.1428674147,-106.681982289,Angostura Reach,Fall
2024,9,7,Lemitar,3.5,7.5,5.5,34.1670457032,-106.889953039,San Acacia Reach,Fall
2024,9,8,Hispanic Cultural Center,.,.,.,35.0688083802,-106.65807622,Angostura Reach,Fall
2024,9,10,Diversion,6.5,22,14.25,35.191618922399996,-106.643382687,Angostura Reach,Fall
2024,9,11,Calabacillas,.,.,.,35.1946222612,-106.646350963,Angostura Reach,Fall
2024,9,12,Minnow,5,19.5,12.25,35.1972256042,-106.644122231,Angostura Reach,Fall
2024,9,13,Harrison,2,9.5,5.75,35.0150622305,-106.673722917,Angostura Reach,Fall
2024,9,14,Sevilleta,7,20,13.5,34.2586573236,-106.883372761,San Acacia Reach,Fall
2024,9,15,Valencia Cleared,6,21.5,13.75,34.6486505386211,-106.739180486447,Isleta Reach,Fall
2024,9,16,Valencia Forest,11,24.5,17.75,34.6472147233729,-106.738922864063,Isleta Reach,Fall
2024,9,17,Montano,3.5,18.5,11,35.1452628545,-106.680332705,Angostura Reach,Fall
2024,9,18,Reynolds Cleared,.,.,.,34.6567454384498,-106.738602216398,Isleta Reach,Fall
2024,9,19,Reynolds Forest,15,23,19,34.657611462267496,-106.739436295579,Isleta Reach,Fall
2024,9,20,Route 66,10,20,15,35.1006512603,-106.691932797,Angostura Reach,Fall
2024,9,21,Badger,5.5,15.5,10.5,35.1955715759,-106.641632737,Angostura Reach,Fall
2024,9,22,Bobcat,.,.,.,35.2010747789,-106.641162297,Angostura Reach,Fall
2024,9,23,BioPark,1,.,1,35.0799846256,-106.669723455,Angostura Reach,Fall
2024,9,25,Crawford,23,25.5,24.25,34.637561057629,-106.74347269011,Isleta Reach,Fall
2024,9,26,Mesilla,.,.,.,32.248328,-106.821014,South of San Marcial Reach,Fall
2024,9,27,Bosque Farm,.,.,.,34.8477697505695,-106.714997116643,Isleta Reach,Fall
2024,9,28,Valle de Oro,.,11,11,34.9797688406,-106.680112434,Angostura Reach,Fall
2024,9,29,Albuquerque Overbank Project,2.5,11.75,7.125,35.0452081969,-106.665732215,Angostura Reach,Fall
2024,9,30,State Land Office,8,0,4,34.9679188689,-106.685667747,Angostura Reach,Fall
2024,9,31,San Jose,6,10,8,35.0124335977,-106.672728518,Angostura Reach,Fall
2024,9,32,Sandia,3.5,16,9.75,35.255,-106.5907,Angostura Reach,Fall
2024,9,33,Bosque del Apache,23,.,23,33.8196650872,-106.854014975,San Acacia Reach,Fall
2024,9,34,River Realignment,.,.,.,33.8227,-106.8419,San Acacia Reach,Fall
2024,10,1,Alameda,5.5,9,7.25,35.1880598884,-106.646949118,Angostura Reach,Fall
2024,10,2,Rio Grande Nature Center,0,0,0,35.1267624154,-106.688450012,Angostura Reach,Fall
2024,10,3,Los Lunas,0,0,0,34.8123850767529,-106.714471968474,Isleta Reach,Fall
2024,10,4,Belen,0,0,0,34.6481124155284,-106.737727748983,Isleta Reach,Fall
2024,10,5,Santa Ana,0,0,0,35.34284,-106.5458,Angostura Reach,Fall
2024,10,6,Savannah,.,.,.,35.1428674147,-106.681982289,Angostura Reach,Fall
2024,10,7,Lemitar,6,7,6.5,34.1670457032,-106.889953039,San Acacia Reach,Fall
2024,10,8,Hispanic Cultural Center,.,.,.,35.0688083802,-106.65807622,Angostura Reach,Fall
2024,10,10,Diversion,0,0,0,35.191618922399996,-106.643382687,Angostura Reach,Fall
2024,10,11,Calabacillas,.,.,.,35.1946222612,-106.646350963,Angostura Reach,Fall
2024,10,12,Minnow,0,0,0,35.1972256042,-106.644122231,Angostura Reach,Fall
2024,10,13,Harrison,0,0,0,35.0150622305,-106.673722917,Angostura Reach,Fall
2024,10,14,Sevilleta,0.5,2.5,1.5,34.2586573236,-106.883372761,San Acacia Reach,Fall
2024,10,15,Valencia Cleared,.,.,.,34.6486505386211,-106.739180486447,Isleta Reach,Fall
2024,10,16,Valencia Forest,0,0,0,34.6472147233729,-106.738922864063,Isleta Reach,Fall
2024,10,17,Montano,0,5,2.5,35.1452628545,-106.680332705,Angostura Reach,Fall
2024,10,18,Reynolds Cleared,.,.,.,34.6567454384498,-106.738602216398,Isleta Reach,Fall
2024,10,19,Reynolds Forest,0,0,0,34.657611462267496,-106.739436295579,Isleta Reach,Fall
2024,10,20,Route 66,0,0,0,35.1006512603,-106.691932797,Angostura Reach,Fall
2024,10,21,Badger,0,0,0,35.1955715759,-106.641632737,Angostura Reach,Fall
2024,10,22,Bobcat,.,.,.,35.2010747789,-106.641162297,Angostura Reach,Fall
2024,10,23,BioPark,0.7,1.2,0.95,35.0799846256,-106.669723455,Angostura Reach,Fall
2024,10,25,Crawford,0,.,0,34.637561057629,-106.74347269011,Isleta Reach,Fall
2024,10,26,Mesilla,.,.,.,32.248328,-106.821014,South of San Marcial Reach,Fall
2024,10,27,Bosque Farm,.,.,.,34.8477697505695,-106.714997116643,Isleta Reach,Fall
2024,10,28,Valle de Oro,.,13,13,34.9797688406,-106.680112434,Angostura Reach,Fall
2024,10,29,Albuquerque Overbank Project,0,0,0,35.0452081969,-106.665732215,Angostura Reach,Fall
2024,10,30,State Land Office,0,0,0,34.9679188689,-106.685667747,Angostura Reach,Fall
2024,10,31,San Jose,0,0.25,0.125,35.0124335977,-106.672728518,Angostura Reach,Fall
2024,10,32,Sandia,0,0,0,35.255,-106.5907,Angostura Reach,Fall
2024,10,33,Bosque del Apache,.,.,.,33.8196650872,-106.854014975,San Acacia Reach,Fall
2024,10,34,River Realignment,.,.,.,33.8227,-106.8419,San Acacia Reach,Fall
2024,11,1,Alameda,45,51,48,35.1880598884,-106.646949118,Angostura Reach,Winter
2024,11,2,Rio Grande Nature Center,44,43,43.5,35.1267624154,-106.688450012,Angostura Reach,Winter
2024,11,3,Los Lunas,29,50,39.5,34.8123850767529,-106.714471968474,Isleta Reach,Winter
2024,11,4,Belen,.,.,.,34.6481124155284,-106.737727748983,Isleta Reach,Winter
2024,11,5,Santa Ana,48,52,50,35.34284,-106.5458,Angostura Reach,Winter
2024,11,6,Savannah,.,.,.,35.1428674147,-106.681982289,Angostura Reach,Winter
2024,11,7,Lemitar,40,55,47.5,34.1670457032,-106.889953039,San Acacia Reach,Winter
2024,11,8,Hispanic Cultural Center,.,.,.,35.0688083802,-106.65807622,Angostura Reach,Winter
2024,11,10,Diversion,32,2.8,17.4,35.191618922399996,-106.643382687,Angostura Reach,Winter
2024,11,11,Calabacillas,.,.,.,35.1946222612,-106.646350963,Angostura Reach,Winter
2024,11,12,Minnow,34,38,36,35.1972256042,-106.644122231,Angostura Reach,Winter
2024,11,13,Harrison,26,44,35,35.0150622305,-106.673722917,Angostura Reach,Winter
2024,11,14,Sevilleta,22,68,45,34.2586573236,-106.883372761,San Acacia Reach,Winter
2024,11,15,Valencia Cleared,25,45,35,34.6486505386211,-106.739180486447,Isleta Reach,Winter
2024,11,16,Valencia Forest,34,43,38.5,34.6472147233729,-106.738922864063,Isleta Reach,Winter
2024,11,17,Montano,19,50,34.5,35.1452628545,-106.680332705,Angostura Reach,Winter
2024,11,18,Reynolds Cleared,.,.,.,34.6567454384498,-106.738602216398,Isleta Reach,Winter
2024,11,19,Reynolds Forest,47,48,47.5,34.657611462267496,-106.739436295579,Isleta Reach,Winter
2024,11,20,Route 66,22,47,34.5,35.1006512603,-106.691932797,Angostura Reach,Winter
2024,11,21,Badger,25,44,34.5,35.1955715759,-106.641632737,Angostura Reach,Winter
2024,11,22,Bobcat,.,.,.,35.2010747789,-106.641162297,Angostura Reach,Winter
2024,11,23,BioPark,31,48,39.5,35.0799846256,-106.669723455,Angostura Reach,Winter
2024,11,25,Crawford,61,46,53.5,34.637561057629,-106.74347269011,Isleta Reach,Winter
2024,11,26,Mesilla,.,.,.,32.248328,-106.821014,South of San Marcial Reach,Winter
2024,11,27,Bosque Farm,.,.,.,34.8477697505695,-106.714997116643,Isleta Reach,Winter
2024,11,28,Valle de Oro,.,27,27,34.9797688406,-106.680112434,Angostura Reach,Winter
2024,11,29,Albuquerque Overbank Project,14.5,41.5,28,35.0452081969,-106.665732215,Angostura Reach,Winter
2024,11,30,State Land Office,33,41,37,34.9679188689,-106.685667747,Angostura Reach,Winter
2024,11,31,San Jose,34,42,38,35.0124335977,-106.672728518,Angostura Reach,Winter
2024,11,32,Sandia,47,56,51.5,35.255,-106.5907,Angostura Reach,Winter
2024,11,33,Bosque del Apache,.,.,.,33.8196650872,-106.854014975,San Acacia Reach,Winter
2024,11,34,River Realignment,.,.,.,33.8227,-106.8419,San Acacia Reach,Winter
2024,12,1,Alameda,1,1.5,1.25,35.1880598884,-106.646949118,Angostura Reach,Winter
2024,12,2,Rio Grande Nature Center,0,0,0,35.1267624154,-106.688450012,Angostura Reach,Winter
2024,12,3,Los Lunas,0,3,1.5,34.8123850767529,-106.714471968474,Isleta Reach,Winter
2024,12,4,Belen,0.5,0,0.25,34.6481124155284,-106.737727748983,Isleta Reach,Winter
2024,12,5,Santa Ana,0,0,0,35.34284,-106.5458,Angostura Reach,Winter
2024,12,6,Savannah,.,.,.,35.1428674147,-106.681982289,Angostura Reach,Winter
2024,12,7,Lemitar,0.75,.,0.75,34.1670457032,-106.889953039,San Acacia Reach,Winter
2024,12,8,Hispanic Cultural Center,.,.,.,35.0688083802,-106.65807622,Angostura Reach,Winter
2024,12,10,Diversion,0,0,0,35.191618922399996,-106.643382687,Angostura Reach,Winter
2024,12,11,Calabacillas,.,.,.,35.1946222612,-106.646350963,Angostura Reach,Winter
2024,12,12,Minnow,0,0,0,35.1972256042,-106.644122231,Angostura Reach,Winter
2024,12,13,Harrison,0,0,0,35.0150622305,-106.673722917,Angostura Reach,Winter
2024,12,14,Sevilleta,0.5,3,1.75,34.2586573236,-106.883372761,San Acacia Reach,Winter
2024,12,15,Valencia Cleared,0,0,0,34.6486505386211,-106.739180486447,Isleta Reach,Winter
2024,12,16,Valencia Forest,0,0,0,34.6472147233729,-106.738922864063,Isleta Reach,Winter
2024,12,17,Montano,0,0,0,35.1452628545,-106.680332705,Angostura Reach,Winter
2024,12,18,Reynolds Cleared,.,.,.,34.6567454384498,-106.738602216398,Isleta Reach,Winter
2024,12,19,Reynolds Forest,0,0,0,34.657611462267496,-106.739436295579,Isleta Reach,Winter
2024,12,20,Route 66,0,0,0,35.1006512603,-106.691932797,Angostura Reach,Winter
2024,12,21,Badger,0,0,0,35.1955715759,-106.641632737,Angostura Reach,Winter
2024,12,22,Bobcat,.,.,.,35.2010747789,-106.641162297,Angostura Reach,Winter
2024,12,23,BioPark,0,0,0,35.0799846256,-106.669723455,Angostura Reach,Winter
2024,12,25,Crawford,0,0,0,34.637561057629,-106.74347269011,Isleta Reach,Winter
2024,12,26,Mesilla,.,.,.,32.248328,-106.821014,South of San Marcial Reach,Winter
2024,12,27,Bosque Farm,.,.,.,34.8477697505695,-106.714997116643,Isleta Reach,Winter
2024,12,28,Valle de Oro,.,0.5,0.5,34.9797688406,-106.680112434,Angostura Reach,Winter
2024,12,29,Albuquerque Overbank Project,0,0,0,35.0452081969,-106.665732215,Angostura Reach,Winter
2024,12,30,State Land Office,0,0,0,34.9679188689,-106.685667747,Angostura Reach,Winter
2024,12,31,San Jose,0,0.5,0.25,35.0124335977,-106.672728518,Angostura Reach,Winter
2024,12,32,Sandia,0,0,0,35.255,-106.5907,Angostura Reach,Winter
2024,12,33,Bosque del Apache,.,.,.,33.8196650872,-106.854014975,San Acacia Reach,Winter
2024,12,34,River Realignment,.,.,.,33.8227,-106.8419,San Acacia Reach,Winter
2025,1,1,Alameda,1,1.25,1.125,35.1880598884,-106.646949118,Angostura Reach,Winter
2025,1,2,Rio Grande Nature Center,1.25,1,1.125,35.1267624154,-106.688450012,Angostura Reach,Winter
2025,1,3,Los Lunas,.,2.25,2.25,34.8123850767529,-106.714471968474,Isleta Reach,Winter
2025,1,4,Belen,5,.,5,34.6481124155284,-106.737727748983,Isleta Reach,Winter
2025,1,5,Santa Ana,1.5,2.5,2,35.34284,-106.5458,Angostura Reach,Winter
2025,1,7,Lemitar,2.3,3.5,2.9,34.1670457032,-106.889953039,San Acacia Reach,Winter
2025,1,10,Diversion,0,1,0.5,35.191618922399996,-106.643382687,Angostura Reach,Winter
2025,1,12,Minnow,0.5,1,0.75,35.1972256042,-106.644122231,Angostura Reach,Winter
2025,1,13,Harrison,0,0,0,35.0150622305,-106.673722917,Angostura Reach,Winter
2025,1,14,Sevilleta,2.5,.,2.5,34.2586573236,-106.883372761,San Acacia Reach,Winter
2025,1,15,Valencia Cleared,2.5,5,3.75,34.6486505386211,-106.739180486447,Isleta Reach,Winter
2025,1,16,Valencia Forest,3,5.5,4.25,34.6472147233729,-106.738922864063,Isleta Reach,Winter
2025,1,17,Montano,0,1,0.5,35.1452628545,-106.680332705,Angostura Reach,Winter
2025,1,19,Reynolds Forest,5,5.5,5.25,34.657611462267496,-106.739436295579,Isleta Reach,Winter
2025,1,20,Route 66,0,1,0.5,35.1006512603,-106.691932797,Angostura Reach,Winter
2025,1,21,Badger,0.5,1.5,1,35.1955715759,-106.641632737,Angostura Reach,Winter
2025,1,23,BioPark,.,.,.,35.0799846256,-106.669723455,Angostura Reach,Winter
2025,1,25,Crawford,4,4.2,4.1,34.637561057629,-106.74347269011,Isleta Reach,Winter
2025,1,27,Bosque Farm,.,.,.,34.8477697505695,-106.714997116643,Isleta Reach,Winter
2025,1,28,Valle de Oro,0,1.5,0.75,34.9797688406,-106.680112434,Angostura Reach,Winter
2025,1,29,Albuquerque Overbank Project,0,2,1,35.0452081969,-106.665732215,Angostura Reach,Winter
2025,1,30,State Land Office,0.5,2,1.25,34.9679188689,-106.685667747,Angostura Reach,Winter
2025,1,31,San Jose,.,0.75,0.75,35.0124335977,-106.672728518,Angostura Reach,Winter
2025,1,32,Sandia,1,1.5,1.25,35.255,-106.5907,Angostura Reach,Winter
2025,1,33,Bosque del Apache,.,.,.,33.8196650872,-106.854014975,San Acacia Reach,Winter
2025,2,1,Alameda,2.5,2.75,2.625,35.1880598884,-106.646949118,Angostura Reach,Winter
2025,2,2,Rio Grande Nature Center,4,3.25,3.625,35.1267624154,-106.688450012,Angostura Reach,Winter
2025,2,3,Los Lunas,.,0.5,0.5,34.8123850767529,-106.714471968474,Isleta Reach,Winter
2025,2,4,Belen,0,0,0,34.6481124155284,-106.737727748983,Isleta Reach,Winter
2025,2,5,Santa Ana,0,0,0,35.34284,-106.5458,Angostura Reach,Winter
2025,2,7,Lemitar,0,0,0,34.1670457032,-106.889953039,San Acacia Reach,Winter
2025,2,10,Diversion,2.75,3.5,3.125,35.191618922399996,-106.643382687,Angostura Reach,Winter
2025,2,12,Minnow,2,3,2.5,35.1972256042,-106.644122231,Angostura Reach,Winter
2025,2,13,Harrison,0,1,0.5,35.0150622305,-106.673722917,Angostura Reach,Winter
2025,2,14,Sevilleta,0,0,0,34.2586573236,-106.883372761,San Acacia Reach,Winter
2025,2,15,Valencia Cleared,0,0,0,34.6486505386211,-106.739180486447,Isleta Reach,Winter
2025,2,16,Valencia Forest,0,0,0,34.6472147233729,-106.738922864063,Isleta Reach,Winter
2025,2,17,Montano,2.75,.,2.75,35.1452628545,-106.680332705,Angostura Reach,Winter
2025,2,19,Reynolds Forest,0,0,0,34.657611462267496,-106.739436295579,Isleta Reach,Winter
2025,2,20,Route 66,1.5,2,1.75,35.1006512603,-106.691932797,Angostura Reach,Winter
2025,2,21,Badger,2.5,3.5,3,35.1955715759,-106.641632737,Angostura Reach,Winter
2025,2,23,BioPark,3,1.5,2.25,35.0799846256,-106.669723455,Angostura Reach,Winter
2025,2,25,Crawford,0,0,0,34.637561057629,-106.74347269011,Isleta Reach,Winter
2025,2,27,Bosque Farm,.,.,.,34.8477697505695,-106.714997116643,Isleta Reach,Winter
2025,2,28,Valle de Oro,.,.,.,34.9797688406,-106.680112434,Angostura Reach,Winter
2025,2,29,Albuquerque Overbank Project,3,3.5,3.25,35.0452081969,-106.665732215,Angostura Reach,Winter
2025,2,30,State Land Office,0,0,0,34.9679188689,-106.685667747,Angostura Reach,Winter
2025,2,31,San Jose,.,0,0,35.0124335977,-106.672728518,Angostura Reach,Winter
2025,2,32,Sandia,1,1.5,1.25,35.255,-106.5907,Angostura Reach,Winter
2025,2,33,Bosque del Apache,.,.,.,33.8196650872,-106.854014975,San Acacia Reach,Winter
2025,3,1,Alameda,0.75,1.5,1.125,35.1880598884,-106.646949118,Angostura Reach,Spring
2025,3,2,Rio Grande Nature Center,0,0,0,35.1267624154,-106.688450012,Angostura Reach,Spring
2025,3,3,Los Lunas,0,2.5,1.25,34.8123850767529,-106.714471968474,Isleta Reach,Spring
2025,3,4,Belen,.,.,.,34.6481124155284,-106.737727748983,Isleta Reach,Spring
2025,3,5,Santa Ana,3,7,5,35.34284,-106.5458,Angostura Reach,Spring
2025,3,7,Lemitar,0,0,0,34.1670457032,-106.889953039,San Acacia Reach,Spring
2025,3,10,Diversion,1.5,2,1.75,35.191618922399996,-106.643382687,Angostura Reach,Spring
2025,3,12,Minnow,1,1.5,1.25,35.1972256042,-106.644122231,Angostura Reach,Spring
2025,3,13,Harrison,1.75,1.5,1.625,35.0150622305,-106.673722917,Angostura Reach,Spring
2025,3,14,Sevilleta,0,0,0,34.2586573236,-106.883372761,San Acacia Reach,Spring
2025,3,15,Valencia Cleared,0,3,1.5,34.6486505386211,-106.739180486447,Isleta Reach,Spring
2025,3,16,Valencia Forest,0,0,0,34.6472147233729,-106.738922864063,Isleta Reach,Spring
2025,3,17,Montano,0,0.75,0.375,35.1452628545,-106.680332705,Angostura Reach,Spring
2025,3,19,Reynolds Forest,1.5,2,1.75,34.657611462267496,-106.739436295579,Isleta Reach,Spring
2025,3,20,Route 66,0.5,0,0.25,35.1006512603,-106.691932797,Angostura Reach,Spring
2025,3,21,Badger,0.5,1.25,0.875,35.1955715759,-106.641632737,Angostura Reach,Spring
2025,3,23,BioPark,2,3,2.5,35.0799846256,-106.669723455,Angostura Reach,Spring
2025,3,25,Crawford,5,2.5,3.75,34.637561057629,-106.74347269011,Isleta Reach,Spring
2025,3,27,Bosque Farm,.,.,.,34.8477697505695,-106.714997116643,Isleta Reach,Spring
2025,3,28,Valle de Oro,.,.,.,34.9797688406,-106.680112434,Angostura Reach,Spring
2025,3,29,Albuquerque Overbank Project,0,2,1,35.0452081969,-106.665732215,Angostura Reach,Spring
2025,3,30,State Land Office,1.2,2.5,1.85,34.9679188689,-106.685667747,Angostura Reach,Spring
2025,3,31,San Jose,.,1,1,35.0124335977,-106.672728518,Angostura Reach,Spring
2025,3,32,Sandia,2,4.5,3.25,35.255,-106.5907,Angostura Reach,Spring
2025,3,33,Bosque del Apache,.,.,.,33.8196650872,-106.854014975,San Acacia Reach,Spring
2025,4,1,Alameda,0,0,0,35.1880598884,-106.646949118,Angostura Reach,Spring
2025,4,2,Rio Grande Nature Center,0,0,0,35.1267624154,-106.688450012,Angostura Reach,Spring
2025,4,3,Los Lunas,3.5,.,3.5,34.8123850767529,-106.714471968474,Isleta Reach,Spring
2025,4,4,Belen,1.5,1.75,1.625,34.6481124155284,-106.737727748983,Isleta Reach,Spring
2025,4,5,Santa Ana,2,4,3,35.34284,-106.5458,Angostura Reach,Spring
2025,4,7,Lemitar,0,1.5,0.75,34.1670457032,-106.889953039,San Acacia Reach,Spring
2025,4,10,Diversion,0,0,0,35.191618922399996,-106.643382687,Angostura Reach,Spring
2025,4,12,Minnow,0,0,0,35.1972256042,-106.644122231,Angostura Reach,Spring
2025,4,13,Harrison,0,1,0.5,35.0150622305,-106.673722917,Angostura Reach,Spring
2025,4,14,Sevilleta,1.25,3.5,2.375,34.2586573236,-106.883372761,San Acacia Reach,Spring
2025,4,15,Valencia Cleared,0.7,2.5,1.6,34.6486505386211,-106.739180486447,Isleta Reach,Spring
2025,4,16,Valencia Forest,3,3.5,3.25,34.6472147233729,-106.738922864063,Isleta Reach,Spring
2025,4,17,Montano,0,0,0,35.1452628545,-106.680332705,Angostura Reach,Spring
2025,4,19,Reynolds Forest,0,1,0.5,34.657611462267496,-106.739436295579,Isleta Reach,Spring
2025,4,20,Route 66,0,1,0.5,35.1006512603,-106.691932797,Angostura Reach,Spring
2025,4,21,Badger,0,0,0,35.1955715759,-106.641632737,Angostura Reach,Spring
2025,4,23,BioPark,1,0,0.5,35.0799846256,-106.669723455,Angostura Reach,Spring
2025,4,25,Crawford,4,3.8,3.9,34.637561057629,-106.74347269011,Isleta Reach,Spring
2025,4,27,Bosque Farm,.,.,.,34.8477697505695,-106.714997116643,Isleta Reach,Spring
2025,4,28,Valle de Oro,.,.,.,34.9797688406,-106.680112434,Angostura Reach,Spring
2025,4,29,Albuquerque Overbank Project,0,0,0,35.0452081969,-106.665732215,Angostura Reach,Spring
2025,4,30,State Land Office,0,1.5,0.75,34.9679188689,-106.685667747,Angostura Reach,Spring
2025,4,31,San Jose,0,0,0,35.0124335977,-106.672728518,Angostura Reach,Spring
2025,4,32,Sandia,0,0,0,35.255,-106.5907,Angostura Reach,Spring
2025,4,33,Bosque del Apache,.,.,.,33.8196650872,-106.854014975,San Acacia Reach,Spring
2025,5,1,Alameda,21,28,24.5,35.1880598884,-106.646949118,Angostura Reach,Spring
2025,5,2,Rio Grande Nature Center,22.5,10,16.25,35.1267624154,-106.688450012,Angostura Reach,Spring
2025,5,3,Los Lunas,6,5,5.5,34.8123850767529,-106.714471968474,Isleta Reach,Spring
2025,5,4,Belen,2.5,4.5,3.5,34.6481124155284,-106.737727748983,Isleta Reach,Spring
2025,5,5,Santa Ana,12,22,17,35.34284,-106.5458,Angostura Reach,Spring
2025,5,7,Lemitar,8,12.5,10.25,34.1670457032,-106.889953039,San Acacia Reach,Spring
2025,5,10,Diversion,10,26,18,35.191618922399996,-106.643382687,Angostura Reach,Spring
2025,5,12,Minnow,10,22,16,35.1972256042,-106.644122231,Angostura Reach,Spring
2025,5,13,Harrison,19,.,19,35.0150622305,-106.673722917,Angostura Reach,Spring
2025,5,14,Sevilleta,2,.,2,34.2586573236,-106.883372761,San Acacia Reach,Spring
2025,5,15,Valencia Cleared,1,6,3.5,34.6486505386211,-106.739180486447,Isleta Reach,Spring
2025,5,16,Valencia Forest,2.5,5.5,4,34.6472147233729,-106.738922864063,Isleta Reach,Spring
2025,5,17,Montano,3,21,12,35.1452628545,-106.680332705,Angostura Reach,Spring
2025,5,19,Reynolds Forest,9,9.5,9.25,34.657611462267496,-106.739436295579,Isleta Reach,Spring
2025,5,20,Route 66,12.5,25,18.75,35.1006512603,-106.691932797,Angostura Reach,Spring
2025,5,21,Badger,12,1,6.5,35.1955715759,-106.641632737,Angostura Reach,Spring
2025,5,23,BioPark,16,22,19,35.0799846256,-106.669723455,Angostura Reach,Spring
2025,5,25,Crawford,4,5,4.5,34.637561057629,-106.74347269011,Isleta Reach,Spring
2025,5,27,Bosque Farm,.,.,.,34.8477697505695,-106.714997116643,Isleta Reach,Spring
2025,5,28,Valle de Oro,.,35,35,34.9797688406,-106.680112434,Angostura Reach,Spring
2025,5,29,Albuquerque Overbank Project,11.5,28,19.75,35.0452081969,-106.665732215,Angostura Reach,Spring
2025,5,30,State Land Office,17.5,.,17.5,34.9679188689,-106.685667747,Angostura Reach,Spring
2025,5,31,San Jose,20,29,24.5,35.0124335977,-106.672728518,Angostura Reach,Spring
2025,5,32,Sandia,8,20,14,35.255,-106.5907,Angostura Reach,Spring
2025,5,33,Bosque del Apache,.,.,.,33.8196650872,-106.854014975,San Acacia Reach,Spring
2025,6,1,Alameda,.,.,.,35.1880598884,-106.646949118,Angostura Reach,Monsoon
2025,6,2,Rio Grande Nature Center,20.5,11.5,16,35.1267624154,-106.688450012,Angostura Reach,Monsoon
2025,6,3,Los Lunas,20,39,29.5,34.8123850767529,-106.714471968474,Isleta Reach,Monsoon
2025,6,4,Belen,6.5,14,10.25,34.6481124155284,-106.737727748983,Isleta Reach,Monsoon
2025,6,5,Santa Ana,3,11,7,35.34284,-106.5458,Angostura Reach,Monsoon
2025,6,7,Lemitar,0,1.4,0.7,34.1670457032,-106.889953039,San Acacia Reach,Monsoon
2025,6,10,Diversion,.,.,.,35.191618922399996,-106.643382687,Angostura Reach,Monsoon
2025,6,12,Minnow,3.5,7.5,5.5,35.1972256042,-106.644122231,Angostura Reach,Monsoon
2025,6,13,Harrison,11,19,15,35.0150622305,-106.673722917,Angostura Reach,Monsoon
2025,6,14,Sevilleta,9.5,20,14.75,34.2586573236,-106.883372761,San Acacia Reach,Monsoon
2025,6,15,Valencia Cleared,10,16,13,34.6486505386211,-106.739180486447,Isleta Reach,Monsoon
2025,6,16,Valencia Forest,8,16,12,34.6472147233729,-106.738922864063,Isleta Reach,Monsoon
2025,6,17,Montano,6,20,13,35.1452628545,-106.680332705,Angostura Reach,Monsoon
2025,6,19,Reynolds Forest,4,6,5,34.657611462267496,-106.739436295579,Isleta Reach,Monsoon
2025,6,20,Route 66,18.5,29,23.75,35.1006512603,-106.691932797,Angostura Reach,Monsoon
2025,6,21,Badger,6,11,8.5,35.1955715759,-106.641632737,Angostura Reach,Monsoon
2025,6,23,BioPark,8,13,10.5,35.0799846256,-106.669723455,Angostura Reach,Monsoon
2025,6,25,Crawford,12,15,13.5,34.637561057629,-106.74347269011,Isleta Reach,Monsoon
2025,6,27,Bosque Farm,.,.,.,34.8477697505695,-106.714997116643,Isleta Reach,Monsoon
2025,6,28,Valle de Oro,.,.,.,34.9797688406,-106.680112434,Angostura Reach,Monsoon
2025,6,29,Albuquerque Overbank Project,3,16,9.5,35.0452081969,-106.665732215,Angostura Reach,Monsoon
2025,6,30,State Land Office,.,.,.,34.9679188689,-106.685667747,Angostura Reach,Monsoon
2025,6,31,San Jose,6,20,13,35.0124335977,-106.672728518,Angostura Reach,Monsoon
2025,6,32,Sandia,2.75,9,5.875,35.255,-106.5907,Angostura Reach,Monsoon
2025,6,33,Bosque del Apache,.,.,.,33.8196650872,-106.854014975,San Acacia Reach,Monsoon
2025,7,1,Alameda,.,.,.,35.1880598884,-106.646949118,Angostura Reach,Monsoon
2025,7,2,Rio Grande Nature Center,43,47,45,35.1267624154,-106.688450012,Angostura Reach,Monsoon
2025,7,3,Los Lunas,16.5,31,23.75,34.8123850767529,-106.714471968474,Isleta Reach,Monsoon
2025,7,4,Belen,.,.,.,34.6481124155284,-106.737727748983,Isleta Reach,Monsoon
2025,7,5,Santa Ana,6,12,9,35.34284,-106.5458,Angostura Reach,Monsoon
2025,7,7,Lemitar,15.5,.,15.5,34.1670457032,-106.889953039,San Acacia Reach,Monsoon
2025,7,10,Diversion,.,.,.,35.191618922399996,-106.643382687,Angostura Reach,Monsoon
2025,7,12,Minnow,15,26,20.5,35.1972256042,-106.644122231,Angostura Reach,Monsoon
2025,7,13,Harrison,19,34,26.5,35.0150622305,-106.673722917,Angostura Reach,Monsoon
2025,7,14,Sevilleta,13.5,30.5,22,34.2586573236,-106.883372761,San Acacia Reach,Monsoon
2025,7,15,Valencia Cleared,.,.,.,34.6486505386211,-106.739180486447,Isleta Reach,Monsoon
2025,7,16,Valencia Forest,33,45,39,34.6472147233729,-106.738922864063,Isleta Reach,Monsoon
2025,7,17,Montano,32,57,44.5,35.1452628545,-106.680332705,Angostura Reach,Monsoon
2025,7,19,Reynolds Forest,.,50,50,34.657611462267496,-106.739436295579,Isleta Reach,Monsoon
2025,7,20,Route 66,21,27,24,35.1006512603,-106.691932797,Angostura Reach,Monsoon
2025,7,21,Badger,18,26,22,35.1955715759,-106.641632737,Angostura Reach,Monsoon
2025,7,23,BioPark,22,25,23.5,35.0799846256,-106.669723455,Angostura Reach,Monsoon
2025,7,25,Crawford,.,44,44,34.637561057629,-106.74347269011,Isleta Reach,Monsoon
2025,7,27,Bosque Farm,.,.,.,34.8477697505695,-106.714997116643,Isleta Reach,Monsoon
2025,7,28,Valle de Oro,.,.,.,34.9797688406,-106.680112434,Angostura Reach,Monsoon
2025,7,29,Albuquerque Overbank Project,11,30,20.5,35.0452081969,-106.665732215,Angostura Reach,Monsoon
2025,7,30,State Land Office,21,28,24.5,34.9679188689,-106.685667747,Angostura Reach,Monsoon
2025,7,31,San Jose,19,30,24.5,35.0124335977,-106.672728518,Angostura Reach,Monsoon
2025,7,32,Sandia,12,31,21.5,35.255,-106.5907,Angostura Reach,Monsoon
2025,7,33,Bosque del Apache,.,.,.,33.8196650872,-106.854014975,San Acacia Reach,Monsoon
2025,8,1,Alameda,47,53,50,35.1880598884,-106.646949118,Angostura Reach,Monsoon
2025,8,2,Rio Grande Nature Center,2.5,2.5,2.5,35.1267624154,-106.688450012,Angostura Reach,Monsoon
2025,8,3,Los Lunas,.,.,.,34.8123850767529,-106.714471968474,Isleta Reach,Monsoon
2025,8,4,Belen,.,.,.,34.6481124155284,-106.737727748983,Isleta Reach,Monsoon
2025,8,5,Santa Ana,11.5,25,18.25,35.34284,-106.5458,Angostura Reach,Monsoon
2025,8,7,Lemitar,9.5,20,14.75,34.1670457032,-106.889953039,San Acacia Reach,Monsoon
2025,8,10,Diversion,23,43,33,35.191618922399996,-106.643382687,Angostura Reach,Monsoon
2025,8,12,Minnow,2,35,18.5,35.1972256042,-106.644122231,Angostura Reach,Monsoon
2025,8,13,Harrison,.,.,.,35.0150622305,-106.673722917,Angostura Reach,Monsoon
2025,8,14,Sevilleta,20,40,30,34.2586573236,-106.883372761,San Acacia Reach,Monsoon
2025,8,15,Valencia Cleared,1,7,4,34.6486505386211,-106.739180486447,Isleta Reach,Monsoon
2025,8,16,Valencia Forest,2,6.5,4.25,34.6472147233729,-106.738922864063,Isleta Reach,Monsoon
2025,8,17,Montano,.,.,.,35.1452628545,-106.680332705,Angostura Reach,Monsoon
2025,8,19,Reynolds Forest,2.75,2.5,2.625,34.657611462267496,-106.739436295579,Isleta Reach,Monsoon
2025,8,20,Route 66,.,.,.,35.1006512603,-106.691932797,Angostura Reach,Monsoon
2025,8,21,Badger,22,38,30,35.1955715759,-106.641632737,Angostura Reach,Monsoon
2025,8,23,BioPark,.,.,.,35.0799846256,-106.669723455,Angostura Reach,Monsoon
2025,8,25,Crawford,7,9,8,34.637561057629,-106.74347269011,Isleta Reach,Monsoon
2025,8,27,Bosque Farm,.,.,.,34.8477697505695,-106.714997116643,Isleta Reach,Monsoon
2025,8,28,Valle de Oro,.,.,.,34.9797688406,-106.680112434,Angostura Reach,Monsoon
2025,8,29,Albuquerque Overbank Project,.,.,.,35.0452081969,-106.665732215,Angostura Reach,Monsoon
2025,8,30,State Land Office,.,.,.,34.9679188689,-106.685667747,Angostura Reach,Monsoon
2025,8,31,San Jose,.,.,.,35.0124335977,-106.672728518,Angostura Reach,Monsoon
2025,8,32,Sandia,1,8,4.5,35.255,-106.5907,Angostura Reach,Monsoon
2025,8,33,Bosque del Apache,.,.,.,33.8196650872,-106.854014975,San Acacia Reach,Monsoon
2025,9,1,Alameda,23,32,27.5,35.1880598884,-106.646949118,Angostura Reach,Fall
2025,9,2,Rio Grande Nature Center,.,.,.,35.1267624154,-106.688450012,Angostura Reach,Fall
2025,9,3,Los Lunas,22,40,31,34.8123850767529,-106.714471968474,Isleta Reach,Fall
2025,9,4,Belen,.,.,.,34.6481124155284,-106.737727748983,Isleta Reach,Fall
2025,9,5,Santa Ana,24,37,30.5,35.34284,-106.5458,Angostura Reach,Fall
2025,9,7,Lemitar,25.5,36,30.75,34.1670457032,-106.889953039,San Acacia Reach,Fall
2025,9,10,Diversion,.,.,.,35.191618922399996,-106.643382687,Angostura Reach,Fall
2025,9,12,Minnow,8,21.5,14.75,35.1972256042,-106.644122231,Angostura Reach,Fall
2025,9,13,Harrison,17,41,29,35.0150622305,-106.673722917,Angostura Reach,Fall
2025,9,14,Sevilleta,11,28,19.5,34.2586573236,-106.883372761,San Acacia Reach,Fall
2025,9,15,Valencia Cleared,.,.,.,34.6486505386211,-106.739180486447,Isleta Reach,Fall
2025,9,16,Valencia Forest,19,36,27.5,34.6472147233729,-106.738922864063,Isleta Reach,Fall
2025,9,17,Montano,12.5,46.5,29.5,35.1452628545,-106.680332705,Angostura Reach,Fall
2025,9,19,Reynolds Forest,.,.,.,34.657611462267496,-106.739436295579,Isleta Reach,Fall
2025,9,20,Route 66,20,41,30.5,35.1006512603,-106.691932797,Angostura Reach,Fall
2025,9,21,Badger,14,34,24,35.1955715759,-106.641632737,Angostura Reach,Fall
2025,9,23,BioPark,30,43,36.5,35.0799846256,-106.669723455,Angostura Reach,Fall
2025,9,25,Crawford,21.5,38,29.75,34.637561057629,-106.74347269011,Isleta Reach,Fall
2025,9,27,Bosque Farm,.,.,.,34.8477697505695,-106.714997116643,Isleta Reach,Fall
2025,9,28,Valle de Oro,.,25,25,34.9797688406,-106.680112434,Angostura Reach,Fall
2025,9,29,Albuquerque Overbank Project,10,36,23,35.0452081969,-106.665732215,Angostura Reach,Fall
2025,9,30,State Land Office,13.5,25,19.25,34.9679188689,-106.685667747,Angostura Reach,Fall
2025,9,31,San Jose,.,.,.,35.0124335977,-106.672728518,Angostura Reach,Fall
2025,9,32,Sandia,11,35,23,35.255,-106.5907,Angostura Reach,Fall
2025,9,33,Bosque del Apache,.,.,.,33.8196650872,-106.854014975,San Acacia Reach,Fall
2025,10,1,Alameda,18,22,20,35.1880598884,-106.646949118,Angostura Reach,Fall
2025,10,2,Rio Grande Nature Center,19,24,21.5,35.1267624154,-106.688450012,Angostura Reach,Fall
2025,10,3,Los Lunas,43,65,54,34.8123850767529,-106.714471968474,Isleta Reach,Fall
2025,10,4,Belen,60,.,60,34.6481124155284,-106.737727748983,Isleta Reach,Fall
2025,10,5,Santa Ana,20,30,25,35.34284,-106.5458,Angostura Reach,Fall
2025,10,7,Lemitar,52,68,60,34.1670457032,-106.889953039,San Acacia Reach,Fall
2025,10,10,Diversion,5.75,24,14.875,35.191618922399996,-106.643382687,Angostura Reach,Fall
2025,10,12,Minnow,7,48,27.5,35.1972256042,-106.644122231,Angostura Reach,Fall
2025,10,13,Harrison,13,31,22,35.0150622305,-106.673722917,Angostura Reach,Fall
2025,10,14,Sevilleta,31,59,45,34.2586573236,-106.883372761,San Acacia Reach,Fall
2025,10,15,Valencia Cleared,60,80,70,34.6486505386211,-106.739180486447,Isleta Reach,Fall
2025,10,16,Valencia Forest,.,75,75,34.6472147233729,-106.738922864063,Isleta Reach,Fall
2025,10,17,Montano,4,22,13,35.1452628545,-106.680332705,Angostura Reach,Fall
2025,10,19,Reynolds Forest,.,.,.,34.657611462267496,-106.739436295579,Isleta Reach,Fall
2025,10,20,Route 66,11,25,18,35.1006512603,-106.691932797,Angostura Reach,Fall
2025,10,21,Badger,6.5,22,14.25,35.1955715759,-106.641632737,Angostura Reach,Fall
2025,10,23,BioPark,12,6,9,35.0799846256,-106.669723455,Angostura Reach,Fall
2025,10,25,Crawford,54,68,61,34.637561057629,-106.74347269011,Isleta Reach,Fall
2025,10,27,Bosque Farm,.,.,.,34.8477697505695,-106.714997116643,Isleta Reach,Fall
2025,10,28,Valle de Oro,.,.,.,34.9797688406,-106.680112434,Angostura Reach,Fall
2025,10,29,Albuquerque Overbank Project,7,23,15,35.0452081969,-106.665732215,Angostura Reach,Fall
2025,10,30,State Land Office,31,47,39,34.9679188689,-106.685667747,Angostura Reach,Fall
2025,10,31,San Jose,15,30,22.5,35.0124335977,-106.672728518,Angostura Reach,Fall
2025,10,32,Sandia,10,33,21.5,35.255,-106.5907,Angostura Reach,Fall
2025,10,33,Bosque del Apache,.,.,.,33.8196650872,-106.854014975,San Acacia Reach,Fall
2025,11,1,Alameda,7,9.5,8.25,35.1880598884,-106.646949118,Angostura Reach,Winter
2025,11,2,Rio Grande Nature Center,0,0,0,35.1267624154,-106.688450012,Angostura Reach,Winter
2025,11,3,Los Lunas,.,7,7,34.8123850767529,-106.714471968474,Isleta Reach,Winter
2025,11,4,Belen,7.5,0,3.75,34.6481124155284,-106.737727748983,Isleta Reach,Winter
2025,11,5,Santa Ana,5,10,7.5,35.34284,-106.5458,Angostura Reach,Winter
2025,11,7,Lemitar,0,0,0,34.1670457032,-106.889953039,San Acacia Reach,Winter
2025,11,10,Diversion,8.5,9,8.75,35.191618922399996,-106.643382687,Angostura Reach,Winter
2025,11,12,Minnow,5,9,7,35.1972256042,-106.644122231,Angostura Reach,Winter
2025,11,13,Harrison,0,6,3,35.0150622305,-106.673722917,Angostura Reach,Winter
2025,11,14,Sevilleta,8.5,23,15.75,34.2586573236,-106.883372761,San Acacia Reach,Winter
2025,11,15,Valencia Cleared,1.5,0,0.75,34.6486505386211,-106.739180486447,Isleta Reach,Winter
2025,11,16,Valencia Forest,.,0,0,34.6472147233729,-106.738922864063,Isleta Reach,Winter
2025,11,17,Montano,0.5,1,0.75,35.1452628545,-106.680332705,Angostura Reach,Winter
2025,11,19,Reynolds Forest,.,.,.,34.657611462267496,-106.739436295579,Isleta Reach,Winter
2025,11,20,Route 66,0,0.75,0.375,35.1006512603,-106.691932797,Angostura Reach,Winter
2025,11,21,Badger,8,13,10.5,35.1955715759,-106.641632737,Angostura Reach,Winter
2025,11,23,BioPark,0,1,0.5,35.0799846256,-106.669723455,Angostura Reach,Winter
2025,11,25,Crawford,0,0.5,0.25,34.637561057629,-106.74347269011,Isleta Reach,Winter
2025,11,27,Bosque Farm,.,.,.,34.8477697505695,-106.714997116643,Isleta Reach,Winter
2025,11,28,Valle de Oro,.,.,.,34.9797688406,-106.680112434,Angostura Reach,Winter
2025,11,29,Albuquerque Overbank Project,0,0,0,35.0452081969,-106.665732215,Angostura Reach,Winter
2025,11,30,State Land Office,0,0.5,0.25,34.9679188689,-106.685667747,Angostura Reach,Winter
2025,11,31,San Jose,5.5,2,3.75,35.0124335977,-106.672728518,Angostura Reach,Winter
2025,11,32,Sandia,6,12.5,9.25,35.255,-106.5907,Angostura Reach,Winter
2025,11,33,Bosque del Apache,.,.,.,33.8196650872,-106.854014975,San Acacia Reach,Winter
2025,12,1,Alameda,7.5,7.5,7.5,35.1880598884,-106.646949118,Angostura Reach,Winter
2025,12,2,Rio Grande Nature Center,4,4,4,35.1267624154,-106.688450012,Angostura Reach,Winter
2025,12,3,Los Lunas,9.5,.,9.5,34.8123850767529,-106.714471968474,Isleta Reach,Winter
2025,12,4,Belen,20,22,21,34.6481124155284,-106.737727748983,Isleta Reach,Winter
2025,12,5,Santa Ana,14,20,17,35.34284,-106.5458,Angostura Reach,Winter
2025,12,7,Lemitar,6.5,11,8.75,34.1670457032,-106.889953039,San Acacia Reach,Winter
2025,12,10,Diversion,0,12,6,35.191618922399996,-106.643382687,Angostura Reach,Winter
2025,12,12,Minnow,7,12,9.5,35.1972256042,-106.644122231,Angostura Reach,Winter
2025,12,13,Harrison,8.5,17,12.75,35.0150622305,-106.673722917,Angostura Reach,Winter
2025,12,14,Sevilleta,1.5,4,2.75,34.2586573236,-106.883372761,San Acacia Reach,Winter
2025,12,15,Valencia Cleared,13,22,17.5,34.6486505386211,-106.739180486447,Isleta Reach,Winter
2025,12,16,Valencia Forest,.,22.5,22.5,34.6472147233729,-106.738922864063,Isleta Reach,Winter
2025,12,17,Montano,1.8,.,1.8,35.1452628545,-106.680332705,Angostura Reach,Winter
2025,12,19,Reynolds Forest,.,40,40,34.657611462267496,-106.739436295579,Isleta Reach,Winter
2025,12,20,Route 66,8.5,3.5,6,35.1006512603,-106.691932797,Angostura Reach,Winter
2025,12,21,Badger,3,7,5,35.1955715759,-106.641632737,Angostura Reach,Winter
2025,12,23,BioPark,13,19,16,35.0799846256,-106.669723455,Angostura Reach,Winter
2025,12,25,Crawford,19,22,20.5,34.637561057629,-106.74347269011,Isleta Reach,Winter
2025,12,27,Bosque Farm,.,.,.,34.8477697505695,-106.714997116643,Isleta Reach,Winter
2025,12,28,Valle de Oro,.,.,.,34.9797688406,-106.680112434,Angostura Reach,Winter
2025,12,29,Albuquerque Overbank Project,9,26,17.5,35.0452081969,-106.665732215,Angostura Reach,Winter
2025,12,30,State Land Office,11,15,13,34.9679188689,-106.685667747,Angostura Reach,Winter
2025,12,31,San Jose,10,18.3,14.15,35.0124335977,-106.672728518,Angostura Reach,Winter
2025,12,32,Sandia,7.5,8.5,8,35.255,-106.5907,Angostura Reach,Winter
2025,12,33,Bosque del Apache,.,.,.,33.8196650872,-106.854014975,San Acacia Reach,Winter
