"Site number","Site name","Latitude","Longitude","Date ym","Month","Year","Monthly cottonwood leaf litterfall g m2","Monthly willow leaf litterfall g m2","Monthly russian olive leaf litterfall g m2","Monthly saltcedar leaf litterfall g m2","Monthly elm leaf litterfall g m2","Monthly new mexico olive leaf litterfall g m2","Monthly tree willow leaf litterfall g m2","Monthly coyote leaf litterfall g m2","Monthly baccharis willoe leaf litterfall g m2","Monthly indigo bush leaf litterfall g m2","Monthly total litterfall g m2","Monthly total willow g m2","Monthly woodfall g m2","Monthly cottonwood reproductive litterfall g m2","Monthly willow reproductive litterfall g m2","Monthly russian olive reproductive litterfall g m2","Monthly elm reproductive litterfall g m2","Monthly saltcedar reproductive litterfall g m2","Monthly total reproductive litterfall g m2"
1,"Alameda",35.1880598884,-106.646949118,1998-01-01,1,1998,14.27,0.01,0.2,0,0.07,0,.,.,.,0,2.84,0,7.33,.,.,.,.,.,0
1,"Alameda",35.1880598884,-106.646949118,1999-01-01,1,1999,64.49,1.95,2.69,0.53,0.4,0.03,.,.,.,0,10.17,0.25,7.44,.,.,.,.,.,0.05
1,"Alameda",35.1880598884,-106.646949118,2000-01-01,1,2000,21.61,0,0.02,0.01,0.39,0.02,.,.,.,0,3.94,0,7.62,.,.,.,.,.,0
1,"Alameda",35.1880598884,-106.646949118,2001-01-01,1,2001,20.08,0.02,0.09,0.02,0.23,0,.,.,.,0,3.04,0,2.48,.,.,.,.,.,0.02
1,"Alameda",35.1880598884,-106.646949118,2002-01-01,1,2002,17.18,0.04,0.01,0.03,0.19,0.04,.,.,.,0,2.44,0,0.7,.,.,.,.,.,0
1,"Alameda",35.1880598884,-106.646949118,2003-01-01,1,2003,68.85,0,0,0.02,0.15,0.02,.,.,.,0,14.97,0,44.85,.,.,.,.,.,0.13
1,"Alameda",35.1880598884,-106.646949118,2004-01-01,1,2004,17.23,0.02,0,0.01,1.08,1.4,.,.,.,0,12.79,0,77.92,.,.,.,.,.,0.03
1,"Alameda",35.1880598884,-106.646949118,2005-01-01,1,2005,42.92,0,0.01,0,0.08,0.01,.,.,.,0,5.83,0,1.54,.,.,.,.,.,0.04
1,"Alameda",35.1880598884,-106.646949118,2006-01-01,1,2006,13.38,0,0.09,0.02,0.46,0.01,.,.,.,0,2.26,0,3.31,.,.,.,.,.,0
1,"Alameda",35.1880598884,-106.646949118,2007-01-01,1,2007,21.15,0,0.01,0,0,0,.,.,.,0,6.06,0,24.23,.,.,.,.,.,0.16
1,"Alameda",35.1880598884,-106.646949118,2008-01-01,1,2008,22.15,0,0,0,0,0.55,.,.,.,0,6.17,0,23.79,0.64,0,0,.,0,0.08
1,"Alameda",35.1880598884,-106.646949118,2009-01-01,1,2009,25.84,0.01,0.02,0.01,0.25,0.02,.,.,.,0,4.1,0,0.01,0,0,0,.,0,0.28
1,"Alameda",35.1880598884,-106.646949118,2010-01-01,1,2010,6.41,0.03,0.02,0.09,0.03,0.29,.,.,.,0,1.44,0,3.61,0,0,0,.,0.01,0
1,"Alameda",35.1880598884,-106.646949118,2011-01-01,1,2011,22.92,0,0,0.17,0.32,0.02,.,.,.,0,4.78,0,12.85,0.01,0,0,.,0,0
1,"Alameda",35.1880598884,-106.646949118,2012-01-01,1,2012,21.39,0.02,0.01,0.02,0.02,0.02,.,.,.,0,3.57,0,5.48,0.01,0,0,.,0.01,0
1,"Alameda",35.1880598884,-106.646949118,2013-01-01,1,2013,26.92,0.02,0.01,0.01,0.85,0.02,.,.,.,0,7.76,0,31.57,0.01,0,0.01,.,0,0
1,"Alameda",35.1880598884,-106.646949118,2014-01-01,1,2014,26.46,0.01,0.12,0.04,0.86,0.09,.,.,.,0,3.94,0,1.32,0.05,0,0,.,0,0.01
1,"Alameda",35.1880598884,-106.646949118,2015-01-01,1,2015,48.08,0.01,0,1.23,2.17,3.54,.,.,.,0,10.62,0.03,13.47,0.42,0,0.01,.,0,0.92
1,"Alameda",35.1880598884,-106.646949118,2016-01-01,1,2016,37.08,0.02,0,0.02,1.08,0.15,.,.,.,0,6.34,0,4.47,0.09,0,0.47,.,0.01,0.08
1,"Alameda",35.1880598884,-106.646949118,2017-01-01,1,2017,8.85,0.02,0,0,0.1,0.02,.,.,.,0,2.07,0,4.49,0.33,0,0,0,0,0.02
1,"Alameda",35.1880598884,-106.646949118,2018-01-01,1,2018,22,0.02,0.01,0.16,0.71,0.1,.,.,.,0.09,3.36,0.04,1.49,0.02,0,0,0,0,0
1,"Alameda",35.1880598884,-106.646949118,2019-01-01,1,2019,19.46,0.25,0.09,0.19,0.65,0.26,.,.,.,0,305.2,0.03,2325.76,0.02,0,0,0,0,0.03
1,"Alameda",35.1880598884,-106.646949118,2020-01-01,1,2020,26.86,0,0.01,0.03,0.25,0.35,.,.,.,0,3.82,0,0.33,0.13,0,0,0.01,0,0.02
1,"Alameda",35.1880598884,-106.646949118,2021-01-01,1,2021,23.25,0.17,0.02,0.09,0.34,0.22,.,.,.,0,3.27,0.02,0.22,0,0,0,0,0,0
1,"Alameda",35.1880598884,-106.646949118,2022-01-01,1,2022,17.15,0.02,0.01,0.09,2.32,0.51,.,.,.,0,5.48,0,19.55,0.26,0,1.54,0,0,0.24
1,"Alameda",35.1880598884,-106.646949118,2023-01-01,1,2023,44.77,.,0.09,0.05,3,0.89,.,.,0,0,8.52,0.01,13,0.09,0,0.31,0,0,0.09
1,"Alameda",35.1880598884,-106.646949118,2024-01-01,1,2024,85.64,.,0.03,0.03,3,0.47,0.09,0.01,0,0,12.34,0.01,3.61,0.12,0.01,0.18,0,0,0.05
1,"Alameda",35.1880598884,-106.646949118,1998-02-01,2,1998,7.86,0.02,0.01,0,0.04,0,.,.,.,0,2.16,0,8.71,.,.,.,.,.,0
1,"Alameda",35.1880598884,-106.646949118,1999-02-01,2,1999,50.88,0.01,0.08,0.04,0.46,0.63,.,.,.,0,7.89,0,8.25,.,.,.,.,.,0.02
1,"Alameda",35.1880598884,-106.646949118,2000-02-01,2,2000,15.64,0,0.44,0,0,0,.,.,.,0,2.51,0,1.9,.,.,.,.,.,0.06
1,"Alameda",35.1880598884,-106.646949118,2001-02-01,2,2001,22.9,0.09,0.26,0.02,0.09,0.04,.,.,.,0,3.97,0.01,6.67,.,.,.,.,.,0.04
1,"Alameda",35.1880598884,-106.646949118,2002-02-01,2,2002,7.62,0,0.09,0,0.09,0,.,.,.,0,1.89,0,6.23,.,.,.,.,.,0.02
1,"Alameda",35.1880598884,-106.646949118,2003-02-01,2,2003,.,.,.,.,.,.,.,.,.,.,.,.,.,.,.,.,.,.,.
1,"Alameda",35.1880598884,-106.646949118,2004-02-01,2,2004,10.62,0.01,0.01,0.01,0.02,1.39,.,.,.,0,1.89,0,1.7,.,.,.,.,.,0.04
1,"Alameda",35.1880598884,-106.646949118,2005-02-01,2,2005,6,0.01,0,0,0,0.09,.,.,.,0,1.03,0,1.92,.,.,.,.,.,0
1,"Alameda",35.1880598884,-106.646949118,2006-02-01,2,2006,21.69,0,0,0.01,0.32,0.09,.,.,.,0,3.82,0,6.33,.,.,.,.,.,0.02
1,"Alameda",35.1880598884,-106.646949118,2007-02-01,2,2007,10.69,0,0,0,0,0,.,.,.,0,15.91,0,108.56,.,.,.,.,.,0.06
1,"Alameda",35.1880598884,-106.646949118,2008-02-01,2,2008,27.69,0.03,0,0.01,0.7,0,.,.,.,0,7.62,0,24.62,0.15,0,0,.,0,0.02
1,"Alameda",35.1880598884,-106.646949118,2009-02-01,2,2009,39,0.01,0,0,0.01,0,.,.,.,0,7.88,0,20.55,0,0,0,.,0,0.04
1,"Alameda",35.1880598884,-106.646949118,2010-02-01,2,2010,30.23,0.01,0,0,0.54,0.05,.,.,.,0,4.23,0,1.09,0.02,0,0,.,0,0
1,"Alameda",35.1880598884,-106.646949118,2011-02-01,2,2011,16.62,0,0,0,0,0,.,.,.,0,2.2,0,0.23,0,0,0,.,0,0
1,"Alameda",35.1880598884,-106.646949118,2012-02-01,2,2012,19.38,0,0,0,0.31,0,.,.,.,0,2.87,0,0.93,0.02,0,0,.,0,0.04
1,"Alameda",35.1880598884,-106.646949118,2013-02-01,2,2013,31.08,0,0,0,0.15,0.01,.,.,.,0,7.04,0,22.56,0.02,0.15,0,.,0,0.03
1,"Alameda",35.1880598884,-106.646949118,2014-02-01,2,2014,20.62,0.02,0.02,0.01,0.47,0.04,.,.,.,0,4.77,0,14.79,0.02,0,0,.,0,0
1,"Alameda",35.1880598884,-106.646949118,2015-02-01,2,2015,31.77,0.16,0.01,0.01,1.64,0.96,.,.,.,0,7.7,0.02,13.08,0.56,0,0,.,0,1.33
1,"Alameda",35.1880598884,-106.646949118,2017-02-01,2,2017,10.15,0,0,0,0.02,0,.,.,.,0,1.64,0,1.31,0.02,0,0.01,0,0,0
1,"Alameda",35.1880598884,-106.646949118,2018-02-01,2,2018,39.77,0.01,0,0.01,0.46,0.09,.,.,.,0,5.53,0,0.19,0.08,0,0,0,0,0.01
1,"Alameda",35.1880598884,-106.646949118,2019-02-01,2,2019,18.08,0.05,0.17,0.01,0.16,0.02,.,.,.,0,3.12,0.01,2.5,0.01,0,0.02,0,0,0.02
1,"Alameda",35.1880598884,-106.646949118,2020-02-01,2,2020,14.15,0,0,0,0.1,0.06,.,.,.,0,2.08,0,0.71,0.19,0,0,0,0,0.03
1,"Alameda",35.1880598884,-106.646949118,2021-02-01,2,2021,5.73,0,0,0,0,0,.,.,.,0,0.84,0,0.45,0.19,0,0,0,0,0.02
1,"Alameda",35.1880598884,-106.646949118,2022-02-01,2,2022,19.62,0.01,0.01,0.01,0.23,0.1,.,.,.,0,3.04,0,3.02,0.08,0,0,0,0,0.01
1,"Alameda",35.1880598884,-106.646949118,2023-02-01,2,2023,50.39,.,0.02,0.01,0.78,0.28,.,.,0,0,7.62,0.01,5.62,0.02,0,0,0,0,0.04
1,"Alameda",35.1880598884,-106.646949118,2024-02-01,2,2024,33.08,.,0,0.01,0.36,0.52,0.09,0,0,0,5.68,0.01,8.75,0.02,0,0,0.1,0,0.02
1,"Alameda",35.1880598884,-106.646949118,1998-03-01,3,1998,10.13,0.01,0,0,0,0,.,.,.,0,3.59,0,17.25,.,.,.,.,.,0.03
1,"Alameda",35.1880598884,-106.646949118,1999-03-01,3,1999,5.62,0,0,0,0.23,0,.,.,.,0,1.61,0,5.54,.,.,.,.,.,0.11
1,"Alameda",35.1880598884,-106.646949118,2000-03-01,3,2000,22,0.09,0.09,0,0.24,0,.,.,.,0,3.38,0.01,3.46,.,.,.,.,.,0.01
1,"Alameda",35.1880598884,-106.646949118,2001-03-01,3,2001,8.23,0.01,0.09,0.02,0.32,0.02,.,.,.,0,1.85,0,4.09,.,.,.,.,.,0.07
1,"Alameda",35.1880598884,-106.646949118,2002-03-01,3,2002,13.24,0.01,0.15,0.02,0,0.01,.,.,.,0,8.23,0,49.03,.,.,.,.,.,0.05
1,"Alameda",35.1880598884,-106.646949118,2003-03-01,3,2003,7.01,0.01,0,0,0,0,.,.,.,0,1.06,0,0.26,.,.,.,.,.,0.06
1,"Alameda",35.1880598884,-106.646949118,2004-03-01,3,2004,15.08,0.01,0.02,0,0.01,0,.,.,.,0,2.56,0,4.01,.,.,.,.,.,0.04
1,"Alameda",35.1880598884,-106.646949118,2005-03-01,3,2005,11.31,0,0,0,0,0.02,.,.,.,0,1.51,0,0.31,.,.,.,.,.,0
1,"Alameda",35.1880598884,-106.646949118,2006-03-01,3,2006,21.54,0,0.15,0.01,0,0.01,.,.,.,0,3.13,0,1.85,.,.,.,.,.,0.04
1,"Alameda",35.1880598884,-106.646949118,2007-03-01,3,2007,18.24,0.01,0.01,0,0.55,0.03,.,.,.,0,4.14,0,12.87,.,.,.,.,.,0.01
1,"Alameda",35.1880598884,-106.646949118,2008-03-01,3,2008,13.54,0,0,0.02,0.01,0.09,.,.,.,0,5.74,0,29.39,0.01,0,0,.,0,0.14
1,"Alameda",35.1880598884,-106.646949118,2009-03-01,3,2009,11.39,0,0,0,0.01,0,.,.,.,0,2.13,0,1.88,0.01,0,0,.,0,0.06
1,"Alameda",35.1880598884,-106.646949118,2010-03-01,3,2010,17.92,0.01,0,0.01,0.31,0.04,.,.,.,0,2.79,0,1.28,0.17,0,0,.,0,0.09
1,"Alameda",35.1880598884,-106.646949118,2011-03-01,3,2011,21.77,0,0,0,0,0.15,.,.,.,0,3.22,0,2.32,0.26,0,0,.,0,0.03
1,"Alameda",35.1880598884,-106.646949118,2012-03-01,3,2012,11.31,0,0,0.01,0,0.01,.,.,.,0,5.77,0,32.32,0.15,0,0,.,0,0.02
1,"Alameda",35.1880598884,-106.646949118,2013-03-01,3,2013,23.39,0,0.01,0,0.01,0,.,.,.,0,8.39,0,38.79,0.02,0,0,.,0,0.04
1,"Alameda",35.1880598884,-106.646949118,2014-03-01,3,2014,17.62,0,0,0.02,0,0.16,.,.,.,0,14.89,0,96.79,0.01,0,0,.,0,0.02
1,"Alameda",35.1880598884,-106.646949118,2015-03-01,3,2015,21.46,0.01,0,0,0.01,0,.,.,.,0,3.25,0,2.93,0.15,0,0,.,0,0.02
1,"Alameda",35.1880598884,-106.646949118,2016-03-01,3,2016,8.16,0.01,0,0,0.01,0.02,.,.,.,0,1.46,0,0.02,0.02,0,0,.,0,0.01
1,"Alameda",35.1880598884,-106.646949118,2017-03-01,3,2017,5.02,0,0,0,0.01,0,.,.,.,0,2.75,0,15.7,0.02,0,0,0.01,0.15,0.02
1,"Alameda",35.1880598884,-106.646949118,2018-03-01,3,2018,19.7,0.02,0.01,0.03,0.47,0.1,.,.,.,0.02,3.6,0,5.18,0.02,0,0.01,0,0,0.06
1,"Alameda",35.1880598884,-106.646949118,2019-03-01,3,2019,14.62,0.1,0.01,0.02,0.25,0.14,.,.,.,0,4.32,0.01,15.24,0.12,0.02,0.08,0,0,0.08
1,"Alameda",35.1880598884,-106.646949118,2020-03-01,3,2020,11.85,0.02,0.02,0.04,0.01,0.02,.,.,.,0.02,1.68,0,0.12,0.06,0,0,0,0,0.01
1,"Alameda",35.1880598884,-106.646949118,2021-03-01,3,2021,27.23,0.02,0,0,0.47,0.12,.,.,.,0,6.58,0,21.25,0.11,0,0.01,0.01,0,0.09
1,"Alameda",35.1880598884,-106.646949118,2022-03-01,3,2022,33.08,0.02,0.01,0.01,0.94,0.12,.,.,.,0.01,5.12,0,3.26,0.11,0,0,0.06,0,0.02
1,"Alameda",35.1880598884,-106.646949118,2023-03-01,3,2023,12.51,.,0.02,0.01,0.41,0.01,.,.,0,0,2.06,0,1.3,0.02,0,0,0,0,0.04
1,"Alameda",35.1880598884,-106.646949118,2024-03-01,3,2024,31.16,.,0.01,0.01,2.24,0.09,0.08,0.01,0,0,4.96,0.01,3.47,0.18,0,0,0.04,0,0.03
1,"Alameda",35.1880598884,-106.646949118,1998-04-01,4,1998,8,0,0,0,0.34,0,.,.,.,0,2.6,0,10.78,.,.,.,.,.,0.11
1,"Alameda",35.1880598884,-106.646949118,1999-04-01,4,1999,12.54,0.01,0,0.01,0.23,0.01,.,.,.,0,5.84,0,28.67,.,.,.,.,.,0.29
1,"Alameda",35.1880598884,-106.646949118,2000-04-01,4,2000,4.93,0,0.01,0,0,0,.,.,.,0,1.63,0,0.87,.,.,.,.,.,0.75
1,"Alameda",35.1880598884,-106.646949118,2001-04-01,4,2001,8.46,0,0.09,0,0.24,0.12,.,.,.,0,2.89,0,4.56,.,.,.,.,.,0.99
1,"Alameda",35.1880598884,-106.646949118,2002-04-01,4,2002,6.24,0,0,0,0,0,.,.,.,0,3.29,0,0,.,.,.,.,.,2.44
1,"Alameda",35.1880598884,-106.646949118,2003-04-01,4,2003,4.78,0,0,0,0.02,0,.,.,.,0,2.46,0,6.48,.,.,.,.,.,0.97
1,"Alameda",35.1880598884,-106.646949118,2004-04-01,4,2004,18.85,0,0.01,0,0.09,0.01,.,.,.,0,8.72,0,30.7,.,.,.,.,.,2.12
1,"Alameda",35.1880598884,-106.646949118,2005-04-01,4,2005,2.19,0,0.01,0.02,0,0.02,.,.,.,0,3.22,0,2.72,.,.,.,.,.,2.47
1,"Alameda",35.1880598884,-106.646949118,2006-04-01,4,2006,13.76,0,0,0,0.09,0,.,.,.,0,4.49,0,2.05,.,.,.,.,.,2.4
1,"Alameda",35.1880598884,-106.646949118,2007-04-01,4,2007,13.77,0,0,0,0,0.01,.,.,.,0,6.15,0,15.4,5.69,0,0,.,0,1.04
1,"Alameda",35.1880598884,-106.646949118,2008-04-01,4,2008,4.69,0,0,0,0.01,0.02,.,.,.,0,1.68,0,2.87,3.32,0,0,.,0,0.7
1,"Alameda",35.1880598884,-106.646949118,2009-04-01,4,2009,23.6,0,0,0.01,0.02,0,.,.,.,0,3.77,0,4.03,0.05,0,0,.,0,0.08
1,"Alameda",35.1880598884,-106.646949118,2010-04-01,4,2010,24.85,0,0.02,0.01,0.02,0,.,.,.,0,42.26,0,290.64,8.71,0,0,.,0,1.13
1,"Alameda",35.1880598884,-106.646949118,2011-04-01,4,2011,21.56,0,0,0.01,0.03,0.04,.,.,.,0,11.18,0,34.08,26.69,0,0,.,0,3.48
1,"Alameda",35.1880598884,-106.646949118,2012-04-01,4,2012,11.54,0,0.01,0,0,0,.,.,.,0,8.05,0,44.72,3.62,0,0,.,0,0.69
1,"Alameda",35.1880598884,-106.646949118,2013-04-01,4,2013,8.09,0.03,0,0.01,0,0.02,.,.,.,0,2.93,0,8.56,4.4,0,0.23,.,0,0.64
1,"Alameda",35.1880598884,-106.646949118,2014-04-01,4,2014,9.38,0,0.02,0.01,0.03,0,.,.,.,0,3.17,0,2.79,5.77,0,0,.,0,1.37
1,"Alameda",35.1880598884,-106.646949118,2015-04-01,4,2015,16.38,0.01,0.02,1.85,0.48,0.18,.,.,.,0,5.79,0,3.03,18.84,0,0,.,0,2.79
1,"Alameda",35.1880598884,-106.646949118,2016-04-01,4,2016,15.15,0.02,0.02,0.03,0.32,0.02,.,.,.,0,4.77,0,5.39,13.16,0,0,.,0,0.15
1,"Alameda",35.1880598884,-106.646949118,2017-04-01,4,2017,0.72,0.01,0,0,0.02,0,.,.,.,0,2.38,0,0.35,14.54,0,0.08,1.41,0,0.19
1,"Alameda",35.1880598884,-106.646949118,2018-04-01,4,2018,5.62,0.01,0,0,0.16,0.01,.,.,.,0,2.78,0,0.86,12,0,0,1.56,0,1.76
1,"Alameda",35.1880598884,-106.646949118,2019-04-01,4,2019,8.42,0,0.02,0.02,0.04,0.02,.,.,.,0.02,2.75,0,6.12,4.55,0,0.09,0.13,0,0.66
1,"Alameda",35.1880598884,-106.646949118,2020-04-01,4,2020,11.37,0,0.01,0.01,0.01,1.69,.,.,.,0,4.49,0,0.34,17.31,0,0,1.74,0,1.98
1,"Alameda",35.1880598884,-106.646949118,2021-04-01,4,2021,14.14,0,0,0,0,0.01,.,.,.,0,3.57,0,4.34,6.54,0,0,0.62,0,0.74
1,"Alameda",35.1880598884,-106.646949118,2022-04-01,4,2022,10.94,0.01,0,0.01,0.02,0.12,.,.,.,0,3.59,0,5.09,3.47,0,0,2.86,0,1.33
1,"Alameda",35.1880598884,-106.646949118,2023-04-01,4,2023,8.21,.,0.01,0.02,0.1,0.05,.,.,0,0,1.88,0,2.59,1.47,0,0,0.07,0,0.33
1,"Alameda",35.1880598884,-106.646949118,2024-04-01,4,2024,14.39,.,0,0.01,0.04,0.12,0.08,0,0,0.01,3.84,0.01,2.79,6.78,0,0,2.1,0,1.48
1,"Alameda",35.1880598884,-106.646949118,1998-05-01,5,1998,10.99,0,0,0,0,0.29,.,.,.,0,4.41,0,0.95,.,.,.,.,.,2.82
1,"Alameda",35.1880598884,-106.646949118,1999-05-01,5,1999,3.85,0.11,0.13,0,0,0.89,.,.,.,0,7.37,0.01,34.31,.,.,.,.,.,1.89
1,"Alameda",35.1880598884,-106.646949118,2000-05-01,5,2000,11.01,0,0,0,0.01,0,.,.,.,0,5.99,0,8.78,.,.,.,.,.,3.41
1,"Alameda",35.1880598884,-106.646949118,2001-05-01,5,2001,11.85,0,0.23,0.01,0.15,0.09,.,.,.,0,7.6,0,31.32,.,.,.,.,.,1.82
1,"Alameda",35.1880598884,-106.646949118,2002-05-01,5,2002,13.46,0.01,0,0,0.01,0.16,.,.,.,0,10.68,0,31.38,.,.,.,.,.,4.74
1,"Alameda",35.1880598884,-106.646949118,2003-05-01,5,2003,15.16,0.01,0,0,2.17,0.64,.,.,.,0,9.36,0,21.46,.,.,.,.,.,3.91
1,"Alameda",35.1880598884,-106.646949118,2004-05-01,5,2004,6.46,0,0,0,0.01,0.02,.,.,.,0,3.36,0,3.38,.,.,.,.,.,1.96
1,"Alameda",35.1880598884,-106.646949118,2005-05-01,5,2005,5.47,0,0,0,0,0.02,.,.,.,0,3.89,0,10.54,.,.,.,.,.,1.64
1,"Alameda",35.1880598884,-106.646949118,2006-05-01,5,2006,12.69,0.01,0.01,0.09,0.41,1.55,.,.,.,0,11.94,0,39.55,.,.,.,.,.,4.89
1,"Alameda",35.1880598884,-106.646949118,2007-05-01,5,2007,3.47,0.02,0,0,0.03,0.09,.,.,.,0,3.02,0,11.19,7.63,0.01,0,.,0,1
1,"Alameda",35.1880598884,-106.646949118,2008-05-01,5,2008,8.15,0.01,0.23,0,0,0.01,.,.,.,0,4.91,0,14.24,5.47,0,0,.,0,0.99
1,"Alameda",35.1880598884,-106.646949118,2009-05-01,5,2009,8.08,0,0,0,0,0,.,.,.,0,4.88,0,4.82,10,0,0,.,0,1.64
1,"Alameda",35.1880598884,-106.646949118,2010-05-01,5,2010,11.54,0,0.02,0,0.72,0.02,.,.,.,0,7.25,0,13.32,22.39,0,0,.,0,3.67
1,"Alameda",35.1880598884,-106.646949118,2011-05-01,5,2011,5.77,0.23,0,0.01,0,0,.,.,.,0,4.39,0.03,11.85,9.7,0,0,.,0,1.26
1,"Alameda",35.1880598884,-106.646949118,2012-05-01,5,2012,7.62,0,0,0.01,0.23,0.16,.,.,.,0,1.95,0,4.49,0.7,0,0,.,0,0.11
1,"Alameda",35.1880598884,-106.646949118,2013-05-01,5,2013,5.93,0.01,0,0.01,0,0.03,.,.,.,0,2.73,0,1.95,12.16,0,0,.,0,1.59
1,"Alameda",35.1880598884,-106.646949118,2014-05-01,5,2014,5.7,0.01,0,0,0.02,1.19,.,.,.,0,3.59,0,8.17,10.55,0.47,0,.,0,1.52
1,"Alameda",35.1880598884,-106.646949118,2015-05-01,5,2015,8.38,0,0,0.01,0.09,0.06,.,.,.,0,3.31,0,10.87,4.41,0,0,.,0,0.58
1,"Alameda",35.1880598884,-106.646949118,2016-05-01,5,2016,11.08,2.42,0,0,0.3,0,.,.,.,0,2.95,0.32,0.96,6.24,0.01,0,0.05,0,0.01
1,"Alameda",35.1880598884,-106.646949118,2017-05-01,5,2017,7.4,0.32,0.01,0,0.02,1.87,.,.,.,0,2.61,0.04,1.19,8.02,0.01,0.01,0.03,0,0.01
1,"Alameda",35.1880598884,-106.646949118,2018-05-01,5,2018,0,0,0,0,0.02,0,.,.,.,0,3.34,0,3.46,16.54,0,0,0.02,0,2.15
1,"Alameda",35.1880598884,-106.646949118,2019-05-01,5,2019,3.71,0,0.01,0,0.06,0,.,.,.,0,2.67,0,1.56,15.08,0,0.02,0.12,0.01,1.98
1,"Alameda",35.1880598884,-106.646949118,2020-05-01,5,2020,5.48,0,0.01,0,0.02,4.64,.,.,.,0,2.94,0,0.87,4.87,5.04,0,0.16,0,1.18
1,"Alameda",35.1880598884,-106.646949118,2021-05-01,5,2021,6.93,0.11,0.01,0.02,0.12,0.09,.,.,.,0,3.93,0.01,3.98,10.94,7.26,0,0.04,0,2.14
1,"Alameda",35.1880598884,-106.646949118,2022-05-01,5,2022,8.31,0.08,0.08,0.02,0,1.17,.,.,.,0,5.65,0.01,7.71,12.38,12.31,0,0.39,0,3.27
1,"Alameda",35.1880598884,-106.646949118,2023-05-01,5,2023,6.52,0,0,0,0.01,0.05,0,0,0,0,3.09,0,3.51,10.6,0,0,0.99,0,1.36
1,"Alameda",35.1880598884,-106.646949118,2024-05-01,5,2024,8.23,.,0,0,0.57,4.32,0.02,0,0,0,5.36,0,8.24,11.02,0.01,0.01,0.19,0,1.67
1,"Alameda",35.1880598884,-106.646949118,1997-06-01,6,1997,12.31,0,0.05,0,0.37,0.38,.,.,.,0,4.13,0,13.48,.,.,.,.,.,0.68
1,"Alameda",35.1880598884,-106.646949118,1998-06-01,6,1998,0,0,0,0,0,0,.,.,.,0,0.06,0,0.31,.,.,.,.,.,0.02
1,"Alameda",35.1880598884,-106.646949118,1999-06-01,6,1999,.,.,.,.,.,.,.,.,.,.,.,.,.,.,.,.,.,.,.
1,"Alameda",35.1880598884,-106.646949118,2000-06-01,6,2000,7.52,0.02,0,0,0.35,0,.,.,.,0,2.53,0,3.59,.,.,.,.,.,1.04
1,"Alameda",35.1880598884,-106.646949118,2001-06-01,6,2001,9.32,0,0.02,0.01,0,0,.,.,.,0,5.24,0,1.03,.,.,.,.,.,3.61
1,"Alameda",35.1880598884,-106.646949118,2002-06-01,6,2002,5.47,0,0.02,0.02,0.09,0.02,.,.,.,0,2.99,0,6.01,.,.,.,.,.,1.36
1,"Alameda",35.1880598884,-106.646949118,2003-06-01,6,2003,0.08,0,0.08,0,0,0,.,.,.,0,1.4,0,6.15,.,.,.,.,.,0.01
1,"Alameda",35.1880598884,-106.646949118,2004-06-01,6,2004,4.16,0,0.01,0,0.08,0.23,.,.,.,0,2.95,0,4.86,.,.,.,.,.,1.71
1,"Alameda",35.1880598884,-106.646949118,2005-06-01,6,2005,3.17,0,0,0,0,0.01,.,.,.,0,3.75,0,6.84,.,.,.,.,.,2.42
1,"Alameda",35.1880598884,-106.646949118,2006-06-01,6,2006,4.62,0,0,0,0,0.23,.,.,.,0,16.76,0,99,.,.,.,.,.,3.3
1,"Alameda",35.1880598884,-106.646949118,2007-06-01,6,2007,9.01,0,0,0.01,0.01,0.02,.,.,.,0,10.15,0,45.23,21.32,0,0,.,0,2.77
1,"Alameda",35.1880598884,-106.646949118,2008-06-01,6,2008,4.47,0,0,0,0,0,.,.,.,0,1.82,0,2.62,5.48,0.85,0,.,0,0.82
1,"Alameda",35.1880598884,-106.646949118,2009-06-01,6,2009,2.74,0,0.04,0.02,0.02,0.09,.,.,.,0,2.26,0,2.59,8.47,0,0,.,0,1.1
1,"Alameda",35.1880598884,-106.646949118,2010-06-01,6,2010,4.09,0.01,0,0.15,0.01,0,.,.,.,0,2.43,0,4.72,5.94,0.01,0,.,0,0.85
1,"Alameda",35.1880598884,-106.646949118,2011-06-01,6,2011,8.92,0.01,0.02,0.02,0.04,0.01,.,.,.,0,4.44,0,17.09,4.94,1.92,0,.,0,0.92
1,"Alameda",35.1880598884,-106.646949118,2012-06-01,6,2012,3.48,0,0,0,0.01,1.79,.,.,.,0,2.29,0,1.65,7.62,0,0,.,0,1.14
1,"Alameda",35.1880598884,-106.646949118,2013-06-01,6,2013,2.62,0,0.01,0.02,0.01,0.64,.,.,.,0,3.68,0,20.42,3.94,0,0,.,0,0.51
1,"Alameda",35.1880598884,-106.646949118,2014-06-01,6,2014,2.09,0.01,0.01,0.02,0.04,0.34,.,.,.,0,2.88,0,3.41,9.15,0,0,.,0,1.92
1,"Alameda",35.1880598884,-106.646949118,2015-06-01,6,2015,3.63,0.01,0,0.02,0.01,0.1,.,.,.,0,1.87,0,2.09,6.62,1.55,0,.,0,1.06
1,"Alameda",35.1880598884,-106.646949118,2016-06-01,6,2016,3.62,0.01,0,0,0.1,0.5,.,.,.,0,2.47,0,2.64,9.78,0.69,0,0.01,0,0.21
1,"Alameda",35.1880598884,-106.646949118,2017-06-01,6,2017,3.85,0.62,0,0,0.08,0,.,.,.,0,2.79,0.08,3.09,8.85,0.02,0,0.02,0,0.22
1,"Alameda",35.1880598884,-106.646949118,2018-06-01,6,2018,3.93,0.01,0,0.01,0.03,0.06,.,.,.,0,2.59,0,1.71,13.23,0,0,0,0,1.72
1,"Alameda",35.1880598884,-106.646949118,2019-06-01,6,2019,4.62,0,0,0.01,0.04,0.1,.,.,.,0,6.79,0,38.16,5.23,3.85,0,0.01,0,1.2
1,"Alameda",35.1880598884,-106.646949118,2020-06-01,6,2020,2.71,0.62,0,0.02,0.01,0.94,.,.,.,0,2.19,0.08,1.32,8.02,0.92,0,0.02,0.01,1.19
1,"Alameda",35.1880598884,-106.646949118,2021-06-01,6,2021,6.33,1.9,0,0.02,0.88,10.27,.,.,.,0,6.73,0.25,23.33,2.15,5.56,0,0,0,1.01
1,"Alameda",35.1880598884,-106.646949118,2022-06-01,6,2022,2.41,0.17,0.01,0.02,0.37,0.37,.,.,.,0,1.86,0.02,3.18,3.85,2.22,0,0.02,0.09,0.81
1,"Alameda",35.1880598884,-106.646949118,2023-06-01,6,2023,2.5,0.19,0,0.01,0.42,0.53,0.19,0,0,0,21.29,0.02,149.16,2.42,5.19,0.01,0.06,0.19,0.96
1,"Alameda",35.1880598884,-106.646949118,2024-06-01,6,2024,2.55,.,0.01,0.01,0.12,0.42,0,0,0.31,0,2.76,0,4.18,7.47,2.85,0.01,0.02,0,1.54
1,"Alameda",35.1880598884,-106.646949118,1997-07-01,7,1997,4.91,0,0.12,0,2.25,0.11,.,.,.,0,4.97,0,6.45,.,.,.,.,.,3.17
1,"Alameda",35.1880598884,-106.646949118,1998-07-01,7,1998,13.84,0,0,0,1.67,5.14,.,.,.,0,10.51,0,17.35,.,.,.,.,.,5.2
1,"Alameda",35.1880598884,-106.646949118,1999-07-01,7,1999,3.78,0.09,0.09,0,1.56,0.1,.,.,.,0,3.24,0.01,4.09,.,.,.,.,.,1.83
1,"Alameda",35.1880598884,-106.646949118,2000-07-01,7,2000,2.77,0.38,0,0,0.01,0.09,.,.,.,0,3.4,0.05,13.54,.,.,.,.,.,1.17
1,"Alameda",35.1880598884,-106.646949118,2001-07-01,7,2001,3.01,0.02,0,0.02,0.02,0.09,.,.,.,0,4.6,0,15,.,.,.,.,.,2.15
1,"Alameda",35.1880598884,-106.646949118,2002-07-01,7,2002,2.85,0.01,0.01,0.01,0.19,0.02,.,.,.,0,3.82,0,6.32,.,.,.,.,.,2.56
1,"Alameda",35.1880598884,-106.646949118,2003-07-01,7,2003,0.63,0,0.01,0,0,0,.,.,.,0,4.43,0,0.56,.,.,.,.,.,4.25
1,"Alameda",35.1880598884,-106.646949118,2004-07-01,7,2004,2.19,0,0.01,0,0.02,0.02,.,.,.,0,3.22,0,2.72,.,.,.,.,.,2.47
1,"Alameda",35.1880598884,-106.646949118,2005-07-01,7,2005,0.71,0,0,0,0.85,0.15,.,.,.,0,2.77,0,0,.,.,.,.,.,2.65
1,"Alameda",35.1880598884,-106.646949118,2006-07-01,7,2006,2.75,0.09,0,0,0,0.01,.,.,.,0,6.14,0.01,16.59,.,.,.,.,.,3.48
1,"Alameda",35.1880598884,-106.646949118,2007-07-01,7,2007,2.09,0.02,0,0,0,0.02,.,.,.,0,5.87,0,13.7,29.24,0,0,.,0,3.8
1,"Alameda",35.1880598884,-106.646949118,2008-07-01,7,2008,5.57,0.01,0,0,0,0.77,.,.,.,0,3.39,0,4.62,15.15,0.01,0,.,0,1.97
1,"Alameda",35.1880598884,-106.646949118,2009-07-01,7,2009,6.08,0.15,0,0,0,0.54,.,.,.,0,3.7,0.02,1.35,19.62,0,0,.,0,2.55
1,"Alameda",35.1880598884,-106.646949118,2010-07-01,7,2010,1.42,0,0,0,0.02,0.03,.,.,.,0,5.09,0,10.1,24.24,0,0,.,0,3.22
1,"Alameda",35.1880598884,-106.646949118,2011-07-01,7,2011,2.65,0,0,0.01,0.04,0.02,.,.,.,0,3.39,0,6.42,15.62,0,0,.,0,2.03
1,"Alameda",35.1880598884,-106.646949118,2012-07-01,7,2012,1.19,0.08,0,0.02,0.02,0.02,.,.,.,0,1.48,0.01,0.63,8,0,0,.,0,1.14
1,"Alameda",35.1880598884,-106.646949118,2013-07-01,7,2013,2,0.01,0,0,0,0,.,.,.,0,1.27,0,0.69,5.85,0.77,0.15,.,0,0.88
1,"Alameda",35.1880598884,-106.646949118,2014-07-01,7,2014,3.09,0.09,0,0,0,0,.,.,.,0,2.93,0.01,0,15.08,0,0,.,0,1.96
1,"Alameda",35.1880598884,-106.646949118,2015-07-01,7,2015,1.72,0.09,0,0.01,0.01,0.57,.,.,.,0,3.03,0.01,0.8,19.08,0.23,0,.,0,2.51
1,"Alameda",35.1880598884,-106.646949118,2016-07-01,7,2016,1.86,0.46,0,0,0.01,0.03,.,.,.,0,5.65,0.06,17.87,22.08,0,0,0,0,0.03
1,"Alameda",35.1880598884,-106.646949118,2017-07-01,7,2017,1.03,0.32,0.01,0.01,0.09,0.26,.,.,.,0,2.88,0.04,2.64,15.85,0.08,0.47,0.02,0,0.12
1,"Alameda",35.1880598884,-106.646949118,2018-07-01,7,2018,0.42,0.01,0,0,0.01,0.03,.,.,.,0,4.46,0,19.88,13.38,0,0,0,0,1.74
1,"Alameda",35.1880598884,-106.646949118,2020-07-01,7,2020,2.48,0.38,0.01,0.01,0.04,0.91,.,.,.,0,1.48,0.05,1.8,4.56,0,0,0.01,0,0.62
1,"Alameda",35.1880598884,-106.646949118,2021-07-01,7,2021,7.33,0.15,0,0.02,0.01,0.42,.,.,.,0,4.65,0.02,7.25,19.15,0.01,0,0,0,2.49
1,"Alameda",35.1880598884,-106.646949118,2022-07-01,7,2022,2.14,0.2,0,0,0.02,0.34,.,.,.,0,1.35,0.03,2.84,4.23,0.19,0,0.01,0.01,0.47
1,"Alameda",35.1880598884,-106.646949118,2023-07-01,7,2023,1.65,0.18,0.01,0.03,0.03,0.13,0.18,0,0,0,2.5,0.02,1.13,12.31,2.99,0,0.01,0,1.8
1,"Alameda",35.1880598884,-106.646949118,2024-07-01,7,2024,0.15,.,0,0.01,0.01,0.07,0,0,0,0,1.93,0,5.4,6.32,0.68,0,0,0.01,0.86
1,"Alameda",35.1880598884,-106.646949118,1997-08-01,8,1997,5.78,0,0.01,0,0.32,7.59,.,.,.,0,2.14,0,1.81,.,.,.,.,.,0.12
1,"Alameda",35.1880598884,-106.646949118,1998-08-01,8,1998,2.65,0,0,0.11,0.55,0.03,.,.,.,0,1.3,0,3.96,.,.,.,.,.,0.31
1,"Alameda",35.1880598884,-106.646949118,1999-08-01,8,1999,0.94,0,0,0,0.16,3.42,.,.,.,0,5.37,0,34.02,.,.,.,.,.,0.22
1,"Alameda",35.1880598884,-106.646949118,2000-08-01,8,2000,0.63,0,0.27,0.02,0.01,0.02,.,.,.,0,1.06,0,5.91,.,.,.,.,.,0.1
1,"Alameda",35.1880598884,-106.646949118,2001-08-01,8,2001,1.64,0.04,0.01,0.02,0.01,1.59,.,.,.,0,1.84,0.01,8.94,.,.,.,.,.,0.22
1,"Alameda",35.1880598884,-106.646949118,2002-08-01,8,2002,1.49,0.01,0.01,0.01,0,0.11,.,.,.,0,2.19,0,12.11,.,.,.,.,.,0.25
1,"Alameda",35.1880598884,-106.646949118,2003-08-01,8,2003,3.85,0,0.01,0.01,0.33,0.87,.,.,.,0,2.06,0,2.31,.,.,.,.,.,1.09
1,"Alameda",35.1880598884,-106.646949118,2004-08-01,8,2004,2.61,0,0,0,0.01,0.18,.,.,.,0,1.39,0,4.21,.,.,.,.,.,0.45
1,"Alameda",35.1880598884,-106.646949118,2005-08-01,8,2005,2.79,0.01,0,0,0.01,0.78,.,.,.,0,1.59,0,4.92,.,.,.,.,.,0.45
1,"Alameda",35.1880598884,-106.646949118,2006-08-01,8,2006,1.71,0,0.01,0,0,10.86,.,.,.,0,6.57,0,33.09,.,.,.,.,.,0.62
1,"Alameda",35.1880598884,-106.646949118,2007-08-01,8,2007,3.16,0,0,0,0.02,0.56,.,.,.,0,1.71,0,6.47,2.64,0,0,.,0,0.34
1,"Alameda",35.1880598884,-106.646949118,2008-08-01,8,2008,1.1,0.01,0,0.01,0,0.02,.,.,.,0,0.89,0,0.88,2.18,0,0,.,0,0.31
1,"Alameda",35.1880598884,-106.646949118,2009-08-01,8,2009,1.24,0.08,0,0,0.55,0.09,.,.,.,0,0.63,0.01,1.03,1.24,0,0,.,0,0.16
1,"Alameda",35.1880598884,-106.646949118,2010-08-01,8,2010,1.55,0.01,0.01,0,0.01,0.03,.,.,.,0,1.9,0,7.32,4.26,0.38,0,.,0,0.62
1,"Alameda",35.1880598884,-106.646949118,2011-08-01,8,2011,1.73,0.31,0,0.02,0.09,0.23,.,.,.,0,1.3,0.04,0.8,6.31,0,0,.,0,0.82
1,"Alameda",35.1880598884,-106.646949118,2012-08-01,8,2012,3.4,0.01,0.02,0,0.01,0.18,.,.,.,0,1.76,0,7.96,0.86,0.01,0,.,0,0.12
1,"Alameda",35.1880598884,-106.646949118,2013-08-01,8,2013,7.23,0.09,0.02,0,0.02,2.41,.,.,.,0,5.75,0.01,29.77,3.48,0,0,.,0,0.45
1,"Alameda",35.1880598884,-106.646949118,2014-08-01,8,2014,0.33,0.18,0,0.02,0.25,0.44,.,.,.,0,0.56,0.02,0.05,1.56,0,0,.,0,0.3
1,"Alameda",35.1880598884,-106.646949118,2015-08-01,8,2015,3.26,0.16,0,0,0.18,6.1,.,.,.,0,4.34,0.02,16.71,3.41,0,0,.,0,0.73
1,"Alameda",35.1880598884,-106.646949118,2016-08-01,8,2016,2.39,1.46,0,0,0.02,1.03,.,.,.,0,2.1,0.19,6.55,1.92,0.02,0,0,0,0.17
1,"Alameda",35.1880598884,-106.646949118,2017-08-01,8,2017,1.95,0.02,0.02,0,0.09,0.48,.,.,.,0,1.15,0,3.66,1.49,0,0.08,0,0,0.02
1,"Alameda",35.1880598884,-106.646949118,2018-08-01,8,2018,1.25,0,0,0.01,0.01,0,.,.,.,3.55,3.34,0,14.46,2.47,0,1.11,0,0,0.47
1,"Alameda",35.1880598884,-106.646949118,2019-08-01,8,2019,2.16,0.25,0.01,0.01,0.26,0.29,.,.,.,0,1.79,0.03,6.56,1.96,0.08,0.02,0.02,0,0.3
1,"Alameda",35.1880598884,-106.646949118,2020-08-01,8,2020,5.17,0,0.02,0.01,0.02,2.02,.,.,.,0,2.04,0,5.17,0.49,0,0,0.02,0,0.08
1,"Alameda",35.1880598884,-106.646949118,2021-08-01,8,2021,1.79,0.46,0.01,0.01,0.06,0.66,.,.,.,0,1.29,0.06,3.79,1.66,0.01,0.02,0.01,0,0.22
1,"Alameda",35.1880598884,-106.646949118,2022-08-01,8,2022,3.52,0.18,0,0.01,0.03,0.55,.,.,.,0,1.23,0.02,2.16,1.57,0,0,0,0,0.29
1,"Alameda",35.1880598884,-106.646949118,2023-08-01,8,2023,1.35,0.44,0,0.02,0.24,0.03,0.44,0,0,0,1.01,0.04,0.46,4.19,0.55,0.01,0.01,0,0.44
1,"Alameda",35.1880598884,-106.646949118,2024-08-01,8,2024,0.32,.,0,0,0.64,1.09,0.24,0.15,0,0,1.9,0.05,6.01,0.86,0,0,0.02,0,0.15
1,"Alameda",35.1880598884,-106.646949118,1997-09-01,9,1997,15.31,0.01,0.58,0,0.15,14.02,.,.,.,0,4.71,0,6.17,.,.,.,.,.,0
1,"Alameda",35.1880598884,-106.646949118,1998-09-01,9,1998,5.18,0.19,0,0,0.05,4.65,.,.,.,0,2.13,0.03,5.67,.,.,.,.,.,0.08
1,"Alameda",35.1880598884,-106.646949118,1999-09-01,9,1999,9.01,0.01,0.39,0,0.02,12.47,.,.,.,0,4.29,0,1.62,.,.,.,.,.,1.22
1,"Alameda",35.1880598884,-106.646949118,2000-09-01,9,2000,3.01,0.09,0.32,0.01,0.33,4.32,.,.,.,0,7.84,0.01,51.77,.,.,.,.,.,0.01
1,"Alameda",35.1880598884,-106.646949118,2001-09-01,9,2001,3.15,0.08,1.01,0,0.01,0.23,.,.,.,0,5.48,0.01,37.23,.,.,.,.,.,0.01
1,"Alameda",35.1880598884,-106.646949118,2002-09-01,9,2002,0.62,0,0,0,0,0,.,.,.,0,0.16,0,0.62,.,.,.,.,.,0
1,"Alameda",35.1880598884,-106.646949118,2003-09-01,9,2003,6.7,0.03,0.02,0.02,0.09,0.48,.,.,.,0,1.82,0,4.57,.,.,.,.,.,0.16
1,"Alameda",35.1880598884,-106.646949118,2004-09-01,9,2004,3.4,0.01,0.01,0,0.54,2.1,.,.,.,0,1.18,0,1.93,.,.,.,.,.,0.04
1,"Alameda",35.1880598884,-106.646949118,2005-09-01,9,2005,3.56,0,0,0,0.02,1.41,.,.,.,0,1.1,0,1.93,.,.,.,.,.,0.11
1,"Alameda",35.1880598884,-106.646949118,2006-09-01,9,2006,1.7,0.18,0,0,0.01,7.42,.,.,.,0,11.13,0.02,73.89,.,.,.,.,.,0.12
1,"Alameda",35.1880598884,-106.646949118,2007-09-01,9,2007,2.95,0.01,0,0,0.02,0.78,.,.,.,0,1.13,0,4.41,0.12,0,0,.,0,0.02
1,"Alameda",35.1880598884,-106.646949118,2008-09-01,9,2008,1.03,0.16,0,0,0.31,0,.,.,.,0,0.71,0.02,0.08,0,0,0,.,0,0.03
1,"Alameda",35.1880598884,-106.646949118,2009-09-01,9,2009,0.79,0.02,0.02,0,0.31,2.16,.,.,.,0,14.35,0,106.03,0.41,0,0,.,0,0.06
1,"Alameda",35.1880598884,-106.646949118,2010-09-01,9,2010,2.79,0.01,0,0,0.24,1.04,.,.,.,0,0.94,0.01,1.25,0.55,0,0,.,0,0.07
1,"Alameda",35.1880598884,-106.646949118,2011-09-01,9,2011,2.09,0,0,0.03,0.12,0.46,.,.,.,0,1.39,0,6.39,0.79,0,0,.,0,0.1
1,"Alameda",35.1880598884,-106.646949118,2012-09-01,9,2012,3.23,0.62,0,0,1.23,1.93,.,.,.,0,0.98,0.08,0.32,0.09,0,0,.,0,0.01
1,"Alameda",35.1880598884,-106.646949118,2013-09-01,9,2013,0.67,0.08,0.02,0,0.12,0.13,.,.,.,0,0.29,0.01,0.87,0.02,0,0,.,0,0
1,"Alameda",35.1880598884,-106.646949118,2014-09-01,9,2014,1.55,0,0,0.01,0.01,7.86,.,.,.,0,2.85,0.09,0.01,0.01,1.31,0,.,0,0.17
1,"Alameda",35.1880598884,-106.646949118,2015-09-01,9,2015,0.74,0.16,0,0,0.03,10.63,.,.,.,0,2.36,0.02,3.88,0.75,0,0,.,0,0.14
1,"Alameda",35.1880598884,-106.646949118,2016-09-01,9,2016,7.09,9.08,0,0,0.1,12.08,.,.,.,0,4.45,1.18,3.86,0.95,0.01,0,0,0,0
1,"Alameda",35.1880598884,-106.646949118,2017-09-01,9,2017,1.09,0.39,0,0.01,0.47,1.71,.,.,.,0,0.53,0.05,0.09,0.03,0,0,0.01,0,0
1,"Alameda",35.1880598884,-106.646949118,2018-09-01,9,2018,0.64,0,0,0,0.01,3.47,.,.,.,0,0.87,0,1.19,0.04,0,0,0,0,0.04
1,"Alameda",35.1880598884,-106.646949118,2019-09-01,9,2019,0.33,0.15,0,0,0.49,1.73,.,.,.,0,0.54,0.02,0.26,0.18,0.01,0,0,0,0.02
1,"Alameda",35.1880598884,-106.646949118,2020-09-01,9,2020,5.86,0.47,0,0,0.56,0.86,.,.,.,0.16,1.56,0.06,2.16,0.1,0,0.08,0.01,0,0.02
1,"Alameda",35.1880598884,-106.646949118,2021-09-01,9,2021,6.71,0.31,0,0.01,0.42,0.55,.,.,.,0.08,1.41,0.04,1.18,0.33,0.01,0.01,0.01,0,0.05
1,"Alameda",35.1880598884,-106.646949118,2022-09-01,9,2022,3.42,0.44,1.1,0.02,0.36,2.89,.,.,.,0,1.26,0.06,0.28,0.06,0.01,0.01,0,0,0.01
1,"Alameda",35.1880598884,-106.646949118,2023-09-01,9,2023,2.23,0.43,0,0,0.27,0.54,0.43,0,0,0,0.73,0.05,1.21,0.27,0.09,0,0,0,0.06
1,"Alameda",35.1880598884,-106.646949118,2024-09-01,9,2024,1.32,.,0,0.02,0.34,3.54,0.15,0,0,0,1.18,0.02,2.93,0.25,0,0.01,0,0,0.04
1,"Alameda",35.1880598884,-106.646949118,1997-10-01,10,1997,67.68,0.01,0.35,0,0.62,24.04,.,.,.,0,16.06,0.01,29.88,.,.,.,.,.,0.02
1,"Alameda",35.1880598884,-106.646949118,1998-10-01,10,1998,12.7,0.58,0,0.01,3.08,22.66,.,.,.,0,8.59,0.07,26.19,.,.,.,.,.,0.01
1,"Alameda",35.1880598884,-106.646949118,1999-10-01,10,1999,26.68,0.01,0.36,0.01,0.89,10.86,.,.,.,0,8.27,0,21.56,.,.,.,.,.,0
1,"Alameda",35.1880598884,-106.646949118,2000-10-01,10,2000,10.92,1.19,0.02,0,2.62,15.62,.,.,.,0,5.04,0.15,7.48,.,.,.,.,.,0.03
1,"Alameda",35.1880598884,-106.646949118,2001-10-01,10,2001,8.39,0.17,0.18,0.01,1.78,7.86,.,.,.,0,2.62,0.02,1.12,.,.,.,.,.,0
1,"Alameda",35.1880598884,-106.646949118,2002-10-01,10,2002,3.31,0.01,0,0,0.16,6.01,.,.,.,0,3.53,0,15.12,.,.,.,.,.,0.02
1,"Alameda",35.1880598884,-106.646949118,2003-10-01,10,2003,15.31,0,0.08,0.01,1.94,19.93,.,.,.,0,6.43,0,11.23,.,.,.,.,.,0.07
1,"Alameda",35.1880598884,-106.646949118,2004-10-01,10,2004,15.15,0,0.01,0.01,2.16,25.08,.,.,.,0,7.72,0,15.54,.,.,.,.,.,0.06
1,"Alameda",35.1880598884,-106.646949118,2005-10-01,10,2005,.,.,.,.,.,.,.,.,.,.,.,.,.,.,.,.,.,.,.
1,"Alameda",35.1880598884,-106.646949118,2006-10-01,10,2006,37.46,0.16,0,0,0.02,18.93,.,.,.,0,8.13,0.04,5.19,.,.,.,.,.,0.05
1,"Alameda",35.1880598884,-106.646949118,2007-10-01,10,2007,6.69,0.02,0,0,0.39,22.31,.,.,.,0,4.51,0,3.39,0.02,0,0,.,0,0
1,"Alameda",35.1880598884,-106.646949118,2008-10-01,10,2008,17.62,1.16,0,0,1.65,21.41,.,.,.,0,7.51,0.15,7.71,0.56,0,0,.,0,0.18
1,"Alameda",35.1880598884,-106.646949118,2009-10-01,10,2009,24.36,0.05,0,0,3.62,0.77,.,.,.,0,6.17,0.01,11.28,1.08,0,0.03,.,0,0.14
1,"Alameda",35.1880598884,-106.646949118,2010-10-01,10,2010,2.1,0.02,0,0.02,0.09,5.03,.,.,.,0,2.04,0.05,3.34,0.26,0,0,.,0,0.19
1,"Alameda",35.1880598884,-106.646949118,2011-10-01,10,2011,16.77,0.32,0.01,0.01,2.49,12.09,.,.,.,0.01,6.44,0.04,16.95,0.5,0,0,.,0,0.07
1,"Alameda",35.1880598884,-106.646949118,2012-10-01,10,2012,16.77,0.62,0,0,2,16.92,.,.,.,0.01,4.8,0.08,0.1,0.02,0,0,.,0,0
1,"Alameda",35.1880598884,-106.646949118,2013-10-01,10,2013,8.15,0.38,0.01,0,0.01,8.55,.,.,.,0,2.48,0.05,0.73,0.02,0,0.01,.,0,0
1,"Alameda",35.1880598884,-106.646949118,2014-10-01,10,2014,10.54,1.23,0,0.08,1.31,55.62,.,.,.,0,9.47,0.16,3.32,0.03,0.08,0,.,0.01,0.02
1,"Alameda",35.1880598884,-106.646949118,2015-10-01,10,2015,10.16,0.77,0,0.01,2.58,55.08,.,.,.,0,10.23,0.1,5.48,2.34,0.01,0,.,0,0.49
1,"Alameda",35.1880598884,-106.646949118,2016-10-01,10,2016,7.92,3.55,0,0.01,2.97,32.31,.,.,.,0,6.5,0.46,1.27,0.04,0,0,0,0,0.01
1,"Alameda",35.1880598884,-106.646949118,2017-10-01,10,2017,4.55,1.63,0.15,0,2.25,35.77,.,.,.,0,6.53,0.21,3.79,0.02,0.01,0,0.02,0,0.01
1,"Alameda",35.1880598884,-106.646949118,2018-10-01,10,2018,5.15,0.23,0,0,0.96,28.85,.,.,.,0,5.09,0.03,0.66,0.01,0,0,0,0,0
1,"Alameda",35.1880598884,-106.646949118,2019-10-01,10,2019,2.88,0.38,0,0.01,0.18,37.16,.,.,.,0,5.49,0.05,0.5,0.29,0.01,0.02,0,0,0.05
1,"Alameda",35.1880598884,-106.646949118,2020-10-01,10,2020,17.69,1.61,0,0,3,31.46,.,.,.,0,8.34,0.21,9.48,0.02,0,0.01,0.01,0,0
1,"Alameda",35.1880598884,-106.646949118,2021-10-01,10,2021,8.09,0.7,0.01,0.02,1.56,16.7,.,.,.,0,4.21,0.09,3.66,0.89,0,0,0.01,0,0.12
1,"Alameda",35.1880598884,-106.646949118,2022-10-01,10,2022,9.69,0.78,0,0,1.94,47.08,.,.,.,0,10.06,0.1,11.55,0.32,0,0,0,0,0.6
1,"Alameda",35.1880598884,-106.646949118,2023-10-01,10,2023,7.2,0.77,0,0.02,1.56,3.34,0.77,0.01,0,0,2.01,0.09,1.31,0.12,0,0.01,0,0,0.02
1,"Alameda",35.1880598884,-106.646949118,2024-10-01,10,2024,5.69,.,0.03,0.03,3.16,25.47,0.31,0,0,0.08,6.85,0.04,14.69,0.35,0.23,0,0.08,0,0.14
1,"Alameda",35.1880598884,-106.646949118,1997-11-01,11,1997,54.15,0.18,0.03,0,15.12,6.37,.,.,.,0,22.19,0.02,94.39,.,.,.,.,.,0
1,"Alameda",35.1880598884,-106.646949118,1998-11-01,11,1998,41.88,0.84,0.01,0,2.18,15.48,.,.,.,0,9.48,0.11,4.41,.,.,.,.,.,0.91
1,"Alameda",35.1880598884,-106.646949118,1999-11-01,11,1999,49.06,0.09,0.35,0,5.31,5.73,.,.,.,0,9.5,0.06,11.88,.,.,.,.,.,0
1,"Alameda",35.1880598884,-106.646949118,2000-11-01,11,2000,109.16,2.92,2.08,0.15,15.24,9.08,.,.,.,0,22.35,0.38,24.24,.,.,.,.,.,0.08
1,"Alameda",35.1880598884,-106.646949118,2001-11-01,11,2001,40.85,0.85,0.38,0,8.08,11.85,.,.,.,0,9.2,0.11,8.08,.,.,.,.,.,0
1,"Alameda",35.1880598884,-106.646949118,2002-11-01,11,2002,85.54,0,27.85,0.01,12.54,1.31,.,.,.,0,18.1,0,8.39,.,.,.,.,.,0.19
1,"Alameda",35.1880598884,-106.646949118,2003-11-01,11,2003,55.15,0.78,0.01,0.01,7.47,24.77,.,.,.,0,13.57,0.1,13,.,.,.,.,.,0.27
1,"Alameda",35.1880598884,-106.646949118,2004-11-01,11,2004,94.77,1.01,0,0,5.93,20,.,.,.,0,16.66,0.13,6.15,.,.,.,.,.,0.02
1,"Alameda",35.1880598884,-106.646949118,2005-11-01,11,2005,46.24,2.14,0.09,0.01,4.2,42.4,.,.,.,0,12.57,0.28,1.97,.,.,.,.,.,0
1,"Alameda",35.1880598884,-106.646949118,2006-11-01,11,2006,76,0.02,0.16,1.49,7.71,3.79,.,.,.,0,12.98,0.08,5.47,.,.,.,.,.,0.39
1,"Alameda",35.1880598884,-106.646949118,2007-11-01,11,2007,36.92,0.78,0,0,8,29.08,.,.,.,0,10.8,0.1,8.15,0.02,0,0,.,0,0.02
1,"Alameda",35.1880598884,-106.646949118,2008-11-01,11,2008,76.77,4.78,6.46,0.01,0.64,13.47,.,.,.,0,18.98,0.62,26.1,0.01,0,0.24,.,0,0.14
1,"Alameda",35.1880598884,-106.646949118,2009-11-01,11,2009,44.62,10.39,0.02,0.01,5.78,9.85,.,.,.,0,29.4,1.35,154.25,0.1,0,0,.,0,0.01
1,"Alameda",35.1880598884,-106.646949118,2010-11-01,11,2010,54.85,0.02,0,0.02,5.95,29.16,.,.,.,0,12.82,0.09,4.81,0.06,0,0,.,0,0.01
1,"Alameda",35.1880598884,-106.646949118,2011-11-01,11,2011,83.46,1.85,0,0.02,3.54,31.69,.,.,.,0,16.64,0.24,6.32,0.15,0,0,.,0,0.02
1,"Alameda",35.1880598884,-106.646949118,2012-11-01,11,2012,58.38,2.01,0,0.08,6.25,27.08,.,.,.,0,12.56,0.26,2.09,0.09,0,0,.,0,0.01
1,"Alameda",35.1880598884,-106.646949118,2013-11-01,11,2013,78.27,4.9,0,0.01,3.67,43.75,.,.,.,0,17.61,0.64,3.38,0.01,0,0,.,0,0
1,"Alameda",35.1880598884,-106.646949118,2014-11-01,11,2014,54.92,5.46,1.61,0,7.32,16.31,.,.,.,0,11.43,0.71,0,0.01,0,0,.,0,0.02
1,"Alameda",35.1880598884,-106.646949118,2015-11-01,11,2015,75.77,5.31,0,0.02,10.55,10.25,.,.,.,0,16.33,0.69,20.17,1.94,0,0,.,0,0.34
1,"Alameda",35.1880598884,-106.646949118,2016-11-01,11,2016,48.69,2.46,0,0,4.39,11,.,.,.,0,9.29,0.32,4.47,0.16,0,0,0.01,0,0
1,"Alameda",35.1880598884,-106.646949118,2017-11-01,11,2017,77,5.77,4.39,0.02,11.25,34.77,.,.,.,0,17.99,0.75,3.92,0,0,0,0,0,0.06
1,"Alameda",35.1880598884,-106.646949118,2018-11-01,11,2018,58.31,2.85,0.01,0.01,3.25,30,.,.,.,0,12.69,0.37,0.72,0.11,0,0,0,0,0.12
1,"Alameda",35.1880598884,-106.646949118,2019-11-01,11,2019,43.15,6.15,0,0.02,11.86,39,.,.,.,0,13.26,0.8,0.75,0.28,0.01,0,0,0,0.04
1,"Alameda",35.1880598884,-106.646949118,2020-11-01,11,2020,144.92,4.34,0.02,0.19,14.09,27.55,.,.,.,0,25.49,0.56,3.33,0.03,0,0.02,0,0,0.01
1,"Alameda",35.1880598884,-106.646949118,2021-11-01,11,2021,44.46,2.61,0.02,0.02,10.78,56.77,.,.,.,0,15.99,0.34,6.72,0.41,0,0,0,0,0.06
1,"Alameda",35.1880598884,-106.646949118,2022-11-01,11,2022,80.09,5.3,0,0.02,9.74,18.9,.,.,.,0,16.49,0.69,10.7,0.09,0,0,0,0,0.11
1,"Alameda",35.1880598884,-106.646949118,2023-11-01,11,2023,40.85,5.9,0,0.04,9.67,50.77,5.9,0.02,0,0,15.63,0.69,12.06,0.2,0.01,0.09,0.01,0,0.05
1,"Alameda",35.1880598884,-106.646949118,2024-11-01,11,2024,38.08,.,0,0.03,8.85,48.69,4.92,0.01,0,0,17.14,0.64,28.78,0.27,0.01,0.69,0,0,0.21
1,"Alameda",35.1880598884,-106.646949118,1997-12-01,12,1997,21.41,0.13,1.19,0.42,3.22,0.01,.,.,.,0,5.91,0.02,17.82,.,.,.,.,.,0
1,"Alameda",35.1880598884,-106.646949118,1998-12-01,12,1998,35.51,0.3,0.24,0.01,4.89,1.2,.,.,.,0,6.49,0.04,6.51,.,.,.,.,.,0.08
1,"Alameda",35.1880598884,-106.646949118,1999-12-01,12,1999,55.38,0.62,0.49,0.11,3.62,0.26,.,.,.,0,9.95,0.08,15.49,.,.,.,.,.,0.01
1,"Alameda",35.1880598884,-106.646949118,2000-12-01,12,2000,65.92,0.09,0.81,0.33,3.54,0.09,.,.,.,0,10.11,0.05,6.08,.,.,.,.,.,0.05
1,"Alameda",35.1880598884,-106.646949118,2001-12-01,12,2001,92.77,0.41,0.19,0.11,6.33,0.49,.,.,.,0,19.29,0.05,47.02,.,.,.,.,.,0.05
1,"Alameda",35.1880598884,-106.646949118,2002-12-01,12,2002,28.63,0.01,0.02,0,0.34,0,.,.,.,0,4,0,0.87,.,.,.,.,.,0
1,"Alameda",35.1880598884,-106.646949118,2003-12-01,12,2003,56.23,0.16,0.16,0.17,6.24,2.78,.,.,.,0,10.43,0.02,13.23,.,.,.,.,.,0
1,"Alameda",35.1880598884,-106.646949118,2004-12-01,12,2004,30.69,0.08,0,0.16,0.47,0.02,.,.,.,0,4.2,0.01,0.38,.,.,.,.,.,0.01
1,"Alameda",35.1880598884,-106.646949118,2005-12-01,12,2005,97.92,0.23,0.23,0.47,6.23,2.39,.,.,.,0,15.36,0.03,10.38,.,.,.,.,.,0.03
1,"Alameda",35.1880598884,-106.646949118,2006-12-01,12,2006,6.94,0,0,0.02,0.39,0,.,.,.,0,1.9,0,5.12,.,.,.,.,.,0.26
1,"Alameda",35.1880598884,-106.646949118,2007-12-01,12,2007,82,0.03,0.01,0.01,1.23,0.11,.,.,.,0,11.6,0.1,4.85,0.33,0,0,.,0,0.04
1,"Alameda",35.1880598884,-106.646949118,2008-12-01,12,2008,54.38,0.32,0,0,3.62,0,.,.,.,0,7.66,0.04,0.38,0,0,0,.,0,0.02
1,"Alameda",35.1880598884,-106.646949118,2009-12-01,12,2009,73.84,0.32,0.02,0.05,1.62,0.36,.,.,.,0,10.4,0.04,2.11,0.09,0,0,.,0,0.01
1,"Alameda",35.1880598884,-106.646949118,2010-12-01,12,2010,50.69,0.01,0.01,0.09,2.32,1.05,.,.,.,0,11.39,0.18,29.7,0.46,0,0,.,0,0.06
1,"Alameda",35.1880598884,-106.646949118,2011-12-01,12,2011,92.69,1.55,0,0.57,3.63,1.12,.,.,.,0,13.4,0.2,2.49,0.41,0,0,.,0,0.05
1,"Alameda",35.1880598884,-106.646949118,2012-12-01,12,2012,56.54,1.62,0,0.17,1.86,0.12,.,.,.,0,8.8,0.21,7.01,0.02,0,0.02,.,0,0.01
1,"Alameda",35.1880598884,-106.646949118,2013-12-01,12,2013,40.92,0,0.01,0.04,0.87,0.57,.,.,.,0,6.18,0,4.08,0,0,0,.,0,0
1,"Alameda",35.1880598884,-106.646949118,2014-12-01,12,2014,41.62,0.39,0,0.02,6.93,1.25,.,.,.,0,11.37,0.05,0.01,0.48,0,0,.,0,0.09
1,"Alameda",35.1880598884,-106.646949118,2015-12-01,12,2015,41.15,1.09,0,0.01,7.38,0.09,.,.,.,0,7.81,0.14,8.24,1.08,0,0.02,.,0,0.14
1,"Alameda",35.1880598884,-106.646949118,2016-12-01,12,2016,94.77,3.92,0.01,0,7.09,0.11,.,.,.,0,14.58,0.51,5.47,0.18,0,0,0.01,0,0
1,"Alameda",35.1880598884,-106.646949118,2017-12-01,12,2017,15.23,0.63,0.02,0.01,0.86,0.02,.,.,.,0,2.23,0.08,0.02,0.01,0,0,0,0,0
1,"Alameda",35.1880598884,-106.646949118,2018-12-01,12,2018,70.85,2.26,0.02,0.17,5.71,0.11,.,.,.,0.23,10.98,0.29,4.17,0.04,0.01,0.02,0,0,0.02
1,"Alameda",35.1880598884,-106.646949118,2019-12-01,12,2019,97.08,0.16,0.02,0.32,2.1,0.73,.,.,.,0,13.39,0.02,0.88,0.07,0.01,0,0.01,0,0.01
1,"Alameda",35.1880598884,-106.646949118,2020-12-01,12,2020,32.69,0.33,0.02,0.02,0.46,0.28,.,.,.,0,4.89,0.04,2.44,0.03,0,0,0,0,0.01
1,"Alameda",35.1880598884,-106.646949118,2021-12-01,12,2021,79.23,5.01,0,0.03,4.47,5.4,.,.,.,0,12.65,0.65,2.33,0.09,0,0,0,0,0.05
1,"Alameda",35.1880598884,-106.646949118,2022-12-01,12,2022,75.92,1.7,0.02,0.49,8.09,1.26,.,.,.,0,12.06,0.22,3.16,0.08,0,0.01,0,0,0.16
1,"Alameda",35.1880598884,-106.646949118,2023-12-01,12,2023,52.39,2.59,0.09,0.7,2.82,0.99,2.59,0,0,0,8.13,0.3,2.33,0,0.01,0.01,0,0,0.01
1,"Alameda",35.1880598884,-106.646949118,2024-12-01,12,2024,27.15,.,0.01,0.32,6.08,1.86,1.08,0.08,0,0,5.16,0.15,2.49,0.25,0,0,0.01,0,0.06
2,"Rio Grande Nature Center",35.1267624154,-106.688450012,1998-01-01,1,1998,10.27,0,0.58,0,0,0,.,.,.,0,8.48,0,36.99,.,.,.,.,.,0.09
2,"Rio Grande Nature Center",35.1267624154,-106.688450012,1999-01-01,1,1999,28.85,0,0.01,1.35,0,0,.,.,.,0,4.21,0,1.07,.,.,.,.,.,0.14
2,"Rio Grande Nature Center",35.1267624154,-106.688450012,2000-01-01,1,2000,10.33,0,0.33,0.01,0,0,.,.,.,0,1.67,0,1.96,.,.,.,.,.,0.01
2,"Rio Grande Nature Center",35.1267624154,-106.688450012,2001-01-01,1,2001,12.54,0,0.25,0.03,0,0,.,.,.,0,1.77,0,0.12,.,.,.,.,.,0.04
2,"Rio Grande Nature Center",35.1267624154,-106.688450012,2002-01-01,1,2002,11.72,0.01,0.17,0.02,0,0.01,.,.,.,0,1.69,0,0.24,.,.,.,.,.,0.04
2,"Rio Grande Nature Center",35.1267624154,-106.688450012,2003-01-01,1,2003,16.55,0.62,0,0,0,0,.,.,.,0,2.3,0.08,0.49,.,.,.,.,.,0
2,"Rio Grande Nature Center",35.1267624154,-106.688450012,2004-01-01,1,2004,15.69,0,0,0.08,0,0,.,.,.,0,12.37,0,79.08,.,.,.,.,.,0.01
2,"Rio Grande Nature Center",35.1267624154,-106.688450012,2005-01-01,1,2005,17.31,0,0,0,0,0,.,.,.,0,2.33,0,0.46,.,.,.,.,.,0.01
2,"Rio Grande Nature Center",35.1267624154,-106.688450012,2006-01-01,1,2006,11.65,0,0,0,0,0,.,.,.,0,2.29,0,5.82,.,.,.,.,.,0.02
2,"Rio Grande Nature Center",35.1267624154,-106.688450012,2007-01-01,1,2007,7.39,0,0,0,0,0,.,.,.,0,1.83,0,6.48,.,.,.,.,.,0
2,"Rio Grande Nature Center",35.1267624154,-106.688450012,2008-01-01,1,2008,10.85,0,0,0,0,0,.,.,.,0,1.54,0,0.01,0.39,0,0,.,0,0.06
2,"Rio Grande Nature Center",35.1267624154,-106.688450012,2009-01-01,1,2009,16.38,0,0,0,0,0,.,.,.,0,2.16,0,0.16,0,0,0,.,0,0
2,"Rio Grande Nature Center",35.1267624154,-106.688450012,2010-01-01,1,2010,8.15,0,0,0,0,0,.,.,.,0,1.16,0,0.01,0,0,0.16,.,0,0.02
2,"Rio Grande Nature Center",35.1267624154,-106.688450012,2011-01-01,1,2011,14.85,0,0,0,0,0,.,.,.,0,3.89,0,13.49,0,0,0,.,0,0.01
2,"Rio Grande Nature Center",35.1267624154,-106.688450012,2012-01-01,1,2012,12.92,0,0,0,0,0,.,.,.,0,1.79,0,0.62,0.01,0,0,.,0,0
2,"Rio Grande Nature Center",35.1267624154,-106.688450012,2013-01-01,1,2013,29.85,0,0,0,0,0,.,.,.,0,4.09,0,1.46,0,0,0,.,0,0
2,"Rio Grande Nature Center",35.1267624154,-106.688450012,2014-01-01,1,2014,11.08,0,0,0,0,0,.,.,.,0,1.69,0,0.08,0,0,0,.,0,0.04
2,"Rio Grande Nature Center",35.1267624154,-106.688450012,2015-01-01,1,2015,10,0,0,0,0,0,.,.,.,0,1.62,0,2.33,0.03,0,0,.,0,0
2,"Rio Grande Nature Center",35.1267624154,-106.688450012,2016-01-01,1,2016,14.23,0,0,0,0,0,.,.,.,0,2,0,0.47,0.01,0,0,.,0,0
2,"Rio Grande Nature Center",35.1267624154,-106.688450012,2017-01-01,1,2017,4.47,0,0,0,0,0,.,.,.,0,0.61,0,0.02,0.02,0,0,0,0,0
2,"Rio Grande Nature Center",35.1267624154,-106.688450012,2018-01-01,1,2018,10.23,0,0,0,0,0,.,.,.,0,2.31,0,4.08,0.02,0,0,0,0,0.33
2,"Rio Grande Nature Center",35.1267624154,-106.688450012,2019-01-01,1,2019,7.31,0,0.01,0,0,0,.,.,.,0,1.04,0,0.09,0.32,0,0,0,0.31,0.08
2,"Rio Grande Nature Center",35.1267624154,-106.688450012,2020-01-01,1,2020,8.69,0,0,0,0,0,.,.,.,0,1.21,0,0.49,0.02,0,0,0,0,0.01
2,"Rio Grande Nature Center",35.1267624154,-106.688450012,2021-01-01,1,2021,3.43,0,0,0,0,0,.,.,.,0,0.57,0,0.8,0.02,0,0,0,0.01,0.01
2,"Rio Grande Nature Center",35.1267624154,-106.688450012,2022-01-01,1,2022,5.47,0,0,0.02,0,0,.,.,.,0,1.36,0,3.08,0.11,0,0.6,0,0,0.17
2,"Rio Grande Nature Center",35.1267624154,-106.688450012,2023-01-01,1,2023,7.53,.,0,0.04,0.01,0,.,.,0,0,1.38,0,1.3,0,0,0.01,0,0,0.1
2,"Rio Grande Nature Center",35.1267624154,-106.688450012,2024-01-01,1,2024,5.62,.,0,0.01,0,0,0,0,0,0,3.7,0,22.32,0.03,0,0.01,0.02,0,0.01
2,"Rio Grande Nature Center",35.1267624154,-106.688450012,1998-02-01,2,1998,2.66,0,1.18,0,0,0,.,.,.,0,0.68,0,1.3,.,.,.,.,.,0.02
2,"Rio Grande Nature Center",35.1267624154,-106.688450012,1999-02-01,2,1999,10.01,0,0,0.01,0,0,.,.,.,0,1.66,0,2.51,.,.,.,.,.,0
2,"Rio Grande Nature Center",35.1267624154,-106.688450012,2000-02-01,2,2000,4.16,0,0.31,0.24,0,0,.,.,.,0,0.77,0,0.87,.,.,.,.,.,0.01
2,"Rio Grande Nature Center",35.1267624154,-106.688450012,2001-02-01,2,2001,15.62,0,0.36,0.04,0,0,.,.,.,0,2.43,0,1.82,.,.,.,.,.,0.07
2,"Rio Grande Nature Center",35.1267624154,-106.688450012,2002-02-01,2,2002,11.88,0,0.17,0,0,0,.,.,.,0,4.44,0,21.71,.,.,.,.,.,0.01
2,"Rio Grande Nature Center",35.1267624154,-106.688450012,2003-02-01,2,2003,9.31,0,0.39,0,0,0,.,.,.,0,1.37,0,0.49,.,.,.,.,.,0
2,"Rio Grande Nature Center",35.1267624154,-106.688450012,2004-02-01,2,2004,.,.,.,.,.,.,.,.,.,.,.,.,.,.,.,.,.,.,.
2,"Rio Grande Nature Center",35.1267624154,-106.688450012,2005-02-01,2,2005,4.46,0,0,0.01,0,0,.,.,.,0,0.66,0,0.05,.,.,.,.,.,0.07
2,"Rio Grande Nature Center",35.1267624154,-106.688450012,2006-02-01,2,2006,14.38,0,0,0.01,0,0,.,.,.,0,2.03,0,0.88,.,.,.,.,.,0
2,"Rio Grande Nature Center",35.1267624154,-106.688450012,2007-02-01,2,2007,6.39,0,0,0,0,0,.,.,.,0,1.09,0,1.54,.,.,.,.,.,0.02
2,"Rio Grande Nature Center",35.1267624154,-106.688450012,2008-02-01,2,2008,12.78,0,0,0,0,0,.,.,.,0,2.16,0,0.26,0.01,0.08,0,.,0,0.09
2,"Rio Grande Nature Center",35.1267624154,-106.688450012,2009-02-01,2,2009,14.46,0,0,0,0,0,.,.,.,0,1.93,0,0.39,0.01,0,0,.,0,0
2,"Rio Grande Nature Center",35.1267624154,-106.688450012,2010-02-01,2,2010,19.15,0,0,0,0,0,.,.,.,0,2.66,0,0.09,0.02,0,0.46,.,0,0.14
2,"Rio Grande Nature Center",35.1267624154,-106.688450012,2011-02-01,2,2011,16.31,0,0,0.01,0,0,.,.,.,0,4.03,0,14.16,0,0,0,.,0,0.03
2,"Rio Grande Nature Center",35.1267624154,-106.688450012,2012-02-01,2,2012,6.32,0,0,0,0,0,.,.,.,0,0.86,0,0.18,0.01,0,0,.,0,0
2,"Rio Grande Nature Center",35.1267624154,-106.688450012,2013-02-01,2,2013,43.23,0,0,0,0,0,.,.,.,0,6.83,0,9.02,0,0,0,.,0,0
2,"Rio Grande Nature Center",35.1267624154,-106.688450012,2014-02-01,2,2014,14.23,0,0,0,0,0,.,.,.,0,2.23,0,2.47,0.02,0,0,.,0,0.01
2,"Rio Grande Nature Center",35.1267624154,-106.688450012,2015-02-01,2,2015,11.09,0,0,0,0,0,.,.,.,0,1.59,0,0.02,0,0,0,.,0,0.03
2,"Rio Grande Nature Center",35.1267624154,-106.688450012,2016-02-01,2,2016,15.7,0,0,0,0,0,.,.,.,0,2.69,0,3.92,0,0,0,.,0,0
2,"Rio Grande Nature Center",35.1267624154,-106.688450012,2017-02-01,2,2017,3.95,0,0,0,0,0,.,.,.,0,0.66,0,0.33,0.02,0,0.08,0.01,0,0.01
2,"Rio Grande Nature Center",35.1267624154,-106.688450012,2018-02-01,2,2018,18.61,0,0.02,0,0.01,0,.,.,.,0.01,2.78,0,0.32,0.02,0,0.01,0,0,0.07
2,"Rio Grande Nature Center",35.1267624154,-106.688450012,2019-02-01,2,2019,10.62,0,0,0,0,0,.,.,.,0,2.66,0,8.02,0,0,0.78,0,0,0.17
2,"Rio Grande Nature Center",35.1267624154,-106.688450012,2020-02-01,2,2020,4.78,0.01,0,0,0,0,.,.,.,0,0.67,0,0.02,0,0.08,0,0,0.02,0.01
2,"Rio Grande Nature Center",35.1267624154,-106.688450012,2021-02-01,2,2021,2.66,0,0,0.01,0,0,.,.,.,0,1.63,0,9.39,0,0,0.01,0,0,0.03
2,"Rio Grande Nature Center",35.1267624154,-106.688450012,2022-02-01,2,2022,5.31,0,0.01,0.01,0,0,.,.,.,0,1.15,0,2.4,0,0,0,0,0,0.1
2,"Rio Grande Nature Center",35.1267624154,-106.688450012,2023-02-01,2,2023,6.01,.,0,0.02,0,0,.,.,0,0,1.12,0,1.25,0,0,0,0,0,0.11
2,"Rio Grande Nature Center",35.1267624154,-106.688450012,2024-02-01,2,2024,3.85,.,0,0.02,0,0,0,0,0,0,8.6,0,61.02,0.17,0,0.31,0,0,0.07
2,"Rio Grande Nature Center",35.1267624154,-106.688450012,1998-03-01,3,1998,2.86,0,1.03,0,0,0,.,.,.,0,9.43,0,68.6,.,.,.,.,.,0
2,"Rio Grande Nature Center",35.1267624154,-106.688450012,1999-03-01,3,1999,3.92,0,0.02,0,0,0,.,.,.,0,0.65,0,0.72,.,.,.,.,.,0.01
2,"Rio Grande Nature Center",35.1267624154,-106.688450012,2000-03-01,3,2000,3.49,0,0.02,0.01,0,0,.,.,.,0,1.36,0,6.55,.,.,.,.,.,0
2,"Rio Grande Nature Center",35.1267624154,-106.688450012,2001-03-01,3,2001,12.55,0,0.01,0,0,0,.,.,.,0,10.29,0,65.09,.,.,.,.,.,0
2,"Rio Grande Nature Center",35.1267624154,-106.688450012,2002-03-01,3,2002,38.55,0,0.01,0,0,0,.,.,.,0,10.97,0,45.3,.,.,.,.,.,0.07
2,"Rio Grande Nature Center",35.1267624154,-106.688450012,2003-03-01,3,2003,7.15,2.54,0.01,0,0,0,.,.,.,0,1.43,0.33,1.19,.,.,.,.,.,0
2,"Rio Grande Nature Center",35.1267624154,-106.688450012,2004-03-01,3,2004,.,.,.,.,.,.,.,.,.,.,.,.,.,.,.,.,.,.,.
2,"Rio Grande Nature Center",35.1267624154,-106.688450012,2005-03-01,3,2005,4.38,0,0,0,0,0,.,.,.,0,0.59,0,0.16,.,.,.,.,.,0
2,"Rio Grande Nature Center",35.1267624154,-106.688450012,2006-03-01,3,2006,25.78,0.02,0.19,1.24,0,0,.,.,.,0,5.26,0,7.41,.,.,.,.,.,0.68
2,"Rio Grande Nature Center",35.1267624154,-106.688450012,2007-03-01,3,2007,3.16,0,0,0,0,0,.,.,.,0,0.53,0,0.74,.,.,.,.,.,0
2,"Rio Grande Nature Center",35.1267624154,-106.688450012,2008-03-01,3,2008,3.4,0,0,0,0,0,.,.,.,0,3.74,0,25.39,0,0.01,0,.,0,0
2,"Rio Grande Nature Center",35.1267624154,-106.688450012,2009-03-01,3,2009,5.47,0,0,0,0,0,.,.,.,0,0.91,0,1.56,0,0,0,.,0,0
2,"Rio Grande Nature Center",35.1267624154,-106.688450012,2010-03-01,3,2010,10.09,0,0,0,0,0,.,.,.,0,2.35,0,0.39,0.02,0,0,.,0,0
2,"Rio Grande Nature Center",35.1267624154,-106.688450012,2011-03-01,3,2011,24.39,0,0,0,0,0,.,.,.,0,9.62,0,49.24,0,0,0,.,0,0
2,"Rio Grande Nature Center",35.1267624154,-106.688450012,2012-03-01,3,2012,17.31,0,0,0,0,0,.,.,.,0,2.57,0,1.62,0,0,0,.,0,0
2,"Rio Grande Nature Center",35.1267624154,-106.688450012,2013-03-01,3,2013,10.85,0,0,0,0,0,.,.,.,0,1.51,0,0.26,0.08,0,0.15,.,0,0.03
2,"Rio Grande Nature Center",35.1267624154,-106.688450012,2014-03-01,3,2014,6.08,0,0,0,0,0,.,.,.,0,1.73,0,6.65,0,0,0,.,0,0.03
2,"Rio Grande Nature Center",35.1267624154,-106.688450012,2015-03-01,3,2015,10.23,0.01,0,0,0,0,.,.,.,0,1.39,0,0.48,0,0,0,.,0,0
2,"Rio Grande Nature Center",35.1267624154,-106.688450012,2016-03-01,3,2016,4.4,0,0,0,0,0,.,.,.,0,0.66,0,0.01,0,0,0,.,0,0
2,"Rio Grande Nature Center",35.1267624154,-106.688450012,2017-03-01,3,2017,7.78,0,0,0,0,0,.,.,.,0,1.13,0,0.04,0.17,0,0,0,0,0.02
2,"Rio Grande Nature Center",35.1267624154,-106.688450012,2018-03-01,3,2018,13.69,0,0,0,0,0,.,.,.,0,4.3,0,17.69,0,0,0,0,0,0
2,"Rio Grande Nature Center",35.1267624154,-106.688450012,2019-03-01,3,2019,7.48,0,0,0,0,0,.,.,.,0,1.82,0,5.87,0,0,0,0,0,0
2,"Rio Grande Nature Center",35.1267624154,-106.688450012,2020-03-01,3,2020,4.08,0,0,0,0,0,.,.,.,0,0.82,0,1.41,0.02,0,0,0,0,0.03
2,"Rio Grande Nature Center",35.1267624154,-106.688450012,2021-03-01,3,2021,0.7,0,0,0,0,0,.,.,.,0,0.2,0,0.38,0.09,0,0,0,0,0.01
2,"Rio Grande Nature Center",35.1267624154,-106.688450012,2022-03-01,3,2022,5.31,0.09,0,0,0,0,.,.,.,0,1.08,0.01,0.18,0,0,0.01,0,0,0.1
2,"Rio Grande Nature Center",35.1267624154,-106.688450012,2023-03-01,3,2023,7.92,.,0,0.01,0,0,.,.,0,0,2.04,0,0.78,0,0,0,0,0,0.79
2,"Rio Grande Nature Center",35.1267624154,-106.688450012,2024-03-01,3,2024,2.77,.,0,0,0,0,0,0,0,0,0.86,0,2.4,0.01,0,0,0,0,0
2,"Rio Grande Nature Center",35.1267624154,-106.688450012,1998-04-01,4,1998,1.64,0,0.65,0,0,0,.,.,.,0,0.43,0,0.84,.,.,.,.,.,0.01
2,"Rio Grande Nature Center",35.1267624154,-106.688450012,1999-04-01,4,1999,3.1,0,0.15,0.02,1.24,0,.,.,.,0,2.75,0,10.65,.,.,.,.,.,0.73
2,"Rio Grande Nature Center",35.1267624154,-106.688450012,2000-04-01,4,2000,1.17,0,0.02,0.01,0,0,.,.,.,0,0.4,0,0.86,.,.,.,.,.,0.11
2,"Rio Grande Nature Center",35.1267624154,-106.688450012,2001-04-01,4,2001,9.96,0.01,0.03,0,0,0,.,.,.,0,2.5,0,1.41,.,.,.,.,.,0.95
2,"Rio Grande Nature Center",35.1267624154,-106.688450012,2002-04-01,4,2002,1.77,0.01,0.02,0.01,0,0,.,.,.,0,0.97,0,2.02,.,.,.,.,.,0.47
2,"Rio Grande Nature Center",35.1267624154,-106.688450012,2003-04-01,4,2003,6.15,0,0,0,0,0,.,.,.,0,1.4,0,0.96,.,.,.,.,.,0.44
2,"Rio Grande Nature Center",35.1267624154,-106.688450012,2004-04-01,4,2004,.,.,.,.,.,.,.,.,.,.,.,.,.,.,.,.,.,.,.
2,"Rio Grande Nature Center",35.1267624154,-106.688450012,2005-04-01,4,2005,3.24,0,0,0,0,0,.,.,.,0,2.23,0,11.09,.,.,.,.,.,0.33
2,"Rio Grande Nature Center",35.1267624154,-106.688450012,2006-04-01,4,2006,3.24,0,0,0,0,0,.,.,.,0,1.13,0,0.24,.,.,.,.,.,0.66
2,"Rio Grande Nature Center",35.1267624154,-106.688450012,2007-04-01,4,2007,0.86,0,0,0,0,0,.,.,.,0,0.61,0,0.02,3.39,0,0,.,0,0.44
2,"Rio Grande Nature Center",35.1267624154,-106.688450012,2008-04-01,4,2008,1.16,0,0,0.01,0,0,.,.,.,0,0.32,0,0.16,0.48,0,0,.,0,0.06
2,"Rio Grande Nature Center",35.1267624154,-106.688450012,2009-04-01,4,2009,.,.,.,.,.,.,.,.,.,.,.,.,.,.,.,.,.,.,.
2,"Rio Grande Nature Center",35.1267624154,-106.688450012,2010-04-01,4,2010,5.47,0,0,0,0,0,.,.,.,0,3.75,0,17.71,4.47,0,0,.,0,0.59
2,"Rio Grande Nature Center",35.1267624154,-106.688450012,2011-04-01,4,2011,17.09,0,0,0,0,0,.,.,.,0,3.42,0,2.48,6.62,0,0,.,0,0.86
2,"Rio Grande Nature Center",35.1267624154,-106.688450012,2012-04-01,4,2012,2.41,0,0,0,0,0,.,.,.,0,1.52,0,3.92,5.01,0,0,.,0,0.65
2,"Rio Grande Nature Center",35.1267624154,-106.688450012,2013-04-01,4,2013,15.31,0,0,0,0.02,0,.,.,.,0,7.6,0,39.26,1.33,0,0,.,0,0.17
2,"Rio Grande Nature Center",35.1267624154,-106.688450012,2014-04-01,4,2014,3.32,0,0,0,0,0,.,.,.,0,2,0,7.55,4.24,0,0,.,0,0.55
2,"Rio Grande Nature Center",35.1267624154,-106.688450012,2015-04-01,4,2015,8.47,0,0,0,0,0,.,.,.,0,2.42,0,0.72,8.77,0,0,.,0,1.14
2,"Rio Grande Nature Center",35.1267624154,-106.688450012,2016-04-01,4,2016,6.16,0,0.02,0,0,0,.,.,.,0,20.83,0,143.33,8.08,0,0,.,0,0
2,"Rio Grande Nature Center",35.1267624154,-106.688450012,2017-04-01,4,2017,1.32,0,0,0,0,0,.,.,.,0,6.76,0,46.47,3.7,0,0,0.02,0,0.48
2,"Rio Grande Nature Center",35.1267624154,-106.688450012,2018-04-01,4,2018,6.48,0.01,0,0,0,0,.,.,.,0,1.59,0,2.48,2.4,0.01,0,0.02,0,0.34
2,"Rio Grande Nature Center",35.1267624154,-106.688450012,2019-04-01,4,2019,1.56,0,0,0,0,0,.,.,.,0,0.63,0,0.06,2.03,0,0,0.01,0,0.31
2,"Rio Grande Nature Center",35.1267624154,-106.688450012,2020-04-01,4,2020,2.25,0,0,0,0,0,.,.,.,0.01,1.06,0,0.25,5.08,0,0,0.03,0,0.66
2,"Rio Grande Nature Center",35.1267624154,-106.688450012,2021-04-01,4,2021,1.16,0,0,0,0,0,.,.,.,0,0.65,0,0.01,3.4,0,0,0,0,0.44
2,"Rio Grande Nature Center",35.1267624154,-106.688450012,2022-04-01,4,2022,1.69,0,0,0,0,0,.,.,.,0,0.56,0,0.36,0.66,0,0.08,0.09,0,0.11
2,"Rio Grande Nature Center",35.1267624154,-106.688450012,2023-04-01,4,2023,1.41,0,0.01,0.01,0.01,0,0,0,0,0,0.63,0,1.02,0.34,0,0,0.01,0,0.07
2,"Rio Grande Nature Center",35.1267624154,-106.688450012,2024-04-01,4,2024,0.92,.,0,0,0,0,0,0,0,0,0.41,0,0.21,1.47,0.03,0.02,0,0,0.2
2,"Rio Grande Nature Center",35.1267624154,-106.688450012,1998-05-01,5,1998,4.1,0,2.6,0,0,0,.,.,.,0,2.43,0,2.41,.,.,.,.,.,1.22
2,"Rio Grande Nature Center",35.1267624154,-106.688450012,1999-05-01,5,1999,.,.,.,.,.,.,.,.,.,.,.,.,.,.,.,.,.,.,.
2,"Rio Grande Nature Center",35.1267624154,-106.688450012,2000-05-01,5,2000,4.02,0,0.32,0.01,0,0,.,.,.,0,2.41,0,4.09,.,.,.,.,.,1.05
2,"Rio Grande Nature Center",35.1267624154,-106.688450012,2001-05-01,5,2001,2.09,0,0.23,1.08,0,0,.,.,.,0,2.16,0,6.56,.,.,.,.,.,0.73
2,"Rio Grande Nature Center",35.1267624154,-106.688450012,2002-05-01,5,2002,3.32,0.01,0.02,0,0,0,.,.,.,0,1.7,0,0.5,.,.,.,.,.,1.15
2,"Rio Grande Nature Center",35.1267624154,-106.688450012,2003-05-01,5,2003,12.79,0,0.35,0,0,0,.,.,.,0,4.41,0,14.67,.,.,.,.,.,0.73
2,"Rio Grande Nature Center",35.1267624154,-106.688450012,2004-05-01,5,2004,.,.,.,.,.,.,.,.,.,.,.,.,.,.,.,.,.,.,.
2,"Rio Grande Nature Center",35.1267624154,-106.688450012,2005-05-01,5,2005,2.7,0,0,0,0,0,.,.,.,0,1.1,0,0.18,.,.,.,.,.,0.6
2,"Rio Grande Nature Center",35.1267624154,-106.688450012,2006-05-01,5,2006,9.08,0,0,0,0,0,.,.,.,0,3.58,0,7.86,.,.,.,.,.,1.32
2,"Rio Grande Nature Center",35.1267624154,-106.688450012,2007-05-01,5,2007,1.66,0,0,0,0.01,0,.,.,.,0,0.92,0,2.24,1.43,0,0,.,0,0.37
2,"Rio Grande Nature Center",35.1267624154,-106.688450012,2008-05-01,5,2008,2.32,0,0,0,0,0,.,.,.,0,6.83,0,45.41,4.1,0,0,.,0,0.54
2,"Rio Grande Nature Center",35.1267624154,-106.688450012,2009-05-01,5,2009,2.11,0,0,0,0,0,.,.,.,0,1.84,0,0.25,11.38,0,0,.,0,1.48
2,"Rio Grande Nature Center",35.1267624154,-106.688450012,2010-05-01,5,2010,7.16,0,0,0,0,0,.,.,.,0,3.54,0,4.94,12.54,0,0,.,0,1.63
2,"Rio Grande Nature Center",35.1267624154,-106.688450012,2011-05-01,5,2011,3.09,0,0.02,0,0,0,.,.,.,0,1.06,0,1.95,2.71,0,0,.,0,0.35
2,"Rio Grande Nature Center",35.1267624154,-106.688450012,2012-05-01,5,2012,2.79,0,0,0,0,0,.,.,.,0,0.72,0,0.11,1.8,0,0,.,0,0.24
2,"Rio Grande Nature Center",35.1267624154,-106.688450012,2013-05-01,5,2013,5.08,0,0,0,0,0,.,.,.,0,1.68,0,3.23,3.69,0,0,.,0,0.48
2,"Rio Grande Nature Center",35.1267624154,-106.688450012,2014-05-01,5,2014,1.62,0,0.01,0,0.01,0,.,.,.,0,1.35,0,6.73,1.03,0,0.01,.,0,0.14
2,"Rio Grande Nature Center",35.1267624154,-106.688450012,2015-05-01,5,2015,4.8,0,0,0,0,0,.,.,.,0,1.1,0,2.56,0.65,0.02,0,.,0,0.09
2,"Rio Grande Nature Center",35.1267624154,-106.688450012,2016-05-01,5,2016,1.73,0,0,0,0,0,.,.,.,0,1.37,0,2.92,0.73,0,0.01,0,0,0.03
2,"Rio Grande Nature Center",35.1267624154,-106.688450012,2017-05-01,5,2017,0.06,0,0,0,0,0,.,.,.,0,0.19,0,0.05,1.26,0,0,0,0,0
2,"Rio Grande Nature Center",35.1267624154,-106.688450012,2018-05-01,5,2018,3.09,0,0,0,0,0,.,.,.,0,1.25,0,2.79,3.09,0,0,0,0,0.41
2,"Rio Grande Nature Center",35.1267624154,-106.688450012,2019-05-01,5,2019,0.28,0,0,0,0,0,.,.,.,0,0.88,0,1.11,4.24,0,0,0,0,0.6
2,"Rio Grande Nature Center",35.1267624154,-106.688450012,2020-05-01,5,2020,0.5,0,0,0,0,0.01,.,.,.,0,0.46,0,1.73,0.36,0,0,0.01,0,0.05
2,"Rio Grande Nature Center",35.1267624154,-106.688450012,2021-05-01,5,2021,0.67,0,0,0,0,0,.,.,.,0,0.61,0,0.96,2.32,0,0,0,0,0.31
2,"Rio Grande Nature Center",35.1267624154,-106.688450012,2022-05-01,5,2022,3.41,0,0,0.01,0.01,0,.,.,.,0,1.3,0,2.09,2.18,0,0,0,0,0.33
2,"Rio Grande Nature Center",35.1267624154,-106.688450012,2023-05-01,5,2023,0.41,0,0,0.01,0.01,0,0,0,0,0,0.76,0,0.47,4.39,0,0,0.03,0,0.6
2,"Rio Grande Nature Center",35.1267624154,-106.688450012,1997-06-01,6,1997,5.48,0,0.24,0,0,0,.,.,.,0,3.22,0,12.2,.,.,.,.,.,0.85
2,"Rio Grande Nature Center",35.1267624154,-106.688450012,1998-06-01,6,1998,5.11,0,6.05,0,1.99,0,.,.,.,0,2.69,0,1.19,.,.,.,.,.,0.69
2,"Rio Grande Nature Center",35.1267624154,-106.688450012,1999-06-01,6,1999,1.95,0,0.11,0.02,0,0,.,.,.,0,13.96,0,104.23,.,.,.,.,.,0.1
2,"Rio Grande Nature Center",35.1267624154,-106.688450012,2000-06-01,6,2000,4.23,0,0.09,0,0,0.09,.,.,.,0,1.82,0,5.09,.,.,.,.,.,0.44
2,"Rio Grande Nature Center",35.1267624154,-106.688450012,2001-06-01,6,2001,1.8,0.01,0.2,0,0,0.01,.,.,.,0,2.3,0,0.73,.,.,.,.,.,1.86
2,"Rio Grande Nature Center",35.1267624154,-106.688450012,2002-06-01,6,2002,5.24,0,0,0,0,0,.,.,.,0,2.59,0,9.85,.,.,.,.,.,0.18
2,"Rio Grande Nature Center",35.1267624154,-106.688450012,2003-06-01,6,2003,0.8,0,13.87,0,0,0,.,.,.,0,4.13,0,8.46,.,.,.,.,.,1.04
2,"Rio Grande Nature Center",35.1267624154,-106.688450012,2004-06-01,6,2004,11.79,0,0,0,0,0,.,.,.,0,5.79,0,6.39,.,.,.,.,.,3.52
2,"Rio Grande Nature Center",35.1267624154,-106.688450012,2005-06-01,6,2005,2.09,0,0,0,0,0,.,.,.,0,3.05,0,0.1,.,.,.,.,.,2.52
2,"Rio Grande Nature Center",35.1267624154,-106.688450012,2006-06-01,6,2006,3.24,0,0.01,0,0,0,.,.,.,0,1.97,0,4.33,.,.,.,.,.,0.81
2,"Rio Grande Nature Center",35.1267624154,-106.688450012,2007-06-01,6,2007,9.62,0.01,0,0,0,0,.,.,.,0,4.15,0,7.16,4.39,0,0.01,.,0,1.45
2,"Rio Grande Nature Center",35.1267624154,-106.688450012,2008-06-01,6,2008,6.23,0,0,0,0,0,.,.,.,0,3.81,0,1.51,4.55,0,0,.,0,0.62
2,"Rio Grande Nature Center",35.1267624154,-106.688450012,2009-06-01,6,2009,2.72,0,0,0,0,0,.,.,.,0,1.82,0,2.77,6,0.01,0,.,0,0.78
2,"Rio Grande Nature Center",35.1267624154,-106.688450012,2010-06-01,6,2010,1.34,0,0,0,0,0,.,.,.,0,0.95,0,2.72,1.57,0,0,.,0,0.38
2,"Rio Grande Nature Center",35.1267624154,-106.688450012,2011-06-01,6,2011,3.55,0,0.01,0,0,0,.,.,.,0,1.67,0,1.27,6.62,0,0,.,0,0.93
2,"Rio Grande Nature Center",35.1267624154,-106.688450012,2012-06-01,6,2012,6.93,0,0,0,0,0,.,.,.,0,2.34,0,4.15,2.62,0,0,.,0,0.53
2,"Rio Grande Nature Center",35.1267624154,-106.688450012,2013-06-01,6,2013,6.85,0,0,0.01,0,0,.,.,.,0,1.3,0,0.17,2.16,0,0,.,0,0.28
2,"Rio Grande Nature Center",35.1267624154,-106.688450012,2014-06-01,6,2014,3.16,0,0,0,0,0,.,.,.,0,1.75,0,7.4,0.72,0,0,.,0,0.1
2,"Rio Grande Nature Center",35.1267624154,-106.688450012,2015-06-01,6,2015,0.73,0,0,0,0,0,.,.,.,0,1.08,0,1.42,2.02,0,0,.,0,0.68
2,"Rio Grande Nature Center",35.1267624154,-106.688450012,2016-06-01,6,2016,2.77,0,0,0,0.17,0,.,.,.,0,1.64,0,2.25,4.77,0,0,0,0,0.15
2,"Rio Grande Nature Center",35.1267624154,-106.688450012,2017-06-01,6,2017,1.63,0,0,0,0,0,.,.,.,0,6.17,0,31.09,7.32,0,0,0,0,0.77
2,"Rio Grande Nature Center",35.1267624154,-106.688450012,2018-06-01,6,2018,1.57,0,0,0,0,0,.,.,.,0,1.39,0,5.25,3.16,0,0,0,0,0.41
2,"Rio Grande Nature Center",35.1267624154,-106.688450012,2019-06-01,6,2019,2.18,0,0.02,0,0,0,.,.,.,0,14.83,0,99.09,5.24,0,0,0,0,1.32
2,"Rio Grande Nature Center",35.1267624154,-106.688450012,2020-06-01,6,2020,0.96,0,0,0.01,0,0,.,.,.,0,0.73,0,1.65,1.57,0,0,0,0,0.26
2,"Rio Grande Nature Center",35.1267624154,-106.688450012,2021-06-01,6,2021,2.41,0,0,0,0,0,.,.,.,0,2.05,0,12.24,0.79,0,0,0,0,0.1
2,"Rio Grande Nature Center",35.1267624154,-106.688450012,2022-06-01,6,2022,1.64,0.01,0.01,0,0,0,.,.,.,0,1.47,0,4.25,3.69,0.01,0.16,0,0.01,0.51
2,"Rio Grande Nature Center",35.1267624154,-106.688450012,2023-06-01,6,2023,0.57,0,0.01,0.08,0.01,0,0,0,0,0,1.56,0,3.09,7.64,0,0,0,0,1.03
2,"Rio Grande Nature Center",35.1267624154,-106.688450012,2024-06-01,6,2024,4.42,.,0,0,0.02,0,0,0,0,0,1.88,0,1.94,6.32,0.01,0,0,0,1.01
2,"Rio Grande Nature Center",35.1267624154,-106.688450012,1997-07-01,7,1997,0.84,0.01,0.34,0,0.18,0,.,.,.,0,1.1,0,4.15,.,.,.,.,.,0.31
2,"Rio Grande Nature Center",35.1267624154,-106.688450012,1998-07-01,7,1998,6.01,0,0.57,0,0,0,.,.,.,0,2.79,0,3.91,.,.,.,.,.,1.26
2,"Rio Grande Nature Center",35.1267624154,-106.688450012,1999-07-01,7,1999,1.57,0.03,0.61,0,0,0,.,.,.,0,6.56,0,43.35,.,.,.,.,.,0.53
2,"Rio Grande Nature Center",35.1267624154,-106.688450012,2000-07-01,7,2000,.,.,.,.,.,.,.,.,.,.,.,.,.,.,.,.,.,.,.
2,"Rio Grande Nature Center",35.1267624154,-106.688450012,2001-07-01,7,2001,0.9,0,0.41,0,0,0.16,.,.,.,0,0.89,0,0.27,.,.,.,.,.,0.41
2,"Rio Grande Nature Center",35.1267624154,-106.688450012,2002-07-01,7,2002,6.4,0,0.42,0,0,0,.,.,.,0,1.59,0,3.48,.,.,.,.,.,0.18
2,"Rio Grande Nature Center",35.1267624154,-106.688450012,2003-07-01,7,2003,22.94,0.23,1.85,0,0,0,.,.,.,0,4.62,0.03,2.54,.,.,.,.,.,0.89
2,"Rio Grande Nature Center",35.1267624154,-106.688450012,2004-07-01,7,2004,1.7,0,0,0,0,0,.,.,.,0,1.86,0,1.47,.,.,.,.,.,1.44
2,"Rio Grande Nature Center",35.1267624154,-106.688450012,2005-07-01,7,2005,0.47,0,0,0,0,0,.,.,.,0,1.98,0,0,.,.,.,.,.,1.91
2,"Rio Grande Nature Center",35.1267624154,-106.688450012,2006-07-01,7,2006,1.16,0,0.01,0.01,0,0,.,.,.,0,0.77,0,0.71,.,.,.,.,.,0.48
2,"Rio Grande Nature Center",35.1267624154,-106.688450012,2007-07-01,7,2007,1.79,0,0,0,0,0,.,.,.,0,2.14,0,1.77,1.96,0,0,.,0,0.71
2,"Rio Grande Nature Center",35.1267624154,-106.688450012,2008-07-01,7,2008,2.46,0,0,0,0,0,.,.,.,0,1.44,0,2.86,5.69,0,0,.,0,0.74
2,"Rio Grande Nature Center",35.1267624154,-106.688450012,2009-07-01,7,2009,0.86,0,0,0,0,0,.,.,.,0,1.57,0,2.17,9,0,0,.,0,1.17
2,"Rio Grande Nature Center",35.1267624154,-106.688450012,2010-07-01,7,2010,2.72,0,0,0,0,0,.,.,.,0,2.16,0,1.55,10.69,0,0,.,0,1.46
2,"Rio Grande Nature Center",35.1267624154,-106.688450012,2011-07-01,7,2011,1.33,0,0,0,0,0,.,.,.,0,0.89,0,0.02,3.79,0,0,.,0,0.61
2,"Rio Grande Nature Center",35.1267624154,-106.688450012,2012-07-01,7,2012,7.17,0,0,0,0,0,.,.,.,0,1.38,0,0.03,1.95,0,0,.,0,0.36
2,"Rio Grande Nature Center",35.1267624154,-106.688450012,2013-07-01,7,2013,0.89,0,0,0,0,0,.,.,.,0,0.87,0,0.34,4.08,0,0,.,0,0.53
2,"Rio Grande Nature Center",35.1267624154,-106.688450012,2014-07-01,7,2014,1.74,0.01,0,0,0,0,.,.,.,0,0.73,0,3.66,0.01,0,0,.,0,0
2,"Rio Grande Nature Center",35.1267624154,-106.688450012,2015-07-01,7,2015,1.56,0.09,0,0,0,0,.,.,.,0,1.6,0.01,7.56,1.72,0,0,.,0,0.22
2,"Rio Grande Nature Center",35.1267624154,-106.688450012,2016-07-01,7,2016,0.89,0,0,0,0.01,0,.,.,.,0,0.71,0,0.19,4.25,0,0,0,0,0.01
2,"Rio Grande Nature Center",35.1267624154,-106.688450012,2017-07-01,7,2017,0.57,0.01,0,0,0,0,.,.,.,0,1.79,0,5.86,1.26,0,0,0,0,0.66
2,"Rio Grande Nature Center",35.1267624154,-106.688450012,2018-07-01,7,2018,0.29,0,0,0,0,0,.,.,.,0,0.36,0,0.42,1.49,0,0,0,0,0.19
2,"Rio Grande Nature Center",35.1267624154,-106.688450012,2019-07-01,7,2019,2.79,0,0,0,0,0,.,.,.,0,1.57,0,5.26,0.19,0,0,0,0,0.5
2,"Rio Grande Nature Center",35.1267624154,-106.688450012,2020-07-01,7,2020,1.11,0,0.02,0,0,0.32,.,.,.,0,0.39,0,0.42,0.39,0,0,0,0,0.11
2,"Rio Grande Nature Center",35.1267624154,-106.688450012,2021-07-01,7,2021,1.05,0,0.02,0.02,0,0,.,.,.,0,0.53,0,0.44,1.86,0,0,0,0,0.25
2,"Rio Grande Nature Center",35.1267624154,-106.688450012,2022-07-01,7,2022,0.23,0,0,0.01,0,0,.,.,.,0,0.08,0,0.08,0.32,0,0,0,0,0.04
2,"Rio Grande Nature Center",35.1267624154,-106.688450012,2023-07-01,7,2023,1.46,0,0,0.01,0.15,0,0,0,0,0,0.56,0,1.5,0.63,0,0,0,0.08,0.1
2,"Rio Grande Nature Center",35.1267624154,-106.688450012,2024-07-01,7,2024,1.48,.,0.02,0,0,0,0,0,0,0,0.86,0,3.41,1.11,0,0,0,0,0.15
2,"Rio Grande Nature Center",35.1267624154,-106.688450012,1997-08-01,8,1997,5.67,0,0.92,0,0,0,.,.,.,0,1.08,0,0.27,.,.,.,.,.,0.12
2,"Rio Grande Nature Center",35.1267624154,-106.688450012,1998-08-01,8,1998,1.64,0.03,0.11,0.02,0,0.04,.,.,.,0,1.48,0,6.42,.,.,.,.,.,0.04
2,"Rio Grande Nature Center",35.1267624154,-106.688450012,1999-08-01,8,1999,0.63,0.01,1.15,0,0,0,.,.,.,0,0.81,0,3.26,.,.,.,.,.,0.09
2,"Rio Grande Nature Center",35.1267624154,-106.688450012,2000-08-01,8,2000,1.34,0,0.63,0,0,0,.,.,.,0,1.5,0,5.43,.,.,.,.,.,0.19
2,"Rio Grande Nature Center",35.1267624154,-106.688450012,2001-08-01,8,2001,2.72,0,0.55,0,0,0,.,.,.,0,0.69,0,1.55,.,.,.,.,.,0.01
2,"Rio Grande Nature Center",35.1267624154,-106.688450012,2002-08-01,8,2002,1.25,0,0.92,0,0,0,.,.,.,0,0.5,0,1.19,.,.,.,.,.,0.06
2,"Rio Grande Nature Center",35.1267624154,-106.688450012,2003-08-01,8,2003,2.79,0,3.25,0,0.02,0,.,.,.,0,1.26,0,1.25,.,.,.,.,.,0
2,"Rio Grande Nature Center",35.1267624154,-106.688450012,2004-08-01,8,2004,0.2,0,0.01,0,0,0,.,.,.,0,0.27,0,0.55,.,.,.,.,.,0.17
2,"Rio Grande Nature Center",35.1267624154,-106.688450012,2005-08-01,8,2005,0.17,0.08,0,0,0,0,.,.,.,0,0.32,0.01,0.08,.,.,.,.,.,0.26
2,"Rio Grande Nature Center",35.1267624154,-106.688450012,2006-08-01,8,2006,0.4,0,0,0,0,0,.,.,.,0,0.25,0,0.78,.,.,.,.,.,0.07
2,"Rio Grande Nature Center",35.1267624154,-106.688450012,2007-08-01,8,2007,1.3,0.01,0.01,0,0.26,0,.,.,.,0,0.66,0,0.09,0.34,0,0.01,.,0,0.14
2,"Rio Grande Nature Center",35.1267624154,-106.688450012,2008-08-01,8,2008,1.16,0,0,0,0,0,.,.,.,0,0.43,0,1.78,0.4,0,0,.,0,0.05
2,"Rio Grande Nature Center",35.1267624154,-106.688450012,2009-08-01,8,2009,0.43,0,0,0,0,0,.,.,.,0,0.18,0,0.49,0.29,0,0,.,0,0.04
2,"Rio Grande Nature Center",35.1267624154,-106.688450012,2010-08-01,8,2010,1.28,0,0,0,0,0,.,.,.,0,0.3,0,0.28,0.09,0,0,.,0,0.06
2,"Rio Grande Nature Center",35.1267624154,-106.688450012,2011-08-01,8,2011,2.16,0,0,0.02,0,0,.,.,.,0,0.81,0,1.89,0.89,0,0,.,0,0.18
2,"Rio Grande Nature Center",35.1267624154,-106.688450012,2012-08-01,8,2012,2.79,0,0,0,0,0,.,.,.,0,1.37,0,6.94,0.09,0,0,.,0,0.01
2,"Rio Grande Nature Center",35.1267624154,-106.688450012,2013-08-01,8,2013,3.08,0.01,0,0,0,0,.,.,.,0,0.98,0,4.08,0.03,0.01,0,.,0,0
2,"Rio Grande Nature Center",35.1267624154,-106.688450012,2014-08-01,8,2014,3.35,0.01,0,0,0,0,.,.,.,0,0.7,0,0.32,0.06,0,0,.,0,0.01
2,"Rio Grande Nature Center",35.1267624154,-106.688450012,2015-08-01,8,2015,0.64,0,0,0,0,0,.,.,.,0,0.61,0,0.87,0.25,0,0,.,0,0.03
2,"Rio Grande Nature Center",35.1267624154,-106.688450012,2016-08-01,8,2016,0.16,0,0.01,0,0,0,.,.,.,0,0.45,0,2.08,0.02,0,0,0,0,0.13
2,"Rio Grande Nature Center",35.1267624154,-106.688450012,2017-08-01,8,2017,0.12,0,0,0,0.01,0,.,.,.,0,0.49,0,2.39,0.02,0,0,0,0,0.1
2,"Rio Grande Nature Center",35.1267624154,-106.688450012,2018-08-01,8,2018,0.49,0,0,0,0,0,.,.,.,0,0.43,0,2.2,0.11,0,0,0,0,0.01
2,"Rio Grande Nature Center",35.1267624154,-106.688450012,2019-08-01,8,2019,0.64,0,0.01,0,0,0,.,.,.,0,0.24,0,0.12,0,0,0,0,0,0.1
2,"Rio Grande Nature Center",35.1267624154,-106.688450012,2020-08-01,8,2020,1.94,0,0,0,0,0,.,.,.,0,0.84,0,1.18,0.01,0,0,0,0,0.08
2,"Rio Grande Nature Center",35.1267624154,-106.688450012,2021-08-01,8,2021,0.86,0,0,0,0,0,.,.,.,0,0.27,0,1.12,0,0,0,0,0,0
2,"Rio Grande Nature Center",35.1267624154,-106.688450012,2022-08-01,8,2022,0.78,0.02,0,0,0,0,.,.,.,0,0.27,0,1.09,0,0,0,0,0,0
2,"Rio Grande Nature Center",35.1267624154,-106.688450012,2023-08-01,8,2023,0.17,0,0,0,0,0,0,0,0,0,0.02,0,0,0,0,0,0,0,0
2,"Rio Grande Nature Center",35.1267624154,-106.688450012,2024-08-01,8,2024,0.38,.,0,0,0,0,0,0,0,0,0.15,0,0.68,0.01,0,0,0,0,0
2,"Rio Grande Nature Center",35.1267624154,-106.688450012,1997-09-01,9,1997,26.35,0,2.32,0,0,0,.,.,.,0,4.35,0,3.55,.,.,.,.,.,0.15
2,"Rio Grande Nature Center",35.1267624154,-106.688450012,1998-09-01,9,1998,6,0,1.62,0,0,0,.,.,.,0,1.41,0,0.8,.,.,.,.,.,0.2
2,"Rio Grande Nature Center",35.1267624154,-106.688450012,1999-09-01,9,1999,10.77,0,1.64,1.69,0,0,.,.,.,0,2.49,0,3.25,.,.,.,.,.,0.16
2,"Rio Grande Nature Center",35.1267624154,-106.688450012,2000-09-01,9,2000,5.46,0,1.87,0,0.08,0,.,.,.,0,1.66,0,3.62,.,.,.,.,.,0.02
2,"Rio Grande Nature Center",35.1267624154,-106.688450012,2001-09-01,9,2001,4.31,0,1.02,0,0,0.08,.,.,.,0,0.76,0,0.25,.,.,.,.,.,0
2,"Rio Grande Nature Center",35.1267624154,-106.688450012,2002-09-01,9,2002,6,0.54,0,0,0,0,.,.,.,0,1.37,0.07,0.62,.,.,.,.,.,0.04
2,"Rio Grande Nature Center",35.1267624154,-106.688450012,2003-09-01,9,2003,2.24,0,2.08,0,0,0,.,.,.,0,0.85,0,1.62,.,.,.,.,.,0.01
2,"Rio Grande Nature Center",35.1267624154,-106.688450012,2004-09-01,9,2004,5.39,0,0,0,0,0,.,.,.,0,0.97,0,0.11,.,.,.,.,.,0.2
2,"Rio Grande Nature Center",35.1267624154,-106.688450012,2005-09-01,9,2005,0.85,0,0,0,0,0,.,.,.,0,0.17,0,0.15,.,.,.,.,.,0.04
2,"Rio Grande Nature Center",35.1267624154,-106.688450012,2006-09-01,9,2006,1.47,0,0,0.01,0,0,.,.,.,0,0.25,0,0.24,.,.,.,.,.,0
2,"Rio Grande Nature Center",35.1267624154,-106.688450012,2007-09-01,9,2007,1.39,0,0,0,0,0,.,.,.,0,0.29,0,0.02,0,0,0,.,0,0.02
2,"Rio Grande Nature Center",35.1267624154,-106.688450012,2008-09-01,9,2008,1.72,0,0,0,0,0,.,.,.,0,0.3,0,0.56,0,0,0,.,0,0
2,"Rio Grande Nature Center",35.1267624154,-106.688450012,2009-09-01,9,2009,5.54,0,0,0,0,0,.,.,.,0,0.9,0,0.85,0.16,0,0,.,0,0.02
2,"Rio Grande Nature Center",35.1267624154,-106.688450012,2010-09-01,9,2010,3.47,0,0.01,0,0,0,.,.,.,0,0.55,0,0.54,0.02,0,0,.,0,0
2,"Rio Grande Nature Center",35.1267624154,-106.688450012,2011-09-01,9,2011,3.32,0,0.01,0,0,0,.,.,.,0,0.53,0,0.54,0,0,0,.,0,0
2,"Rio Grande Nature Center",35.1267624154,-106.688450012,2012-09-01,9,2012,1.86,0,0,0,0,0,.,.,.,0,0.34,0,0.49,0.08,0,0,.,0,0.03
2,"Rio Grande Nature Center",35.1267624154,-106.688450012,2013-09-01,9,2013,1.26,0,0,0,0,0,.,.,.,0,0.82,0,4.24,0.03,0,0,.,0,0
2,"Rio Grande Nature Center",35.1267624154,-106.688450012,2014-09-01,9,2014,4.85,0,0,0,0,0,.,.,.,0,0.65,0,0.02,0.02,0,0,.,0,0
2,"Rio Grande Nature Center",35.1267624154,-106.688450012,2015-09-01,9,2015,0.86,0,0,0,0,0,.,.,.,0,0.23,0,0.38,0,0,0,.,0,0
2,"Rio Grande Nature Center",35.1267624154,-106.688450012,2016-09-01,9,2016,1.56,0,0,0,0,0,.,.,.,0,0.28,0,0.04,0.12,0,0,0.01,0,0
2,"Rio Grande Nature Center",35.1267624154,-106.688450012,2017-09-01,9,2017,1.96,0.01,0,0,0,0,.,.,.,0,0.37,0,0.4,0.01,0,0,0.01,0,0
2,"Rio Grande Nature Center",35.1267624154,-106.688450012,2018-09-01,9,2018,3,0,0,0,0,0,.,.,.,0,0.53,0,0.09,0.03,0,0,0,0,0.01
2,"Rio Grande Nature Center",35.1267624154,-106.688450012,2019-09-01,9,2019,2.4,0,0.01,0,0,0,.,.,.,0,0.38,0,0.12,0.01,0,0.01,0,0,0
2,"Rio Grande Nature Center",35.1267624154,-106.688450012,2020-09-01,9,2020,9.62,0,0,0,0.01,0,.,.,.,0,4.28,0,0.03,0.46,0,0,0,0,0.46
2,"Rio Grande Nature Center",35.1267624154,-106.688450012,2021-09-01,9,2021,1.03,0,0,0,0,0,.,.,.,0,0.21,0,0.32,0.01,0,0,0,0,0.02
2,"Rio Grande Nature Center",35.1267624154,-106.688450012,2022-09-01,9,2022,19.08,0,0,0,0,0,.,.,.,0,8.41,0,43.33,0.03,0,0,0,0,0.01
2,"Rio Grande Nature Center",35.1267624154,-106.688450012,2023-09-01,9,2023,10.34,0,0,0,0,0.01,0,0,0,0,2.73,0,9.57,0.21,0,0,0,0,0.03
2,"Rio Grande Nature Center",35.1267624154,-106.688450012,2024-09-01,9,2024,2.26,.,0.08,0,0,0,0,0,0,0,0.59,0,0.49,0.01,0,0,0,0,0.03
2,"Rio Grande Nature Center",35.1267624154,-106.688450012,1997-10-01,10,1997,97.84,0,2.56,0,0,0,.,.,.,0,16.25,0,18.38,.,.,.,.,.,0.41
2,"Rio Grande Nature Center",35.1267624154,-106.688450012,1998-10-01,10,1998,15.62,0,0.08,0,0,0,.,.,.,0,2.57,0,2.75,.,.,.,.,.,0.01
2,"Rio Grande Nature Center",35.1267624154,-106.688450012,1999-10-01,10,1999,75.69,0.24,1.55,0.09,0.01,0,.,.,.,0,10.52,0.03,1.85,.,.,.,.,.,0.06
2,"Rio Grande Nature Center",35.1267624154,-106.688450012,2000-10-01,10,2000,16.31,0,0.65,0.01,0,0,.,.,.,0,2.55,0,1.9,.,.,.,.,.,0.03
2,"Rio Grande Nature Center",35.1267624154,-106.688450012,2001-10-01,10,2001,40,0.02,1.24,0.02,0,0,.,.,.,0,5.44,0,0.04,.,.,.,.,.,0.04
2,"Rio Grande Nature Center",35.1267624154,-106.688450012,2002-10-01,10,2002,2.77,0,0,0,0,1,.,.,.,0,1.6,0,8.46,.,.,.,.,.,0
2,"Rio Grande Nature Center",35.1267624154,-106.688450012,2003-10-01,10,2003,13.77,0,1.7,0,0,0,.,.,.,0,2.11,0,0.46,.,.,.,.,.,0
2,"Rio Grande Nature Center",35.1267624154,-106.688450012,2004-10-01,10,2004,15.77,0.08,0,0,0,0,.,.,.,0,2.3,0.01,1.48,.,.,.,.,.,0
2,"Rio Grande Nature Center",35.1267624154,-106.688450012,2005-10-01,10,2005,2.54,0,0,0,0,0,.,.,.,0,0.48,0,0.54,.,.,.,.,.,0.08
2,"Rio Grande Nature Center",35.1267624154,-106.688450012,2006-10-01,10,2006,38.54,0.02,0,0.01,0,0,.,.,.,0,6.06,0,6.63,.,.,.,.,.,0.05
2,"Rio Grande Nature Center",35.1267624154,-106.688450012,2007-10-01,10,2007,10.54,0.15,0,0,0.01,0,.,.,.,0,1.91,0.02,3.08,0,0,0,.,0,0
2,"Rio Grande Nature Center",35.1267624154,-106.688450012,2008-10-01,10,2008,10.54,0,0,0,0,0,.,.,.,0,1.54,0,0.94,0.16,0,0,.,0,0.02
2,"Rio Grande Nature Center",35.1267624154,-106.688450012,2009-10-01,10,2009,11,0,0,0,0,0,.,.,.,0,1.87,0,2.56,0.54,0,0,.,0,0.07
2,"Rio Grande Nature Center",35.1267624154,-106.688450012,2010-10-01,10,2010,8.23,0,0,0,0,0,.,.,.,0,1.15,0,0.39,0,0,0,.,0,0
2,"Rio Grande Nature Center",35.1267624154,-106.688450012,2011-10-01,10,2011,10.54,0,0,0,0,0,.,.,.,0,12.83,0,87.54,0,0,0,.,0,0
2,"Rio Grande Nature Center",35.1267624154,-106.688450012,2012-10-01,10,2012,16.39,0,0,0,0,0,.,.,.,0,2.16,0,0.1,0.01,0,0,.,0,0
2,"Rio Grande Nature Center",35.1267624154,-106.688450012,2013-10-01,10,2013,2.56,0,0,0.01,0,0,.,.,.,0,0.68,0,1.43,0.02,0,0,.,0,0
2,"Rio Grande Nature Center",35.1267624154,-106.688450012,2014-10-01,10,2014,11.38,0,0,0,0,0,.,.,.,0,1.69,0,0.01,0.06,0,0,.,0,0.01
2,"Rio Grande Nature Center",35.1267624154,-106.688450012,2015-10-01,10,2015,6.23,0.01,0,0,0,0,.,.,.,0,1.04,0,1.42,0,0,0,.,0,0.01
2,"Rio Grande Nature Center",35.1267624154,-106.688450012,2016-10-01,10,2016,13.85,0,0,0,0,0.01,.,.,.,0,5,0,23.85,0,0,0,0,0,0
2,"Rio Grande Nature Center",35.1267624154,-106.688450012,2017-10-01,10,2017,3.15,0,0,0,0,0,.,.,.,0,0.58,0,0.62,0,0,0,0,0,0
2,"Rio Grande Nature Center",35.1267624154,-106.688450012,2018-10-01,10,2018,11.38,0,0,0,0,0,.,.,.,0,1.38,0,0.78,0,0,0,0,0,0.19
2,"Rio Grande Nature Center",35.1267624154,-106.688450012,2019-10-01,10,2019,2.32,0,0.01,0,0,0.01,.,.,.,0,0.51,0,0.03,0.01,0,0,0,0,0.16
2,"Rio Grande Nature Center",35.1267624154,-106.688450012,2020-10-01,10,2020,12.62,0,0,0.01,0,0,.,.,.,0,1.66,0,0.01,0,0,0.01,0,0.01,0
2,"Rio Grande Nature Center",35.1267624154,-106.688450012,2021-10-01,10,2021,2.7,0,0.01,0.01,0,0,.,.,.,0,0.54,0,1.19,0,0,0,0,0,0
2,"Rio Grande Nature Center",35.1267624154,-106.688450012,2022-10-01,10,2022,5.64,0,0,0,0,0.09,.,.,.,0,1.35,0,3.43,0.02,0,0,0,0,0.02
2,"Rio Grande Nature Center",35.1267624154,-106.688450012,2023-10-01,10,2023,5.06,0,0,0,0,0,0,0,0,0,0.97,0,2.24,0.03,0,0,0,0,0
2,"Rio Grande Nature Center",35.1267624154,-106.688450012,2024-10-01,10,2024,2.63,.,0.01,0.01,0,0,0,0,0,0,0.58,0,0.02,0.01,0,0,0,0,0.17
2,"Rio Grande Nature Center",35.1267624154,-106.688450012,1997-11-01,11,1997,28.3,0,1.1,0,0,0,.,.,.,0,4.04,0,1.01,.,.,.,.,.,0
2,"Rio Grande Nature Center",35.1267624154,-106.688450012,1998-11-01,11,1998,68.46,0,6,0,0,0,.,.,.,0,27.68,0,137.69,.,.,.,.,.,0
2,"Rio Grande Nature Center",35.1267624154,-106.688450012,1999-11-01,11,1999,117.08,0.08,1.86,0.01,0,0,.,.,.,0,16.14,0.01,3.64,.,.,.,.,.,0.01
2,"Rio Grande Nature Center",35.1267624154,-106.688450012,2000-11-01,11,2000,107.27,0.6,0.53,0.03,0,0,.,.,.,0,16.5,0.08,16.63,.,.,.,.,.,0.09
2,"Rio Grande Nature Center",35.1267624154,-106.688450012,2001-11-01,11,2001,73.23,0,1.46,0,0,0,.,.,.,0,9.92,0,1.32,.,.,.,.,.,0
2,"Rio Grande Nature Center",35.1267624154,-106.688450012,2002-11-01,11,2002,77.09,0,0,0,0,0.34,.,.,.,0,14.66,0,2.48,.,.,.,.,.,0.01
2,"Rio Grande Nature Center",35.1267624154,-106.688450012,2003-11-01,11,2003,55.46,0,2.62,0,0,0,.,.,.,0,7.8,0,1.31,.,.,.,.,.,0
2,"Rio Grande Nature Center",35.1267624154,-106.688450012,2004-11-01,11,2004,89.31,0.01,0.01,0.02,0,0,.,.,.,0,11.82,0,1.48,.,.,.,.,.,0
2,"Rio Grande Nature Center",35.1267624154,-106.688450012,2005-11-01,11,2005,46.46,0,0,0,0,0,.,.,.,0,6.06,0,0.23,.,.,.,.,.,0
2,"Rio Grande Nature Center",35.1267624154,-106.688450012,2006-11-01,11,2006,68.92,0,0,0,0,0,.,.,.,0,9.73,0,5.31,.,.,.,.,.,0.01
2,"Rio Grande Nature Center",35.1267624154,-106.688450012,2007-11-01,11,2007,48.08,0,0,0,0,0,.,.,.,0,6.54,0,1.78,0,0,0,.,0,0
2,"Rio Grande Nature Center",35.1267624154,-106.688450012,2008-11-01,11,2008,83.77,0,0.08,0,0,0,.,.,.,0,11.67,0,4.46,0.08,0,0,.,0,0.01
2,"Rio Grande Nature Center",35.1267624154,-106.688450012,2009-11-01,11,2009,61.62,0,0,0,0,0,.,.,.,0,8.63,0,4.36,0.04,0,0,.,0,0.01
2,"Rio Grande Nature Center",35.1267624154,-106.688450012,2010-11-01,11,2010,98.77,0,0,0,0,0,.,.,.,0,12.98,0,0.93,0,0,0,.,0,0
2,"Rio Grande Nature Center",35.1267624154,-106.688450012,2011-11-01,11,2011,62.89,0,0,0.01,0,0,.,.,.,0,8.28,0,0,0,0,0,.,0,0
2,"Rio Grande Nature Center",35.1267624154,-106.688450012,2012-11-01,11,2012,64.23,0,0,0.01,0,0,.,.,.,0,9.02,0,3.46,0,0,0,.,0,0.2
2,"Rio Grande Nature Center",35.1267624154,-106.688450012,2013-11-01,11,2013,74.92,0,0,0,0,0,.,.,.,0,10.12,0,2.85,0,0,0,.,0,0
2,"Rio Grande Nature Center",35.1267624154,-106.688450012,2014-11-01,11,2014,75.92,0,0,0,0,0,.,.,.,0,10.09,0,0.15,0,0,0,.,0,0.01
2,"Rio Grande Nature Center",35.1267624154,-106.688450012,2015-11-01,11,2015,58.85,0,0,0,0.01,0,.,.,.,0,8.54,0,6.69,0,0,0,.,0,0
2,"Rio Grande Nature Center",35.1267624154,-106.688450012,2016-11-01,11,2016,42.54,0,0,0.01,0,0,.,.,.,0,6.02,0,2.88,0.02,0,0,0,0,0
2,"Rio Grande Nature Center",35.1267624154,-106.688450012,2017-11-01,11,2017,88.46,0,0,0,0,0,.,.,.,0,11.92,0,2.55,0.01,0.01,0,0,0,0.01
2,"Rio Grande Nature Center",35.1267624154,-106.688450012,2018-11-01,11,2018,36.38,0,0.02,0.01,0,0,.,.,.,0,5.07,0,0.4,0,0,0,0.01,0,0
2,"Rio Grande Nature Center",35.1267624154,-106.688450012,2019-11-01,11,2019,29.61,0,0.01,0.01,0.1,0.15,.,.,.,0,4.27,0,1.64,0.04,0,0,0,0,0.05
2,"Rio Grande Nature Center",35.1267624154,-106.688450012,2020-11-01,11,2020,63.08,0,0,0.04,0.54,0,.,.,.,0,8.35,0,0.02,0.01,0,0.01,0,0.01,0.01
2,"Rio Grande Nature Center",35.1267624154,-106.688450012,2021-11-01,11,2021,27.85,0,0,0.09,0.08,0.01,.,.,.,0,3.73,0,0.48,0.02,0,0,0,0,0
2,"Rio Grande Nature Center",35.1267624154,-106.688450012,2022-11-01,11,2022,35.15,0.02,0,0.17,0.69,0.01,.,.,.,0,5.23,0,3.56,0,0,0,0,0,0.03
2,"Rio Grande Nature Center",35.1267624154,-106.688450012,2023-11-01,11,2023,35,0,0,0,0,0.08,0,0,0,0,5.13,0,4.32,0,0,0,0,0,0
2,"Rio Grande Nature Center",35.1267624154,-106.688450012,2024-11-01,11,2024,24.15,.,0,0.09,0,0.15,0,0,0,0,3.79,0,3.71,0.08,0,0,0,0,0.02
2,"Rio Grande Nature Center",35.1267624154,-106.688450012,1997-12-01,12,1997,5.26,0,1.79,0.09,0,0,.,.,.,0,1.77,0,5.49,.,.,.,.,.,0.08
2,"Rio Grande Nature Center",35.1267624154,-106.688450012,1998-12-01,12,1998,16.92,0,0.77,0.01,0,0,.,.,.,0,2.43,0,0.32,.,.,.,.,.,0.02
2,"Rio Grande Nature Center",35.1267624154,-106.688450012,1999-12-01,12,1999,15.69,0.01,1.64,0.02,0,0,.,.,.,0,2.45,0,1.12,.,.,.,.,.,0
2,"Rio Grande Nature Center",35.1267624154,-106.688450012,2000-12-01,12,2000,59.47,0.03,0.55,0.05,0,0,.,.,.,0,8.69,0,5.57,.,.,.,.,.,0.08
2,"Rio Grande Nature Center",35.1267624154,-106.688450012,2001-12-01,12,2001,97.32,0,0.4,0.01,0.01,0,.,.,.,0,12.88,0,0.93,.,.,.,.,.,0
2,"Rio Grande Nature Center",35.1267624154,-106.688450012,2002-12-01,12,2002,20.92,0.62,0,0,0,0.01,.,.,.,0,5.04,0.08,16.87,.,.,.,.,.,0
2,"Rio Grande Nature Center",35.1267624154,-106.688450012,2003-12-01,12,2003,.,.,.,.,.,.,.,.,.,.,.,.,.,.,.,.,.,.,.
2,"Rio Grande Nature Center",35.1267624154,-106.688450012,2004-12-01,12,2004,22,0,0,0.01,0,0,.,.,.,0,2.88,0,0.01,.,.,.,.,.,0
2,"Rio Grande Nature Center",35.1267624154,-106.688450012,2005-12-01,12,2005,95.21,0,0,0,0,0,.,.,.,0,13.08,0,3.76,.,.,.,.,.,0.06
2,"Rio Grande Nature Center",35.1267624154,-106.688450012,2006-12-01,12,2006,7.47,0,0,0,0,0,.,.,.,0,1.05,0,0.02,.,.,.,.,.,0.07
2,"Rio Grande Nature Center",35.1267624154,-106.688450012,2007-12-01,12,2007,59.84,0,0,0.01,0,0,.,.,.,0,8.37,0,3.62,0.01,0,0,.,0,0.06
2,"Rio Grande Nature Center",35.1267624154,-106.688450012,2008-12-01,12,2008,41.23,0,0,0,0,0,.,.,.,0,5.75,0,2.72,0.01,0,0,.,0,0
2,"Rio Grande Nature Center",35.1267624154,-106.688450012,2009-12-01,12,2009,55.49,0,0,0,0,0,.,.,.,0,7.51,0,2.32,0,0,0,.,0,0
2,"Rio Grande Nature Center",35.1267624154,-106.688450012,2010-12-01,12,2010,43.69,0,0,0,0,0,.,.,.,0,5.78,0,0.69,0.01,0,0,.,0,0
2,"Rio Grande Nature Center",35.1267624154,-106.688450012,2011-12-01,12,2011,78.31,0,0.01,0.01,0.02,0,.,.,.,0,11.24,0,7.48,0.02,0,0,.,0.01,0
2,"Rio Grande Nature Center",35.1267624154,-106.688450012,2012-12-01,12,2012,78.77,0,0,0,0,0,.,.,.,0,10.46,0,1.38,0,0,0,.,0,0.01
2,"Rio Grande Nature Center",35.1267624154,-106.688450012,2013-12-01,12,2013,43,0.01,0,0.02,0.01,0,.,.,.,0,6.08,0,3.26,0.02,0,0,.,0,0.05
2,"Rio Grande Nature Center",35.1267624154,-106.688450012,2014-12-01,12,2014,33.08,0,0,0.02,0,0,.,.,.,0,4.53,0,0.04,0.01,0,0,.,0,0
2,"Rio Grande Nature Center",35.1267624154,-106.688450012,2015-12-01,12,2015,41,0,0.01,0.01,0,0,.,.,.,0,5.63,0,1.8,0,0,0,.,0,0.03
2,"Rio Grande Nature Center",35.1267624154,-106.688450012,2016-12-01,12,2016,59.46,0.01,0,0,0,0,.,.,.,0,8.39,0,2.18,1.79,0,0,0,0,0.23
2,"Rio Grande Nature Center",35.1267624154,-106.688450012,2017-12-01,12,2017,15,0,0,0.02,0,0,.,.,.,0,2.03,0,0,0,0,0.02,0,0,0.02
2,"Rio Grande Nature Center",35.1267624154,-106.688450012,2018-12-01,12,2018,48.23,0,0,0.01,0,0,.,.,.,0,6.37,0,0.1,0.02,0,0,0,0,0.04
2,"Rio Grande Nature Center",35.1267624154,-106.688450012,2019-12-01,12,2019,49.16,0,0,0.01,0.08,0,.,.,.,0,11.58,0,37.42,0.02,0,0,0,0,0.07
2,"Rio Grande Nature Center",35.1267624154,-106.688450012,2020-12-01,12,2020,12.69,0,0,0.01,0.01,0,.,.,.,0,1.74,0,0.1,0,0,0.32,0,0,0.04
2,"Rio Grande Nature Center",35.1267624154,-106.688450012,2021-12-01,12,2021,57.52,0,0,0.01,0.01,0,.,.,.,0,7.66,0,0.45,0,0,0.01,0,0,0
2,"Rio Grande Nature Center",35.1267624154,-106.688450012,2022-12-01,12,2022,26.24,0,0,0.01,0.26,0,.,.,.,0,3.47,0,0.03,0,0,0,0,0,0
2,"Rio Grande Nature Center",35.1267624154,-106.688450012,2023-12-01,12,2023,26.77,0,0.01,0.11,0.01,0,0,0,0,0,3.69,0,0.14,0.01,0,0.01,0,0,0.07
3,"Los Lunas",34.8123850767529,-106.714471968474,1998-01-01,1,1998,4.17,0.56,0.02,0,0,0,.,.,.,0,3.28,0.07,19.47,.,.,.,.,.,0.04
3,"Los Lunas",34.8123850767529,-106.714471968474,1999-01-01,1,1999,19.35,0.06,0.43,0,0,0,.,.,.,0,2.89,0.01,1.51,.,.,.,.,.,0.06
3,"Los Lunas",34.8123850767529,-106.714471968474,2000-01-01,1,2000,17.23,0.48,0.24,0,0,0,.,.,.,0,3.19,0.06,4.95,.,.,.,.,.,0.01
3,"Los Lunas",34.8123850767529,-106.714471968474,2001-01-01,1,2001,40.85,0.02,0.02,0,0,0,.,.,.,0,5.86,0.01,1.78,.,.,.,.,.,0
3,"Los Lunas",34.8123850767529,-106.714471968474,2002-01-01,1,2002,20.39,0.5,0.18,0,0,0,.,.,.,0,3.73,0.06,7.32,.,.,.,.,.,0
3,"Los Lunas",34.8123850767529,-106.714471968474,2003-01-01,1,2003,66.54,0.52,0.12,0,0,0,.,.,.,0,9.25,0.08,1.05,.,.,.,.,.,0.02
3,"Los Lunas",34.8123850767529,-106.714471968474,2004-01-01,1,2004,31.38,0.28,0.09,0.49,0.01,0,.,.,.,0,4.73,0.04,3.36,.,.,.,.,.,0
3,"Los Lunas",34.8123850767529,-106.714471968474,2005-01-01,1,2005,22.61,0.28,0.51,0,0,0,.,.,.,0,3.21,0.05,0.2,.,.,.,.,.,0.02
3,"Los Lunas",34.8123850767529,-106.714471968474,2006-01-01,1,2006,34.23,0.94,1.41,0,0,0,.,.,.,0,6.11,0.12,10.71,.,.,.,.,.,0
3,"Los Lunas",34.8123850767529,-106.714471968474,2007-01-01,1,2007,27.61,0.89,1.57,0,0,0,.,.,.,0,14.11,0.12,77.26,.,.,.,.,.,0.02
3,"Los Lunas",34.8123850767529,-106.714471968474,2008-01-01,1,2008,21.31,1.26,0.64,0,0.15,0,.,.,.,0,3.25,0.17,0.01,0,0,0,.,0,0.04
3,"Los Lunas",34.8123850767529,-106.714471968474,2009-01-01,1,2009,19.62,1.7,1.47,0.08,0.02,0,.,.,.,0,3.31,0.23,1.59,0.16,0.01,0.01,.,0,0.04
3,"Los Lunas",34.8123850767529,-106.714471968474,2010-01-01,1,2010,11.15,0.05,1.41,0,0,0,.,.,.,0,1.7,0.01,0,0.19,0,0,.,0,0.03
3,"Los Lunas",34.8123850767529,-106.714471968474,2011-01-01,1,2011,34.92,0.21,2.63,0.01,0.08,0,.,.,.,0,5.25,0.03,1.72,0.02,0.03,0,.,0,0.01
3,"Los Lunas",34.8123850767529,-106.714471968474,2012-01-01,1,2012,9.85,0.41,0.49,0.03,0,0,.,.,.,0,1.54,0.05,0.17,0,0,0,.,0,0
3,"Los Lunas",34.8123850767529,-106.714471968474,2013-01-01,1,2013,26.31,1.43,1.11,0,0.62,0,.,.,.,0,4.05,0.18,0.11,0.09,0.01,0.39,.,0,0.06
3,"Los Lunas",34.8123850767529,-106.714471968474,2014-01-01,1,2014,24.23,0.29,1.09,0,0,0,.,.,.,0,4.07,0.04,4.49,0.47,0,0.08,.,0,0.07
3,"Los Lunas",34.8123850767529,-106.714471968474,2015-01-01,1,2015,8.08,0.29,0.89,0,0,0,.,.,.,0,1.39,0.04,0.05,0.02,0,0.32,.,0,0.04
3,"Los Lunas",34.8123850767529,-106.714471968474,2016-01-01,1,2016,13.78,0.11,1.19,0,0,0,.,.,.,0,3.6,0.01,11.88,0.02,0,0.02,.,0,0
3,"Los Lunas",34.8123850767529,-106.714471968474,2017-01-01,1,2017,11,0.29,0,0.26,0,0,.,.,.,0,1.74,0.04,0.8,0.15,0,0,0,0,0
3,"Los Lunas",34.8123850767529,-106.714471968474,2018-01-01,1,2018,28.15,0.15,0,0,0.64,2.55,.,.,.,0,4.26,0.02,0.02,0,0,0.01,0,0,0
3,"Los Lunas",34.8123850767529,-106.714471968474,2019-01-01,1,2019,12.08,0.26,0.49,0,0.01,0,.,.,.,0,1.98,0.03,2.18,0.01,0,0,0,0,0
3,"Los Lunas",34.8123850767529,-106.714471968474,2020-01-01,1,2020,20.17,0.04,1.98,0,0,0,.,.,.,0.02,3.07,0.01,0.88,0.01,0,0,0,0,0
3,"Los Lunas",34.8123850767529,-106.714471968474,2021-01-01,1,2021,24.61,0.14,1.09,0.01,0.01,0.08,.,.,.,0,4.37,0.02,6.72,0,0.01,0.02,0,0,0
3,"Los Lunas",34.8123850767529,-106.714471968474,2022-01-01,1,2022,30.15,0.53,1.42,0.02,0.02,0,.,.,.,0.01,4.88,0.07,4.1,0.03,0,0.01,0,0,0
3,"Los Lunas",34.8123850767529,-106.714471968474,2023-01-01,1,2023,23.54,.,2.16,0,0.15,0,.,.,0.15,0,3.9,0.02,3.16,0.16,0,0,0,0,0.02
3,"Los Lunas",34.8123850767529,-106.714471968474,2024-01-01,1,2024,48.77,.,2.79,0.01,0.01,0,0.02,0.12,0,0.01,7.97,0.02,7.4,0.02,0,1.17,0,0,0.16
3,"Los Lunas",34.8123850767529,-106.714471968474,1998-02-01,2,1998,2.45,0.59,0,0,0,0.01,.,.,.,0,0.59,0.08,0.65,.,.,.,.,.,0.03
3,"Los Lunas",34.8123850767529,-106.714471968474,1999-02-01,2,1999,4.92,0.33,0.02,0,0,0,.,.,.,0,0.98,0.04,1.79,.,.,.,.,.,0
3,"Los Lunas",34.8123850767529,-106.714471968474,2000-02-01,2,2000,9.39,0.41,0.16,0,0.08,0.01,.,.,.,0,1.5,0.05,0.69,.,.,.,.,.,0
3,"Los Lunas",34.8123850767529,-106.714471968474,2001-02-01,2,2001,51.38,0.13,0.04,0,0,0,.,.,.,0,7.32,0.03,2.79,.,.,.,.,.,0
3,"Los Lunas",34.8123850767529,-106.714471968474,2002-02-01,2,2002,16.08,0.14,0.09,0,0,0.01,.,.,.,0,3.34,0.02,8.58,.,.,.,.,.,0
3,"Los Lunas",34.8123850767529,-106.714471968474,2003-02-01,2,2003,55.87,0.59,0.01,0,0,0,.,.,.,0,9.91,0.08,18.18,.,.,.,.,.,0.04
3,"Los Lunas",34.8123850767529,-106.714471968474,2004-02-01,2,2004,18.77,0.12,0.08,0,0,0,.,.,.,0,2.53,0.02,0.19,.,.,.,.,.,0
3,"Los Lunas",34.8123850767529,-106.714471968474,2005-02-01,2,2005,4.77,0.1,0,0,0,0,.,.,.,0,0.66,0.01,0.11,.,.,.,.,.,0.02
3,"Los Lunas",34.8123850767529,-106.714471968474,2006-02-01,2,2006,77.95,0.22,0.11,0,0,0,.,.,.,0,11.4,0.03,6.76,.,.,.,.,.,0.2
3,"Los Lunas",34.8123850767529,-106.714471968474,2007-02-01,2,2007,14.27,0.02,0.03,0,0,0,.,.,.,0,2.1,0,1.46,.,.,.,.,.,0.01
3,"Los Lunas",34.8123850767529,-106.714471968474,2008-02-01,2,2008,23.31,0.1,0.17,0,0.09,0,.,.,.,0,3.5,0.02,0.32,0.01,0.01,0,.,0,0
3,"Los Lunas",34.8123850767529,-106.714471968474,2009-02-01,2,2009,26.84,0.23,0.1,0,0,0,.,.,.,0,3.88,0.03,1.5,0.19,0,0,.,0,0.03
3,"Los Lunas",34.8123850767529,-106.714471968474,2010-02-01,2,2010,21.62,0.19,0.7,0,0,0,.,.,.,0,3.02,0.02,0.26,0.03,0,0,.,0,0
3,"Los Lunas",34.8123850767529,-106.714471968474,2011-02-01,2,2011,22.77,0.36,0.01,0.02,0.01,0,.,.,.,0,3.06,0.05,0.09,0.01,0.02,0,.,0,0
3,"Los Lunas",34.8123850767529,-106.714471968474,2012-02-01,2,2012,22.39,0.27,0.24,0,0.33,0,.,.,.,0,3.46,0.04,2.72,0.02,0,0.02,.,0,0.01
3,"Los Lunas",34.8123850767529,-106.714471968474,2013-02-01,2,2013,57.92,0.72,0.62,0,0.32,0,.,.,.,0,7.83,0.12,0.42,0.08,0.01,0.01,.,0,0.01
3,"Los Lunas",34.8123850767529,-106.714471968474,2014-02-01,2,2014,20.08,0.04,0.06,0,0.01,0.01,.,.,.,0,2.69,0,0.06,0.01,0,0,.,0,0.01
3,"Los Lunas",34.8123850767529,-106.714471968474,2015-02-01,2,2015,12.15,0,0.02,0,0.02,0,.,.,.,0,1.78,0,0.01,0,0,0.49,.,0,0.07
3,"Los Lunas",34.8123850767529,-106.714471968474,2016-02-01,2,2016,8.31,0.05,0.2,0,0,0,.,.,.,0,1.4,0.01,1.2,0.01,0,0,.,0,0.02
3,"Los Lunas",34.8123850767529,-106.714471968474,2017-02-01,2,2017,22.31,0.02,0.12,0,0.05,0,.,.,.,0,4.31,0,8.19,0.02,0,0,0,0,0.02
3,"Los Lunas",34.8123850767529,-106.714471968474,2018-02-01,2,2018,72.23,0.49,0.55,0,0.39,0.16,.,.,.,0,12.26,0.06,19.09,0.01,0,0.08,0,0,0.07
3,"Los Lunas",34.8123850767529,-106.714471968474,2019-02-01,2,2019,95.31,0.3,1.55,0,0.16,0,.,.,.,0,15.12,0.04,15.24,0.2,0,0,0,0,0.03
3,"Los Lunas",34.8123850767529,-106.714471968474,2020-02-01,2,2020,18.46,0.04,0.48,0,0,0.01,.,.,.,0,2.68,0,0.86,0.09,0,0.08,0,0,0.03
3,"Los Lunas",34.8123850767529,-106.714471968474,2021-02-01,2,2021,26.77,0.66,0.33,0,0.09,0,.,.,.,0,3.8,0.09,0.17,0,0,0,0,0,0
3,"Los Lunas",34.8123850767529,-106.714471968474,2022-02-01,2,2022,43.85,0.49,0.85,0.01,0.01,0,.,.,.,0,8.03,0.06,15.65,0.1,0,0,0,0,0.01
3,"Los Lunas",34.8123850767529,-106.714471968474,2024-02-01,2,2024,49.77,.,0.79,0,0.26,0,0.25,0.06,0,0.02,6.93,0.04,0.63,0.04,0.01,0.38,0.43,0,0.11
3,"Los Lunas",34.8123850767529,-106.714471968474,1998-03-01,3,1998,5.43,0.56,0.03,0,0,0.04,.,.,.,0,2.42,0.07,11.31,.,.,.,.,.,0.07
3,"Los Lunas",34.8123850767529,-106.714471968474,1999-03-01,3,1999,1.8,0.09,0.01,0,0.01,0,.,.,.,0,0.26,0.01,0,.,.,.,.,.,0
3,"Los Lunas",34.8123850767529,-106.714471968474,2000-03-01,3,2000,27.69,0.64,0.26,0.01,0.01,0.11,.,.,.,0,8.66,0.08,36.7,.,.,.,.,.,0
3,"Los Lunas",34.8123850767529,-106.714471968474,2001-03-01,3,2001,37.44,0.31,0,0,0,0.01,.,.,.,0,5.83,0.04,5.82,.,.,.,.,.,0
3,"Los Lunas",34.8123850767529,-106.714471968474,2002-03-01,3,2002,22.39,0.2,0.02,0,0,0,.,.,.,0,3.22,0.03,0.86,.,.,.,.,.,0.05
3,"Los Lunas",34.8123850767529,-106.714471968474,2003-03-01,3,2003,10.15,0.02,0,0,0,0.09,.,.,.,0,2.98,0,12.47,.,.,.,.,.,0.01
3,"Los Lunas",34.8123850767529,-106.714471968474,2004-03-01,3,2004,17.85,0.06,0.01,0,0,0,.,.,.,0.01,2.61,0.01,0.72,.,.,.,.,.,0.07
3,"Los Lunas",34.8123850767529,-106.714471968474,2005-03-01,3,2005,13.23,0.11,0.09,0,0,0,.,.,.,0,1.92,0.01,0.93,.,.,.,.,.,0.01
3,"Los Lunas",34.8123850767529,-106.714471968474,2006-03-01,3,2006,38.24,0.35,0.02,0,0,0,.,.,.,0,5.52,0.05,1.81,.,.,.,.,.,0.11
3,"Los Lunas",34.8123850767529,-106.714471968474,2007-03-01,3,2007,41.15,0.12,0.06,0,0.02,0,.,.,.,0,7.13,0.02,12.26,.,.,.,.,.,0
3,"Los Lunas",34.8123850767529,-106.714471968474,2008-03-01,3,2008,32.61,0.06,0.02,0,0.01,0,.,.,.,0,4.64,0.01,2.94,0,0,0,.,0,0.02
3,"Los Lunas",34.8123850767529,-106.714471968474,2009-03-01,3,2009,9.78,0.06,0.08,0,0,0,.,.,.,0,1.46,0.01,0.01,0,0,0,.,0,0
3,"Los Lunas",34.8123850767529,-106.714471968474,2010-03-01,3,2010,21.23,0.12,0.47,0,0.15,0,.,.,.,0,3.17,0.02,0.8,0.03,0,0,.,0,0.11
3,"Los Lunas",34.8123850767529,-106.714471968474,2011-03-01,3,2011,34.77,0.37,0.11,0,0,0,.,.,.,0,4.82,0.05,0.88,0.09,0.01,0,.,0,0.03
3,"Los Lunas",34.8123850767529,-106.714471968474,2012-03-01,3,2012,56.15,0.07,0.06,0.02,0.02,0,.,.,.,0,10.58,0.01,22,0.02,0,0,.,0,0
3,"Los Lunas",34.8123850767529,-106.714471968474,2013-03-01,3,2013,8.93,0.06,0.02,0,0.01,0,.,.,.,0,1.32,0.01,0.27,0.01,0,0.01,.,0,0.03
3,"Los Lunas",34.8123850767529,-106.714471968474,2014-03-01,3,2014,26.92,0.01,0,0,0,0,.,.,.,0,3.57,0,0.39,0,0,0,.,0,0
3,"Los Lunas",34.8123850767529,-106.714471968474,2015-03-01,3,2015,21.31,0.11,0.43,0,0.1,0,.,.,.,0,3.22,0.01,2.02,0.1,0,0.01,.,0,0.05
3,"Los Lunas",34.8123850767529,-106.714471968474,2016-03-01,3,2016,8.86,0.02,0.02,0,0,0,.,.,.,0,1.26,0,0.04,0,0.01,0,.,0,0.02
3,"Los Lunas",34.8123850767529,-106.714471968474,2017-03-01,3,2017,13.31,0.26,0,0,0.31,0,.,.,.,0,3.62,0.03,13.02,0,0,0.31,0.09,0,0.05
3,"Los Lunas",34.8123850767529,-106.714471968474,2018-03-01,3,2018,34.38,0.02,0.02,0.01,0.01,0,.,.,.,0,6.85,0,16.38,0.02,0,0,0,0,0
3,"Los Lunas",34.8123850767529,-106.714471968474,2019-03-01,3,2019,26.92,0.19,0.12,0,0,0,.,.,.,0,4.12,0.03,2.73,0.34,0,0,0,0,0.04
3,"Los Lunas",34.8123850767529,-106.714471968474,2020-03-01,3,2020,5.86,0.12,0.17,0,0.31,0,.,.,.,0.02,1.04,0.02,0.03,0.57,0,0,0,0,0.07
3,"Los Lunas",34.8123850767529,-106.714471968474,2021-03-01,3,2021,33.23,0.27,0.25,0,0.46,0,.,.,.,0,8.35,0.04,27.71,0.09,0,0.23,0.08,0,0.11
3,"Los Lunas",34.8123850767529,-106.714471968474,2022-03-01,3,2022,72.39,0.66,0.73,0.02,0.26,0,.,.,.,0.02,10.82,0.09,6.17,0.26,0.01,0,0.57,0,0.11
3,"Los Lunas",34.8123850767529,-106.714471968474,2023-03-01,3,2023,69.1,.,0.92,0.03,0.82,0,.,.,0,0.01,15.91,0.05,46.3,0.48,0.04,0.05,0.27,0,0.1
3,"Los Lunas",34.8123850767529,-106.714471968474,2024-03-01,3,2024,51,.,0.33,0,2.33,0,0.26,0.12,0,0,8.28,0.05,6.92,0.04,0.01,0.01,0.54,0,0.08
3,"Los Lunas",34.8123850767529,-106.714471968474,1998-04-01,4,1998,0.01,0.01,0,0,0,0,.,.,.,0,5.89,0,36.45,.,.,.,.,.,1.11
3,"Los Lunas",34.8123850767529,-106.714471968474,1999-04-01,4,1999,1.16,0.16,0,0,0,0,.,.,.,0,16.3,0.02,118.62,.,.,.,.,.,0.59
3,"Los Lunas",34.8123850767529,-106.714471968474,2000-04-01,4,2000,.,.,.,.,.,.,.,.,.,.,.,.,.,.,.,.,.,.,.
3,"Los Lunas",34.8123850767529,-106.714471968474,2001-04-01,4,2001,20.38,0.01,0.03,0,0,0,.,.,.,0,4.37,0,2.04,.,.,.,.,.,1.33
3,"Los Lunas",34.8123850767529,-106.714471968474,2002-04-01,4,2002,6.16,0.14,0,0.01,0.02,0.01,.,.,.,0,1.5,0.02,0.01,.,.,.,.,.,0.63
3,"Los Lunas",34.8123850767529,-106.714471968474,2003-04-01,4,2003,.,.,.,.,.,.,.,.,.,.,.,.,.,.,.,.,.,.,.
3,"Los Lunas",34.8123850767529,-106.714471968474,2004-04-01,4,2004,.,.,.,.,.,.,.,.,.,.,.,.,.,.,.,.,.,.,.
3,"Los Lunas",34.8123850767529,-106.714471968474,2005-04-01,4,2005,29.62,0.29,0.03,0.01,0,0,.,.,.,0,5.53,0.04,2.25,.,.,.,.,.,1.32
3,"Los Lunas",34.8123850767529,-106.714471968474,2006-04-01,4,2006,13.62,0.04,0.02,0,0,0,.,.,.,0,3.9,0,0.19,.,.,.,.,.,1.94
3,"Los Lunas",34.8123850767529,-106.714471968474,2007-04-01,4,2007,14.08,0.03,0.02,0,0.02,0,.,.,.,0,4.75,0,12.12,8.85,0,0,.,0,1.15
3,"Los Lunas",34.8123850767529,-106.714471968474,2008-04-01,4,2008,3.47,0.03,0.17,0,0,0,.,.,.,0,0.88,0,0.42,2.08,0.01,0,.,0,0.28
3,"Los Lunas",34.8123850767529,-106.714471968474,2009-04-01,4,2009,21.39,0.27,0.12,0.01,0.01,0,.,.,.,0,6.37,0.04,15.85,4.1,0,0,.,0,0.55
3,"Los Lunas",34.8123850767529,-106.714471968474,2010-04-01,4,2010,35.69,0.26,0.11,0,0.09,0,.,.,.,0,6.55,0.03,4.32,8.16,0.01,0,.,0,1.14
3,"Los Lunas",34.8123850767529,-106.714471968474,2011-04-01,4,2011,20,0.42,0.26,0,0.24,0,.,.,.,0,5.74,0.06,1.93,19.39,0.01,0,.,0,2.58
3,"Los Lunas",34.8123850767529,-106.714471968474,2012-04-01,4,2012,5.39,0.03,0.01,0,0,0,.,.,.,0,2.87,0,0.64,13.71,0,0,.,0,2
3,"Los Lunas",34.8123850767529,-106.714471968474,2013-04-01,4,2013,17.23,0.42,0.03,0,0.32,0,.,.,.,0.01,4.56,0.06,3.64,11.31,0.01,0.01,.,0,1.51
3,"Los Lunas",34.8123850767529,-106.714471968474,2014-04-01,4,2014,7,0.02,0.05,0,0.01,0,.,.,.,0,2.57,0,3.1,8.09,0,0.01,.,0,1.08
3,"Los Lunas",34.8123850767529,-106.714471968474,2015-04-01,4,2015,11.39,0.11,0.18,0,0.01,0,.,.,.,0,4.93,0.01,4.41,20.23,0.15,0,.,0,2.67
3,"Los Lunas",34.8123850767529,-106.714471968474,2016-04-01,4,2016,14.39,0.02,0.02,0,0.01,0,.,.,.,0,3.69,0,1.19,11.25,0,0.01,.,0,0.02
3,"Los Lunas",34.8123850767529,-106.714471968474,2017-04-01,4,2017,0,0.02,0,0,0.02,0,.,.,.,0,2.69,0,8.09,12.15,0,0,0.12,0,0.02
3,"Los Lunas",34.8123850767529,-106.714471968474,2018-04-01,4,2018,0.02,0.01,0,0,0,0,.,.,.,0,2.99,0,4.55,18.01,0,0,0.06,0,2.35
3,"Los Lunas",34.8123850767529,-106.714471968474,2019-04-01,4,2019,9.16,0.02,0.04,0,0.11,0,.,.,.,0,3.6,0,5.08,10.61,0,0,0.24,0,1.41
3,"Los Lunas",34.8123850767529,-106.714471968474,2020-04-01,4,2020,38,0.43,0.43,0,0.03,0.02,.,.,.,0.02,10.19,0.06,4.23,32.38,0,0.01,0.65,0,4.3
3,"Los Lunas",34.8123850767529,-106.714471968474,2021-04-01,4,2021,23.47,0.26,0.25,0,0.09,0,.,.,.,0,4.15,0.03,1.41,5.48,0,0.01,0.23,0,0.75
3,"Los Lunas",34.8123850767529,-106.714471968474,2022-04-01,4,2022,39.62,0.27,0.11,0,0.49,0,.,.,.,0,6.59,0.04,1.49,7.09,0.01,0,0.01,0,0.92
3,"Los Lunas",34.8123850767529,-106.714471968474,2023-04-01,4,2023,15.28,.,0.04,0,0.22,0,.,.,0,0,3.32,0,7.14,1.55,0,0,0.04,0,0.17
3,"Los Lunas",34.8123850767529,-106.714471968474,2024-04-01,4,2024,43,.,0.12,0,0.7,0,0.09,0.04,0,0.02,8.98,0.02,3.02,17.62,0.01,0.08,0.87,0,2.42
3,"Los Lunas",34.8123850767529,-106.714471968474,1998-05-01,5,1998,1.34,0.03,0,0,0.06,0.01,.,.,.,0,4.35,0,3.66,.,.,.,.,.,3.5
3,"Los Lunas",34.8123850767529,-106.714471968474,1999-05-01,5,1999,.,.,.,.,.,.,.,.,.,.,.,.,.,.,.,.,.,.,.
3,"Los Lunas",34.8123850767529,-106.714471968474,2000-05-01,5,2000,5.24,0.1,0.09,0,0.02,0,.,.,.,0,4.84,0.01,3.17,.,.,.,.,.,3.68
3,"Los Lunas",34.8123850767529,-106.714471968474,2001-05-01,5,2001,10.16,0,0.12,0,0,0,.,.,.,0,4.74,0,3.4,.,.,.,.,.,2.61
3,"Los Lunas",34.8123850767529,-106.714471968474,2002-05-01,5,2002,9.23,0.16,0.02,0,0,0.01,.,.,.,0,5.73,0.02,1.32,.,.,.,.,.,4.17
3,"Los Lunas",34.8123850767529,-106.714471968474,2003-05-01,5,2003,23.15,0.03,0.02,0,0.01,0,.,.,.,0.02,9.31,0,17.4,.,.,.,.,.,3.92
3,"Los Lunas",34.8123850767529,-106.714471968474,2004-05-01,5,2004,5.86,0.03,0.05,0.02,0,0,.,.,.,0,3.35,0,6.08,.,.,.,.,.,1.56
3,"Los Lunas",34.8123850767529,-106.714471968474,2005-05-01,5,2005,9.31,0.12,0.02,0,0,0,.,.,.,0,5.51,0.02,12,.,.,.,.,.,2.6
3,"Los Lunas",34.8123850767529,-106.714471968474,2006-05-01,5,2006,9.85,0.02,0.01,0,0,0,.,.,.,0,5.85,0,9.4,.,.,.,.,.,3.27
3,"Los Lunas",34.8123850767529,-106.714471968474,2007-05-01,5,2007,5.85,0.01,0.17,0,0,0,.,.,.,0,3.21,0,2.18,15,0.11,0.01,.,0.02,1.98
3,"Los Lunas",34.8123850767529,-106.714471968474,2008-05-01,5,2008,5.93,0.12,0.26,0,0.1,0,.,.,.,0,6.45,0.02,2.94,37.23,0.25,0.32,.,0,5.02
3,"Los Lunas",34.8123850767529,-106.714471968474,2009-05-01,5,2009,3.39,0.09,0.28,0,0.02,0,.,.,.,0,4.79,0.01,2.02,28.77,0.42,0.42,.,0,3.85
3,"Los Lunas",34.8123850767529,-106.714471968474,2010-05-01,5,2010,8.78,0.04,0.72,0,0.06,0,.,.,.,0,7.87,0,18.17,28.54,0.52,0.03,.,0,3.88
3,"Los Lunas",34.8123850767529,-106.714471968474,2011-05-01,5,2011,5.31,0.13,0.43,0.01,0.04,0,.,.,.,0.02,4.74,0.02,4.39,21.38,0.36,3.49,.,0,3.28
3,"Los Lunas",34.8123850767529,-106.714471968474,2012-05-01,5,2012,5.62,0.02,0.35,0,0.09,0,.,.,.,0,2.74,0,3.08,7.39,0.26,0.93,.,0.01,1.23
3,"Los Lunas",34.8123850767529,-106.714471968474,2013-05-01,5,2013,8.31,0.05,0.2,0,0.11,0,.,.,.,0,5.29,0.01,0.94,29.46,0.23,0.64,.,0,3.94
3,"Los Lunas",34.8123850767529,-106.714471968474,2014-05-01,5,2014,2.26,0.06,0.34,0,0.27,0.16,.,.,.,0,4.44,0.01,5.33,19.38,0.5,4.81,.,0,3.21
3,"Los Lunas",34.8123850767529,-106.714471968474,2015-05-01,5,2015,4.16,0.2,0.09,0,0.09,0,.,.,.,0,2.36,0.03,4.11,7.62,0.32,0.86,.,0,1.16
3,"Los Lunas",34.8123850767529,-106.714471968474,2016-05-01,5,2016,2.34,0.03,0.1,0,0.01,0.01,.,.,.,0,3.58,0,3.79,18.62,0.18,0.94,0.02,0,0.15
3,"Los Lunas",34.8123850767529,-106.714471968474,2017-05-01,5,2017,.,.,.,.,.,.,.,.,.,.,.,.,.,.,.,.,.,.,.
3,"Los Lunas",34.8123850767529,-106.714471968474,2018-05-01,5,2018,0.7,0,0.19,0,1.23,0,.,.,.,0,2.71,0,2.56,15.24,0.32,0.04,0,0,2.03
3,"Los Lunas",34.8123850767529,-106.714471968474,2020-05-01,5,2020,1.11,0.35,1.96,0,1.1,0.01,.,.,.,0,3.04,0.04,0.19,13.85,0.73,2.95,0.05,0,2.29
3,"Los Lunas",34.8123850767529,-106.714471968474,2021-05-01,5,2021,4.15,0.28,0.89,0,1.17,0,.,.,.,0,7.19,0.04,8.95,38.69,0.32,0.26,0.02,0,5.11
3,"Los Lunas",34.8123850767529,-106.714471968474,2022-05-01,5,2022,28.08,0.06,0.05,0,1.87,0,.,.,.,0,9.58,0.01,7.4,32,0,2.49,0.01,0,4.48
3,"Los Lunas",34.8123850767529,-106.714471968474,2024-05-01,5,2024,0.79,.,2.89,0,6.63,0.02,0.02,0.19,0,0,7.64,0.03,7.1,27.69,0.79,1.66,0.04,0,3.92
3,"Los Lunas",34.8123850767529,-106.714471968474,1998-06-01,6,1998,7.86,0.08,1.16,0,0.01,0,.,.,.,0,3.47,0.01,7.38,.,.,.,.,.,1.33
3,"Los Lunas",34.8123850767529,-106.714471968474,1999-06-01,6,1999,.,.,.,.,.,.,.,.,.,.,.,.,.,.,.,.,.,.,.
3,"Los Lunas",34.8123850767529,-106.714471968474,2000-06-01,6,2000,10.55,0.02,0.02,0,0.09,0,.,.,.,0,5.93,0,13.77,.,.,.,.,.,2.73
3,"Los Lunas",34.8123850767529,-106.714471968474,2001-06-01,6,2001,.,.,.,.,.,.,.,.,.,.,.,.,.,.,.,.,.,.,.
3,"Los Lunas",34.8123850767529,-106.714471968474,2002-06-01,6,2002,5.08,0,0,0,0,0,.,.,.,0,3.07,0,0,.,.,.,.,.,2.34
3,"Los Lunas",34.8123850767529,-106.714471968474,2003-06-01,6,2003,4.69,0.27,0.04,0,0.01,0,.,.,.,0.01,4.49,0.04,4.65,.,.,.,.,.,3.11
3,"Los Lunas",34.8123850767529,-106.714471968474,2004-06-01,6,2004,4.78,0.01,0,0,0,0,.,.,.,0,3.55,0,7.56,.,.,.,.,.,1.81
3,"Los Lunas",34.8123850767529,-106.714471968474,2005-06-01,6,2005,5.01,0.16,0.78,0,0,0,.,.,.,0,2.75,0.02,2.02,.,.,.,.,.,1.55
3,"Los Lunas",34.8123850767529,-106.714471968474,2006-06-01,6,2006,24.93,0.26,0.34,0,0,0,.,.,.,0.08,36.4,0.03,210.1,.,.,.,.,.,5.54
3,"Los Lunas",34.8123850767529,-106.714471968474,2007-06-01,6,2007,7.01,0.03,1.39,0,0,0.01,.,.,.,0,4.11,0,10.51,6.58,0.71,1.39,.,0,1.47
3,"Los Lunas",34.8123850767529,-106.714471968474,2008-06-01,6,2008,8.01,0.01,0.09,0,0,0,.,.,.,0,3.24,0.15,6.86,6.46,1.39,0.23,.,0,1.05
3,"Los Lunas",34.8123850767529,-106.714471968474,2009-06-01,6,2009,1.09,0,1.16,0,0,0,.,.,.,0,2.98,0,7.15,12.46,0,0,.,0,1.73
3,"Los Lunas",34.8123850767529,-106.714471968474,2010-06-01,6,2010,5.08,0.04,2.5,0.01,0.02,0,.,.,.,0,3.6,0,4.72,6.01,1.82,5.85,.,0,1.78
3,"Los Lunas",34.8123850767529,-106.714471968474,2011-06-01,6,2011,4.69,0.51,1.19,0,0.25,0,.,.,.,0.02,3.95,0.07,0.56,15.62,1.27,3.77,.,0,2.69
3,"Los Lunas",34.8123850767529,-106.714471968474,2012-06-01,6,2012,3.92,4.62,0,0,0,0,.,.,.,0,4.04,0.6,1.09,16,0,0.08,.,0,2.74
3,"Los Lunas",34.8123850767529,-106.714471968474,2013-06-01,6,2013,11.23,0.42,0.48,0,0.71,0,.,.,.,0,3.9,0.07,9.03,3.46,1.03,1.95,.,0,0.84
3,"Los Lunas",34.8123850767529,-106.714471968474,2014-06-01,6,2014,4.32,0.02,1.12,0,0.47,0.04,.,.,.,0,2.33,0,0.1,7.46,0.36,1.25,.,0,1.18
3,"Los Lunas",34.8123850767529,-106.714471968474,2015-06-01,6,2015,6,0.05,2.17,0,0.79,0,.,.,.,0.01,1.88,0.01,2.63,1.57,0.27,0.03,.,0,0.24
3,"Los Lunas",34.8123850767529,-106.714471968474,2016-06-01,6,2016,2.94,0.02,1.29,0,0.48,0.01,.,.,.,0,3.72,0,3.39,9.54,0.05,0.18,.,0,1.26
3,"Los Lunas",34.8123850767529,-106.714471968474,2017-06-01,6,2017,14.7,0.11,1.64,0,0.56,0.02,.,.,.,0,4.61,0.01,5.69,4.55,0.05,0.32,0,0,0.81
3,"Los Lunas",34.8123850767529,-106.714471968474,2018-06-01,6,2018,3.86,0.02,0.73,0,0.4,0,.,.,.,0.1,1.67,0,0.41,5.93,0.02,0.09,0,0,0.78
3,"Los Lunas",34.8123850767529,-106.714471968474,2020-06-01,6,2020,8.15,0.11,2.96,0,3.86,0,.,.,.,0,7.29,0.02,13.94,19.46,0.63,0.86,0.47,0,2.84
3,"Los Lunas",34.8123850767529,-106.714471968474,2021-06-01,6,2021,4.32,0.21,1.5,0,6.72,0,.,.,.,0,3.83,0.03,8.24,2.63,0.27,2.64,0.16,0,0.92
3,"Los Lunas",34.8123850767529,-106.714471968474,2022-06-01,6,2022,3.08,0.64,1.26,0.05,6.1,0,.,.,.,0,4.5,0.08,4.77,5.62,0.58,3.96,0.09,0,2.29
3,"Los Lunas",34.8123850767529,-106.714471968474,2024-06-01,6,2024,0.09,.,0.66,0.01,4.62,0.02,0.26,0.02,0,0,5.37,0.04,5.23,14.38,0.57,0.02,0.08,0,2.96
3,"Los Lunas",34.8123850767529,-106.714471968474,1998-07-01,7,1998,5.25,0.14,0.02,0,0,0.01,.,.,.,0,3.83,0.02,2.93,.,.,.,.,.,2.63
3,"Los Lunas",34.8123850767529,-106.714471968474,1999-07-01,7,1999,6.93,0.26,0,0,0.23,0,.,.,.,0,3.47,0.03,4,.,.,.,.,.,1.97
3,"Los Lunas",34.8123850767529,-106.714471968474,2000-07-01,7,2000,4.53,0.17,0.27,0,0,0,.,.,.,0,2.9,0.02,6.59,.,.,.,.,.,1.4
3,"Los Lunas",34.8123850767529,-106.714471968474,2001-07-01,7,2001,4.25,0.01,0.18,0,0.02,0,.,.,.,0,2.18,0,1.27,.,.,.,.,.,1.34
3,"Los Lunas",34.8123850767529,-106.714471968474,2002-07-01,7,2002,3.7,0.12,0.03,0,0.01,0,.,.,.,0,2.69,0.02,2.25,.,.,.,.,.,1.81
3,"Los Lunas",34.8123850767529,-106.714471968474,2003-07-01,7,2003,1.02,0.17,0.25,0,0.09,0,.,.,.,0,2.89,0.02,0.19,.,.,.,.,.,2.56
3,"Los Lunas",34.8123850767529,-106.714471968474,2004-07-01,7,2004,3.23,0.04,0.03,0.01,0.01,0,.,.,.,0.02,3.58,0,3.2,.,.,.,.,.,2.63
3,"Los Lunas",34.8123850767529,-106.714471968474,2005-07-01,7,2005,2.33,0.09,0.32,0,0,0.01,.,.,.,0,2.64,0.01,1.62,.,.,.,.,.,1.54
3,"Los Lunas",34.8123850767529,-106.714471968474,2006-07-01,7,2006,6.33,0.06,0.25,0,0,0,.,.,.,0,4.57,0.01,14.77,.,.,.,.,.,1.66
3,"Los Lunas",34.8123850767529,-106.714471968474,2007-07-01,7,2007,8.4,0.26,0.16,0,0,0,.,.,.,0,5.04,0.03,12.48,15.78,0.17,0,.,0,2.12
3,"Los Lunas",34.8123850767529,-106.714471968474,2008-07-01,7,2008,2.47,0.33,0.01,0,0.02,0,.,.,.,0.01,3.61,0.04,8.08,15.55,0.62,0.01,.,0,2.12
3,"Los Lunas",34.8123850767529,-106.714471968474,2009-07-01,7,2009,1.16,0,0.41,0,0,0,.,.,.,0,3.42,0,0.09,24.16,0,0,.,0,3.14
3,"Los Lunas",34.8123850767529,-106.714471968474,2010-07-01,7,2010,4.01,0.06,0.52,0.01,0.01,0.01,.,.,.,0,4.94,0.01,1.87,28.46,0.66,0.69,.,0,3.9
3,"Los Lunas",34.8123850767529,-106.714471968474,2011-07-01,7,2011,7.08,0.04,1.09,0,0.03,0,.,.,.,0,2.15,0,2.24,4.33,0.19,0.38,.,0,0.64
3,"Los Lunas",34.8123850767529,-106.714471968474,2012-07-01,7,2012,5.77,0.13,0.65,0,0,0,.,.,.,0,1.75,0.02,0.18,4.01,0.26,1.23,.,0,0.76
3,"Los Lunas",34.8123850767529,-106.714471968474,2013-07-01,7,2013,3.32,0.02,0.49,0,0.18,0,.,.,.,0,1.98,0,0.34,9.33,0.62,0.01,.,0,1.29
3,"Los Lunas",34.8123850767529,-106.714471968474,2014-07-01,7,2014,2.4,0.04,0.73,0,0.55,0.01,.,.,.,0,2.53,0,0.19,11.62,0,0.16,.,0,1.54
3,"Los Lunas",34.8123850767529,-106.714471968474,2015-07-01,7,2015,6.23,0.19,1.62,0,0.09,0,.,.,.,0,2.4,0.03,1.62,7.38,0.01,0,.,0,1.01
3,"Los Lunas",34.8123850767529,-106.714471968474,2016-07-01,7,2016,0.65,0,0.47,0,0.16,0,.,.,.,0,4.14,0,1.43,28.08,0.15,0.01,0.31,0,0.06
3,"Los Lunas",34.8123850767529,-106.714471968474,2017-07-01,7,2017,0.69,6.76,0.03,0,0,0,.,.,.,0,1.79,0.88,1.45,2.49,0.09,1.55,0,0,0.24
3,"Los Lunas",34.8123850767529,-106.714471968474,2018-07-01,7,2018,2.18,0.1,1.12,0,0.01,0,.,.,.,0.01,1.91,0.01,3.55,5.49,0,0.01,0,0,0.72
3,"Los Lunas",34.8123850767529,-106.714471968474,2019-07-01,7,2019,0.55,0.01,0.19,0,0.27,0,.,.,.,0,0.3,0,0.09,0.87,0,0.01,0,0,0.11
3,"Los Lunas",34.8123850767529,-106.714471968474,2020-07-01,7,2020,2.4,0.83,2.34,0,1.01,0.01,.,.,.,0.04,4.51,0.11,21.95,4.55,0.26,0.24,0.01,0,0.66
3,"Los Lunas",34.8123850767529,-106.714471968474,2021-07-01,7,2021,2.41,0.15,0.72,0.01,0.38,0,.,.,.,0,4.06,0.02,1.57,23.65,0.02,0.01,0,0,3.2
3,"Los Lunas",34.8123850767529,-106.714471968474,2022-07-01,7,2022,3.16,0.89,2.26,0,1.1,0.02,.,.,.,0,1.91,0.12,3.02,2.4,0.09,0.63,0,0,0.46
3,"Los Lunas",34.8123850767529,-106.714471968474,2024-07-01,7,2024,0.7,.,0.95,0.02,0.26,0,0.02,0.11,0,0,1.91,0.02,4.23,5.23,0,0.85,0,0,0.91
3,"Los Lunas",34.8123850767529,-106.714471968474,1998-08-01,8,1998,18.57,0.35,0.37,0,0,0,.,.,.,0,3.1,0.05,3.44,.,.,.,.,.,0.13
3,"Los Lunas",34.8123850767529,-106.714471968474,1999-08-01,8,1999,0.99,0.57,0.01,0,0.11,0,.,.,.,0,0.33,0.07,0.44,.,.,.,.,.,0.03
3,"Los Lunas",34.8123850767529,-106.714471968474,2000-08-01,8,2000,1.76,0.04,0.01,0,0.01,0.02,.,.,.,0,1.18,0,1.76,.,.,.,.,.,0.01
3,"Los Lunas",34.8123850767529,-106.714471968474,2001-08-01,8,2001,1.69,0.06,0.11,0,0.08,0,.,.,.,0,0.96,0.01,2.72,.,.,.,.,.,0.27
3,"Los Lunas",34.8123850767529,-106.714471968474,2002-08-01,8,2002,3.55,0.43,0.17,0,0.02,0.02,.,.,.,0,1.76,0.06,7.19,.,.,.,.,.,0.05
3,"Los Lunas",34.8123850767529,-106.714471968474,2003-08-01,8,2003,4.04,1.45,0.66,0,0,0,.,.,.,0.02,2.46,0.19,1.05,.,.,.,.,.,0.74
3,"Los Lunas",34.8123850767529,-106.714471968474,2004-08-01,8,2004,2.56,0.12,0.09,0,0,0,.,.,.,0,1.9,0.02,9.11,.,.,.,.,.,0.11
3,"Los Lunas",34.8123850767529,-106.714471968474,2005-08-01,8,2005,0.79,0.29,0.7,0,0,0,.,.,.,0,6.51,0.04,47.62,.,.,.,.,.,0.01
3,"Los Lunas",34.8123850767529,-106.714471968474,2006-08-01,8,2006,3.95,0.43,0.25,0,0.01,0,.,.,.,0,1.4,0.06,4.7,.,.,.,.,.,0.1
3,"Los Lunas",34.8123850767529,-106.714471968474,2007-08-01,8,2007,5.7,0.09,0.85,0,0,0,.,.,.,0,1.23,0.03,0,0.69,0.01,0.47,.,0,0.28
3,"Los Lunas",34.8123850767529,-106.714471968474,2008-08-01,8,2008,2.33,0.19,0.54,0.08,0,0,.,.,.,0,1.41,0.02,1.62,3.77,0.02,0.54,.,0,0.56
3,"Los Lunas",34.8123850767529,-106.714471968474,2009-08-01,8,2009,0.88,0.13,1.58,0,0.01,0,.,.,.,0,1.79,0.02,6.7,2.4,0.56,0.47,.,0,0.45
3,"Los Lunas",34.8123850767529,-106.714471968474,2010-08-01,8,2010,1.26,0.19,1.17,0,0.02,0,.,.,.,0,0.64,0.03,0.18,0.63,0.25,0.62,.,0,0.2
3,"Los Lunas",34.8123850767529,-106.714471968474,2011-08-01,8,2011,1.18,0.05,1.03,0,0.08,0,.,.,.,0,0.5,0.01,0.1,0.12,0.04,0.46,.,0.15,0.1
3,"Los Lunas",34.8123850767529,-106.714471968474,2012-08-01,8,2012,1.87,0.13,2.34,0,0.32,0,.,.,.,0,1.98,0.02,0.39,0.4,0.01,0.62,.,0,0.38
3,"Los Lunas",34.8123850767529,-106.714471968474,2013-08-01,8,2013,1.26,0.02,0,0,1.26,2.82,.,.,.,0.01,1.23,0,1.25,0.18,0.02,0,.,0,0.03
3,"Los Lunas",34.8123850767529,-106.714471968474,2014-08-01,8,2014,2.24,0.01,1.47,0,0.25,0,.,.,.,0,1.18,0,0.09,0.17,1.01,0,.,0,0.18
3,"Los Lunas",34.8123850767529,-106.714471968474,2015-08-01,8,2015,45.46,1.04,0.26,0,0.02,0,.,.,.,0,7.1,0.14,0.02,0.35,0,3.24,.,0,0.86
3,"Los Lunas",34.8123850767529,-106.714471968474,2016-08-01,8,2016,1.19,0.1,1.32,0,0.39,0,.,.,.,0,1,0.01,2.19,2.02,0,0.02,0,0,0
3,"Los Lunas",34.8123850767529,-106.714471968474,2017-08-01,8,2017,1.63,1.78,0.02,0,0.18,0,.,.,.,0,0.59,0.23,0.71,0.01,0,0.01,0,0,0
3,"Los Lunas",34.8123850767529,-106.714471968474,2018-08-01,8,2018,2.39,0.18,0.79,0,0.09,0,.,.,.,0,0.97,0.02,1.81,0.73,0,0,0,0,0.1
3,"Los Lunas",34.8123850767529,-106.714471968474,2019-08-01,8,2019,46.33,0.09,1.66,0,0.49,0,.,.,.,0,74.57,0.01,523.71,0.71,0.02,0.17,0,0,0.12
3,"Los Lunas",34.8123850767529,-106.714471968474,2020-08-01,8,2020,7.02,1.6,1.59,0.02,0.8,0,.,.,.,0,2.96,0.21,8.63,0.28,0.05,0.02,0,0,0.05
3,"Los Lunas",34.8123850767529,-106.714471968474,2021-08-01,8,2021,2.04,0.7,3.01,0,0.31,0,.,.,.,0,1.43,0.09,2.51,1.56,0.01,0.19,0,0,0.18
3,"Los Lunas",34.8123850767529,-106.714471968474,2022-08-01,8,2022,4.7,0.64,2.18,0,0.24,0.01,.,.,.,0,1.38,0.08,1.5,0.21,0.1,0.32,0,0,0.08
3,"Los Lunas",34.8123850767529,-106.714471968474,2023-08-01,8,2023,0.42,0.25,1.49,0,2.93,0,0.25,0.03,0,0,2.15,0.04,4.16,3.02,0.09,2.39,0,0,0.73
3,"Los Lunas",34.8123850767529,-106.714471968474,2024-08-01,8,2024,7.78,.,4.8,0.01,1,0,0.09,0.56,0,0,3.12,0.08,5.32,1.36,0,0.02,0.01,0,0.18
3,"Los Lunas",34.8123850767529,-106.714471968474,1998-09-01,9,1998,21.76,0.7,0.63,0,0.02,0.04,.,.,.,0,3.59,0.09,3.64,.,.,.,.,.,0
3,"Los Lunas",34.8123850767529,-106.714471968474,1999-09-01,9,1999,37.46,1.33,0.17,0,0.25,0.72,.,.,.,0,5.45,0.17,0.85,.,.,.,.,.,0.05
3,"Los Lunas",34.8123850767529,-106.714471968474,2000-09-01,9,2000,8.33,0.98,0.03,0,0.01,0,.,.,.,0,6.04,0.13,26.43,.,.,.,.,.,0.06
3,"Los Lunas",34.8123850767529,-106.714471968474,2001-09-01,9,2001,2,0.06,0.1,0,0.56,0,.,.,.,0.01,0.78,0.01,0.67,.,.,.,.,.,0.1
3,"Los Lunas",34.8123850767529,-106.714471968474,2002-09-01,9,2002,0.33,1.26,0.08,0,0,0,.,.,.,0,0.36,0.16,0.13,.,.,.,.,.,0.02
3,"Los Lunas",34.8123850767529,-106.714471968474,2003-09-01,9,2003,20.33,3.19,0.44,0.01,0.12,0,.,.,.,0,3.81,0.42,3.26,.,.,.,.,.,0.05
3,"Los Lunas",34.8123850767529,-106.714471968474,2004-09-01,9,2004,8.78,1.73,1.02,0,0.01,0,.,.,.,0,3.03,0.22,5.26,.,.,.,.,.,0.04
3,"Los Lunas",34.8123850767529,-106.714471968474,2005-09-01,9,2005,0.4,2.01,1.15,0,0,0,.,.,.,0,0.49,0.26,0,.,.,.,.,.,0
3,"Los Lunas",34.8123850767529,-106.714471968474,2006-09-01,9,2006,7.31,3.48,0.48,0,0.01,0,.,.,.,0,1.75,0.45,0.24,.,.,.,.,.,0.16
3,"Los Lunas",34.8123850767529,-106.714471968474,2007-09-01,9,2007,11.78,1.19,3.03,0,0,0,.,.,.,0,21.48,0.15,146.77,0.56,0.09,0.54,.,0,0.16
3,"Los Lunas",34.8123850767529,-106.714471968474,2008-09-01,9,2008,3.78,0.06,1.03,0,0,0,.,.,.,0,0.9,0.01,0.19,0.1,0,0.02,.,0,0.07
3,"Los Lunas",34.8123850767529,-106.714471968474,2009-09-01,9,2009,0.89,0.65,1.62,0,0.09,0,.,.,.,0,1.02,0.09,1.73,0.11,0.09,0.08,.,0,0.07
3,"Los Lunas",34.8123850767529,-106.714471968474,2010-09-01,9,2010,12.31,0.38,2.54,0,0.02,0,.,.,.,0,3.1,0.05,7.32,0.01,0,0.01,.,0,0.04
3,"Los Lunas",34.8123850767529,-106.714471968474,2011-09-01,9,2011,4.26,0.13,1.55,0,0.02,0,.,.,.,0,1.36,0.02,3.26,0.1,0,0,.,0,0.03
3,"Los Lunas",34.8123850767529,-106.714471968474,2012-09-01,9,2012,1.55,1.09,5.16,0,1.25,0,.,.,.,0,1.7,0.14,2.48,0.09,0.02,0.08,.,0,0.05
3,"Los Lunas",34.8123850767529,-106.714471968474,2013-09-01,9,2013,1.65,0.09,0,0,0.25,3.15,.,.,.,0,5.87,0.01,38.93,0.01,0,0,.,0,0
3,"Los Lunas",34.8123850767529,-106.714471968474,2014-09-01,9,2014,15.39,0.35,1.49,0,0.85,0,.,.,.,0,2.54,0.05,0.02,0.17,0,0,.,0,0.02
3,"Los Lunas",34.8123850767529,-106.714471968474,2015-09-01,9,2015,51.46,2.12,1.47,0,0.02,0,.,.,.,0,7.71,0.27,2.31,0.17,0,0.09,.,0,0.03
3,"Los Lunas",34.8123850767529,-106.714471968474,2016-09-01,9,2016,1.35,0.43,2.64,0,1.55,0.08,.,.,.,0,0.99,0.06,0.4,0.12,0,0.08,0,0,0.03
3,"Los Lunas",34.8123850767529,-106.714471968474,2017-09-01,9,2017,12.02,0.07,2.11,0,0.56,0.09,.,.,.,0.01,2.3,0.01,0.82,0.02,0,0.01,0,0,0
3,"Los Lunas",34.8123850767529,-106.714471968474,2018-09-01,9,2018,2.01,0.63,1.01,0,0.01,0.01,.,.,.,0.02,1.22,0.08,2.87,0.02,0.26,0.03,0,0,0.1
3,"Los Lunas",34.8123850767529,-106.714471968474,2019-09-01,9,2019,20.62,0.42,1.18,0.01,0.11,0,.,.,.,0,3.24,0.05,0.56,0.02,0,0,0,0,0.01
3,"Los Lunas",34.8123850767529,-106.714471968474,2020-09-01,9,2020,15.39,0.33,1.66,0,0.38,0,.,.,.,0,2.86,0.04,0.4,0.39,0.02,0.01,0,0,0.06
3,"Los Lunas",34.8123850767529,-106.714471968474,2021-09-01,9,2021,2.02,0.72,5.71,0,1.25,0.01,.,.,.,0,1.43,0.09,0.26,0.05,0.01,0.08,0,0,0.02
3,"Los Lunas",34.8123850767529,-106.714471968474,2022-09-01,9,2022,17.08,0.42,4.78,0,0.92,0,.,.,.,0.01,3.28,0.06,0.63,0.05,0.01,0.08,0,0.01,0.02
3,"Los Lunas",34.8123850767529,-106.714471968474,2023-09-01,9,2023,0.48,0.01,1.81,0,6.33,0,0.01,0.53,0,0,1.79,0.06,3.34,0.28,0.01,0.51,0,0,0.09
3,"Los Lunas",34.8123850767529,-106.714471968474,2024-09-01,9,2024,6.17,.,7.31,0,4.26,0,0.03,1.26,0,0.02,6.51,0.17,28.55,0.5,0.15,0.01,0,0,0.09
3,"Los Lunas",34.8123850767529,-106.714471968474,1997-10-01,10,1997,110.2,5.7,2.11,0,1.76,0,.,.,.,0,17.47,0.74,14.04,.,.,.,.,.,0.07
3,"Los Lunas",34.8123850767529,-106.714471968474,1998-10-01,10,1998,42.38,7.36,0.38,0,0.16,1.01,.,.,.,0,26.05,0.96,142.85,.,.,.,.,.,0.19
3,"Los Lunas",34.8123850767529,-106.714471968474,1999-10-01,10,1999,91.61,9.62,0,0,0.15,0.08,.,.,.,0,15.08,1.25,5.18,.,.,.,.,.,0.18
3,"Los Lunas",34.8123850767529,-106.714471968474,2000-10-01,10,2000,3.96,1.48,0.01,0,0.28,0,.,.,.,0,2.49,0.24,4.98,.,.,.,.,.,0
3,"Los Lunas",34.8123850767529,-106.714471968474,2001-10-01,10,2001,14.77,2.95,0.54,0,0.41,0.01,.,.,.,0,2.96,0.38,0.82,.,.,.,.,.,0.04
3,"Los Lunas",34.8123850767529,-106.714471968474,2002-10-01,10,2002,6.08,3.42,0.12,0,0.16,0,.,.,.,0,2.06,0.44,2.17,.,.,.,.,.,0.04
3,"Los Lunas",34.8123850767529,-106.714471968474,2003-10-01,10,2003,35.69,4.85,0.46,0,0.15,0,.,.,.,0,6.39,0.63,3.69,.,.,.,.,.,0.06
3,"Los Lunas",34.8123850767529,-106.714471968474,2004-10-01,10,2004,59.38,9.31,0.02,0,0.16,0,.,.,.,0.38,12.42,1.21,9.02,.,.,.,.,.,0.23
3,"Los Lunas",34.8123850767529,-106.714471968474,2005-10-01,10,2005,1.95,3.26,0.87,0,0.16,0,.,.,.,0,1.22,0.43,0.65,.,.,.,.,.,0.03
3,"Los Lunas",34.8123850767529,-106.714471968474,2006-10-01,10,2006,66.92,7.39,2.02,0,0.86,0.09,.,.,.,0.09,11.98,0.96,9.42,.,.,.,.,.,0.03
3,"Los Lunas",34.8123850767529,-106.714471968474,2007-10-01,10,2007,18.23,3.79,1.64,0,0.42,0.01,.,.,.,0.01,3.42,0.49,0.15,0.02,0,0.15,.,0,0.03
3,"Los Lunas",34.8123850767529,-106.714471968474,2008-10-01,10,2008,32.62,4.09,0.62,0,1.55,0,.,.,.,0.02,6.16,0.53,5.85,0.08,0.16,0,.,0,0.06
3,"Los Lunas",34.8123850767529,-106.714471968474,2009-10-01,10,2009,17.24,9.16,3.17,0,1.78,0,.,.,.,0.32,6.23,1.19,6.93,0.1,0.17,0,.,0,0.07
3,"Los Lunas",34.8123850767529,-106.714471968474,2010-10-01,10,2010,22.92,3.09,3.02,0,0.02,0,.,.,.,0.02,6.21,0.4,13.4,0.19,0.09,0.01,.,0,0.1
3,"Los Lunas",34.8123850767529,-106.714471968474,2011-10-01,10,2011,6.93,2.47,4,0,0.01,0,.,.,.,0.09,2.98,0.79,3.02,0.47,0,0,.,0,0.06
3,"Los Lunas",34.8123850767529,-106.714471968474,2012-10-01,10,2012,28,5.32,3.94,0,3,0,.,.,.,0.01,6.07,0.69,3.25,0.09,0.02,0.32,.,0,0.06
3,"Los Lunas",34.8123850767529,-106.714471968474,2013-10-01,10,2013,32.31,6.16,3.65,0.01,3.4,0.01,.,.,.,0,11.56,0.8,40.33,0.1,0.01,0.01,.,0,0.03
3,"Los Lunas",34.8123850767529,-106.714471968474,2014-10-01,10,2014,82.61,8.31,0.93,0,3.54,0,.,.,.,0.38,54.31,1.08,311.03,0.04,0.02,0.01,.,0,0.01
3,"Los Lunas",34.8123850767529,-106.714471968474,2015-10-01,10,2015,69.31,10.85,2.59,0,1.7,0,.,.,.,0,11.49,1.41,1.33,0.31,0.08,0.01,.,0,0.05
3,"Los Lunas",34.8123850767529,-106.714471968474,2016-10-01,10,2016,6.56,2.41,1.78,0,6.17,0.02,.,.,.,0,3.37,0.56,1.09,0.02,0,0.69,0,0,0.09
3,"Los Lunas",34.8123850767529,-106.714471968474,2017-10-01,10,2017,46.62,1.92,0,0,0,0,.,.,.,0,7.97,0.6,7.31,0,0,0,0,0,0
3,"Los Lunas",34.8123850767529,-106.714471968474,2018-10-01,10,2018,0.7,4.04,0,0,2.02,0,.,.,.,0.25,2.99,0.52,0.56,0.02,0,4.94,0,0,0.64
3,"Los Lunas",34.8123850767529,-106.714471968474,2019-10-01,10,2019,24.62,1.2,0.95,0,1.85,0,.,.,.,0,4.63,0.16,4.41,0.16,0,0,0,0,0.02
3,"Los Lunas",34.8123850767529,-106.714471968474,2021-10-01,10,2021,21.39,5.32,4.65,0,12.31,0,.,.,.,0,7.2,0.69,5.33,0.04,0.01,0.01,0.08,0,0.11
3,"Los Lunas",34.8123850767529,-106.714471968474,2022-10-01,10,2022,19.92,1.8,2.72,0,3.93,0,.,.,.,0,4.12,0.23,0.95,0.03,0.02,0.01,0,0,0.01
3,"Los Lunas",34.8123850767529,-106.714471968474,2023-10-01,10,2023,1.89,0.18,1.48,0,6.26,0.02,0.18,0.65,0,0,2.39,0.11,5.24,0.19,0.01,0.02,0,0,0.03
3,"Los Lunas",34.8123850767529,-106.714471968474,2024-10-01,10,2024,21.31,.,5,0,6.7,0.01,0.32,1.7,0,0.09,6.47,0.26,1.49,0.25,0.08,0.08,0,0,0.05
3,"Los Lunas",34.8123850767529,-106.714471968474,1997-11-01,11,1997,41.79,10.72,0.38,0.02,1.07,0.55,.,.,.,0,9.25,1.39,1.99,.,.,.,.,.,0
3,"Los Lunas",34.8123850767529,-106.714471968474,1998-11-01,11,1998,56.92,8.85,0.22,0,1.06,0.2,.,.,.,0,11.53,1.15,7.9,.,.,.,.,.,0
3,"Los Lunas",34.8123850767529,-106.714471968474,1999-11-01,11,1999,70,5.69,0.24,0,0.77,0.4,.,.,.,0,11.79,0.74,1,.,.,.,.,.,0.01
3,"Los Lunas",34.8123850767529,-106.714471968474,2000-11-01,11,2000,92.61,5.74,0,0,3.39,0,.,.,.,0,15.88,1.35,3.42,.,.,.,.,.,0.01
3,"Los Lunas",34.8123850767529,-106.714471968474,2001-11-01,11,2001,50.62,14.47,0.49,0,3.69,0.1,.,.,.,0,13.21,1.88,20.08,.,.,.,.,.,0.03
3,"Los Lunas",34.8123850767529,-106.714471968474,2002-11-01,11,2002,55.92,12.92,0.01,0.01,0,0,.,.,.,0,12.72,1.85,12.62,.,.,.,.,.,0.01
3,"Los Lunas",34.8123850767529,-106.714471968474,2003-11-01,11,2003,42.31,13.69,1.17,0,4.69,0,.,.,.,0,9.69,1.78,2.08,.,.,.,.,.,0.05
3,"Los Lunas",34.8123850767529,-106.714471968474,2004-11-01,11,2004,124.77,15.15,1.1,0,7.32,0,.,.,.,0,23.21,2.01,4.48,.,.,.,.,.,0.03
3,"Los Lunas",34.8123850767529,-106.714471968474,2005-11-01,11,2005,85.85,18.85,1.93,0,7.39,0,.,.,.,0.23,19.56,2.45,13.55,.,.,.,.,.,0.08
3,"Los Lunas",34.8123850767529,-106.714471968474,2006-11-01,11,2006,51.07,11.31,3.93,0,10,0,.,.,.,0,11.34,1.47,2.18,.,.,.,.,.,0.15
3,"Los Lunas",34.8123850767529,-106.714471968474,2007-11-01,11,2007,67,18.38,3.69,0,19.92,0,.,.,.,0,17.15,2.39,2.71,0,0.01,0.01,.,0,0
3,"Los Lunas",34.8123850767529,-106.714471968474,2008-11-01,11,2008,112.39,13.15,2.71,0.23,9.16,0,.,.,.,0.31,19.79,1.9,8.01,0,0.02,0,.,0,0.01
3,"Los Lunas",34.8123850767529,-106.714471968474,2009-11-01,11,2009,54.85,8.77,3.79,0,13.62,0,.,.,.,0.01,14.24,1.14,16.4,0.28,0.09,0,.,0,0.19
3,"Los Lunas",34.8123850767529,-106.714471968474,2010-11-01,11,2010,88.61,12.46,5.7,0,17.69,0,.,.,.,0.09,18.44,1.62,3.79,0.02,0.02,0.02,.,0,0.01
3,"Los Lunas",34.8123850767529,-106.714471968474,2011-11-01,11,2011,110.15,15.77,6.93,0,15.17,0,.,.,.,4.62,23.68,2.05,15.16,0.71,0.01,0,.,0,0.18
3,"Los Lunas",34.8123850767529,-106.714471968474,2012-11-01,11,2012,56.16,6.46,2.79,0,26.85,0,.,.,.,0,14.1,0.84,0.24,0,0,0,.,0,0.24
3,"Los Lunas",34.8123850767529,-106.714471968474,2013-11-01,11,2013,91.38,7.08,4.56,0,27.31,0,.,.,.,0.23,19.28,0.92,13.02,0.02,0,0,.,0,0.07
3,"Los Lunas",34.8123850767529,-106.714471968474,2014-11-01,11,2014,57.46,10.55,2.54,0,25.62,0,.,.,.,0,18.86,1.37,33.15,0.01,0,0.01,.,0,0.04
3,"Los Lunas",34.8123850767529,-106.714471968474,2015-11-01,11,2015,80.85,6.39,7.62,0,19.79,0,.,.,.,0.02,16.8,0.83,3.65,0.16,0.02,0,.,0,0.02
3,"Los Lunas",34.8123850767529,-106.714471968474,2016-11-01,11,2016,138.92,11.23,5.71,0.01,23.39,0,.,.,.,0,25.53,1.65,12.31,0.09,0.16,0.08,0,0,0.03
3,"Los Lunas",34.8123850767529,-106.714471968474,2017-11-01,11,2017,117.54,9.92,5.93,0,39.7,0,.,.,.,0,24.95,1.29,5.39,0.09,0,0,0,0,0.01
3,"Los Lunas",34.8123850767529,-106.714471968474,2018-11-01,11,2018,43.77,4.54,1.49,0,37.16,0.01,.,.,.,0.09,15.08,0.61,8.93,0.02,0,0.02,0,0,0
3,"Los Lunas",34.8123850767529,-106.714471968474,2019-11-01,11,2019,132.77,21.16,3.86,0,41.85,0.01,.,.,.,0,29.33,2.75,5.69,0.31,0,0,0,0,0.04
3,"Los Lunas",34.8123850767529,-106.714471968474,2021-11-01,11,2021,58.69,8.17,2.26,0,35.62,0.25,.,.,.,0.01,17.74,1.06,6.42,0.09,0.02,0.01,0,0,0.02
3,"Los Lunas",34.8123850767529,-106.714471968474,2022-11-01,11,2022,174.54,17.31,7.23,0,37.63,0,.,.,.,0.32,35.73,2.25,7.78,0.04,0.15,0.01,0,0,0.04
3,"Los Lunas",34.8123850767529,-106.714471968474,2023-11-01,11,2023,58.08,3.15,3.32,0,28.31,0.23,3.15,14.17,0,0.15,17.69,2.25,5.85,0.78,0.01,0.01,0,0,0.1
3,"Los Lunas",34.8123850767529,-106.714471968474,2024-11-01,11,2024,81.69,.,6.7,0.01,44.01,0.01,0.86,10.77,0,0.24,24.34,1.51,16.24,0.26,0.09,0.08,0,0,0.06
3,"Los Lunas",34.8123850767529,-106.714471968474,1997-12-01,12,1997,4.16,1.92,0.8,0,0.09,0,.,.,.,0,1.1,0.25,0.65,.,.,.,.,.,0.01
3,"Los Lunas",34.8123850767529,-106.714471968474,1998-12-01,12,1998,20.27,4.12,0.43,0,0.01,0,.,.,.,0,3.87,0.54,3.58,.,.,.,.,.,0
3,"Los Lunas",34.8123850767529,-106.714471968474,1999-12-01,12,1999,60.62,4.63,2.02,0.02,0,0,.,.,.,0,9.3,0.6,2.49,.,.,.,.,.,0.04
3,"Los Lunas",34.8123850767529,-106.714471968474,2000-12-01,12,2000,53.85,3.4,0.01,0,0.06,0,.,.,.,0,8.25,0.44,3,.,.,.,.,.,0
3,"Los Lunas",34.8123850767529,-106.714471968474,2001-12-01,12,2001,144.37,7.85,1.24,0,2.86,0.04,.,.,.,0,22.48,1.02,14.78,.,.,.,.,.,0.01
3,"Los Lunas",34.8123850767529,-106.714471968474,2002-12-01,12,2002,19.23,2.56,0.01,0.01,0,0.32,.,.,.,0,3.46,0.33,3.19,.,.,.,.,.,0.02
3,"Los Lunas",34.8123850767529,-106.714471968474,2003-12-01,12,2003,104.85,13.38,2.02,0,3.55,0,.,.,.,0.01,19.02,1.74,19.87,.,.,.,.,.,0.07
3,"Los Lunas",34.8123850767529,-106.714471968474,2004-12-01,12,2004,.,.,.,.,.,.,.,.,.,.,.,.,.,.,.,.,.,.,.
3,"Los Lunas",34.8123850767529,-106.714471968474,2005-12-01,12,2005,105.69,4.62,6.85,0,4.85,2.31,.,.,.,0,17.27,0.6,6.03,.,.,.,.,.,0.02
3,"Los Lunas",34.8123850767529,-106.714471968474,2006-12-01,12,2006,7.27,0.89,2.16,0,0.01,0,.,.,.,0,1.53,0.12,0.39,.,.,.,.,.,0
3,"Los Lunas",34.8123850767529,-106.714471968474,2007-12-01,12,2007,87.69,5.69,7.77,0.01,0.25,0,.,.,.,0,13.85,0.74,3.32,0.4,0.32,0,.,0,0.17
3,"Los Lunas",34.8123850767529,-106.714471968474,2008-12-01,12,2008,48.46,3.08,5.7,0,1.71,0,.,.,.,0,8.2,0.4,2.71,0.4,0,0,.,0,0.05
3,"Los Lunas",34.8123850767529,-106.714471968474,2009-12-01,12,2009,90.15,4.92,5.55,0.01,0.49,0.02,.,.,.,0,13.7,0.64,2.71,0.03,0.02,0,.,0,0.01
3,"Los Lunas",34.8123850767529,-106.714471968474,2010-12-01,12,2010,49.77,5.16,5.32,0.01,7.92,0,.,.,.,0.08,9.1,0.67,0.64,0.09,0.03,0.08,.,0,0.03
3,"Los Lunas",34.8123850767529,-106.714471968474,2011-12-01,12,2011,69.54,4.08,1.02,0,7.01,0.01,.,.,.,0,11.05,0.53,1.85,0.01,0,0.01,.,0,0
3,"Los Lunas",34.8123850767529,-106.714471968474,2012-12-01,12,2012,82.92,5.62,4.54,0,0.85,0,.,.,.,0.01,12.6,0.73,1.87,0.09,0.01,0.02,.,0,0.02
3,"Los Lunas",34.8123850767529,-106.714471968474,2013-12-01,12,2013,40.39,0.8,3.25,0.01,0.1,0,.,.,.,0,6.44,0.11,3.82,0.02,0,0,.,0,0
3,"Los Lunas",34.8123850767529,-106.714471968474,2014-12-01,12,2014,37.85,2.16,3.93,0,6.69,0,.,.,.,0,8.37,0.28,13.41,0.09,0,0,.,0,0.01
3,"Los Lunas",34.8123850767529,-106.714471968474,2015-12-01,12,2015,13.38,0.19,3.09,0,15.54,0,.,.,.,0.01,4.51,0.03,0.42,0.03,0.15,0.09,.,0,0.04
3,"Los Lunas",34.8123850767529,-106.714471968474,2016-12-01,12,2016,27.85,0.35,4.95,0,16.26,0,.,.,.,0,7.12,0.12,1.73,0.02,0.01,0.77,0.02,0,0.1
3,"Los Lunas",34.8123850767529,-106.714471968474,2017-12-01,12,2017,6.92,0.19,2.42,0,4.01,0,.,.,.,0,1.93,0.02,0,0,0,0,0,0,0
3,"Los Lunas",34.8123850767529,-106.714471968474,2018-12-01,12,2018,110.31,3.17,9.24,0,3.19,0,.,.,.,0,16.94,0.41,2.86,0.48,0,0.02,0,0,0.07
3,"Los Lunas",34.8123850767529,-106.714471968474,2019-12-01,12,2019,54.31,1.95,6.16,0,0.12,0,.,.,.,0.26,8.72,0.25,2.2,0.02,0.02,0.01,0.01,0,0.01
3,"Los Lunas",34.8123850767529,-106.714471968474,2020-12-01,12,2020,265.31,18.31,15.08,0.02,58.63,0.32,.,.,.,0.01,56.61,2.38,55.79,0.18,0.03,0.02,0.02,0.01,0.04
3,"Los Lunas",34.8123850767529,-106.714471968474,2021-12-01,12,2021,170.54,6.69,9.46,0.02,6.26,0,.,.,.,0.02,25.97,0.87,4.4,0.28,0.16,0.24,0.02,0,0.09
3,"Los Lunas",34.8123850767529,-106.714471968474,2022-12-01,12,2022,30,1.63,5.85,0,0.01,0,.,.,.,0,5.13,0.21,1.58,0.01,0.01,0.01,0.01,0,0
3,"Los Lunas",34.8123850767529,-106.714471968474,2023-12-01,12,2023,90.77,1.56,5.16,0.01,12.32,0.01,1.56,3.79,0,0,15.21,0.7,0.18,0.06,0.02,0.15,0,0,0.03
3,"Los Lunas",34.8123850767529,-106.714471968474,2024-12-01,12,2024,38.38,.,0.98,0,5.48,0,0.79,1.57,0,0,6.58,0.28,0.64,0.01,0.01,0.09,0,0,0.01
4,"Belen",34.6481124155284,-106.737727748983,1999-01-01,1,1999,0.31,0.19,4.15,0,0,0,.,.,.,0,0.66,0.03,0.28,.,.,.,.,.,0
4,"Belen",34.6481124155284,-106.737727748983,2000-01-01,1,2000,1.69,2.55,1.39,0,0,0,.,.,.,0,1.48,0.33,2.74,.,.,.,.,.,0.23
4,"Belen",34.6481124155284,-106.737727748983,2001-01-01,1,2001,3.55,0.28,0.4,0,0,0,.,.,.,0,1.2,0.04,0.56,.,.,.,.,.,0.53
4,"Belen",34.6481124155284,-106.737727748983,2002-01-01,1,2002,0.34,2.02,1.24,0,0,0,.,.,.,0,0.53,0.26,0.02,.,.,.,.,.,0
4,"Belen",34.6481124155284,-106.737727748983,2003-01-01,1,2003,5.63,0.04,2.87,0,0,0,.,.,.,0,1.81,0,0.34,.,.,.,.,.,0.57
4,"Belen",34.6481124155284,-106.737727748983,2004-01-01,1,2004,1.39,0.04,0.88,0,0,0,.,.,.,0,0.43,0,0.21,.,.,.,.,.,0.05
4,"Belen",34.6481124155284,-106.737727748983,2005-01-01,1,2005,7.92,0.09,2.31,0,0,0,.,.,.,0,1.53,0.01,0.27,.,.,.,.,.,0.13
4,"Belen",34.6481124155284,-106.737727748983,2006-01-01,1,2006,7.94,0.02,1.94,0,0,0,.,.,.,0,1.41,0,0.09,.,.,.,.,.,0.08
4,"Belen",34.6481124155284,-106.737727748983,2007-01-01,1,2007,6.08,0.47,2.32,0,0,0,.,.,.,0,1.51,0.06,1.33,.,.,.,.,.,0.16
4,"Belen",34.6481124155284,-106.737727748983,2008-01-01,1,2008,6.01,0.09,4.39,0,0,0,.,.,.,0,1.58,0.01,0.54,0,0,0.62,.,0,0.08
4,"Belen",34.6481124155284,-106.737727748983,2009-01-01,1,2009,8.55,0.09,1.25,0,0,0,.,.,.,0,1.4,0.01,0.47,0,0,0,.,0,0
4,"Belen",34.6481124155284,-106.737727748983,2010-01-01,1,2010,3.7,0.01,1.55,0,0.08,0,.,.,.,0,0.9,0,0,0.01,0,1.46,.,0,0.19
4,"Belen",34.6481124155284,-106.737727748983,2011-01-01,1,2011,22.54,0.33,5.46,0,0,0,.,.,.,0,3.74,0.04,0.09,0.01,0,0.08,.,0,0.01
4,"Belen",34.6481124155284,-106.737727748983,2012-01-01,1,2012,6.86,0.24,2.02,0,0,0,.,.,.,0,1.23,0.03,0.03,0.01,0,0,.,0,0
4,"Belen",34.6481124155284,-106.737727748983,2013-01-01,1,2013,27.77,0.47,0.79,0,0,0,.,.,.,0,3.9,0.06,0.49,0.02,0.01,0,.,0,0
4,"Belen",34.6481124155284,-106.737727748983,2014-01-01,1,2014,13.47,0.09,2.1,0,0,0,.,.,.,0,2.16,0.01,0.44,0,0,0,.,0,0
4,"Belen",34.6481124155284,-106.737727748983,2015-01-01,1,2015,13,0.16,1.85,0,0,0,.,.,.,0,2.01,0.02,0.11,0.16,0,0.02,.,0,0.02
4,"Belen",34.6481124155284,-106.737727748983,2016-01-01,1,2016,3.48,0.32,2.01,0.46,0,0,.,.,.,0,0.92,0.04,0.05,0.01,0,0,.,0,0
4,"Belen",34.6481124155284,-106.737727748983,2017-01-01,1,2017,8.09,0.01,2.25,0,0,0,.,.,.,0,1.47,0,0,0,0,0.46,0,0,0.06
4,"Belen",34.6481124155284,-106.737727748983,2018-01-01,1,2018,23.69,0.08,3.93,0,0,0,.,.,.,0,3.77,0.01,0.57,0.01,0,0,0,0,0
4,"Belen",34.6481124155284,-106.737727748983,2019-01-01,1,2019,24.23,0,6.34,0,0,0,.,.,.,0,4.2,0.02,1.01,0.01,0,0.02,0,0,0.01
4,"Belen",34.6481124155284,-106.737727748983,2020-01-01,1,2020,20.31,0.01,1.66,0,0,0,.,.,.,0,3.02,0,0.25,0.02,0,0,0,0,0
4,"Belen",34.6481124155284,-106.737727748983,2021-01-01,1,2021,7.46,0.01,1.1,0,0,0,.,.,.,0,1.24,0,0.11,0,0,0.18,0,0,0.02
4,"Belen",34.6481124155284,-106.737727748983,2022-01-01,1,2022,23.23,0.02,0.72,0,0,0,.,.,.,0,3.22,0.01,0.35,0.01,0,0,0,0,0.02
4,"Belen",34.6481124155284,-106.737727748983,2023-01-01,1,2023,8.85,.,0.94,0,0,0,.,.,0,0,1.41,0,0.33,0.01,0,0,0,0,0.04
4,"Belen",34.6481124155284,-106.737727748983,2024-01-01,1,2024,19.55,.,1.32,0,0,0,0,0.01,0,0,3.28,0,3.56,0.02,0,0.16,0,0,0.02
4,"Belen",34.6481124155284,-106.737727748983,1998-02-01,2,1998,0.08,0.23,0.69,0,0,0,.,.,.,0,0.2,0.03,0.38,.,.,.,.,.,0
4,"Belen",34.6481124155284,-106.737727748983,1999-02-01,2,1999,0,0.13,0.97,0.01,0,0,.,.,.,0,0.54,0.02,1.61,.,.,.,.,.,0.17
4,"Belen",34.6481124155284,-106.737727748983,2000-02-01,2,2000,0.15,0.09,0.46,0,0,0,.,.,.,0,0.14,0.01,0.32,.,.,.,.,.,0.01
4,"Belen",34.6481124155284,-106.737727748983,2001-02-01,2,2001,0.38,0.02,1.18,0,0,0,.,.,.,0,0.76,0,0.73,.,.,.,.,.,0.41
4,"Belen",34.6481124155284,-106.737727748983,2002-02-01,2,2002,0.77,0.02,0.4,0.1,0,0,.,.,.,0,0.18,0,0.17,.,.,.,.,.,0
4,"Belen",34.6481124155284,-106.737727748983,2003-02-01,2,2003,0.68,0.2,0,0,0,0.48,.,.,.,0,0.92,0.04,1.26,.,.,.,.,.,0.55
4,"Belen",34.6481124155284,-106.737727748983,2004-02-01,2,2004,1.09,0.02,0.19,0,0,0,.,.,.,0,0.22,0,0.07,.,.,.,.,.,0.04
4,"Belen",34.6481124155284,-106.737727748983,2005-02-01,2,2005,1.16,0.01,0.02,0,0,0,.,.,.,0,0.54,0,0.01,.,.,.,.,.,0.39
4,"Belen",34.6481124155284,-106.737727748983,2006-02-01,2,2006,4.93,0.18,3.02,0.01,0,0,.,.,.,0,1.64,0.02,1.48,.,.,.,.,.,0.33
4,"Belen",34.6481124155284,-106.737727748983,2007-02-01,2,2007,1.29,0,0.03,0,0,0,.,.,.,0,0.29,0,0.03,.,.,.,.,.,0.07
4,"Belen",34.6481124155284,-106.737727748983,2008-02-01,2,2008,5,0.02,0.86,0,0,0,.,.,.,0,1.02,0,0.86,0,0,0.77,.,0,0.1
4,"Belen",34.6481124155284,-106.737727748983,2009-02-01,2,2009,4.08,0,1.02,0,0.01,0,.,.,.,0,0.98,0,1.93,0,0,0,.,0,0
4,"Belen",34.6481124155284,-106.737727748983,2010-02-01,2,2010,8.98,0,0.03,0,0,0,.,.,.,0,1.45,0,0.95,0,0,0.51,.,0,0.07
4,"Belen",34.6481124155284,-106.737727748983,2011-02-01,2,2011,7.78,0.02,0.56,0,0,0,.,.,.,0,1.11,0,0,0.01,0,0,.,0,0
4,"Belen",34.6481124155284,-106.737727748983,2012-02-01,2,2012,6.93,0.08,0.55,0,0,0,.,.,.,0,1.03,0.01,0.02,0,0,0.02,.,0,0
4,"Belen",34.6481124155284,-106.737727748983,2013-02-01,2,2013,17.69,0,0.36,0,0,0,.,.,.,0,2.61,0,0.9,0.03,0,0.09,.,0,0.02
4,"Belen",34.6481124155284,-106.737727748983,2014-02-01,2,2014,7.15,0.01,0.18,0,0,0,.,.,.,0,1.19,0,1.62,0,0,0,.,0,0
4,"Belen",34.6481124155284,-106.737727748983,2015-02-01,2,2015,3.62,0,0.19,0,0,0,.,.,.,0,0.58,0,0.17,0,0,0,.,0,0
4,"Belen",34.6481124155284,-106.737727748983,2016-02-01,2,2016,2.87,0.01,0.33,0,0.01,0,.,.,.,0,0.45,0,0.03,0,0,0,.,0,0
4,"Belen",34.6481124155284,-106.737727748983,2017-02-01,2,2017,6.01,0,0.86,0,0,0,.,.,.,0,1.37,0,0.94,0,0,2.55,0,0,0.33
4,"Belen",34.6481124155284,-106.737727748983,2018-02-01,2,2018,32.46,0.01,1.32,0,0,0,.,.,.,0,4.62,0,1.24,0,0,0,0,0,0
4,"Belen",34.6481124155284,-106.737727748983,2019-02-01,2,2019,17.63,0.08,1.41,0,0,0,.,.,.,0,5.19,0.01,19.57,0.01,0,0.18,0.01,0,0.03
4,"Belen",34.6481124155284,-106.737727748983,2020-02-01,2,2020,11.54,0.01,1.03,0,0,0,.,.,.,0,1.71,0,0.27,0.04,0,0,0,0,0
4,"Belen",34.6481124155284,-106.737727748983,2021-02-01,2,2021,2.71,0,0.18,0.02,0,0,.,.,.,0,0.61,0.01,1.49,0.02,0.01,0.16,0,0,0.03
4,"Belen",34.6481124155284,-106.737727748983,2022-02-01,2,2022,16.92,0,0.4,0,0.01,0,.,.,.,0,2.5,0,1.72,0,0,0.01,0,0,0
4,"Belen",34.6481124155284,-106.737727748983,2023-02-01,2,2023,18.48,.,0.81,0,0,0,.,.,0,0,3.06,0,3.1,0.01,0,0,0,0,0.11
4,"Belen",34.6481124155284,-106.737727748983,2024-02-01,2,2024,10.92,.,0.18,0,0,0,0,0,0.15,0,1.67,0,1.11,0.02,0,0.09,0.01,0,0.01
4,"Belen",34.6481124155284,-106.737727748983,1998-03-01,3,1998,3.92,0.54,1.62,0,0,0,.,.,.,0,1.02,0.07,1.62,.,.,.,.,.,0.02
4,"Belen",34.6481124155284,-106.737727748983,1999-03-01,3,1999,0,0.04,0.02,0,0,0,.,.,.,0,0.23,0.01,0.5,.,.,.,.,.,0.09
4,"Belen",34.6481124155284,-106.737727748983,2000-03-01,3,2000,0.01,0.1,0.33,0,0,0,.,.,.,0,0.34,0.01,1.79,.,.,.,.,.,0
4,"Belen",34.6481124155284,-106.737727748983,2001-03-01,3,2001,0.02,0.02,0.02,0,0,0,.,.,.,0,0.1,0,0.42,.,.,.,.,.,0
4,"Belen",34.6481124155284,-106.737727748983,2002-03-01,3,2002,0,0,0.77,0,0,0,.,.,.,0,0.4,0,2.05,.,.,.,.,.,0
4,"Belen",34.6481124155284,-106.737727748983,2003-03-01,3,2003,1.69,0.02,0,0,0,0.02,.,.,.,0,0.47,0,0.58,.,.,.,.,.,0.17
4,"Belen",34.6481124155284,-106.737727748983,2004-03-01,3,2004,1.32,0.23,0.09,0,0,0,.,.,.,0,0.37,0.03,0.86,.,.,.,.,.,0.03
4,"Belen",34.6481124155284,-106.737727748983,2005-03-01,3,2005,1.56,0.03,0.11,0,0,0,.,.,.,0,0.77,0,0.18,.,.,.,.,.,0.5
4,"Belen",34.6481124155284,-106.737727748983,2006-03-01,3,2006,13.85,0.09,0.63,0,0,0,.,.,.,0,2.5,0.01,3.94,.,.,.,.,.,0.09
4,"Belen",34.6481124155284,-106.737727748983,2007-03-01,3,2007,0.04,0.01,0.02,0,0,0,.,.,.,0,0.14,0,0.28,.,.,.,.,.,0.02
4,"Belen",34.6481124155284,-106.737727748983,2008-03-01,3,2008,9.7,0,0.26,0,0,0,.,.,.,0,1.93,0,3.08,0.23,0,1.25,.,0,0.19
4,"Belen",34.6481124155284,-106.737727748983,2009-03-01,3,2009,3.28,0,0.03,0,0,0,.,.,.,0,2.94,0,17.87,0,0,0.34,.,0,0.16
4,"Belen",34.6481124155284,-106.737727748983,2010-03-01,3,2010,5.08,0,0.18,0.01,0,0,.,.,.,0,0.94,0,1.17,0,0,0.47,.,0,0.06
4,"Belen",34.6481124155284,-106.737727748983,2011-03-01,3,2011,12.09,0.31,0.79,0,0,0,.,.,.,0,1.96,0.04,1.34,0.03,0.08,0.01,.,0,0.02
4,"Belen",34.6481124155284,-106.737727748983,2012-03-01,3,2012,1.55,0.02,0.32,0.02,0,0,.,.,.,0,0.51,0,1.79,0.02,0,0,.,0,0
4,"Belen",34.6481124155284,-106.737727748983,2013-03-01,3,2013,3.48,0.02,0.03,0,0,0,.,.,.,0,0.7,0,1.72,0,0,0,.,0,0
4,"Belen",34.6481124155284,-106.737727748983,2014-03-01,3,2014,6.78,0.23,0.38,0.02,0,0,.,.,.,0,1.29,0.03,2.16,0,0,0,.,0,0
4,"Belen",34.6481124155284,-106.737727748983,2015-03-01,3,2015,6.23,0.08,0.5,0,0,0,.,.,.,0,1.09,0.01,0.73,0.02,0,0,.,0,0.01
4,"Belen",34.6481124155284,-106.737727748983,2016-03-01,3,2016,2.1,0.01,0.2,0,0,0,.,.,.,0,17.52,0,132.18,0,0,0,.,0,0
4,"Belen",34.6481124155284,-106.737727748983,2017-03-01,3,2017,5.08,0,0.7,0,0,0,.,.,.,0,1.51,0,4.18,0,0,1.25,0,0,0.16
4,"Belen",34.6481124155284,-106.737727748983,2018-03-01,3,2018,10.71,0,0.26,0,0,0,.,.,.,0,2.26,0,5.32,0.09,0,0,0,0,0.01
4,"Belen",34.6481124155284,-106.737727748983,2019-03-01,3,2019,3.17,0,0.1,0,0,0,.,.,.,0.01,0.74,0,1.51,0.01,0,0.01,0,0,0
4,"Belen",34.6481124155284,-106.737727748983,2020-03-01,3,2020,6.62,0.01,0.32,0,0,0,.,.,.,0,0.98,0,0.05,0.04,0,0,0,0,0
4,"Belen",34.6481124155284,-106.737727748983,2021-03-01,3,2021,1.79,0,0.04,0,0,0,.,.,.,0,0.29,0,0.04,0,0,0.01,0,0,0
4,"Belen",34.6481124155284,-106.737727748983,2022-03-01,3,2022,17.69,0.01,0.27,0,0,0,.,.,.,0,3.91,0,11.79,0.02,0,0,0.02,0,0.01
4,"Belen",34.6481124155284,-106.737727748983,2023-03-01,3,2023,3.25,.,0.11,0,0,0,.,.,0.01,0,0.99,0,4.02,0.02,0,0,0,0,0
4,"Belen",34.6481124155284,-106.737727748983,2024-03-01,3,2024,8.02,.,0.12,0,0,0,0,0,0,0,1.65,0,3.87,0.1,0,0.08,0.01,0,0.03
4,"Belen",34.6481124155284,-106.737727748983,1998-04-01,4,1998,0,0,0,0,0,0,.,.,.,0,0.3,0,2.31,.,.,.,.,.,0
4,"Belen",34.6481124155284,-106.737727748983,1999-04-01,4,1999,0.01,0.08,0.16,0,0,0,.,.,.,0,0.58,0.01,3.71,.,.,.,.,.,0.06
4,"Belen",34.6481124155284,-106.737727748983,2000-04-01,4,2000,0,0,1.31,0,0,0,.,.,.,0,0.21,0,0.31,.,.,.,.,.,0
4,"Belen",34.6481124155284,-106.737727748983,2001-04-01,4,2001,0.01,0.03,0.03,0,0,0,.,.,.,0,0.63,0,2.33,.,.,.,.,.,0.26
4,"Belen",34.6481124155284,-106.737727748983,2002-04-01,4,2002,0.15,0.02,0.1,0.1,0,0,.,.,.,0,0.17,0,0.79,.,.,.,.,.,0
4,"Belen",34.6481124155284,-106.737727748983,2003-04-01,4,2003,2.62,0,0.02,0,0,0,.,.,.,0,0.51,0,0.19,.,.,.,.,.,0
4,"Belen",34.6481124155284,-106.737727748983,2004-04-01,4,2004,0.41,0.25,0.64,0,0,0,.,.,.,0,1.17,0.03,5.94,.,.,.,.,.,0.2
4,"Belen",34.6481124155284,-106.737727748983,2005-04-01,4,2005,1.02,0.02,0.24,0,0,0,.,.,.,0,2.18,0,2.31,.,.,.,.,.,1.68
4,"Belen",34.6481124155284,-106.737727748983,2006-04-01,4,2006,0.32,0.01,0.03,0,0,0,.,.,.,0,0.9,0,0.64,.,.,.,.,.,0.66
4,"Belen",34.6481124155284,-106.737727748983,2007-04-01,4,2007,0.56,0,0.02,0,0,0,.,.,.,0,0.94,0,0.87,4.47,0,0.56,.,0,0.66
4,"Belen",34.6481124155284,-106.737727748983,2008-04-01,4,2008,0.16,0.01,0.15,0,0,0,.,.,.,0,0.41,0,1.56,0.58,0,0.15,.,0,0.1
4,"Belen",34.6481124155284,-106.737727748983,2009-04-01,4,2009,1.1,0,1.09,0,0,0,.,.,.,0,1.37,0,6.77,0.47,0.31,0,.,0.15,0.12
4,"Belen",34.6481124155284,-106.737727748983,2010-04-01,4,2010,1.71,0.01,0,0,0,0,.,.,.,0.01,1.41,0,2.87,5.32,0,0,.,0,0.69
4,"Belen",34.6481124155284,-106.737727748983,2011-04-01,4,2011,1.25,0.02,0.26,0,0,0,.,.,.,0,2.72,0,0.56,18.31,0,0,.,0,2.38
4,"Belen",34.6481124155284,-106.737727748983,2012-04-01,4,2012,0.33,0.01,0.03,0,0,0,.,.,.,0,1.21,0,0.4,8.62,0,0,.,0,1.12
4,"Belen",34.6481124155284,-106.737727748983,2013-04-01,4,2013,1,0.01,0.1,0,0,0,.,.,.,0,1.24,0,0.06,7.55,0,0,.,0,0.98
4,"Belen",34.6481124155284,-106.737727748983,2014-04-01,4,2014,1.71,0.01,0.03,0,0,0,.,.,.,0,1.56,0,2.03,7.71,0,0,.,0,1
4,"Belen",34.6481124155284,-106.737727748983,2015-04-01,4,2015,7.93,0.01,0.1,0,0,0,.,.,.,0,3.3,0,2.62,14.31,0,0.01,.,0,1.86
4,"Belen",34.6481124155284,-106.737727748983,2016-04-01,4,2016,1.55,0.09,0.03,0,0,0,.,.,.,0,1.28,0.01,2.23,5.74,0,0.01,.,0,0
4,"Belen",34.6481124155284,-106.737727748983,2017-04-01,4,2017,2.53,0.01,0.13,0,0.01,0,.,.,.,0,2.09,0,2.09,10.11,0,0.34,0.01,0,0.05
4,"Belen",34.6481124155284,-106.737727748983,2018-04-01,4,2018,0.86,0,0.09,0,0,0,.,.,.,0,0.99,0,0.96,5.08,0,0,0,0,0.66
4,"Belen",34.6481124155284,-106.737727748983,2019-04-01,4,2019,1.49,0.01,0.02,0,0,0,.,.,.,0,1.58,0,1.49,7.85,0,0.02,0.02,0,1.03
4,"Belen",34.6481124155284,-106.737727748983,2020-04-01,4,2020,0.94,0.01,0.28,0,0,0,.,.,.,0,2.52,0,0.64,16.85,0,0.01,0.04,0,2.2
4,"Belen",34.6481124155284,-106.737727748983,2021-04-01,4,2021,0.94,0,0.18,0,0,0,.,.,.,0,1.88,0,0.56,12.54,0,0,0,0,1.63
4,"Belen",34.6481124155284,-106.737727748983,2022-04-01,4,2022,4.86,0.08,0.31,0,0,0,.,.,.,0,1.88,0.01,1.55,7.46,0,0.01,0.01,0,0.97
4,"Belen",34.6481124155284,-106.737727748983,2023-04-01,4,2023,2.4,.,0.02,0,0,0,.,.,0,0,1.44,0,0.89,7.54,0,0,0.03,0,0.98
4,"Belen",34.6481124155284,-106.737727748983,2024-04-01,4,2024,3.01,.,0.04,0,0,0,0,0,0,0,2.51,0,2.79,10.77,0,0.01,0.02,0,1.4
4,"Belen",34.6481124155284,-106.737727748983,1998-05-01,5,1998,0,0,1.62,0,0,0,.,.,.,0,0.68,0,2.31,.,.,.,.,.,0.17
4,"Belen",34.6481124155284,-106.737727748983,1999-05-01,5,1999,0.02,0.02,2.49,0,0,0,.,.,.,0,1.48,0,7.55,.,.,.,.,.,0.1
4,"Belen",34.6481124155284,-106.737727748983,2000-05-01,5,2000,0.03,0.02,1.32,0,0,0,.,.,.,0,1.27,0,1.24,.,.,.,.,.,0.89
4,"Belen",34.6481124155284,-106.737727748983,2001-05-01,5,2001,0.55,0.01,2.25,0,0,0,.,.,.,0,1.11,0,2.04,.,.,.,.,.,0.4
4,"Belen",34.6481124155284,-106.737727748983,2002-05-01,5,2002,1.47,0.17,1.57,0,0,0,.,.,.,0,1.99,0.02,3.63,.,.,.,.,.,1.05
4,"Belen",34.6481124155284,-106.737727748983,2003-05-01,5,2003,1.4,0.01,0.39,0,0,0,.,.,.,0,1.02,0,2.09,.,.,.,.,.,0.49
4,"Belen",34.6481124155284,-106.737727748983,2004-05-01,5,2004,1.33,0.02,0.62,0,0,0,.,.,.,0,1.19,0,0.93,.,.,.,.,.,0.77
4,"Belen",34.6481124155284,-106.737727748983,2005-05-01,5,2005,2.14,0.04,3.35,0,0,0,.,.,.,0,3.06,0,3.6,.,.,.,.,.,1.81
4,"Belen",34.6481124155284,-106.737727748983,2006-05-01,5,2006,4.02,0,0.72,0,0,0,.,.,.,0,3.55,0,4.46,.,.,.,.,.,2.18
4,"Belen",34.6481124155284,-106.737727748983,2007-05-01,5,2007,7.8,0.01,0.49,0,0,0,.,.,.,0,2.4,0,1.26,6.01,0,2.08,.,0,1.05
4,"Belen",34.6481124155284,-106.737727748983,2008-05-01,5,2008,5.57,0.01,0.61,0,0,0,.,.,.,0,3,0,5.92,4.54,0,5.56,.,0,1.31
4,"Belen",34.6481124155284,-106.737727748983,2009-05-01,5,2009,1.63,0,1.71,0,0,0,.,.,.,0,2.14,0,2.56,4.95,0,4.85,.,0,1.27
4,"Belen",34.6481124155284,-106.737727748983,2010-05-01,5,2010,3.39,0,0.88,0,0,0,.,.,.,0,3.02,0,6.7,10.64,0,0.55,.,0,1.46
4,"Belen",34.6481124155284,-106.737727748983,2011-05-01,5,2011,2.26,0.01,0.41,0.01,0,0,.,.,.,0.01,2.25,0,2.72,4.7,0,2.55,.,1,1.48
4,"Belen",34.6481124155284,-106.737727748983,2012-05-01,5,2012,6.85,0.08,3.56,0,0,0,.,.,.,0,3.38,0.01,6.55,2.1,0,5.72,.,0,1.02
4,"Belen",34.6481124155284,-106.737727748983,2013-05-01,5,2013,2.56,0.08,1.09,0,0.01,0,.,.,.,0,3.34,0.01,1.09,18,0,1.64,.,0,2.55
4,"Belen",34.6481124155284,-106.737727748983,2014-05-01,5,2014,0.72,0,3.63,0,0,0,.,.,.,0,3.35,0,5.17,9.32,0,5.77,.,0,1.96
4,"Belen",34.6481124155284,-106.737727748983,2015-05-01,5,2015,3.33,0.01,1.11,0,0,0,.,.,.,0,2.17,0,1.33,6.93,0,3.26,.,0,1.32
4,"Belen",34.6481124155284,-106.737727748983,2016-05-01,5,2016,3.48,0.01,0.32,0,0,0,.,.,.,0,3.55,0,5.4,7.98,0,8.29,0,0,1.08
4,"Belen",34.6481124155284,-106.737727748983,2017-05-01,5,2017,4.95,0,0.9,0,0,0,.,.,.,0,3.5,0,4.09,5.01,0,9.41,0,0,1.23
4,"Belen",34.6481124155284,-106.737727748983,2018-05-01,5,2018,4.16,0.08,1.79,0,0.02,0,.,.,.,0,4.15,0.01,2.78,15.92,0,4.39,0,0,2.67
4,"Belen",34.6481124155284,-106.737727748983,2019-05-01,5,2019,2.7,0,5.67,0,0,0,.,.,.,0,4.16,0,3.18,7.95,2.05,8.65,0,0,2.43
4,"Belen",34.6481124155284,-106.737727748983,2020-05-01,5,2020,1.8,0.17,5.39,0,0,0,.,.,.,0,3.38,0.02,1.2,12.69,0,3.41,0,0,2.09
4,"Belen",34.6481124155284,-106.737727748983,2021-05-01,5,2021,1.22,0.01,0.72,0,0,0,.,.,.,0,2.59,0,2.51,13.42,0,1.31,0,0,1.72
4,"Belen",34.6481124155284,-106.737727748983,2022-05-01,5,2022,5.02,0,0.44,0,0,0,.,.,.,0,4.43,0,5.95,20.54,0,1.02,0,0,2.8
4,"Belen",34.6481124155284,-106.737727748983,2023-05-01,5,2023,9.85,0,1.12,0,0,0,0,0,0,0,4.62,0,4.39,18,0,0.42,0,0,2.39
4,"Belen",34.6481124155284,-106.737727748983,2024-05-01,5,2024,2.62,.,0.79,0,0.09,0,0,0,0,0,3.1,0,6.77,10.85,0.92,0.56,0,0,1.6
4,"Belen",34.6481124155284,-106.737727748983,1998-06-01,6,1998,0.1,6.83,9.81,0,0,0,.,.,.,0,3.23,0.89,3.05,.,.,.,.,.,0.66
4,"Belen",34.6481124155284,-106.737727748983,1999-06-01,6,1999,.,.,.,.,.,.,.,.,.,.,.,.,.,.,.,.,.,.,.
4,"Belen",34.6481124155284,-106.737727748983,2000-06-01,6,2000,0.48,0.01,15.11,0,0,0,.,.,.,0,2.93,0,2.55,.,.,.,.,.,0.57
4,"Belen",34.6481124155284,-106.737727748983,2001-06-01,6,2001,0.32,0.39,8.31,0,0,0,.,.,.,0,2.68,0.05,1.87,.,.,.,.,.,1.2
4,"Belen",34.6481124155284,-106.737727748983,2002-06-01,6,2002,0.47,0.04,2.94,0,0,0,.,.,.,0,1.02,0,0.42,.,.,.,.,.,0.39
4,"Belen",34.6481124155284,-106.737727748983,2003-06-01,6,2003,0.45,0,10.89,0,0,0,.,.,.,0,3.76,0,4.11,.,.,.,.,.,1.7
4,"Belen",34.6481124155284,-106.737727748983,2004-06-01,6,2004,2.78,0,3.24,0,0,0,.,.,.,0,1.92,0,0.41,.,.,.,.,.,1.01
4,"Belen",34.6481124155284,-106.737727748983,2005-06-01,6,2005,2.02,0.01,15.85,0,0,0,.,.,.,0,4.93,0,2.64,.,.,.,.,.,2.18
4,"Belen",34.6481124155284,-106.737727748983,2006-06-01,6,2006,3.46,3.46,11.54,0,0,0,.,.,.,0,5.86,0.45,5.08,.,.,.,.,.,2.64
4,"Belen",34.6481124155284,-106.737727748983,2007-06-01,6,2007,14.31,0.01,8.16,0,0,0,.,.,.,0,7.13,0,9.46,14.93,0.08,7.4,.,0,2.91
4,"Belen",34.6481124155284,-106.737727748983,2008-06-01,6,2008,5.69,0.01,2.23,0.02,0,0,.,.,.,0,2.99,0,0.4,8.09,0.58,5.3,.,0.02,1.82
4,"Belen",34.6481124155284,-106.737727748983,2009-06-01,6,2009,2.31,0,3.08,0,0,0,.,.,.,0,2.29,0,2.99,7.12,0,1.35,.,0,1.1
4,"Belen",34.6481124155284,-106.737727748983,2010-06-01,6,2010,6.02,0.01,3.39,0,0,0,.,.,.,0,3.34,0,3.92,4.49,0.32,6.57,.,0,1.48
4,"Belen",34.6481124155284,-106.737727748983,2011-06-01,6,2011,2.71,0.09,1.17,0,0,0,.,.,.,0,2.39,0.01,0.72,11.7,0.62,0.48,.,0,1.66
4,"Belen",34.6481124155284,-106.737727748983,2012-06-01,6,2012,2.4,0,3.25,0,0,0,.,.,.,0,1.67,0,2,4.32,0,0.15,.,0,0.59
4,"Belen",34.6481124155284,-106.737727748983,2013-06-01,6,2013,3.26,0.01,2.17,0,0,0,.,.,.,0,1.48,0,0.12,3.85,0.38,0.63,.,0,0.64
4,"Belen",34.6481124155284,-106.737727748983,2014-06-01,6,2014,2.71,0,4.79,0,0,0,.,.,.,0,2.73,0,3.02,6.63,0.31,2.23,.,0,1.19
4,"Belen",34.6481124155284,-106.737727748983,2015-06-01,6,2015,1.87,0.01,6.17,0,0,0,.,.,.,0,2.03,0,3.26,0.96,0.01,2.49,.,0,0.45
4,"Belen",34.6481124155284,-106.737727748983,2016-06-01,6,2016,4.87,0,3.1,0,0,0,.,.,.,0,3.62,0,8.56,7.35,0,3.27,0,0,0.43
4,"Belen",34.6481124155284,-106.737727748983,2017-06-01,6,2017,7.62,0.01,6.55,0,0,0,.,.,.,0,2.47,0,0.69,0.2,0.01,2.33,0,0,0.3
4,"Belen",34.6481124155284,-106.737727748983,2018-06-01,6,2018,5.81,0.01,3.7,0,0,0.01,.,.,.,0,3.75,0,8.64,4.28,0,2.93,0,0,0.84
4,"Belen",34.6481124155284,-106.737727748983,2019-06-01,6,2019,16.08,0.01,5.08,0,0,0,.,.,.,0,4.39,0,3.47,7,0.01,1.49,0,0,1.11
4,"Belen",34.6481124155284,-106.737727748983,2020-06-01,6,2020,9.47,0,4.79,0,0.01,0,.,.,.,0,5.68,0,4.08,16.55,0,3.86,0,0,2.75
4,"Belen",34.6481124155284,-106.737727748983,2021-06-01,6,2021,4.46,0.01,1.34,0,0,0,.,.,.,0,2.32,0,6.02,3.23,0,2.02,0,0,0.69
4,"Belen",34.6481124155284,-106.737727748983,2022-06-01,6,2022,2,0,1.32,0,0,0,.,.,.,0,2.24,0,2.26,7.69,0,2.7,0,0,1.36
4,"Belen",34.6481124155284,-106.737727748983,2023-06-01,6,2023,4.48,0,3.33,0,0,0,0,0,0,0,7.34,0,38.26,6.01,0,1.42,0,0,0.97
4,"Belen",34.6481124155284,-106.737727748983,2024-06-01,6,2024,1.85,.,1.26,0,0.01,0,0,0,0,0,2.34,0,2.83,11,0,0.26,0,0,1.46
4,"Belen",34.6481124155284,-106.737727748983,1998-07-01,7,1998,0.68,3.93,3.93,0,0,0,.,.,.,0,2.2,0.51,1.45,.,.,.,.,.,0.9
4,"Belen",34.6481124155284,-106.737727748983,1999-07-01,7,1999,1.31,0.31,4.62,0,0,0,.,.,.,0,1.72,0.04,0.92,.,.,.,.,.,0.78
4,"Belen",34.6481124155284,-106.737727748983,2000-07-01,7,2000,0.24,0.64,5.32,0,0,0,.,.,.,0,1.29,0.08,0.62,.,.,.,.,.,0.34
4,"Belen",34.6481124155284,-106.737727748983,2001-07-01,7,2001,0.48,0.79,5.16,0,0,0,.,.,.,0,1.62,0.1,0.48,.,.,.,.,.,0.65
4,"Belen",34.6481124155284,-106.737727748983,2002-07-01,7,2002,1.92,0.16,5.62,0,0,0,.,.,.,0,2.02,0.02,2.85,.,.,.,.,.,0.55
4,"Belen",34.6481124155284,-106.737727748983,2003-07-01,7,2003,1.62,0,7.15,0,0,0,.,.,.,0,2.1,0,2.69,.,.,.,.,.,0.55
4,"Belen",34.6481124155284,-106.737727748983,2004-07-01,7,2004,1.32,0.02,10.24,0,0,0,.,.,.,0,2.72,0,1.7,.,.,.,.,.,0.96
4,"Belen",34.6481124155284,-106.737727748983,2005-07-01,7,2005,2.16,14.62,6.46,0,0,0,.,.,.,0,4.5,1.9,2.24,.,.,.,.,.,1.17
4,"Belen",34.6481124155284,-106.737727748983,2006-07-01,7,2006,1.57,0.01,4.48,0.15,0,0,.,.,.,0,2.36,0,2.7,.,.,.,.,.,1.12
4,"Belen",34.6481124155284,-106.737727748983,2007-07-01,7,2007,3.39,0.01,9.86,0,0,0,.,.,.,0,3.3,0,2.64,2.95,0.01,5.4,.,0,1.09
4,"Belen",34.6481124155284,-106.737727748983,2008-07-01,7,2008,4.02,0.02,4.56,0,0,0,.,.,.,0,2.33,0,5.92,0.81,1.49,0.23,.,0,0.33
4,"Belen",34.6481124155284,-106.737727748983,2009-07-01,7,2009,3,0,11.66,0,0,0.01,.,.,.,0,3.34,0,2.88,4.14,0,3.85,.,0,1.04
4,"Belen",34.6481124155284,-106.737727748983,2010-07-01,7,2010,3.55,0.39,6.86,0,0,0,.,.,.,0,4.93,0.05,5.08,20.24,0,1.48,.,0,2.82
4,"Belen",34.6481124155284,-106.737727748983,2011-07-01,7,2011,2.64,0.09,1.33,0,0,0,.,.,.,0,0.96,0.01,0.72,1.26,0.08,0.47,.,0,0.23
4,"Belen",34.6481124155284,-106.737727748983,2012-07-01,7,2012,2.17,0.24,1.77,0,0,0,.,.,.,0,1.53,0.03,0.69,0.85,0.46,5.38,.,0,0.87
4,"Belen",34.6481124155284,-106.737727748983,2013-07-01,7,2013,4.33,0.08,2.85,0,0,0,.,.,.,0,2.4,0.01,8,1.01,0,1.46,.,0,0.32
4,"Belen",34.6481124155284,-106.737727748983,2014-07-01,7,2014,2.18,0.01,5.59,0,0,0,.,.,.,0,77.9,0,572.71,14.32,0,2.78,.,0,2.22
4,"Belen",34.6481124155284,-106.737727748983,2015-07-01,7,2015,3.26,0.02,5.17,0,0,0,.,.,.,0,1.78,0,1.85,1.86,0,1.32,.,0,0.42
4,"Belen",34.6481124155284,-106.737727748983,2016-07-01,7,2016,2,0,6.17,0,0,0,.,.,.,0,4.89,0,7,19.15,0,2.47,0,0,0.32
4,"Belen",34.6481124155284,-106.737727748983,2017-07-01,7,2017,0.6,0,2.02,0,0,0,.,.,.,0,0.78,0,0.89,0.62,0,0.87,0,0,0.11
4,"Belen",34.6481124155284,-106.737727748983,2018-07-01,7,2018,5.39,0,1.92,0,0,0,.,.,.,0,2.98,0,11.23,2.25,0,0.31,0,0,0.33
4,"Belen",34.6481124155284,-106.737727748983,2019-07-01,7,2019,3.46,0,3.39,0,0,0,.,.,.,0,5.84,0.01,23.92,12.16,0,0.62,0.01,0,1.66
4,"Belen",34.6481124155284,-106.737727748983,2020-07-01,7,2020,4.46,0.02,1.56,0,0.02,0,.,.,.,0,2.24,0,4.49,6.15,0.02,0.02,0,0,0.4
4,"Belen",34.6481124155284,-106.737727748983,2021-07-01,7,2021,3.62,0,2.03,0,0,0,.,.,.,0,6.89,0,8.92,37.85,0,0.17,0,0,4.94
4,"Belen",34.6481124155284,-106.737727748983,2022-07-01,7,2022,2.86,0.01,0.89,0,0,0,.,.,.,0,74.08,0,558.02,6.69,0,0.85,0,0,0.98
4,"Belen",34.6481124155284,-106.737727748983,2023-07-01,7,2023,1.79,0,1.26,0,0,0,0,0,0,0,2.81,0,3.56,13.77,0,0.01,0,0,1.79
4,"Belen",34.6481124155284,-106.737727748983,2024-07-01,7,2024,1.77,.,1.71,0,0,0,0,0,0,0,5.33,0,10.38,21.46,0,0,0,0,2.79
4,"Belen",34.6481124155284,-106.737727748983,1998-08-01,8,1998,3.8,3.25,11.45,0,0,0,.,.,.,0,2.86,0.42,0.21,.,.,.,.,.,0.43
4,"Belen",34.6481124155284,-106.737727748983,1999-08-01,8,1999,5.85,1.79,10.85,0,0,0,.,.,.,0,3.32,0.23,0.56,.,.,.,.,.,0.83
4,"Belen",34.6481124155284,-106.737727748983,2000-08-01,8,2000,0.93,0.38,22.24,0,0,0.78,.,.,.,0,4.51,0.05,1.48,.,.,.,.,.,0.99
4,"Belen",34.6481124155284,-106.737727748983,2001-08-01,8,2001,2.46,1.34,10.71,0,0,0.01,.,.,.,0,2.13,0.17,0.02,.,.,.,.,.,0.15
4,"Belen",34.6481124155284,-106.737727748983,2002-08-01,8,2002,1.23,0.43,11.08,0,0,0,.,.,.,0,2.27,0.06,0.95,.,.,.,.,.,0.46
4,"Belen",34.6481124155284,-106.737727748983,2003-08-01,8,2003,5.08,6.38,0,0,0,0,.,.,.,0,2.33,0.83,1.08,.,.,.,.,.,0.66
4,"Belen",34.6481124155284,-106.737727748983,2004-08-01,8,2004,1.46,0.26,5.77,0,0,0,.,.,.,0,1.68,0.03,0.78,.,.,.,.,.,0.58
4,"Belen",34.6481124155284,-106.737727748983,2005-08-01,8,2005,6,6.77,5.38,0,0,0,.,.,.,0,3.32,0.88,0,.,.,.,.,.,0.96
4,"Belen",34.6481124155284,-106.737727748983,2006-08-01,8,2006,0.79,0.27,4.72,0,0,0,.,.,.,0,1.97,0.03,1.35,.,.,.,.,.,0.99
4,"Belen",34.6481124155284,-106.737727748983,2007-08-01,8,2007,5.17,0.02,12.69,0,0,0,.,.,.,0,4.1,0,1.09,0.15,0,11.85,.,0,1.56
4,"Belen",34.6481124155284,-106.737727748983,2008-08-01,8,2008,83.46,3.55,46.56,0,0,0,.,.,.,0,32.49,0.46,42.77,1.95,0.01,65.23,.,0,8.75
4,"Belen",34.6481124155284,-106.737727748983,2009-08-01,8,2009,3.64,0.02,6.8,0,0,0,.,.,.,0,1.71,0,0.74,0.02,0,1.62,.,0,0.21
4,"Belen",34.6481124155284,-106.737727748983,2010-08-01,8,2010,2.09,0.02,4.64,0,0,0,.,.,.,0,1.34,0,1.93,0.34,0,0.46,.,0,0.12
4,"Belen",34.6481124155284,-106.737727748983,2011-08-01,8,2011,1.43,0.01,4.7,0.01,0,0,.,.,.,0,1.5,0,4.81,0.1,0,0,.,0,0.01
4,"Belen",34.6481124155284,-106.737727748983,2012-08-01,8,2012,0.42,0.02,5.65,0,0,0,.,.,.,0,1.33,0,0.63,0.85,0,2.08,.,0,0.38
4,"Belen",34.6481124155284,-106.737727748983,2013-08-01,8,2013,2.62,0,5.63,0,0,0,.,.,.,0,1.51,0,0.94,0.01,0,2.02,.,0,0.26
4,"Belen",34.6481124155284,-106.737727748983,2014-08-01,8,2014,1.17,0,6.32,0,0.01,0,.,.,.,0,1.53,0,0,0.56,0,2.16,.,0,0.35
4,"Belen",34.6481124155284,-106.737727748983,2015-08-01,8,2015,10.79,0.01,8.26,0,0,0,.,.,.,0,2.86,0,0.26,0.02,0,1.7,.,0,0.22
4,"Belen",34.6481124155284,-106.737727748983,2016-08-01,8,2016,0.58,0.08,5.41,0,0,0,.,.,.,0,6.83,0.01,42.69,1.5,0,1.17,0,0,0.15
4,"Belen",34.6481124155284,-106.737727748983,2017-08-01,8,2017,0.88,0,5.04,0,0,0,.,.,.,0,0.92,0,0.06,0.01,0,0.39,0.01,0,0.05
4,"Belen",34.6481124155284,-106.737727748983,2018-08-01,8,2018,10.54,0.01,8.09,0,0,0,.,.,.,0,3.38,0,5.38,0.09,0,1.46,0,0,0.2
4,"Belen",34.6481124155284,-106.737727748983,2019-08-01,8,2019,2.86,0,1.94,0,0,0,.,.,.,0,1.24,0,3.1,0.79,0.01,0.15,0,0,0.12
4,"Belen",34.6481124155284,-106.737727748983,2020-08-01,8,2020,10.61,0,4.31,0.01,0,0,.,.,.,0,3.67,0,11.29,0.88,0,0.02,0,0,0.1
4,"Belen",34.6481124155284,-106.737727748983,2021-08-01,8,2021,1.18,0,3.41,0,0,0,.,.,.,0,1.16,0,0.43,2.66,0.01,0.38,0,0,0.4
4,"Belen",34.6481124155284,-106.737727748983,2022-08-01,8,2022,4.16,0,1.94,0,0,0,.,.,.,0,2.27,0,9.29,1.17,0,0.38,0,0,0.2
4,"Belen",34.6481124155284,-106.737727748983,2023-08-01,8,2023,0.79,0,0.79,0,0,0,0,0,0,0,0.51,0,1.26,0.79,0,0.01,0,0,0.1
4,"Belen",34.6481124155284,-106.737727748983,2024-08-01,8,2024,4.25,.,5.03,0,0,0,0,0,0,0,1.47,0,1.12,0.32,0,0,0,0,0.04
4,"Belen",34.6481124155284,-106.737727748983,1998-09-01,9,1998,7.08,4.69,14,0,0,0,.,.,.,0,3.64,0.61,0.85,.,.,.,.,.,0.18
4,"Belen",34.6481124155284,-106.737727748983,1999-09-01,9,1999,15.4,4.92,16,0,0,0,.,.,.,0,5.33,0.64,1.46,.,.,.,.,.,0.37
4,"Belen",34.6481124155284,-106.737727748983,2000-09-01,9,2000,4.1,7.8,21.8,0,0,0,.,.,.,0,5.56,1.01,1.46,.,.,.,.,.,0.85
4,"Belen",34.6481124155284,-106.737727748983,2001-09-01,9,2001,9.23,2.74,7.69,0,0,0,.,.,.,0,2.58,0.36,0.03,.,.,.,.,.,0
4,"Belen",34.6481124155284,-106.737727748983,2002-09-01,9,2002,1.93,0.41,9.92,0,0,0,.,.,.,0,1.91,0.05,0,.,.,.,.,.,0.24
4,"Belen",34.6481124155284,-106.737727748983,2003-09-01,9,2003,0.02,0.17,5.47,0,0.02,0,.,.,.,0,0.98,0.02,2.02,.,.,.,.,.,0.02
4,"Belen",34.6481124155284,-106.737727748983,2004-09-01,9,2004,4.47,1.25,8.09,0,0,0,.,.,.,0,2.29,0.16,0.79,.,.,.,.,.,0.36
4,"Belen",34.6481124155284,-106.737727748983,2005-09-01,9,2005,3.77,12.38,1.54,0,0,0,.,.,.,0,2.31,1.61,0.08,.,.,.,.,.,0
4,"Belen",34.6481124155284,-106.737727748983,2006-09-01,9,2006,12.92,1.72,8.08,0,0,0,.,.,.,0,3.82,0.22,0.8,.,.,.,.,.,0.71
4,"Belen",34.6481124155284,-106.737727748983,2007-09-01,9,2007,5.06,0.17,13.08,0,0,0,.,.,.,0,2.49,0.02,0.04,0,0,0.43,.,0,0.06
4,"Belen",34.6481124155284,-106.737727748983,2008-09-01,9,2008,12.62,0.39,7.32,0.01,0,0,.,.,.,0,3.01,0.05,1.77,0,0,0.31,.,0,0.04
4,"Belen",34.6481124155284,-106.737727748983,2009-09-01,9,2009,3.16,0.01,12.06,0,0,0.01,.,.,.,0,2.11,0,0.27,0,0,0,.,0,0
4,"Belen",34.6481124155284,-106.737727748983,2010-09-01,9,2010,2.25,1.24,8.77,0,0,0,.,.,.,0,1.8,0.16,0.32,0.77,0,0.01,.,0,0.11
4,"Belen",34.6481124155284,-106.737727748983,2011-09-01,9,2011,5.39,0.1,9.52,0,0,0,.,.,.,0,2.6,0.01,4.04,0.19,0.1,0.19,.,0,0.08
4,"Belen",34.6481124155284,-106.737727748983,2012-09-01,9,2012,0.62,0.01,6.25,0,0,0,.,.,.,0,1.16,0,0.38,0,0,1.39,.,0,0.18
4,"Belen",34.6481124155284,-106.737727748983,2013-09-01,9,2013,0.27,0.09,8.55,0,0,0,.,.,.,0,1.19,0.01,0.19,0.01,0,0,.,0,0
4,"Belen",34.6481124155284,-106.737727748983,2014-09-01,9,2014,2.26,0.09,9.5,0,0,0,.,.,.,0.02,1.61,0.01,0,0.02,0,0,.,0,0
4,"Belen",34.6481124155284,-106.737727748983,2015-09-01,9,2015,14.38,0,9.7,0,0,0,.,.,.,0,3.31,0,0.04,0.01,0,0.48,.,0,0.06
4,"Belen",34.6481124155284,-106.737727748983,2016-09-01,9,2016,3.22,0.18,15.01,0,0,0,.,.,.,0,2.74,0.02,1.32,0.03,0,0.69,0,0,0.09
4,"Belen",34.6481124155284,-106.737727748983,2017-09-01,9,2017,6.77,0,11.39,0,0,0,.,.,.,0,2.63,0.01,0.62,0.02,0,0.02,0.15,0,0.02
4,"Belen",34.6481124155284,-106.737727748983,2018-09-01,9,2018,0.58,0,6.19,0,0,0,.,.,.,0,0.91,0,0,0.02,0,0,0,0,0
4,"Belen",34.6481124155284,-106.737727748983,2019-09-01,9,2019,3.32,0.17,2.43,0,0,0,.,.,.,0,0.94,0.02,0.02,0.01,0,0,0,0,0
4,"Belen",34.6481124155284,-106.737727748983,2020-09-01,9,2020,8.82,0,2.77,0,0,0,.,.,.,0,3.23,0,9.4,0.39,0,0.01,0,0.01,0.05
4,"Belen",34.6481124155284,-106.737727748983,2021-09-01,9,2021,1.24,0.08,8.26,0,0,0,.,.,.,0,1.53,0.03,1.04,0.66,0,0.08,0,0,0.1
4,"Belen",34.6481124155284,-106.737727748983,2022-09-01,9,2022,13.23,0,3.56,0,0,0,.,.,.,0,2.36,0.01,0.82,0.09,0,0.01,0,0,0.01
4,"Belen",34.6481124155284,-106.737727748983,2023-09-01,9,2023,2.16,0,2.57,0,0,0,0,0.08,0,0,0.88,0.01,1.56,0.25,0,0.01,0,0,0.03
4,"Belen",34.6481124155284,-106.737727748983,1998-10-01,10,1998,10.31,17.48,19.39,0,0,0,.,.,.,0,6.46,2.27,2,.,.,.,.,.,0.02
4,"Belen",34.6481124155284,-106.737727748983,1999-10-01,10,1999,28.15,9.01,28.46,0,0.01,0,.,.,.,0,8.95,1.17,0.63,.,.,.,.,.,0.29
4,"Belen",34.6481124155284,-106.737727748983,2000-10-01,10,2000,7.46,11.11,14.62,0,0,0,.,.,.,0,4.61,1.44,0.78,.,.,.,.,.,0.18
4,"Belen",34.6481124155284,-106.737727748983,2001-10-01,10,2001,12.23,0.01,17.84,9.47,0,0,.,.,.,0,5.15,0,0.17,.,.,.,.,.,0
4,"Belen",34.6481124155284,-106.737727748983,2002-10-01,10,2002,7.86,4.32,12.23,0,0,0,.,.,.,0,3.61,0.56,0.56,.,.,.,.,.,0.18
4,"Belen",34.6481124155284,-106.737727748983,2003-10-01,10,2003,6.54,5.54,12.78,0,0,0,.,.,.,0,3.53,0.72,0.64,.,.,.,.,.,0.05
4,"Belen",34.6481124155284,-106.737727748983,2004-10-01,10,2004,47.44,10.64,0,0,0,0,.,.,.,0,8.37,1.38,4.36,.,.,.,.,.,0.33
4,"Belen",34.6481124155284,-106.737727748983,2005-10-01,10,2005,5.08,10.93,5.19,0,0,0,.,.,.,0,3,1.42,1.54,.,.,.,.,.,0
4,"Belen",34.6481124155284,-106.737727748983,2006-10-01,10,2006,68.64,3.61,21.31,0,0,0,.,.,.,0,13.1,0.47,0.8,.,.,.,.,.,0.7
4,"Belen",34.6481124155284,-106.737727748983,2007-10-01,10,2007,4.78,1.08,7.32,0,0,0,.,.,.,0,1.84,0.14,0.56,0.01,0,0.31,.,0,0.04
4,"Belen",34.6481124155284,-106.737727748983,2008-10-01,10,2008,6.75,1.56,4.28,0,0,0,.,.,.,0,1.87,0.2,1.2,0,0,0.34,.,0,0.04
4,"Belen",34.6481124155284,-106.737727748983,2009-10-01,10,2009,24.88,2.32,6.08,0,0,0,.,.,.,0,6.36,0.3,14.62,0,0,0.44,.,0,0.06
4,"Belen",34.6481124155284,-106.737727748983,2010-10-01,10,2010,5.78,0.26,6.85,0,0,0,.,.,.,0,1.73,0.03,0.02,0,0,0.09,.,0,0.01
4,"Belen",34.6481124155284,-106.737727748983,2011-10-01,10,2011,9.54,0.94,7.38,0,0,0,.,.,.,0,2.45,0.12,0.94,0,0,0,.,0,0
4,"Belen",34.6481124155284,-106.737727748983,2012-10-01,10,2012,3.33,0.95,8.21,0,0,0,.,.,.,0,2.17,0.12,2.4,0.01,0,1.37,.,0,0.18
4,"Belen",34.6481124155284,-106.737727748983,2013-10-01,10,2013,5.71,1.39,5.56,0,0,0,.,.,.,0,1.84,0.18,0.24,0,0,0,.,0,0.08
4,"Belen",34.6481124155284,-106.737727748983,2014-10-01,10,2014,16.92,0.62,7.56,0,0,0,.,.,.,0,4.06,0.08,0.15,0.03,0,1.85,.,0,0.32
4,"Belen",34.6481124155284,-106.737727748983,2015-10-01,10,2015,65.32,0.01,15.96,0,0,0,.,.,.,0,12.51,0,8.25,0.02,0,5.39,.,0,0.71
4,"Belen",34.6481124155284,-106.737727748983,2016-10-01,10,2016,5.18,0.02,10.7,0,0,0,.,.,.,0,2.18,0,0.38,0.01,0,0.01,0,0,0
4,"Belen",34.6481124155284,-106.737727748983,2017-10-01,10,2017,17.54,0.01,7.47,0,0,0.02,.,.,.,0,3.76,0,2.26,0,0,0,0,0,0.11
4,"Belen",34.6481124155284,-106.737727748983,2018-10-01,10,2018,9.31,0.32,8.32,0,0,0,.,.,.,0,2.69,0.04,0.86,0.01,0,0,0,0,0.1
4,"Belen",34.6481124155284,-106.737727748983,2019-10-01,10,2019,10.24,0,2.04,0,0,0,.,.,.,0,2.03,0,1.24,0.05,0,0.08,0,0,0.02
4,"Belen",34.6481124155284,-106.737727748983,2020-10-01,10,2020,21.45,0,3.78,0,0,0,.,.,.,0,3.41,0,0.1,0.01,0,0.6,0,0,0.09
4,"Belen",34.6481124155284,-106.737727748983,2021-10-01,10,2021,11.62,0.01,4.32,0.01,0,0,.,.,.,0,2.48,0,0.46,0.05,0,0.18,0,0,0.03
4,"Belen",34.6481124155284,-106.737727748983,2022-10-01,10,2022,42.16,0,3.02,0,0,0,.,.,.,0,6.62,0,3.39,0.02,0,0,0,0,0.2
4,"Belen",34.6481124155284,-106.737727748983,2023-10-01,10,2023,9.08,0,2.87,0,0,0,0,0.01,0,0,2.58,0,7.02,0.34,0,0,0,0,0.05
4,"Belen",34.6481124155284,-106.737727748983,2024-10-01,10,2024,11.54,.,1.56,0,0,0,0,0,0,0,1.77,0,0.03,0.01,0,0,0,0,0
4,"Belen",34.6481124155284,-106.737727748983,1998-11-01,11,1998,11.85,21.15,16.08,0,0,0,.,.,.,0,6.56,2.75,1,.,.,.,.,.,0.02
4,"Belen",34.6481124155284,-106.737727748983,1999-11-01,11,1999,13.65,25.93,16.32,0,0,0,.,.,.,0,7.58,3.37,1.26,.,.,.,.,.,0.03
4,"Belen",34.6481124155284,-106.737727748983,2000-11-01,11,2000,51.85,14.31,17.86,0,0,0,.,.,.,0,11.67,1.86,0.86,.,.,.,.,.,0.47
4,"Belen",34.6481124155284,-106.737727748983,2001-11-01,11,2001,33.93,10.92,16.46,0,0,0,.,.,.,0,8.09,1.42,0.46,.,.,.,.,.,0
4,"Belen",34.6481124155284,-106.737727748983,2002-11-01,11,2002,81.24,12.02,22,0,0,0,.,.,.,0,15.67,1.56,0.42,.,.,.,.,.,0.33
4,"Belen",34.6481124155284,-106.737727748983,2003-11-01,11,2003,56.16,3.39,18.55,0,0,0,.,.,.,0,10.4,0.44,0.72,.,.,.,.,.,0.04
4,"Belen",34.6481124155284,-106.737727748983,2004-11-01,11,2004,96.38,4.62,19.86,0,0,0,.,.,.,0,16.37,0.6,3.32,.,.,.,.,.,0.11
4,"Belen",34.6481124155284,-106.737727748983,2005-11-01,11,2005,62.01,6.7,7.47,0,0,0,.,.,.,0,10.34,0.87,2.26,.,.,.,.,.,0.05
4,"Belen",34.6481124155284,-106.737727748983,2006-11-01,11,2006,79.24,1.42,27.25,0,0,0,.,.,.,0,16.11,0.18,1.41,.,.,.,.,.,1.69
4,"Belen",34.6481124155284,-106.737727748983,2007-11-01,11,2007,25.82,0,12.74,0,0,0,.,.,.,0,5.43,0,0.98,0.01,0,0.94,.,0,0.12
4,"Belen",34.6481124155284,-106.737727748983,2008-11-01,11,2008,104.15,0,2.7,0,0,0,.,.,.,0,14.18,0.14,1.02,0,0,0.08,.,0,0.01
4,"Belen",34.6481124155284,-106.737727748983,2009-11-01,11,2009,121.92,0,10.17,0,0,0,.,.,.,0,17.78,0,3.88,0.01,0,0.02,.,0,0
4,"Belen",34.6481124155284,-106.737727748983,2010-11-01,11,2010,74.92,1.4,7.62,0,0,0,.,.,.,0,11.11,0.18,0.92,0,0,0.01,.,0,0.01
4,"Belen",34.6481124155284,-106.737727748983,2011-11-01,11,2011,78.46,3.6,4.21,0,0,0,.,.,.,0,11.85,0.47,4.45,0,0,0.17,.,0,0.02
4,"Belen",34.6481124155284,-106.737727748983,2012-11-01,11,2012,52.9,4.11,5.64,0,0,0,.,.,.,0,8.29,0.53,0.44,0,0,0.26,.,0,0.06
4,"Belen",34.6481124155284,-106.737727748983,2013-11-01,11,2013,123.08,2.77,11.62,0,0,0,.,.,.,0,18.6,0.36,4.92,0.25,0.08,0,.,0,0.04
4,"Belen",34.6481124155284,-106.737727748983,2014-11-01,11,2014,97.23,4,7.08,0,0.01,0,.,.,.,0,14.98,0.52,0,0.01,0.71,0,.,0,0.09
4,"Belen",34.6481124155284,-106.737727748983,2015-11-01,11,2015,89.31,0.26,5.17,0,0,0,.,.,.,0,12.82,0.03,3.17,0.02,0,0.01,.,0,0
4,"Belen",34.6481124155284,-106.737727748983,2016-11-01,11,2016,36.23,0.38,9.02,0,0,0,.,.,.,0,6.65,0.05,5.09,0.01,0,0,0,0,0.26
4,"Belen",34.6481124155284,-106.737727748983,2017-11-01,11,2017,105.31,0,11.1,0,0,0,.,.,.,0,16.23,0,3.7,0.01,0,0,0,0,0
4,"Belen",34.6481124155284,-106.737727748983,2018-11-01,11,2018,35.92,0.01,3.71,0,0,0,.,.,.,0,5.54,0.09,1.25,0.02,0,0.02,0,0,0.06
4,"Belen",34.6481124155284,-106.737727748983,2019-11-01,11,2019,87.84,0.01,3.87,0,0,0,.,.,.,0,46.28,0,263.26,0.03,0,0,0,0,0.02
4,"Belen",34.6481124155284,-106.737727748983,2020-11-01,11,2020,214.31,0.16,6.4,0,0,0,.,.,.,0,30.03,0.02,8.39,0.12,0,0.02,0,0,0.03
4,"Belen",34.6481124155284,-106.737727748983,2021-11-01,11,2021,64.87,0,2.35,0,0,0,.,.,.,0,8.86,0.04,0.03,0.02,0,0,0,0,0
4,"Belen",34.6481124155284,-106.737727748983,2022-11-01,11,2022,152.23,0.01,5.09,0,0,0,.,.,.,0,20.96,0.01,3.23,0.01,0,0.08,0,0,0.01
4,"Belen",34.6481124155284,-106.737727748983,2023-11-01,11,2023,177.15,.,5.77,0,0,0,.,.,0.23,0,25.29,0,10.01,0.36,0,0.09,0,0,0.11
4,"Belen",34.6481124155284,-106.737727748983,1998-12-01,12,1998,1.4,4.1,14.04,0,0,0,.,.,.,0,2.63,0.53,0.17,.,.,.,.,.,0.01
4,"Belen",34.6481124155284,-106.737727748983,1999-12-01,12,1999,1.55,4.79,24.44,0,0,0,.,.,.,0,4.24,0.62,0.21,.,.,.,.,.,0.02
4,"Belen",34.6481124155284,-106.737727748983,2000-12-01,12,2000,5.78,2.17,6.32,0,0,0,.,.,.,0,4.32,0.28,0.95,.,.,.,.,.,2
4,"Belen",34.6481124155284,-106.737727748983,2001-12-01,12,2001,.,.,.,.,.,.,.,.,.,.,.,.,.,.,.,.,.,.,.
4,"Belen",34.6481124155284,-106.737727748983,2002-12-01,12,2002,2.32,0.17,4,0,0,0,.,.,.,0,1.37,0.02,0.26,.,.,.,.,.,0.28
4,"Belen",34.6481124155284,-106.737727748983,2003-12-01,12,2003,54.02,0.79,15,0,0,0,.,.,.,0,10.28,0.1,8.16,.,.,.,.,.,0.06
4,"Belen",34.6481124155284,-106.737727748983,2004-12-01,12,2004,21.09,0.79,12,0,0,0,.,.,.,0,5.31,0.1,0.58,.,.,.,.,.,0.76
4,"Belen",34.6481124155284,-106.737727748983,2005-12-01,12,2005,113.5,1.46,28.03,0.01,0,0,.,.,.,0,19.31,0.19,2.73,.,.,.,.,.,0.34
4,"Belen",34.6481124155284,-106.737727748983,2006-12-01,12,2006,1.01,0,6.24,0,0,0,.,.,.,0,1.29,0.02,0.62,.,.,.,.,.,0.18
4,"Belen",34.6481124155284,-106.737727748983,2007-12-01,12,2007,98.69,0.62,28.01,0,0,0,.,.,.,0,16.91,0.08,2.02,0,0.31,0,.,0,0.04
4,"Belen",34.6481124155284,-106.737727748983,2008-12-01,12,2008,35.39,0.54,4.79,0,0,0,.,.,.,0,5.54,0.07,1.39,0,0,0.02,.,0,0
4,"Belen",34.6481124155284,-106.737727748983,2009-12-01,12,2009,67.78,1.62,11.85,0,0,0,.,.,.,0,11.05,0.21,2.16,0.25,0.01,0.55,.,0,0.1
4,"Belen",34.6481124155284,-106.737727748983,2010-12-01,12,2010,56.01,2.63,11,0.01,0,0,.,.,.,0,9.37,0.34,1.62,0.09,0.01,0.31,.,0,0.05
4,"Belen",34.6481124155284,-106.737727748983,2011-12-01,12,2011,36.16,1.61,5,0.01,0,0,.,.,.,0,6.5,0.21,6.47,0.01,0,0.08,.,0,0.01
4,"Belen",34.6481124155284,-106.737727748983,2012-12-01,12,2012,74.7,1.98,8.06,0,0,0,.,.,.,0,11.38,0.26,1.3,0,0,1.11,.,0,0.14
4,"Belen",34.6481124155284,-106.737727748983,2013-12-01,12,2013,27.38,1.47,8.16,0,0,0,.,.,.,0,5.01,0.19,1.03,0.1,0,0,.,0,0.01
4,"Belen",34.6481124155284,-106.737727748983,2014-12-01,12,2014,33.85,0.32,7.92,0,0,0,.,.,.,0,5.55,0.04,0.17,0.03,0,0,.,0,0
4,"Belen",34.6481124155284,-106.737727748983,2015-12-01,12,2015,9.09,0.15,7.32,0,0,0,.,.,.,0,2.28,0.02,0.41,0,0,0,.,0,0
4,"Belen",34.6481124155284,-106.737727748983,2016-12-01,12,2016,75.16,0.32,7.78,0,0,0,.,.,.,0,11.18,0.04,0.42,0.34,0,0.23,.,0,0.08
4,"Belen",34.6481124155284,-106.737727748983,2017-12-01,12,2017,18.31,0.09,5.17,0,0,0,.,.,.,0,3.13,0.01,0.39,0,0,0,0,0,0
4,"Belen",34.6481124155284,-106.737727748983,2018-12-01,12,2018,92.92,0.01,7.23,0,0,0,.,.,.,0,13.95,0.04,5.71,0.02,0,0,0,0,0
4,"Belen",34.6481124155284,-106.737727748983,2019-12-01,12,2019,75.39,0.01,4.71,0,0,0,.,.,.,0,10.98,0.01,3.55,0.02,0,0,0,0,0
4,"Belen",34.6481124155284,-106.737727748983,2020-12-01,12,2020,16.62,0,3.26,0,0,0.01,.,.,.,0,2.72,0,0.1,0.09,0,0.4,0,0,0.06
4,"Belen",34.6481124155284,-106.737727748983,2021-12-01,12,2021,86.77,0.08,7.55,0,0,0,.,.,.,0,12.43,0.01,0.34,0.35,0,0,0,0,0.06
4,"Belen",34.6481124155284,-106.737727748983,2022-12-01,12,2022,16.23,0.01,4.92,0,0,0,.,.,.,0,3.03,0.06,0.86,0.46,0,0.15,0,0,0.08
4,"Belen",34.6481124155284,-106.737727748983,2023-12-01,12,2023,66.07,0,3.94,0,0.01,0,0,0,0.43,0,9.57,0,0.88,0.12,0,0.01,0,0,0.03
4,"Belen",34.6481124155284,-106.737727748983,2024-12-01,12,2024,37.85,.,0.79,0.02,0,0,0,0.01,0.01,0,5.07,0,0.03,0.01,0.02,0.02,0,0,0.01
5,"Santa Ana",35.34284,-106.5458,2000-01-01,1,2000,52.82,0,0,0,0,0,.,.,.,0,39.02,0,234.23,.,.,.,.,.,0.07
5,"Santa Ana",35.34284,-106.5458,2001-01-01,1,2001,100.77,0,0,0,0,0,.,.,.,0,13.25,0,0.05,.,.,.,.,.,0
5,"Santa Ana",35.34284,-106.5458,2002-01-01,1,2002,147.95,0,0,0,0,0,.,.,.,0,19.56,0,0.8,.,.,.,.,.,0.01
5,"Santa Ana",35.34284,-106.5458,2003-01-01,1,2003,182.31,0,0,0,0,0,.,.,.,0,24.41,0,4.77,.,.,.,.,.,0
5,"Santa Ana",35.34284,-106.5458,2004-01-01,1,2004,.,.,.,.,.,.,.,.,.,.,.,.,.,.,.,.,.,.,.
5,"Santa Ana",35.34284,-106.5458,2005-01-01,1,2005,229.23,0,0,0,0,0,.,.,.,0,33.84,0,19.4,.,.,.,.,.,1.22
5,"Santa Ana",35.34284,-106.5458,2006-01-01,1,2006,109.08,0,0.08,0,0,0,.,.,.,0,14.8,0,4.1,.,.,.,.,.,0.04
5,"Santa Ana",35.34284,-106.5458,2007-01-01,1,2007,.,.,.,.,.,.,.,.,.,.,.,.,.,.,.,.,.,.,.
5,"Santa Ana",35.34284,-106.5458,2008-01-01,1,2008,.,.,.,.,.,.,.,.,.,.,.,.,.,.,.,.,.,.,.
5,"Santa Ana",35.34284,-106.5458,2009-01-01,1,2009,32.65,0,0.01,0,0,0,.,.,.,0,4.29,0,0.09,0,0,0,.,0,0
5,"Santa Ana",35.34284,-106.5458,2010-01-01,1,2010,29.62,0,0,0,0,0.08,.,.,.,0,4.32,0,2.74,0,0,0,.,0,0
5,"Santa Ana",35.34284,-106.5458,2011-01-01,1,2011,13.15,0,0,0,0,0,.,.,.,0,2.81,0,8.38,0.01,0,0,.,0,0
5,"Santa Ana",35.34284,-106.5458,2012-01-01,1,2012,4.34,0,0,0,0,0,.,.,.,0,0.85,0,0.65,0.02,0,0,.,0,0
5,"Santa Ana",35.34284,-106.5458,2013-01-01,1,2013,17,0,0,0,0,0,.,.,.,0,2.25,0,0.08,0,0,0,.,0,0.03
5,"Santa Ana",35.34284,-106.5458,2014-01-01,1,2014,4.77,0,0,0,0,0,.,.,.,0,1.14,0,3.62,0,0,0,.,0,0.04
5,"Santa Ana",35.34284,-106.5458,2015-01-01,1,2015,11.7,0,0,0,0,0,.,.,.,0,1.58,0,0.01,0,0,0,.,0,0
5,"Santa Ana",35.34284,-106.5458,2016-01-01,1,2016,20.85,0.24,0,0,0,0,.,.,.,0,2.86,0.03,0.34,0,0.09,0,.,0,0.01
5,"Santa Ana",35.34284,-106.5458,2017-01-01,1,2017,12.92,0,0,0,0,0,.,.,.,0,1.71,0,0.03,0.03,0,0,0,0,0
5,"Santa Ana",35.34284,-106.5458,2018-01-01,1,2018,40.61,0,0,0,0,0,.,.,.,0,6.89,0,12.23,0,0,0,0,0,0
5,"Santa Ana",35.34284,-106.5458,2019-01-01,1,2019,6.77,0,0,0,0,0,.,.,.,0,0.89,0,0,0.01,0,0.02,0,0,0.01
5,"Santa Ana",35.34284,-106.5458,2020-01-01,1,2020,23.08,0.02,0,0,0,0,.,.,.,0,4.83,0,12.55,0,0,0,0,0,0.01
5,"Santa Ana",35.34284,-106.5458,2021-01-01,1,2021,9.94,0,0,0,0,0,.,.,.,0,1.6,0,1.02,0,0,0,0,0,0
5,"Santa Ana",35.34284,-106.5458,2022-01-01,1,2022,4.16,0,0.02,0,0,0,.,.,.,0,0.57,0,0.09,0,0,0,0,0,0
5,"Santa Ana",35.34284,-106.5458,2023-01-01,1,2023,6.02,.,0,0,0,0.01,.,.,0,0,40.84,0,307.86,0,0,0,0,0,0.02
5,"Santa Ana",35.34284,-106.5458,2024-01-01,1,2024,23.46,.,0,0,0,0,0,0,0,0,3.17,0,0.34,0,0,0,0,0,0.03
5,"Santa Ana",35.34284,-106.5458,2000-02-01,2,2000,14.54,0,0,0,0,0,.,.,.,0,1.92,0,0.23,.,.,.,.,.,0
5,"Santa Ana",35.34284,-106.5458,2001-02-01,2,2001,95.38,0,0,0,0,0.01,.,.,.,0,12.72,0,1.94,.,.,.,.,.,0.04
5,"Santa Ana",35.34284,-106.5458,2002-02-01,2,2002,65.61,0,0,0,0,0,.,.,.,0,9,0,3.62,.,.,.,.,.,0
5,"Santa Ana",35.34284,-106.5458,2003-02-01,2,2003,105,0,0,0,0,0,.,.,.,0,14.16,0,3.77,.,.,.,.,.,0
5,"Santa Ana",35.34284,-106.5458,2004-02-01,2,2004,.,.,.,.,.,.,.,.,.,.,.,.,.,.,.,.,.,.,.
5,"Santa Ana",35.34284,-106.5458,2005-02-01,2,2005,18.69,0,0,0,0,0,.,.,.,0,2.43,0,0,.,.,.,.,.,0
5,"Santa Ana",35.34284,-106.5458,2006-02-01,2,2006,56.31,0,0,0,0,0,.,.,.,0,9.53,0,16.39,.,.,.,.,.,0.06
5,"Santa Ana",35.34284,-106.5458,2007-02-01,2,2007,.,.,.,.,.,.,.,.,.,.,.,.,.,.,.,.,.,.,.
5,"Santa Ana",35.34284,-106.5458,2008-02-01,2,2008,.,.,.,.,.,.,.,.,.,.,.,.,.,.,.,.,.,.,.
5,"Santa Ana",35.34284,-106.5458,2009-02-01,2,2009,45.92,0,0,0,0,0,.,.,.,0,6.02,0,0.08,0,0,0,.,0,0
5,"Santa Ana",35.34284,-106.5458,2010-02-01,2,2010,.,.,.,.,.,.,.,.,.,.,.,.,.,.,.,.,.,.,.
5,"Santa Ana",35.34284,-106.5458,2011-02-01,2,2011,11.92,0,0,0,0,0,.,.,.,0,2.34,0,6,0,0,0,.,0,0.01
5,"Santa Ana",35.34284,-106.5458,2012-02-01,2,2012,8.01,0,0,0,0,0,.,.,.,0,1.1,0,0.46,0,0,0,.,0,0
5,"Santa Ana",35.34284,-106.5458,2013-02-01,2,2013,36.08,0,0,0,0,0,.,.,.,0,4.81,0,0.92,0,0,0,.,0,0
5,"Santa Ana",35.34284,-106.5458,2014-02-01,2,2014,6.32,0,0,0,0,0,.,.,.,0,1.09,0,1.33,0.02,0,0,.,0,0.01
5,"Santa Ana",35.34284,-106.5458,2015-02-01,2,2015,5.39,0,0,0,0,0,.,.,.,0,0.75,0,0.34,0,0,0,.,0,0
5,"Santa Ana",35.34284,-106.5458,2016-02-01,2,2016,11,0.02,0,0,0,0,.,.,.,0,1.66,0,0.76,0.01,0.01,0,.,0,0.01
5,"Santa Ana",35.34284,-106.5458,2017-02-01,2,2017,19.7,0,0,0,0,0,.,.,.,0,3.51,0,6.62,0.02,0,0,0,0,0
5,"Santa Ana",35.34284,-106.5458,2018-02-01,2,2018,27.31,0,0,0,0,0,.,.,.,0,3.63,0,0.32,0,0,0,0.01,0,0
5,"Santa Ana",35.34284,-106.5458,2019-02-01,2,2019,8.02,0,0.01,0,0,0,.,.,.,0,5.32,0,31.94,0.01,0,0.01,0,0,0.01
5,"Santa Ana",35.34284,-106.5458,2020-02-01,2,2020,15.85,0,0,0,0,0,.,.,.,0,2.78,0,0.63,0.02,4.31,0,0,0,0.57
5,"Santa Ana",35.34284,-106.5458,2021-02-01,2,2021,3.71,0,0,0,0,0,.,.,.,0,0.52,0,0.2,0.02,0,0,0,0,0.01
5,"Santa Ana",35.34284,-106.5458,2022-02-01,2,2022,19.38,0,0,0,0,0,.,.,.,0,2.57,0,0.1,0.01,0,0,0,0,0
5,"Santa Ana",35.34284,-106.5458,2023-02-01,2,2023,45.92,.,0,0,0,0,.,.,0,0,10.52,0,28.01,0.02,0,0,0,0,0.63
5,"Santa Ana",35.34284,-106.5458,2024-02-01,2,2024,6.54,.,0,0,0,0,0,0,0,0,0.86,0,0,0,0,0,0,0,0
5,"Santa Ana",35.34284,-106.5458,2000-03-01,3,2000,195.31,0,0.15,0,0,0,.,.,.,0,25.53,0,1.17,.,.,.,.,.,0
5,"Santa Ana",35.34284,-106.5458,2001-03-01,3,2001,109.69,0,0,1,0,0,.,.,.,0,17.47,0,4.62,.,.,.,.,.,0
5,"Santa Ana",35.34284,-106.5458,2002-03-01,3,2002,126.41,0,0,0,0,0,.,.,.,0,17.27,0,6.42,.,.,.,.,.,0
5,"Santa Ana",35.34284,-106.5458,2003-03-01,3,2003,.,.,.,.,.,.,.,.,.,.,.,.,.,.,.,.,.,.,.
5,"Santa Ana",35.34284,-106.5458,2004-03-01,3,2004,30.85,0,0,0,0,0,.,.,.,0,4.33,0,2.24,.,.,.,.,.,0.02
5,"Santa Ana",35.34284,-106.5458,2005-03-01,3,2005,.,.,.,.,.,.,.,.,.,.,.,.,.,.,.,.,.,.,.
5,"Santa Ana",35.34284,-106.5458,2006-03-01,3,2006,21.07,0,0,0,0,0,.,.,.,0,8.09,0,9.75,.,.,.,.,.,3.86
5,"Santa Ana",35.34284,-106.5458,2007-03-01,3,2007,.,.,.,.,.,.,.,.,.,.,.,.,.,.,.,.,.,.,.
5,"Santa Ana",35.34284,-106.5458,2008-03-01,3,2008,.,.,.,.,.,.,.,.,.,.,.,.,.,.,.,.,.,.,.
5,"Santa Ana",35.34284,-106.5458,2009-03-01,3,2009,.,.,.,.,.,.,.,.,.,.,.,.,.,.,.,.,.,.,.
5,"Santa Ana",35.34284,-106.5458,2010-03-01,3,2010,23.08,0,0,0,0,0,.,.,.,0,3.68,0,4.32,0.02,0.01,0,.,0,0
5,"Santa Ana",35.34284,-106.5458,2011-03-01,3,2011,24.69,0,0,0.01,0,0,.,.,.,0,3.44,0,1.4,0.02,0.01,0,.,0,0
5,"Santa Ana",35.34284,-106.5458,2012-03-01,3,2012,43.48,0,0,0,0,0,.,.,.,0,10.13,0,34.39,0,0,0,.,0,0
5,"Santa Ana",35.34284,-106.5458,2013-03-01,3,2013,5.47,0,0,0,0,0,.,.,.,0,0.78,0,0.27,0,0,0,.,0,0
5,"Santa Ana",35.34284,-106.5458,2014-03-01,3,2014,3.78,0,0,0,0,0,.,.,.,0,0.53,0,0.09,0,0,0,.,0,0
5,"Santa Ana",35.34284,-106.5458,2015-03-01,3,2015,9.77,0,0,0,0,0,.,.,.,0,9.08,0,60.09,0,0,0,.,0,0.01
5,"Santa Ana",35.34284,-106.5458,2016-03-01,3,2016,8.77,0,0,0,0,0,.,.,.,0,1.3,0,0.1,0.02,0,0,.,0,0.01
5,"Santa Ana",35.34284,-106.5458,2017-03-01,3,2017,8.56,0,0,0,0,0,.,.,.,0,2.24,0,6.63,0.02,0,0,0,0,0
5,"Santa Ana",35.34284,-106.5458,2018-03-01,3,2018,6.56,0,0,0,0,0,.,.,.,0,2.49,0,11.86,0,0,0.01,0,0,0
5,"Santa Ana",35.34284,-106.5458,2019-03-01,3,2019,2.86,0,0,0,0,0,.,.,.,0,0.55,0,0.69,0,0,0,0,0,0
5,"Santa Ana",35.34284,-106.5458,2020-03-01,3,2020,11.38,0,0,0,0,0,.,.,.,0,1.53,0,0.02,0.02,0,0,0,0,0
5,"Santa Ana",35.34284,-106.5458,2021-03-01,3,2021,3.31,0,0,0.01,0,0,.,.,.,0,0.48,0,0.02,0.04,0,0,0,0,0
5,"Santa Ana",35.34284,-106.5458,2022-03-01,3,2022,.,.,.,.,.,.,.,.,.,.,.,.,.,.,.,.,.,.,0
5,"Santa Ana",35.34284,-106.5458,2023-03-01,3,2023,29.17,.,0,0,0,0.01,.,.,0,0,5.25,0,9.17,0.02,0,0,0,0,0.08
5,"Santa Ana",35.34284,-106.5458,2024-03-01,3,2024,99.39,.,0,0,0,0.02,0,0,0,0,22.75,0,63.86,0.01,0,0,0,0,0.02
5,"Santa Ana",35.34284,-106.5458,2000-04-01,4,2000,.,.,.,.,.,.,.,.,.,.,.,.,.,.,.,.,.,.,.
5,"Santa Ana",35.34284,-106.5458,2001-04-01,4,2001,139.84,0,0.01,0.23,0,0,.,.,.,0,22.07,0,18.62,.,.,.,.,.,0.9
5,"Santa Ana",35.34284,-106.5458,2002-04-01,4,2002,34.44,0,0,0,0,0,.,.,.,0,5.56,0,5.9,.,.,.,.,.,0.36
5,"Santa Ana",35.34284,-106.5458,2003-04-01,4,2003,27.92,0,0,0.01,0,0,.,.,.,0,7.75,0,14,.,.,.,.,.,2.24
5,"Santa Ana",35.34284,-106.5458,2004-04-01,4,2004,.,.,.,.,.,.,.,.,.,.,.,.,.,.,.,.,.,.,.
5,"Santa Ana",35.34284,-106.5458,2005-04-01,4,2005,258.29,0,0,0,0,0,.,.,.,0,37.77,0,19.06,.,.,.,.,.,1.72
5,"Santa Ana",35.34284,-106.5458,2006-04-01,4,2006,20.69,0,0,0,0,0,.,.,.,0,2.95,0,1.54,.,.,.,.,.,0.06
5,"Santa Ana",35.34284,-106.5458,2007-04-01,4,2007,.,.,.,.,.,.,.,.,.,.,.,.,.,.,.,.,.,.,.
5,"Santa Ana",35.34284,-106.5458,2008-04-01,4,2008,.,.,.,.,.,.,.,.,.,.,.,.,.,.,.,.,.,.,.
5,"Santa Ana",35.34284,-106.5458,2009-04-01,4,2009,82.15,0.01,0,0,0,0,.,.,.,0,11.54,0,0.69,3.62,0.02,0,.,0,0.47
5,"Santa Ana",35.34284,-106.5458,2010-04-01,4,2010,70.16,0,0,0,0,0,.,.,.,0,11.84,0,1.63,5.01,9.15,0,.,0,1.84
5,"Santa Ana",35.34284,-106.5458,2011-04-01,4,2011,49.24,0,0,0,0,0,.,.,.,0,9.91,0,11.54,13.23,0,0,.,0,1.77
5,"Santa Ana",35.34284,-106.5458,2012-04-01,4,2012,5.24,0,0,0,0,0,.,.,.,0,2.67,0,0.1,15.08,0,0,.,0,1.96
5,"Santa Ana",35.34284,-106.5458,2013-04-01,4,2013,24.62,0,0,0,0,0,.,.,.,0,5.16,0,8.77,5.41,0,0,.,0,0.72
5,"Santa Ana",35.34284,-106.5458,2014-04-01,4,2014,4.38,0,0,0,0,0,.,.,.,0,1.54,0,5.4,1.4,0,0,.,0,0.18
5,"Santa Ana",35.34284,-106.5458,2015-04-01,4,2015,5.47,0,0,0,0,0,.,.,.,0,18.36,0,128.32,6.78,0,0,.,0,0.94
5,"Santa Ana",35.34284,-106.5458,2016-04-01,4,2016,26.78,0,0,0,0,0,.,.,.,0,279.48,0,2085.96,13.94,0,0,.,0,2.69
5,"Santa Ana",35.34284,-106.5458,2017-04-01,4,2017,1.8,0,0,0,0,0,.,.,.,0,2.29,0,0.26,15.46,0,0,0.02,0,0
5,"Santa Ana",35.34284,-106.5458,2018-04-01,4,2018,3.86,0,0,0,0,0,.,.,.,0,4.47,0,18.02,10.93,0,0,0,0,1.42
5,"Santa Ana",35.34284,-106.5458,2019-04-01,4,2019,2.49,0,0,0,0,0,.,.,.,0,0.97,0,2.32,2.09,0,0,0,0,0.27
5,"Santa Ana",35.34284,-106.5458,2021-04-01,4,2021,1.34,0,0,0,0,0,.,.,.,0,7.44,0,51.33,4.09,0,0,0,0,0.53
5,"Santa Ana",35.34284,-106.5458,2022-04-01,4,2022,1.08,0,0,0,0,0,.,.,.,0,1.04,0,2.24,3,0,0,0.02,0,0.59
5,"Santa Ana",35.34284,-106.5458,2023-04-01,4,2023,1.67,0,0.01,0,0,0,0,0,0,0,0.46,0,0.28,0.03,0,0,0,0,0
5,"Santa Ana",35.34284,-106.5458,2024-04-01,4,2024,4.55,.,0,0,0,0,0,0,0,0,2.87,0,5.62,8.23,0,0,0,0,1.07
5,"Santa Ana",35.34284,-106.5458,2000-05-01,5,2000,29.23,0,0,0,0,0,.,.,.,0,7.48,0,10.54,.,.,.,.,.,2.3
5,"Santa Ana",35.34284,-106.5458,2001-05-01,5,2001,119.69,0.02,0.01,0,0,0,.,.,.,0,21.03,0,30.24,.,.,.,.,.,1.48
5,"Santa Ana",35.34284,-106.5458,2002-05-01,5,2002,8.46,0,0,0,0,0,.,.,.,0,1.1,0,0,.,.,.,.,.,0
5,"Santa Ana",35.34284,-106.5458,2003-05-01,5,2003,56.69,0,0,0.02,0,0,.,.,.,0,7.37,0,0.02,.,.,.,.,.,0.01
5,"Santa Ana",35.34284,-106.5458,2004-05-01,5,2004,.,.,.,.,.,.,.,.,.,.,.,.,.,.,.,.,.,.,.
5,"Santa Ana",35.34284,-106.5458,2005-05-01,5,2005,21.97,0,0,0,0,0,.,.,.,0,3.68,0,6.58,.,.,.,.,.,0
5,"Santa Ana",35.34284,-106.5458,2006-05-01,5,2006,.,.,.,.,.,.,.,.,.,.,.,.,.,.,.,.,.,.,.
5,"Santa Ana",35.34284,-106.5458,2007-05-01,5,2007,22.31,0,0,0,0,0,.,.,.,0,7.85,0,6.56,30.85,0,0,.,0,4.01
5,"Santa Ana",35.34284,-106.5458,2008-05-01,5,2008,.,.,.,.,.,.,.,.,.,.,.,.,.,.,.,.,.,.,.
5,"Santa Ana",35.34284,-106.5458,2009-05-01,5,2009,.,.,.,.,.,.,.,.,.,.,.,.,.,.,.,.,.,.,.
5,"Santa Ana",35.34284,-106.5458,2010-05-01,5,2010,25.08,0,0,0,0,0,.,.,.,0,14.25,0,60.01,18.77,0,0,.,0,2.44
5,"Santa Ana",35.34284,-106.5458,2011-05-01,5,2011,14.08,0,0,0,0,0,.,.,.,0,5.93,0,16.93,14.31,0,0,.,0,1.87
5,"Santa Ana",35.34284,-106.5458,2012-05-01,5,2012,10.03,0,0,0,0,0,.,.,.,0,2.15,0,3.95,1.86,0,0,.,0,0.24
5,"Santa Ana",35.34284,-106.5458,2013-05-01,5,2013,8.15,0,0,0,0,0,.,.,.,0,2.79,0,1.16,10.85,0,0,.,0,1.41
5,"Santa Ana",35.34284,-106.5458,2014-05-01,5,2014,1.36,0,0,0,0,0,.,.,.,0,2.07,0,10.72,3.1,0,0,.,0,0.4
5,"Santa Ana",35.34284,-106.5458,2015-05-01,5,2015,2.24,0,0,0,0,0,.,.,.,0,3.28,0,20.39,2.32,0,0,.,0,0.3
5,"Santa Ana",35.34284,-106.5458,2016-05-01,5,2016,14.02,0.01,0,0,0,0,.,.,.,0,3.03,0,3.66,4.72,0,0,.,0,0
5,"Santa Ana",35.34284,-106.5458,2017-05-01,5,2017,1.71,0,0,0,0,0.01,.,.,.,0,2.66,0,12.54,5.62,0,0,0,0,0.73
5,"Santa Ana",35.34284,-106.5458,2018-05-01,5,2018,2.03,0,0,0,0,0,.,.,.,0,2.51,0,5.4,11.47,0,0,0,0,1.49
5,"Santa Ana",35.34284,-106.5458,2019-05-01,5,2019,1.28,0.01,0,0,0,0,.,.,.,0,14.93,0,99.47,12.16,0,0,0,0,1.59
5,"Santa Ana",35.34284,-106.5458,2021-05-01,5,2021,2.16,0,0,0,0,0,.,.,.,0,2.46,0,2.16,13.92,0,0.01,0,0,1.81
5,"Santa Ana",35.34284,-106.5458,2022-05-01,5,2022,3.15,0,0,0,0,0,.,.,.,0,1.82,0,1,9.85,0,0,0,0,1.28
5,"Santa Ana",35.34284,-106.5458,2023-05-01,5,2023,2.8,0,0,0,0,0.01,0,0,0,0,1.27,0,1.16,5.55,0,0,0.01,0,0.72
5,"Santa Ana",35.34284,-106.5458,2024-05-01,5,2024,0.5,.,0,0,0,0,0,0,0,0,4.88,0,24.56,8.47,0,0,0,0,1.1
5,"Santa Ana",35.34284,-106.5458,2000-06-01,6,2000,29.31,0,0,0,0,0,.,.,.,0,5.25,0,3.46,.,.,.,.,.,0.85
5,"Santa Ana",35.34284,-106.5458,2001-06-01,6,2001,21.78,0,0,0,0,0,.,.,.,0,9.43,0,43.92,.,.,.,.,.,0.85
5,"Santa Ana",35.34284,-106.5458,2002-06-01,6,2002,155.77,0,0,0,0,0,.,.,.,0,27,0,20.69,.,.,.,.,.,3.99
5,"Santa Ana",35.34284,-106.5458,2003-06-01,6,2003,132.23,0,0,0,0,0,.,.,.,0,22.69,0,24.55,.,.,.,.,.,2.13
5,"Santa Ana",35.34284,-106.5458,2004-06-01,6,2004,.,.,.,.,.,.,.,.,.,.,.,.,.,.,.,.,.,.,.
5,"Santa Ana",35.34284,-106.5458,2005-06-01,6,2005,20.54,0,0,0,0,0,.,.,.,0,2.74,0,0.54,.,.,.,.,.,0
5,"Santa Ana",35.34284,-106.5458,2006-06-01,6,2006,74.77,0,0,0,0,0,.,.,.,0,27.16,0,118.08,.,.,.,.,.,3
5,"Santa Ana",35.34284,-106.5458,2007-06-01,6,2007,.,.,.,.,.,.,.,.,.,.,.,.,.,.,.,.,.,.,.
5,"Santa Ana",35.34284,-106.5458,2008-06-01,6,2008,25.61,0,0,0,0,0,.,.,.,0,9.55,0,8.54,37.54,0,0,.,0,5.05
5,"Santa Ana",35.34284,-106.5458,2009-06-01,6,2009,11.94,0,0,0,0,0.02,.,.,.,0,24.29,0,143.64,28.62,0,0,.,0,3.72
5,"Santa Ana",35.34284,-106.5458,2010-06-01,6,2010,6.54,0,0,0,0,0,.,.,.,0,4.01,0,6.39,6.46,0.32,0,.,0,0.88
5,"Santa Ana",35.34284,-106.5458,2011-06-01,6,2011,6.54,0,0,0.92,0,0,.,.,.,0,6.9,0,21.85,10.15,0,0,.,0,1.5
5,"Santa Ana",35.34284,-106.5458,2012-06-01,6,2012,5.08,0,0,0,0,0,.,.,.,0,1.91,0,1.16,2.39,0,0,.,0,1.1
5,"Santa Ana",35.34284,-106.5458,2013-06-01,6,2013,9.85,0,0,0.01,0,0,.,.,.,0,2.02,0,3.25,1.33,0,0,.,0,0.17
5,"Santa Ana",35.34284,-106.5458,2014-06-01,6,2014,3.08,0,0.01,0,0,0,.,.,.,0,2.23,0,7.86,0.49,0,0,.,0,0.7
5,"Santa Ana",35.34284,-106.5458,2015-06-01,6,2015,3.47,0,0,0,0,0,.,.,.,0,2.04,0,2.65,1.85,0,0,.,0,1.17
5,"Santa Ana",35.34284,-106.5458,2016-06-01,6,2016,4.09,0,0,0,0,0,.,.,.,0,5.24,0,28.63,4.41,0,0,0,0.01,0.22
5,"Santa Ana",35.34284,-106.5458,2017-06-01,6,2017,0.95,0,0,0,0,0.01,.,.,.,0,9.33,0,59.41,5.7,0,0.01,0,0,0.65
5,"Santa Ana",35.34284,-106.5458,2018-06-01,6,2018,1.32,0,0,0,0,0,.,.,.,0,1.76,0,4.27,6.39,0,0,0,0,0.99
5,"Santa Ana",35.34284,-106.5458,2019-06-01,6,2019,0.79,0,0,0,0,0,.,.,.,0,28.2,0,201.32,3.47,0,0,0,0,1.87
5,"Santa Ana",35.34284,-106.5458,2021-06-01,6,2021,2.48,0,0,0,0,0,.,.,.,0,1.2,0,2.89,2.62,0,0,0,0,0.38
5,"Santa Ana",35.34284,-106.5458,2022-06-01,6,2022,0.9,0,0,0.01,0,0,.,.,.,0,0.54,0,0.88,1.81,0,0,0,0,0.24
5,"Santa Ana",35.34284,-106.5458,2023-06-01,6,2023,0.26,0,0,0,0,0,0,0,0,0,0.73,0,0.34,3.26,0,0,0,0,0.58
5,"Santa Ana",35.34284,-106.5458,2024-06-01,6,2024,0.04,.,0,0,0,0,0,0,0,0,0.95,0,1.57,1.8,0,0,0,0,0.66
5,"Santa Ana",35.34284,-106.5458,2000-07-01,7,2000,24.32,0,0.02,0,0,0,.,.,.,0,5.02,0,6.38,.,.,.,.,.,0.93
5,"Santa Ana",35.34284,-106.5458,2001-07-01,7,2001,.,.,.,.,.,.,.,.,.,.,.,.,.,.,.,.,.,.,.
5,"Santa Ana",35.34284,-106.5458,2002-07-01,7,2002,22.22,0,0.01,0,0,0,.,.,.,0,3.54,0,3.59,.,.,.,.,.,0.17
5,"Santa Ana",35.34284,-106.5458,2003-07-01,7,2003,23.46,0,0,0,0,0,.,.,.,0,3.07,0,0,.,.,.,.,.,0
5,"Santa Ana",35.34284,-106.5458,2004-07-01,7,2004,.,.,.,.,.,.,.,.,.,.,.,.,.,.,.,.,.,.,.
5,"Santa Ana",35.34284,-106.5458,2005-07-01,7,2005,25.92,0,0,0,0,0,.,.,.,0,4.38,0,1.31,.,.,.,.,.,0.85
5,"Santa Ana",35.34284,-106.5458,2006-07-01,7,2006,.,.,.,.,.,.,.,.,.,.,.,.,.,.,.,.,.,.,.
5,"Santa Ana",35.34284,-106.5458,2007-07-01,7,2007,.,.,.,.,.,.,.,.,.,.,.,.,.,.,.,.,.,.,.
5,"Santa Ana",35.34284,-106.5458,2008-07-01,7,2008,5.3,0,0,0,0,0,.,.,.,0,3.7,0,10.44,10.6,0,0,.,0,1.54
5,"Santa Ana",35.34284,-106.5458,2009-07-01,7,2009,16.54,0,0,0,0,0,.,.,.,0,4.23,0,1.57,10.09,0,0,.,0,1.54
5,"Santa Ana",35.34284,-106.5458,2010-07-01,7,2010,59.32,0,0,0.43,0,0,.,.,.,0,10.7,0,2.91,14.62,0,0,.,0,2.27
5,"Santa Ana",35.34284,-106.5458,2011-07-01,7,2011,2.54,0,0,0,0,0,.,.,.,0,1.52,0,4.26,2.34,0,0,.,0,0.6
5,"Santa Ana",35.34284,-106.5458,2012-07-01,7,2012,52.15,0,0,0,0,0,.,.,.,0,8.02,0,3.87,0.85,0,0,.,0,0.68
5,"Santa Ana",35.34284,-106.5458,2013-07-01,7,2013,15.08,0,0,0.01,0,0,.,.,.,0,3.72,0,11.12,1.71,0,0,.,0,0.22
5,"Santa Ana",35.34284,-106.5458,2014-07-01,7,2014,1.49,0.01,0,0,0,0,.,.,.,0,1.08,0,1.9,0.04,0,0,.,0,0.57
5,"Santa Ana",35.34284,-106.5458,2015-07-01,7,2015,4.24,0,0,0,0,0,.,.,.,0,8.84,0,55.16,2.42,0,0,.,0,0.9
5,"Santa Ana",35.34284,-106.5458,2016-07-01,7,2016,1.79,0,0,0,0,0,.,.,.,0,20.92,0,151.42,6.63,0,0,0,0,0.07
5,"Santa Ana",35.34284,-106.5458,2017-07-01,7,2017,2.95,0,0,0,0,0,.,.,.,0,2.13,0,5.81,2.17,0,0,0,0,0.65
5,"Santa Ana",35.34284,-106.5458,2018-07-01,7,2018,0,0,0,0,0,0,.,.,.,0,0.87,0,2.47,2.7,0,0,0,0,0.35
5,"Santa Ana",35.34284,-106.5458,2019-07-01,7,2019,0.96,0.01,0.31,0,0,0,.,.,.,0,1.7,0,0.26,2.49,0,0,0,0,1.45
5,"Santa Ana",35.34284,-106.5458,2021-07-01,7,2021,1.02,0,0,0,0,0.01,.,.,.,0,2.22,0,5.94,9.69,0,0,0,0,1.26
5,"Santa Ana",35.34284,-106.5458,2022-07-01,7,2022,0.72,0,0,0,0,0,.,.,.,0,0.17,0,0.01,0.55,0,0,0,0,0.07
5,"Santa Ana",35.34284,-106.5458,2023-07-01,7,2023,0.79,0,0,0,0,0.01,0,0,0,0,0.72,0,2.65,0.77,0,0,0,0,0.22
5,"Santa Ana",35.34284,-106.5458,2024-07-01,7,2024,1.71,.,0,0,0,0,0,0,0,0,1.29,0,0.19,5.08,0,0,0,0,0.89
5,"Santa Ana",35.34284,-106.5458,1999-08-01,8,1999,1.72,0,0,0.31,0,0,.,.,.,0,6.92,0,47.57,.,.,.,.,.,0.42
5,"Santa Ana",35.34284,-106.5458,2000-08-01,8,2000,9.86,0,0.15,0,0,0,.,.,.,0,1.66,0,1.55,.,.,.,.,.,0.16
5,"Santa Ana",35.34284,-106.5458,2001-08-01,8,2001,25.39,0,0,0,0,0,.,.,.,0,20.11,0,123.8,.,.,.,.,.,0.66
5,"Santa Ana",35.34284,-106.5458,2002-08-01,8,2002,11.46,0,0,0,0,0,.,.,.,0,1.83,0,1.54,.,.,.,.,.,0.09
5,"Santa Ana",35.34284,-106.5458,2003-08-01,8,2003,41.38,0,0,0,0,0,.,.,.,0,5.45,0,0.55,.,.,.,.,.,0
5,"Santa Ana",35.34284,-106.5458,2004-08-01,8,2004,.,.,.,.,.,.,.,.,.,.,.,.,.,.,.,.,.,.,.
5,"Santa Ana",35.34284,-106.5458,2005-08-01,8,2005,21.62,0,0,0,0,0,.,.,.,0,4.99,0,2.82,.,.,.,.,.,1.64
5,"Santa Ana",35.34284,-106.5458,2006-08-01,8,2006,.,.,.,.,.,.,.,.,.,.,.,.,.,.,.,.,.,.,.
5,"Santa Ana",35.34284,-106.5458,2007-08-01,8,2007,.,.,.,.,.,.,.,.,.,.,.,.,.,.,.,.,.,.,.
5,"Santa Ana",35.34284,-106.5458,2008-08-01,8,2008,10.15,0,0,0,0,0,.,.,.,0,4.03,0,11.85,0,0,0,.,0,1.08
5,"Santa Ana",35.34284,-106.5458,2009-08-01,8,2009,18,0,0,0.01,0,0,.,.,.,0,2.69,0,1.41,0.34,0,0,.,0,0.16
5,"Santa Ana",35.34284,-106.5458,2010-08-01,8,2010,43.31,0,0,0,0,0,.,.,.,0,7.73,0,9.16,0.1,0,0,.,0,0.01
5,"Santa Ana",35.34284,-106.5458,2011-08-01,8,2011,2.18,0.01,0,0,0,0,.,.,.,0,2.14,0,12.34,0.22,0,0,.,0,0.17
5,"Santa Ana",35.34284,-106.5458,2012-08-01,8,2012,24.93,0,0,0,0,0,.,.,.,0,4.73,0,10.1,0,0,0,.,0,0
5,"Santa Ana",35.34284,-106.5458,2013-08-01,8,2013,7.38,0,0,0,0,0,.,.,.,0,1.2,0,1.55,0,0,0,.,0,0
5,"Santa Ana",35.34284,-106.5458,2014-08-01,8,2014,2.54,0,0,0,0,0,.,.,.,0,1.9,0,11.11,0.02,0,0,.,0,0.03
5,"Santa Ana",35.34284,-106.5458,2015-08-01,8,2015,3.09,0,0,0,0,0,.,.,.,0,1.79,0,1.65,0.01,0,0,.,0,0.58
5,"Santa Ana",35.34284,-106.5458,2016-08-01,8,2016,1.26,0,0,0,0,0,.,.,.,0,5.81,0,42.89,0.02,0,0,0,0,0
5,"Santa Ana",35.34284,-106.5458,2017-08-01,8,2017,7.4,0,0,0,0,0,.,.,.,0,2.28,0,8.96,0.03,0,0,0,0,0
5,"Santa Ana",35.34284,-106.5458,2018-08-01,8,2018,2.47,0,0,0.01,0,0,.,.,.,0,1.72,0,9.47,0.62,0,0,0,0,0.1
5,"Santa Ana",35.34284,-106.5458,2019-08-01,8,2019,0.72,0,0,0,0,0,.,.,.,0,0.29,0,0.26,0.09,0,0,0,0,0.02
5,"Santa Ana",35.34284,-106.5458,2021-08-01,8,2021,4.92,0,0,0,0,0,.,.,.,0,0.72,0,0.03,0.66,0,0,0,0,0.09
5,"Santa Ana",35.34284,-106.5458,2022-08-01,8,2022,2.39,0,0,0,0,0,.,.,.,0,0.97,0,4.86,0.09,0,0,0,0,0.01
5,"Santa Ana",35.34284,-106.5458,2023-08-01,8,2023,0.65,0,0.01,0,0,0,0,0,0,0,0.43,0,1.04,0.02,0,0,0,0,0.14
5,"Santa Ana",35.34284,-106.5458,2024-08-01,8,2024,0.71,.,0,0,0,0,0,0,0,0,0.23,0,0.57,0.12,0,0,0,0,0.02
5,"Santa Ana",35.34284,-106.5458,1999-09-01,9,1999,8.13,0,0,0,0,0,.,.,.,0,1.3,0,0.7,.,.,.,.,.,0.12
5,"Santa Ana",35.34284,-106.5458,2000-09-01,9,2000,17.55,0,0,0,0,0,.,.,.,0,2.76,0,2.4,.,.,.,.,.,0.14
5,"Santa Ana",35.34284,-106.5458,2001-09-01,9,2001,8.92,0,0,0,0,0,.,.,.,0,1.59,0,2.72,.,.,.,.,.,0.03
5,"Santa Ana",35.34284,-106.5458,2002-09-01,9,2002,4.02,0,0,0,0,0,.,.,.,0,0.58,0,0.19,.,.,.,.,.,0
5,"Santa Ana",35.34284,-106.5458,2003-09-01,9,2003,32.23,0,0,0,0,0,.,.,.,0,4.18,0,0.01,.,.,.,.,.,0
5,"Santa Ana",35.34284,-106.5458,2004-09-01,9,2004,.,.,.,.,.,.,.,.,.,.,.,.,.,.,.,.,.,.,.
5,"Santa Ana",35.34284,-106.5458,2005-09-01,9,2005,14.28,1.2,0,0,0,0,.,.,.,0,11.78,0.16,33.27,.,.,.,.,.,4.86
5,"Santa Ana",35.34284,-106.5458,2006-09-01,9,2006,.,.,.,.,.,.,.,.,.,.,.,.,.,.,.,.,.,.,.
5,"Santa Ana",35.34284,-106.5458,2007-09-01,9,2007,.,.,.,.,.,.,.,.,.,.,.,.,.,.,.,.,.,.,.
5,"Santa Ana",35.34284,-106.5458,2008-09-01,9,2008,2.35,0,0,0,0,0,.,.,.,0,1.1,0,5.78,0.03,0,0,.,0,0
5,"Santa Ana",35.34284,-106.5458,2009-09-01,9,2009,.,.,.,.,.,.,.,.,.,.,.,.,.,.,.,.,.,.,.
5,"Santa Ana",35.34284,-106.5458,2010-09-01,9,2010,9.93,0,0,0,0,0,.,.,.,0,1.42,0,0.17,0.16,0,0,.,0,0.04
5,"Santa Ana",35.34284,-106.5458,2011-09-01,9,2011,12.23,0,0,0,0,0,.,.,.,0,1.84,0,0.72,0.42,0,0,.,0,0.09
5,"Santa Ana",35.34284,-106.5458,2012-09-01,9,2012,25.31,0,0,0,0,0,.,.,.,0,3.38,0,0.11,0,0,0,.,0,0.01
5,"Santa Ana",35.34284,-106.5458,2013-09-01,9,2013,31.31,0,0,0,0,0,.,.,.,0,5.09,0,7.85,0.02,0,0,.,0,0
5,"Santa Ana",35.34284,-106.5458,2014-09-01,9,2014,2.32,0,0,0,0,0,.,.,.,0,0.39,0,0.58,0,0,0,.,0,0
5,"Santa Ana",35.34284,-106.5458,2015-09-01,9,2015,4.47,0,0,0,0.01,0,.,.,.,0,109.41,0,832.58,0.39,0,0,.,0,0.13
5,"Santa Ana",35.34284,-106.5458,2016-09-01,9,2016,2.24,0,0,0,0,0,.,.,.,0,1.46,0,8.9,0.02,0,0,0,0,0
5,"Santa Ana",35.34284,-106.5458,2017-09-01,9,2017,1.87,0,0,0,0,0,.,.,.,0,1.54,0,9.79,0.02,0,0,0,0,0.01
5,"Santa Ana",35.34284,-106.5458,2018-09-01,9,2018,2.4,0,0,0,0,0,.,.,.,0,0.83,0,3.54,0,0,0,0,0,0.01
5,"Santa Ana",35.34284,-106.5458,2019-09-01,9,2019,0.57,0,0,0,0,0,.,.,.,0,0.11,0,0.01,0.01,0,0,0,0,0.01
5,"Santa Ana",35.34284,-106.5458,2021-09-01,9,2021,36.62,0,0.01,0,0,0,.,.,.,0,4.87,0,0.7,0.02,0,0,0,0,0
5,"Santa Ana",35.34284,-106.5458,2022-09-01,9,2022,15.78,0,0,0,0,0.01,.,.,.,0,6.12,0,30.94,0.01,0,0,0,0,0.01
5,"Santa Ana",35.34284,-106.5458,2023-09-01,9,2023,0.56,0,0,0,0,0.01,0,0,0,0,0.17,0,0.35,0.09,0,0,0,0,0.02
5,"Santa Ana",35.34284,-106.5458,2024-09-01,9,2024,2.93,.,0,0,0,0,0,0,0,0,31.21,0,235.7,0.08,0,0,0,0,0.02
5,"Santa Ana",35.34284,-106.5458,1999-10-01,10,1999,69.92,0,0,0,0,0,.,.,.,0,9.85,0,5.55,.,.,.,.,.,0
5,"Santa Ana",35.34284,-106.5458,2000-10-01,10,2000,17.86,0,0,0,0,0,.,.,.,0,2.52,0,1.56,.,.,.,.,.,0
5,"Santa Ana",35.34284,-106.5458,2001-10-01,10,2001,23.15,0,0,0,0,0.01,.,.,.,0,4.16,0,8.62,.,.,.,.,.,0
5,"Santa Ana",35.34284,-106.5458,2002-10-01,10,2002,19.08,0,0,0,0,0,.,.,.,0,3.04,0,3.92,.,.,.,.,.,0
5,"Santa Ana",35.34284,-106.5458,2003-10-01,10,2003,40,0,0,0,0,0,.,.,.,0,10.16,0,26.78,.,.,.,.,.,1.42
5,"Santa Ana",35.34284,-106.5458,2004-10-01,10,2004,76.23,0,0,0,0,0,.,.,.,0,11.08,0,2.92,.,.,.,.,.,0.74
5,"Santa Ana",35.34284,-106.5458,2005-10-01,10,2005,142.15,0,0,0,0,0,.,.,.,0,19.2,0,4.4,.,.,.,.,.,0.03
5,"Santa Ana",35.34284,-106.5458,2006-10-01,10,2006,.,.,.,.,.,.,.,.,.,.,.,.,.,.,.,.,.,.,.
5,"Santa Ana",35.34284,-106.5458,2007-10-01,10,2007,.,.,.,.,.,.,.,.,.,.,.,.,.,.,.,.,.,.,.
5,"Santa Ana",35.34284,-106.5458,2008-10-01,10,2008,97,0,0,0,0,0,.,.,.,0,16.58,0,13.77,0,0,0,.,0,0
5,"Santa Ana",35.34284,-106.5458,2009-10-01,10,2009,.,.,.,.,.,.,.,.,.,.,.,.,.,.,.,.,.,.,.
5,"Santa Ana",35.34284,-106.5458,2010-10-01,10,2010,6.23,0,0,0,0,0,.,.,.,0,1.32,0,3.78,0.02,0,0,.,0,0.01
5,"Santa Ana",35.34284,-106.5458,2011-10-01,10,2011,128,0,0,0,0,0,.,.,.,0,18.99,0,16.23,0.63,0,0,.,0,0.09
5,"Santa Ana",35.34284,-106.5458,2012-10-01,10,2012,80,0,0,0,0,0.01,.,.,.,0,10.69,0,2.01,0.01,0,0,.,0,0.01
5,"Santa Ana",35.34284,-106.5458,2013-10-01,10,2013,10.16,0,0,0,0,0,.,.,.,0,6.21,0,36.78,0.02,0,0,.,0,0
5,"Santa Ana",35.34284,-106.5458,2014-10-01,10,2014,5.56,0.01,0,0,0.01,0,.,.,.,0,9.1,0,63.98,0.02,0,0,.,0,0
5,"Santa Ana",35.34284,-106.5458,2015-10-01,10,2015,3.63,0.01,0,0,0,0,.,.,.,0,1.54,0,5.56,0.24,0,0,.,0,0.03
5,"Santa Ana",35.34284,-106.5458,2016-10-01,10,2016,6.46,0,0,0,0,0.09,.,.,.,0,1.12,0,0.77,0,0,0,0,0,0
5,"Santa Ana",35.34284,-106.5458,2017-10-01,10,2017,4.02,0,0,0,0,0,.,.,.,0,1.42,0,6.41,0.1,0,0,0,0,0
5,"Santa Ana",35.34284,-106.5458,2018-10-01,10,2018,11.62,0,0,0,0,0,.,.,.,0,1.73,0,1.46,0.01,0,0,0,0,0
5,"Santa Ana",35.34284,-106.5458,2019-10-01,10,2019,1.71,0,0,0,0,0.01,.,.,.,0,0.52,0,1.36,0.02,0,0,0,0,0.03
5,"Santa Ana",35.34284,-106.5458,2020-10-01,10,2020,20.77,0,0.02,0,0,0,.,.,.,0,2.83,0,0.56,0,0,0,0,0,0
5,"Santa Ana",35.34284,-106.5458,2021-10-01,10,2021,21.02,0,0,0,0,0.02,.,.,.,0.01,3.36,0,3.79,0.02,0,0,0,0,0
5,"Santa Ana",35.34284,-106.5458,2022-10-01,10,2022,12.69,0,0,0,0,0.01,.,.,.,0,2.56,0,5.62,0.38,0,0,0,0,0.06
5,"Santa Ana",35.34284,-106.5458,2023-10-01,10,2023,1.62,0,0,0,0,0.01,0,0,0,0,0.34,0,0.96,0.01,0,0,0,0,0
5,"Santa Ana",35.34284,-106.5458,2024-10-01,10,2024,21,.,0,0,0,0.46,0,0.15,0,0,3.15,0.02,1.39,0,0,0,0,0,0.11
5,"Santa Ana",35.34284,-106.5458,1999-11-01,11,1999,125.81,0,0,0,0,0,.,.,.,0,16.84,0,2.65,.,.,.,.,.,0
5,"Santa Ana",35.34284,-106.5458,2000-11-01,11,2000,195.62,0,0,0,0,0,.,.,.,0,27.51,0,15.92,.,.,.,.,.,0
5,"Santa Ana",35.34284,-106.5458,2001-11-01,11,2001,296.31,0,0,0,0,0,.,.,.,0,40.45,0,14.31,.,.,.,.,.,0.04
5,"Santa Ana",35.34284,-106.5458,2002-11-01,11,2002,252.92,0,0,0,0,0,.,.,.,0,34.8,0,13.93,.,.,.,.,.,0
5,"Santa Ana",35.34284,-106.5458,2003-11-01,11,2003,74.69,0,0.01,0,0,0,.,.,.,0,10.96,0,2.69,.,.,.,.,.,0.74
5,"Santa Ana",35.34284,-106.5458,2004-11-01,11,2004,117.4,0.01,0,0,0,0,.,.,.,0,16.09,0,4.42,.,.,.,.,.,0.11
5,"Santa Ana",35.34284,-106.5458,2005-11-01,11,2005,102.53,0,0,0.02,0,0,.,.,.,0,14.09,0,5.08,.,.,.,.,.,0.1
5,"Santa Ana",35.34284,-106.5458,2006-11-01,11,2006,.,.,.,.,.,.,.,.,.,.,.,.,.,.,.,.,.,.,.
5,"Santa Ana",35.34284,-106.5458,2007-11-01,11,2007,128.03,0,0,0,0,0.01,.,.,.,0,23.4,0,49.49,0,0,0,.,0,0
5,"Santa Ana",35.34284,-106.5458,2008-11-01,11,2008,166.85,0,0,0,0,0,.,.,.,0,22.03,0,2.15,0,0,0,.,0,0
5,"Santa Ana",35.34284,-106.5458,2009-11-01,11,2009,80.92,0,0,0,0,0,.,.,.,0,10.93,0,2.94,0.08,0,0,.,0,0.01
5,"Santa Ana",35.34284,-106.5458,2010-11-01,11,2010,139,0.01,0,0,0,0,.,.,.,0,20.43,0,17.4,0.03,0,0,.,0,0.01
5,"Santa Ana",35.34284,-106.5458,2011-11-01,11,2011,70.46,0,0,0,0,0.19,.,.,.,0,9.2,0,0.09,0.02,0,0,.,0,0
5,"Santa Ana",35.34284,-106.5458,2012-11-01,11,2012,44.15,0.01,0,0,0.02,0,.,.,.,0,6,0,1.39,0,0,0,.,0,0.02
5,"Santa Ana",35.34284,-106.5458,2013-11-01,11,2013,51.54,0.16,0,0,0,0,.,.,.,0,8.38,0.02,10.47,0.01,0,0,.,0,0
5,"Santa Ana",35.34284,-106.5458,2014-11-01,11,2014,58.92,0,0.01,0,0.01,0.01,.,.,.,0,9.59,0,2.09,0.1,0,0,.,0,0.15
5,"Santa Ana",35.34284,-106.5458,2015-11-01,11,2015,77.77,0,0,0.01,0,0.1,.,.,.,0.01,13.67,0,24.39,0,0,0,.,0,0.11
5,"Santa Ana",35.34284,-106.5458,2016-11-01,11,2016,115.38,0.02,0,0,0,0,.,.,.,0,15.98,0,5.54,0.01,0,0,0,0,0
5,"Santa Ana",35.34284,-106.5458,2017-11-01,11,2017,90.85,0,0.08,0,0,0.25,.,.,.,0,13.21,0,9.79,0,0,0,0,0,0
5,"Santa Ana",35.34284,-106.5458,2018-11-01,11,2018,112.08,0,0,0,0,0.01,.,.,.,0.23,33.86,0,146.63,0.19,0,0,0,0.01,0.13
5,"Santa Ana",35.34284,-106.5458,2019-11-01,11,2019,56.78,0.38,0,0,0,0.01,.,.,.,0,8.09,0.05,4.4,0.02,0,0,0,0,0.06
5,"Santa Ana",35.34284,-106.5458,2020-11-01,11,2020,112.69,0.01,0,0,0,0.15,.,.,.,0,14.9,0,1.4,0,0,0,0,0,0.02
5,"Santa Ana",35.34284,-106.5458,2021-11-01,11,2021,51.92,0,0,0,0,0.01,.,.,.,0,6.77,0,0.05,0.02,0,0,0,0,0
5,"Santa Ana",35.34284,-106.5458,2022-11-01,11,2022,39.08,0,0,0,0,0.88,.,.,.,0,8.02,0,19.93,0,0,0,0,0,0.13
5,"Santa Ana",35.34284,-106.5458,2023-11-01,11,2023,48.54,.,0,0,0,1.72,.,.,0,0,6.62,0,0.32,0.03,0,0,0,0,0.01
5,"Santa Ana",35.34284,-106.5458,2024-11-01,11,2024,67.85,.,0,0,0,1.17,0,0,0,0,9.28,0,0.01,0,0,0,0,0,0.03
5,"Santa Ana",35.34284,-106.5458,1999-12-01,12,1999,153.31,0,0,0,0.01,0,.,.,.,0,20.64,0,5.24,.,.,.,.,.,0
5,"Santa Ana",35.34284,-106.5458,2000-12-01,12,2000,161.08,0,0.01,0,0,0,.,.,.,0,21.4,0,3.13,.,.,.,.,.,0.03
5,"Santa Ana",35.34284,-106.5458,2001-12-01,12,2001,124.54,0,0,0,0,0,.,.,.,0,17.49,0,10.01,.,.,.,.,.,0
5,"Santa Ana",35.34284,-106.5458,2002-12-01,12,2002,.,.,.,.,.,.,.,.,.,.,.,.,.,.,.,.,.,.,.
5,"Santa Ana",35.34284,-106.5458,2003-12-01,12,2003,.,.,.,.,.,.,.,.,.,.,.,.,.,.,.,.,.,.,.
5,"Santa Ana",35.34284,-106.5458,2004-12-01,12,2004,313.34,0,0,0,0,0,.,.,.,0,45.87,0,20.39,.,.,.,.,.,1.88
5,"Santa Ana",35.34284,-106.5458,2005-12-01,12,2005,191.71,0,0,0,0,0,.,.,.,0,26.64,0,12.83,.,.,.,.,.,0
5,"Santa Ana",35.34284,-106.5458,2006-12-01,12,2006,.,.,.,.,.,.,.,.,.,.,.,.,.,.,.,.,.,.,.
5,"Santa Ana",35.34284,-106.5458,2007-12-01,12,2007,.,.,.,.,.,.,.,.,.,.,.,.,.,.,.,.,.,.,.
5,"Santa Ana",35.34284,-106.5458,2008-12-01,12,2008,79.4,0,0,0,0,0,.,.,.,0,10.36,0,0,0.17,0,0,.,0,0.02
5,"Santa Ana",35.34284,-106.5458,2009-12-01,12,2009,82.23,0,0,0,0,0.01,.,.,.,0,11.74,0,7.7,0.01,0,0,.,0,0
5,"Santa Ana",35.34284,-106.5458,2010-12-01,12,2010,75.31,0.01,0,0,0,0,.,.,.,0.01,10.8,0,7.23,0.17,0,0,.,0,0.03
5,"Santa Ana",35.34284,-106.5458,2011-12-01,12,2011,234.77,0.01,0,0,0.01,0.01,.,.,.,0,33.73,0,22.79,0.1,0,0,.,0,0.01
5,"Santa Ana",35.34284,-106.5458,2012-12-01,12,2012,27.31,0,0,0,0,0,.,.,.,0,5.2,0,11.85,0.54,0,0,.,0,0.07
5,"Santa Ana",35.34284,-106.5458,2013-12-01,12,2013,29.61,0,0,0,0,0,.,.,.,0,3.9,0,0.11,0.01,0,0,.,0,0
5,"Santa Ana",35.34284,-106.5458,2014-12-01,12,2014,29.38,0,0,0,0,0.01,.,.,.,0,4.54,0,5.03,0,0,0,.,0,0.01
5,"Santa Ana",35.34284,-106.5458,2015-12-01,12,2015,22.15,0,0,0,0,0,.,.,.,0,2.94,0,0.07,0,0,0,.,0,0.04
5,"Santa Ana",35.34284,-106.5458,2016-12-01,12,2016,48.77,0,0,0,0,0,.,.,.,0,6.59,0,0.34,0.47,0,0,0,0,0
5,"Santa Ana",35.34284,-106.5458,2017-12-01,12,2017,40.44,0.01,0,0,0,0,.,.,.,0,14.88,0,73.86,0.01,0,0,0,0,0
5,"Santa Ana",35.34284,-106.5458,2018-12-01,12,2018,40.11,0,0,0,0,0,.,.,.,0,5.68,0,2.57,0.01,0,0,0,0,0.05
5,"Santa Ana",35.34284,-106.5458,2019-12-01,12,2019,72.39,0,0,0,0,0.01,.,.,.,0,9.64,0,1.49,0.04,0,0,0,0,0.01
5,"Santa Ana",35.34284,-106.5458,2020-12-01,12,2020,35.38,0,0,0,0,0,.,.,.,0,4.82,0,1.33,0,0,0,0,0,0
5,"Santa Ana",35.34284,-106.5458,2021-12-01,12,2021,45.7,0,0,0,0,0,.,.,.,0,7.9,0,13.92,0.85,0,0.01,0,0,0.11
5,"Santa Ana",35.34284,-106.5458,2022-12-01,12,2022,42.46,0,0,0,0,0.32,.,.,.,0,5.84,0,0.49,0,0,0,0,0,0
5,"Santa Ana",35.34284,-106.5458,2023-12-01,12,2023,73.85,0,0,0,0,0,0,0,0,0,9.84,0,1.26,0.02,0,0,0,0,0.04
5,"Santa Ana",35.34284,-106.5458,2024-12-01,12,2024,32,.,0,0,0,0,0,0,0,0,4.19,0,0.08,0.01,0,0,0,0,0
6,"Savannah",35.1428674147,-106.681982289,2001-01-01,1,2001,1.02,0.01,1.11,0,0,0,.,.,.,0,0.52,0,0.72,.,.,.,.,.,0.05
6,"Savannah",35.1428674147,-106.681982289,2002-01-01,1,2002,2.09,0,0,0.12,0,0,.,.,.,0,0.76,0,0.01,.,.,.,.,.,0.23
6,"Savannah",35.1428674147,-106.681982289,2003-01-01,1,2003,3.78,0,0.03,0.01,0,0,.,.,.,0,1.65,0,8.18,.,.,.,.,.,0
6,"Savannah",35.1428674147,-106.681982289,2004-01-01,1,2004,2.47,0,1.48,0.02,0,0,.,.,.,0,0.58,0,0.18,.,.,.,.,.,0
6,"Savannah",35.1428674147,-106.681982289,2005-01-01,1,2005,6.71,0,0.41,0.03,0,1.55,.,.,.,0,2.01,0,0.19,.,.,.,.,.,0.48
6,"Savannah",35.1428674147,-106.681982289,2006-01-01,1,2006,4,0,2.72,0.02,0,0,.,.,.,0,1.03,0,0.01,.,.,.,.,.,0.03
6,"Savannah",35.1428674147,-106.681982289,2007-01-01,1,2007,9.62,0.02,3.62,0.08,0,0,.,.,.,0,2.47,0,2.26,.,.,.,.,.,0.17
6,"Savannah",35.1428674147,-106.681982289,2008-01-01,1,2008,1.49,0,2.08,0.02,0.01,0,.,.,.,0,0.88,0,0.25,1.94,0.01,0,.,0.01,0.26
6,"Savannah",35.1428674147,-106.681982289,2009-01-01,1,2009,5.69,0.23,2.87,0.31,0,0,.,.,.,0,1.39,0.03,0.92,0,0,0,.,0,0
6,"Savannah",35.1428674147,-106.681982289,2010-01-01,1,2010,3.26,0.01,2.17,0.32,0,0,.,.,.,0,0.92,0,0.49,0.01,0,0,.,0,0
6,"Savannah",35.1428674147,-106.681982289,2011-01-01,1,2011,3.35,0.02,2.73,0.29,0,0,.,.,.,0,2.28,0,3.63,0,0,0,.,0.02,0
6,"Savannah",35.1428674147,-106.681982289,2012-01-01,1,2012,21.38,0,10.25,2.8,0,0,.,.,.,0,5.52,0,5.46,0,0,0,.,0,0
6,"Savannah",35.1428674147,-106.681982289,2013-01-01,1,2013,20.45,0.01,1.76,1.05,0,0,.,.,.,0,3.39,0,1.24,0.01,0,0,.,0,0
6,"Savannah",35.1428674147,-106.681982289,2014-01-01,1,2014,10.32,0,2.18,0.17,0,0,.,.,.,0,4.3,0,17.09,0,0,0,.,0,0
6,"Savannah",35.1428674147,-106.681982289,2015-01-01,1,2015,3.26,0.01,3.25,0.41,0,0,.,.,.,0,3.72,0,0.09,0,0,0,.,0,1.54
6,"Savannah",35.1428674147,-106.681982289,2016-01-01,1,2016,2.08,0.92,2.54,0.05,0,0.01,.,.,.,0,0.93,0.12,0.72,0.01,0,0.08,.,0,0.01
6,"Savannah",35.1428674147,-106.681982289,2017-01-01,1,2017,1.31,0.01,0.88,0.18,0,0,.,.,.,0,0.51,0,0.23,0.01,0,0.01,0,0,0.05
6,"Savannah",35.1428674147,-106.681982289,2018-01-01,1,2018,6.62,0.01,2.79,1.49,0,0,.,.,.,0,1.63,0,0.08,0.01,0,0.85,0,0,0.12
6,"Savannah",35.1428674147,-106.681982289,2019-01-01,1,2019,4.54,0,0.94,0.32,0,0,.,.,.,0,1.01,0,1.03,0.09,0,0.31,0,0,0.06
6,"Savannah",35.1428674147,-106.681982289,2020-01-01,1,2020,4.32,0.03,1.66,1.05,0,0.01,.,.,.,0.08,1.86,0.01,3.61,0.02,0,0,0,0,0.1
6,"Savannah",35.1428674147,-106.681982289,2021-01-01,1,2021,9.17,0.02,2.26,0.5,0,0,.,.,.,0.01,3.7,0,15.02,0.01,0,0.16,0,0,0.05
6,"Savannah",35.1428674147,-106.681982289,2022-01-01,1,2022,4.25,0.01,0.35,0.36,0,0,.,.,.,0,0.77,0,0.26,0.02,0,0,0,0,0.05
6,"Savannah",35.1428674147,-106.681982289,2023-01-01,1,2023,4.69,.,2.49,1.35,0,0,.,.,0,0,1.27,0,0.25,0,0,0,0,0,0.08
6,"Savannah",35.1428674147,-106.681982289,2024-01-01,1,2024,12.09,.,6.47,2.5,0,0,0,0,0,0,3.87,0,6.18,0,0,0.23,0,0,0.05
6,"Savannah",35.1428674147,-106.681982289,2001-02-01,2,2001,2.82,0.01,0.27,0.17,0,0,.,.,.,0,1.19,0,1.64,.,.,.,.,.,0
6,"Savannah",35.1428674147,-106.681982289,2002-02-01,2,2002,5.2,0,0,0,0,0,.,.,.,0,0.78,0,0.08,.,.,.,.,.,0.01
6,"Savannah",35.1428674147,-106.681982289,2003-02-01,2,2003,6.39,0,0.03,0.01,0,0,.,.,.,0,1.85,0,6.24,.,.,.,.,.,0
6,"Savannah",35.1428674147,-106.681982289,2004-02-01,2,2004,2.01,0,0.69,0,0,0,.,.,.,0,0.46,0,0.79,.,.,.,.,.,0
6,"Savannah",35.1428674147,-106.681982289,2005-02-01,2,2005,0.77,0,0.16,0,0,0,.,.,.,0,0.23,0,0.01,.,.,.,.,.,0.07
6,"Savannah",35.1428674147,-106.681982289,2006-02-01,2,2006,2.47,0,0.25,0.03,0,0,.,.,.,0,1.45,0,0.95,.,.,.,.,.,0
6,"Savannah",35.1428674147,-106.681982289,2007-02-01,2,2007,4.48,0.01,0.17,0.01,0,0,.,.,.,0.01,1.12,0,2.71,.,.,.,.,.,0.06
6,"Savannah",35.1428674147,-106.681982289,2008-02-01,2,2008,2.1,0,0.54,0,0,0,.,.,.,0,0.65,0,1.55,0,0,0,.,0.01,0
6,"Savannah",35.1428674147,-106.681982289,2009-02-01,2,2009,10.31,0,0.08,0.24,0,0,.,.,.,0,1.75,0,1.08,0,0,0,.,0,0.09
6,"Savannah",35.1428674147,-106.681982289,2010-02-01,2,2010,5.32,0.09,0.69,0.18,0,0,.,.,.,0,1.26,0.01,0.69,0,0,0.01,.,0,0
6,"Savannah",35.1428674147,-106.681982289,2011-02-01,2,2011,3.42,0.02,0,0.02,0,0,.,.,.,0,0.66,0,1.43,0,0,0,.,0,0
6,"Savannah",35.1428674147,-106.681982289,2012-02-01,2,2012,3.62,0.01,0.8,0.19,0,0.15,.,.,.,0,0.76,0,0.34,0.02,0,0,.,0.01,0
6,"Savannah",35.1428674147,-106.681982289,2013-02-01,2,2013,15.38,0.01,0.96,0.73,0,0,.,.,.,0,2.63,0,0.26,0.02,0,0.01,.,0,0
6,"Savannah",35.1428674147,-106.681982289,2014-02-01,2,2014,3.23,0,0.34,0.18,0,0,.,.,.,0,0.62,0,0.5,0.01,0,0,.,0,0
6,"Savannah",35.1428674147,-106.681982289,2015-02-01,2,2015,3,0.01,0.72,0.19,0.08,0.01,.,.,.,0,0.89,0,1.86,0.01,0,0,.,0,0.02
6,"Savannah",35.1428674147,-106.681982289,2016-02-01,2,2016,3.62,0.01,0.8,0.19,0,0,.,.,.,0,1.04,0,0.72,0,0,0.16,.,0,0.06
6,"Savannah",35.1428674147,-106.681982289,2017-02-01,2,2017,0,0,1.02,0.26,0,0,.,.,.,0,0.32,0,0.85,0,0,0.02,0,0,0
6,"Savannah",35.1428674147,-106.681982289,2018-02-01,2,2018,7.08,0,0.72,0.73,0,0,.,.,.,0,1.51,0,0.47,0.01,0,0,0,0,0
6,"Savannah",35.1428674147,-106.681982289,2019-02-01,2,2019,12.46,0.01,0.88,3.62,0.01,0,.,.,.,0,4.33,0,12.55,0.02,0,0.77,0,0,0.12
6,"Savannah",35.1428674147,-106.681982289,2020-02-01,2,2020,1.78,0.78,0.62,0.26,0,0,.,.,.,0,1.2,0.1,4.7,0,0.39,0,0,0,0.05
6,"Savannah",35.1428674147,-106.681982289,2021-02-01,2,2021,5.9,0,0.87,0.63,0,0,.,.,.,0,0.99,0,0.03,0.02,0,0,0,0,0.01
6,"Savannah",35.1428674147,-106.681982289,2022-02-01,2,2022,3.24,0,0.32,0.25,0,0.01,.,.,.,0,0.72,0,0.32,0.01,0,0.01,0,0,0
6,"Savannah",35.1428674147,-106.681982289,2023-02-01,2,2023,9.16,.,1.1,1.17,0,0.01,.,.,0,0,2.93,0,1.79,0.02,0,0.01,0,0,0.52
6,"Savannah",35.1428674147,-106.681982289,2024-02-01,2,2024,6.18,.,0.41,1.11,0,0,0,0.01,0,0,1.49,0,0.8,0.02,0,0,0,0,0
6,"Savannah",35.1428674147,-106.681982289,2000-03-01,3,2000,1.92,0,1.33,0.02,0.01,0,.,.,.,0,12.01,0,87.62,.,.,.,.,.,0.02
6,"Savannah",35.1428674147,-106.681982289,2001-03-01,3,2001,2.23,0.05,0,0,0,0,.,.,.,0,0.96,0.01,4.88,.,.,.,.,.,0
6,"Savannah",35.1428674147,-106.681982289,2002-03-01,3,2002,0.46,0,0.31,0.09,0,0,.,.,.,0,0.37,0,1.23,.,.,.,.,.,0
6,"Savannah",35.1428674147,-106.681982289,2003-03-01,3,2003,0.68,0,0,0,0,0,.,.,.,0,0.29,0,1.31,.,.,.,.,.,0
6,"Savannah",35.1428674147,-106.681982289,2004-03-01,3,2004,2.15,0,0.08,0.01,0.01,0,.,.,.,0,0.97,0,4.33,.,.,.,.,.,0
6,"Savannah",35.1428674147,-106.681982289,2005-03-01,3,2005,1.62,0,0.55,0.01,0,0,.,.,.,0,9.75,0,0.08,.,.,.,.,.,0
6,"Savannah",35.1428674147,-106.681982289,2006-03-01,3,2006,2.33,0,0.24,0.09,0,0,.,.,.,0,0.61,0,0.62,.,.,.,.,.,0
6,"Savannah",35.1428674147,-106.681982289,2007-03-01,3,2007,6.31,0,0.24,0.01,0,0,.,.,.,0,3.27,0,17.31,.,.,.,.,.,0
6,"Savannah",35.1428674147,-106.681982289,2008-03-01,3,2008,2.92,0,0,0.02,0,0.01,.,.,.,0,0.63,0,1.86,0,0,0,.,0,0
6,"Savannah",35.1428674147,-106.681982289,2009-03-01,3,2009,1.92,0.16,0,0,0,0,.,.,.,0,0.68,0.02,2.42,0.02,0,0,.,0,0.06
6,"Savannah",35.1428674147,-106.681982289,2010-03-01,3,2010,3.19,0.02,0.02,0.03,0,0,.,.,.,0,0.58,0,0.26,0.02,0,0,.,0,0
6,"Savannah",35.1428674147,-106.681982289,2011-03-01,3,2011,0.62,0,0.19,0.26,0,0,.,.,.,0,1.05,0,2.96,2.1,0,0.01,.,0,0.27
6,"Savannah",35.1428674147,-106.681982289,2012-03-01,3,2012,3.32,0.01,0.23,0.26,0,0,.,.,.,0,0.76,0,1.33,0.01,0,0,.,0,0
6,"Savannah",35.1428674147,-106.681982289,2013-03-01,3,2013,1.79,0,0.02,0.04,0,0,.,.,.,0,0.67,0,1.88,0,0,0,.,0,0.03
6,"Savannah",35.1428674147,-106.681982289,2014-03-01,3,2014,1.08,0.01,0.01,0.02,0,0,.,.,.,0,0.22,0,0.03,0,0,0,.,0,0
6,"Savannah",35.1428674147,-106.681982289,2015-03-01,3,2015,0.92,0,0.02,0.03,0,0,.,.,.,0,0.27,0,0.05,0,0,0,.,0,0
6,"Savannah",35.1428674147,-106.681982289,2016-03-01,3,2016,4.62,0,0.36,0.42,0,0,.,.,.,0,1.01,0,1.55,0.02,0,0.01,.,0,0
6,"Savannah",35.1428674147,-106.681982289,2017-03-01,3,2017,1.44,0,3.49,0.57,0,0,.,.,.,0,1.43,0,3.21,0,0,0.09,0,0,0.12
6,"Savannah",35.1428674147,-106.681982289,2018-03-01,3,2018,4.01,0,0.57,1.18,0,0,.,.,.,0,1.59,0,1.15,0.02,0,0.24,0,0,0.43
6,"Savannah",35.1428674147,-106.681982289,2019-03-01,3,2019,3.62,0.01,0.66,0,0,0,.,.,.,0,2.11,0,0.87,0.01,0,0.08,0,0,0.01
6,"Savannah",35.1428674147,-106.681982289,2020-03-01,3,2020,3.08,0.01,0.39,0.49,0,0,.,.,.,0,0.99,0,1.7,0.02,0,0,0,0,0
6,"Savannah",35.1428674147,-106.681982289,2021-03-01,3,2021,2.15,0,1.12,0.53,0,0,.,.,.,0,1.33,0,0.87,0,0,0.01,0,0,0
6,"Savannah",35.1428674147,-106.681982289,2022-03-01,3,2022,7.09,0.02,0.49,0.42,0,0,.,.,.,0.01,4.25,0,1.41,0.63,0.01,0,0,0.01,0.09
6,"Savannah",35.1428674147,-106.681982289,2023-03-01,3,2023,7.78,0,0.41,0.58,0,0,0,0.02,0,0,2.59,0,7.17,0.17,0,0,0,0,0.04
6,"Savannah",35.1428674147,-106.681982289,2024-03-01,3,2024,7.09,.,0.85,0.01,0,0,0.01,0,0,0,2.34,0,4.62,2.24,0,0,0,0,0.32
6,"Savannah",35.1428674147,-106.681982289,2000-04-01,4,2000,0.3,0.1,0.2,0,0,0,.,.,.,0,1.46,0.01,7.12,.,.,.,.,.,0.47
6,"Savannah",35.1428674147,-106.681982289,2001-04-01,4,2001,0.54,0,0,0,0,0,.,.,.,0,0.89,0,3.58,.,.,.,.,.,0.36
6,"Savannah",35.1428674147,-106.681982289,2002-04-01,4,2002,0.32,0,0,1.69,0,0,.,.,.,0,0.38,0,0,.,.,.,.,.,0.06
6,"Savannah",35.1428674147,-106.681982289,2003-04-01,4,2003,0.31,0,0.85,0.01,0,0,.,.,.,0,0.69,0,3.47,.,.,.,.,.,0.07
6,"Savannah",35.1428674147,-106.681982289,2004-04-01,4,2004,1.71,0,0.23,0.01,0,0,.,.,.,0,0.88,0,2,.,.,.,.,.,0.35
6,"Savannah",35.1428674147,-106.681982289,2005-04-01,4,2005,5.08,0,1.79,0.08,0,0,.,.,.,0,7.01,0,1.38,.,.,.,.,.,0.6
6,"Savannah",35.1428674147,-106.681982289,2006-04-01,4,2006,0.92,0,0.23,0.09,0,0,.,.,.,0,1.12,0,0,.,.,.,.,.,0.55
6,"Savannah",35.1428674147,-106.681982289,2007-04-01,4,2007,4,0,0,0.02,0,0.01,.,.,.,0,1.87,0,4.09,3.49,0,0,.,0,0.7
6,"Savannah",35.1428674147,-106.681982289,2008-04-01,4,2008,3.63,0.08,0,0.08,0,0,.,.,.,0,1.01,0.01,2.88,0.92,0,0,.,0,0.12
6,"Savannah",35.1428674147,-106.681982289,2009-04-01,4,2009,4.49,0.15,0.16,0.02,0.01,0,.,.,.,0,2.04,0.02,9.79,0.09,0,0,.,0,0.07
6,"Savannah",35.1428674147,-106.681982289,2010-04-01,4,2010,7.78,0.01,0.89,0.79,0,0.01,.,.,.,0,2.32,0,0.08,1.41,0,0.01,.,0,0.18
6,"Savannah",35.1428674147,-106.681982289,2011-04-01,4,2011,6.32,0.01,0,0,0,0,.,.,.,0,1.92,0,4.09,0,0,0,.,0,0
6,"Savannah",35.1428674147,-106.681982289,2012-04-01,4,2012,1.48,0,0.32,0.12,0,0,.,.,.,0,2.05,0,3.11,3.11,0,0,.,0,0.4
6,"Savannah",35.1428674147,-106.681982289,2013-04-01,4,2013,2.78,0,0.12,0.03,0,0,.,.,.,0,0.78,0,1.03,0.95,0,0.01,.,0.34,0.17
6,"Savannah",35.1428674147,-106.681982289,2014-04-01,4,2014,0.25,0,0.04,0.16,0,0,.,.,.,0,0.54,0,1.03,2.32,0,0.01,.,0,0.3
6,"Savannah",35.1428674147,-106.681982289,2015-04-01,4,2015,3.47,0,0.34,0.03,0,0,.,.,.,0,1.09,0,2.12,1.16,0,0,.,0,0.16
6,"Savannah",35.1428674147,-106.681982289,2016-04-01,4,2016,4.2,0.01,0.57,0.09,0,0,.,.,.,0,2.3,0,2.74,4.11,0,0,0.01,0,0.05
6,"Savannah",35.1428674147,-106.681982289,2017-04-01,4,2017,0.39,0.01,0.02,0.02,0,0,.,.,.,0,0.71,0,0.15,0.02,0,0.01,0,0,0.44
6,"Savannah",35.1428674147,-106.681982289,2018-04-01,4,2018,6.5,0,0.62,1.63,0,0,.,.,.,0,2.27,0,3,2.15,0,0,0,0,0.25
6,"Savannah",35.1428674147,-106.681982289,2019-04-01,4,2019,3.47,0,0.4,0.21,0,0,.,.,.,0,1.38,0,0.17,2.33,0,0,0,0,0.3
6,"Savannah",35.1428674147,-106.681982289,2020-04-01,4,2020,1.56,0,0.34,0.64,0,0,.,.,.,0,1.24,0,0.89,2.57,0,0.02,0,0,0.34
6,"Savannah",35.1428674147,-106.681982289,2021-04-01,4,2021,1.39,0,0.48,0.18,0,0,.,.,.,0,1.33,0,6.33,0.87,0,0.02,0,0,0.13
6,"Savannah",35.1428674147,-106.681982289,2022-04-01,4,2022,1.17,0,0.26,0.48,0,0,.,.,.,0,0.72,0,1.8,0.47,0,0.23,0.01,0,0.1
6,"Savannah",35.1428674147,-106.681982289,2023-04-01,4,2023,2.32,.,0.09,0.17,0,0,.,.,0,0,1,0,0.94,0.49,0,0,0,0,0.1
6,"Savannah",35.1428674147,-106.681982289,2024-04-01,4,2024,1.62,.,0.71,0.19,0,0,0,0,0,0,0.7,0,0.22,0.37,0,0.01,0,0,0.05
6,"Savannah",35.1428674147,-106.681982289,2000-05-01,5,2000,0.6,0.02,0.51,0.01,0.01,0,.,.,.,0.09,1.42,0,2.82,.,.,.,.,.,0.88
6,"Savannah",35.1428674147,-106.681982289,2001-05-01,5,2001,0.25,0,1.78,0.39,0.15,0,.,.,.,0,1.1,0,3.24,.,.,.,.,.,0.31
6,"Savannah",35.1428674147,-106.681982289,2002-05-01,5,2002,6.24,0,0.19,0.06,0,0,.,.,.,0,3.45,0,13.38,.,.,.,.,.,0.75
6,"Savannah",35.1428674147,-106.681982289,2003-05-01,5,2003,0.38,0,0,0,0,0,.,.,.,0,0.31,0,1.79,.,.,.,.,.,0.03
6,"Savannah",35.1428674147,-106.681982289,2004-05-01,5,2004,0.01,0,0.01,0.02,0,0,.,.,.,0,0.55,0,3.78,.,.,.,.,.,0.02
6,"Savannah",35.1428674147,-106.681982289,2005-05-01,5,2005,1.25,0,2.24,0,0,0,.,.,.,0,1.58,0,0.24,.,.,.,.,.,0.26
6,"Savannah",35.1428674147,-106.681982289,2006-05-01,5,2006,10.38,0,0.55,0,0,0.01,.,.,.,0,3.55,0,4.7,.,.,.,.,.,0.52
6,"Savannah",35.1428674147,-106.681982289,2007-05-01,5,2007,1.39,1.31,1.78,0.01,0,0.01,.,.,.,0,0.92,0.17,2.1,0.39,0,0,.,0,0.05
6,"Savannah",35.1428674147,-106.681982289,2008-05-01,5,2008,2.41,0,5.64,0,0,0,.,.,.,0,1.65,0,3.95,0.62,0.01,0,.,0,0.08
6,"Savannah",35.1428674147,-106.681982289,2009-05-01,5,2009,1.05,0.01,2.19,0.03,0,0,.,.,.,0,0.79,0,0.38,0.67,0,0,.,0,0.2
6,"Savannah",35.1428674147,-106.681982289,2010-05-01,5,2010,1.7,0,0.25,0.18,0,0,.,.,.,0,1.44,0,2.8,2.02,0,0.01,.,0,0.27
6,"Savannah",35.1428674147,-106.681982289,2011-05-01,5,2011,1.81,0,1.55,0.02,0.01,0,.,.,.,0,1.15,0,2.33,0.48,0,0.26,.,0,0.1
6,"Savannah",35.1428674147,-106.681982289,2012-05-01,5,2012,2.71,0,0.63,0.17,0,0,.,.,.,0,0.81,0,0.27,0.48,0,1.23,.,0,0.22
6,"Savannah",35.1428674147,-106.681982289,2013-05-01,5,2013,4.48,0,1.79,0.04,0,0,.,.,.,0,2.97,0,5.55,3.02,0,0.65,.,0,0.48
6,"Savannah",35.1428674147,-106.681982289,2014-05-01,5,2014,2.86,0.01,1.12,1.01,0,0.01,.,.,.,0,2.34,0,7.86,1.62,0.09,1.64,.,0.54,0.51
6,"Savannah",35.1428674147,-106.681982289,2015-05-01,5,2015,1.8,0,1.78,0.55,0,0,.,.,.,0,0.94,0,1.08,0.48,0,0.09,.,0,0.07
6,"Savannah",35.1428674147,-106.681982289,2016-05-01,5,2016,2.47,0.01,1.4,0.01,0,0,.,.,.,0,1.52,0,2.11,0.88,0.01,2.02,0,0,0.26
6,"Savannah",35.1428674147,-106.681982289,2017-05-01,5,2017,1.94,0.02,0.5,0.02,0,0.01,.,.,.,0,1.92,0,5.63,2.71,0.02,2.56,0,0,0.34
6,"Savannah",35.1428674147,-106.681982289,2018-05-01,5,2018,1.09,0.01,0.94,1.01,0,0,.,.,.,0,1.14,0,0.95,1.32,0,1.69,0,0,0.41
6,"Savannah",35.1428674147,-106.681982289,2019-05-01,5,2019,2.04,0,2.86,0.72,0,0.02,.,.,.,0,2.18,0,4.56,2.42,0,2.26,0,0,0.62
6,"Savannah",35.1428674147,-106.681982289,2020-05-01,5,2020,2.33,1.32,3.09,2.54,0,0.01,.,.,.,0,2.33,0.17,1.71,1.49,0.24,4.02,0,0.02,0.75
6,"Savannah",35.1428674147,-106.681982289,2021-05-01,5,2021,1.16,0.01,1.16,0.26,0,0,.,.,.,0,0.91,0,1.72,0.82,0.16,1.03,0.01,0,0.26
6,"Savannah",35.1428674147,-106.681982289,2022-05-01,5,2022,4.2,0,0.8,0.87,0.01,0.17,.,.,.,0,2.4,0.07,4.02,1.8,0,3.35,0.17,0,0.62
6,"Savannah",35.1428674147,-106.681982289,2023-05-01,5,2023,0.46,0,1,0.49,0,0,0,0,0,0,1.39,0,4.18,3.1,0,0.16,0.01,0,0.44
6,"Savannah",35.1428674147,-106.681982289,2000-06-01,6,2000,0.15,0,1,0.24,0.31,0,.,.,.,0,1.57,0,3.02,.,.,.,.,.,0.95
6,"Savannah",35.1428674147,-106.681982289,2001-06-01,6,2001,2.02,0,7.95,0.02,0,0.01,.,.,.,0,4.56,0,17.17,.,.,.,.,.,0.5
6,"Savannah",35.1428674147,-106.681982289,2002-06-01,6,2002,3.08,0,0,0,0,0.23,.,.,.,0,0.75,0,0.58,.,.,.,.,.,0.02
6,"Savannah",35.1428674147,-106.681982289,2003-06-01,6,2003,1.39,0.15,8.39,0.63,0,0,.,.,.,0,3.98,0.02,17.39,.,.,.,.,.,0.25
6,"Savannah",35.1428674147,-106.681982289,2004-06-01,6,2004,3.33,0,5.64,0.03,0,0,.,.,.,0,1.89,0,0.33,.,.,.,.,.,0.65
6,"Savannah",35.1428674147,-106.681982289,2005-06-01,6,2005,2.85,0,4.93,0,0,0,.,.,.,0,4,0,1.62,.,.,.,.,.,1.41
6,"Savannah",35.1428674147,-106.681982289,2006-06-01,6,2006,11.01,0,1.62,0,0,0,.,.,.,0,5.42,0,13.08,.,.,.,.,.,1.83
6,"Savannah",35.1428674147,-106.681982289,2007-06-01,6,2007,1.2,0,5.85,0.01,0,0,.,.,.,0,1.43,0,1.56,1.5,0,0,.,0.02,0.26
6,"Savannah",35.1428674147,-106.681982289,2008-06-01,6,2008,1.17,0,3.62,0.01,0,0,.,.,.,0,0.78,0,0.35,0.58,0,0,.,0,0.07
6,"Savannah",35.1428674147,-106.681982289,2009-06-01,6,2009,0.69,0,0.02,0.1,0,0,.,.,.,0,0.69,0,0.02,4.19,0,0,.,0,0.54
6,"Savannah",35.1428674147,-106.681982289,2010-06-01,6,2010,0.69,0.39,4.25,0.02,0,0.15,.,.,.,0,1.26,0.05,0.38,1.5,0,0,.,0,0.2
6,"Savannah",35.1428674147,-106.681982289,2011-06-01,6,2011,1.55,0,1.13,0.03,0,0,.,.,.,0,1.17,0,1.82,2.24,0,0.78,.,0,0.39
6,"Savannah",35.1428674147,-106.681982289,2012-06-01,6,2012,3.39,2.32,0,0.23,0,0,.,.,.,0,1.48,0.3,1.01,4.15,0,0,.,0,0.54
6,"Savannah",35.1428674147,-106.681982289,2013-06-01,6,2013,2.47,0,2.19,0.17,0,0,.,.,.,0,1.45,0,2.56,1.19,0,0.02,.,0,0.21
6,"Savannah",35.1428674147,-106.681982289,2014-06-01,6,2014,2.7,0.01,1.56,3.89,0,0.01,.,.,.,0,1.97,0,1.88,3.56,0.02,0.65,.,0.01,0.56
6,"Savannah",35.1428674147,-106.681982289,2015-06-01,6,2015,0.42,0.01,2.93,0.1,0.01,0,.,.,.,0,1.96,0,5.72,1.03,0.01,3.56,.,0,0.62
6,"Savannah",35.1428674147,-106.681982289,2016-06-01,6,2016,1.79,0,10.79,0.87,0,0,.,.,.,0,2.62,0,2.01,2.7,0,0.77,0,0.02,0.1
6,"Savannah",35.1428674147,-106.681982289,2017-06-01,6,2017,3.02,0,3.08,0.25,0,0.01,.,.,.,0,1.57,0,1.55,0.42,0.24,0.86,0,0,0.14
6,"Savannah",35.1428674147,-106.681982289,2018-06-01,6,2018,0.04,0,5.14,4.37,0,0.01,.,.,.,0,2.82,0,7.7,0.96,0,0.01,0,0,0.21
6,"Savannah",35.1428674147,-106.681982289,2019-06-01,6,2019,4.82,0.01,5.48,1.32,0,0.01,.,.,.,0,5.26,0,14.04,4.9,0.02,2.76,0,0,1
6,"Savannah",35.1428674147,-106.681982289,2020-06-01,6,2020,2.49,0.79,5.23,2.32,0.01,0,.,.,.,0,4.1,0.15,15.32,3.81,0.31,0.03,0,0,0.55
6,"Savannah",35.1428674147,-106.681982289,2021-06-01,6,2021,4.47,0.23,14.55,10.81,0,0,.,.,.,0.31,8.14,0.03,16.01,6.48,0.16,5.08,0,0.01,1.55
6,"Savannah",35.1428674147,-106.681982289,2022-06-01,6,2022,3.86,0,5.98,0.97,0,0,.,.,.,0,2.49,0,5.89,1.16,0.01,0.42,0,0.04,0.17
6,"Savannah",35.1428674147,-106.681982289,2023-06-01,6,2023,1.39,0.01,5.15,1.49,0,0.01,0.01,0,0,0,3.01,0,2.95,1.7,0.08,5.4,0,2.4,1.25
6,"Savannah",35.1428674147,-106.681982289,2000-07-01,7,2000,0,0,0.01,0,0,0,.,.,.,0,0.13,0,0,.,.,.,.,.,0.11
6,"Savannah",35.1428674147,-106.681982289,2001-07-01,7,2001,1.72,0,2.12,0.02,0,0,.,.,.,0,0.98,0,1.63,.,.,.,.,.,0.18
6,"Savannah",35.1428674147,-106.681982289,2002-07-01,7,2002,0.79,0,0,0,0,0.15,.,.,.,0,0.89,0,2.89,.,.,.,.,.,0.18
6,"Savannah",35.1428674147,-106.681982289,2003-07-01,7,2003,0.78,0,1.8,0.12,0,0,.,.,.,0,0.85,0,0.53,.,.,.,.,.,0.37
6,"Savannah",35.1428674147,-106.681982289,2004-07-01,7,2004,.,.,.,.,.,.,.,.,.,.,.,.,.,.,.,.,.,.,.
6,"Savannah",35.1428674147,-106.681982289,2005-07-01,7,2005,1.92,0,8.87,0.01,0,0,.,.,.,0,2.82,0,1.77,.,.,.,.,.,1.08
6,"Savannah",35.1428674147,-106.681982289,2006-07-01,7,2006,4.16,0,4.33,1.15,1.23,0,.,.,.,0,4.4,0,10.24,.,.,.,.,.,0.68
6,"Savannah",35.1428674147,-106.681982289,2007-07-01,7,2007,1.94,0.46,3.46,0.01,0,0,.,.,.,0,1.83,0.06,3.72,2.17,0,0.85,.,0,0.41
6,"Savannah",35.1428674147,-106.681982289,2008-07-01,7,2008,0.01,0,2.25,0.02,0,0,.,.,.,0,3.06,0,3.94,15.47,0,0.01,.,0,2.1
6,"Savannah",35.1428674147,-106.681982289,2009-07-01,7,2009,1.85,0,3.1,0,0,0,.,.,.,0,2.03,0,0.78,3.78,0,0,.,0,0.49
6,"Savannah",35.1428674147,-106.681982289,2010-07-01,7,2010,2.17,0.01,2.55,0.56,0.01,0,.,.,.,0,2.24,0,0.06,8.49,0,0.01,.,0,1.3
6,"Savannah",35.1428674147,-106.681982289,2011-07-01,7,2011,2.02,0,2.02,0.21,0,0,.,.,.,0,1.05,0,1.89,0.8,0,0,.,0.55,0.18
6,"Savannah",35.1428674147,-106.681982289,2012-07-01,7,2012,6.71,0,1.63,0.09,0,0.01,.,.,.,0,1.5,0,0.42,0.24,0,0.55,.,0,0.11
6,"Savannah",35.1428674147,-106.681982289,2013-07-01,7,2013,1.5,0.01,1.39,3.4,0.02,0,.,.,.,0,3.01,0,2.93,3.28,0,0.02,.,0,0.46
6,"Savannah",35.1428674147,-106.681982289,2014-07-01,7,2014,0.48,0.26,0.7,6.89,0.01,0,.,.,.,0,1.88,0.03,2.95,1.94,0,0.02,.,0,0.26
6,"Savannah",35.1428674147,-106.681982289,2015-07-01,7,2015,1.4,0,2.86,0.93,0,0,.,.,.,0,1.59,0,3.63,2.16,0,0.01,.,0.86,0.39
6,"Savannah",35.1428674147,-106.681982289,2016-07-01,7,2016,1.85,0,3.71,2.52,0,0.01,.,.,.,0,1.92,0,1.62,2.79,0.01,0.19,0,0.08,0.12
6,"Savannah",35.1428674147,-106.681982289,2017-07-01,7,2017,1.7,0.01,3.17,0.27,0.01,0,.,.,.,0,2.95,0,6.86,0.62,0.01,0.41,0,0,1.05
6,"Savannah",35.1428674147,-106.681982289,2018-07-01,7,2018,2.47,0.01,1.85,1.27,0,0,.,.,.,0,2.06,0,4.04,3.41,0,0.26,0,0.54,0.55
6,"Savannah",35.1428674147,-106.681982289,2019-07-01,7,2019,5.08,0.77,5.62,2.58,0,0,.,.,.,0,3.92,0.1,4.88,2.66,0.01,0.72,0,4.02,0.98
6,"Savannah",35.1428674147,-106.681982289,2020-07-01,7,2020,2.32,0,6.16,2.03,0,0,.,.,.,0,2.89,0,4.56,0.62,0,1.77,0,2.62,0.65
6,"Savannah",35.1428674147,-106.681982289,2021-07-01,7,2021,1.25,0.01,2.56,0.75,0,0,.,.,.,0.01,2.27,0,2.25,6.94,0.01,0.17,0,0.62,1.27
6,"Savannah",35.1428674147,-106.681982289,2022-07-01,7,2022,2.84,0,3.43,0.99,0,0.01,.,.,.,0,1.79,0,0.7,1.13,0,0.79,0,2.14,0.5
6,"Savannah",35.1428674147,-106.681982289,2023-07-01,7,2023,3.08,0,3.54,1.49,0,0,0,0,0,0.01,2.92,0,2.77,3.25,0.01,0.26,0,5.1,1.35
6,"Savannah",35.1428674147,-106.681982289,2000-08-01,8,2000,28.46,0,6.41,0.43,0,0,.,.,.,0,14.26,0,69.34,.,.,.,.,.,0.48
6,"Savannah",35.1428674147,-106.681982289,2001-08-01,8,2001,2.39,0,4.49,0.04,0,0,.,.,.,0,1.17,0,0.27,.,.,.,.,.,0.22
6,"Savannah",35.1428674147,-106.681982289,2002-08-01,8,2002,.,.,.,.,.,.,.,.,.,.,.,.,.,.,.,.,.,.,.
6,"Savannah",35.1428674147,-106.681982289,2003-08-01,8,2003,1.54,0,0.01,0.01,0,0.31,.,.,.,0,6.56,0,46.15,.,.,.,.,.,0.32
6,"Savannah",35.1428674147,-106.681982289,2004-08-01,8,2004,4.87,0,10.27,0.12,0,0.01,.,.,.,0,3.16,0,1.38,.,.,.,.,.,0.14
6,"Savannah",35.1428674147,-106.681982289,2005-08-01,8,2005,1.85,0,6.85,0.24,0,0,.,.,.,0,1.75,0,2.54,.,.,.,.,.,0.18
6,"Savannah",35.1428674147,-106.681982289,2006-08-01,8,2006,1.15,0.09,5.55,16.23,0,0,.,.,.,0,8.54,0.01,41.01,.,.,.,.,.,0.09
6,"Savannah",35.1428674147,-106.681982289,2007-08-01,8,2007,1.55,0.02,4.01,0.01,0,0,.,.,.,0,1.34,0,1.33,0,0,0.92,.,0,0.13
6,"Savannah",35.1428674147,-106.681982289,2008-08-01,8,2008,3.63,0,0.69,0.15,0,0,.,.,.,0,2.19,0.02,1.92,0,0,3.39,.,0,0.44
6,"Savannah",35.1428674147,-106.681982289,2009-08-01,8,2009,2.48,0.01,5.08,0.79,0,0,.,.,.,0,1.47,0,1.09,0.09,0,0.01,.,0.08,0.15
6,"Savannah",35.1428674147,-106.681982289,2010-08-01,8,2010,1.78,1.26,2.69,0.12,0.02,0.02,.,.,.,0,1.35,0.18,0.72,0.04,0.01,0.24,.,0,0.04
6,"Savannah",35.1428674147,-106.681982289,2011-08-01,8,2011,0.94,0,2.87,0.05,0,0,.,.,.,0,0.83,0,0.21,0.32,0.01,0.15,.,0,0.06
6,"Savannah",35.1428674147,-106.681982289,2012-08-01,8,2012,3.46,0,4.32,0.64,0,0,.,.,.,0,1.38,0,0.95,0.08,0,0.47,.,0,0.08
6,"Savannah",35.1428674147,-106.681982289,2013-08-01,8,2013,3.71,0,6.09,5.71,0,0,.,.,.,0,2.44,0,2.32,0.26,0,0.02,.,0.01,0.04
6,"Savannah",35.1428674147,-106.681982289,2014-08-01,8,2014,1.1,0.03,2.64,0.96,0,0.01,.,.,.,0,0.94,0,1.17,0.17,0,0.4,.,0,0.08
6,"Savannah",35.1428674147,-106.681982289,2015-08-01,8,2015,3.72,0,5.62,8.96,0,0,.,.,.,0,3.84,0,1.56,1.7,0,0.54,.,0.01,0.34
6,"Savannah",35.1428674147,-106.681982289,2016-08-01,8,2016,1.79,0,2.74,1.74,0,0,.,.,.,0,1.5,0,1.21,0.02,0,0.1,0,0,0.14
6,"Savannah",35.1428674147,-106.681982289,2017-08-01,8,2017,1.79,0,2.74,1.74,0,0,.,.,.,0,1.5,0,1.21,0.02,0,0.1,0,0,0.16
6,"Savannah",35.1428674147,-106.681982289,2018-08-01,8,2018,3.7,0.08,6.09,0.12,0,0,.,.,.,0,2.23,0.01,5.25,0.25,0,0.02,0,0,0.04
6,"Savannah",35.1428674147,-106.681982289,2019-08-01,8,2019,1.71,0,9.41,0.91,0,0,.,.,.,0,3.9,0,10.34,0.09,0,0.39,0,4.9,0.7
6,"Savannah",35.1428674147,-106.681982289,2020-08-01,8,2020,2.25,0,9.25,0.88,0,0,.,.,.,0,2.13,0,2.5,0,0,0.16,0,0.23,0.06
6,"Savannah",35.1428674147,-106.681982289,2021-08-01,8,2021,2.26,0.32,7.63,0.21,0,0,.,.,.,0,3.99,0.04,17.41,0.57,0,0.03,0,0.01,0.21
6,"Savannah",35.1428674147,-106.681982289,2022-08-01,8,2022,2.86,0,9.86,0.65,0.08,0,.,.,.,0,2.13,0,0.56,0.09,0,0.38,0,1.16,0.22
6,"Savannah",35.1428674147,-106.681982289,2023-08-01,8,2023,1.08,0.01,3.93,2.98,0,0,0.01,0,0,0.01,2.14,0,2.63,0.02,0,1.09,0,1.26,0.4
6,"Savannah",35.1428674147,-106.681982289,2000-09-01,9,2000,1.06,0,6.94,0,0,0,.,.,.,0,1.51,0,0.59,.,.,.,.,.,0.34
6,"Savannah",35.1428674147,-106.681982289,2001-09-01,9,2001,1.62,0,0.02,0,0.01,0,.,.,.,0,0.59,0,2.62,.,.,.,.,.,0
6,"Savannah",35.1428674147,-106.681982289,2002-09-01,9,2002,0.77,0,0.27,0.01,0,0,.,.,.,0,0.67,0,3.5,.,.,.,.,.,0.07
6,"Savannah",35.1428674147,-106.681982289,2003-09-01,9,2003,0.72,0,4.02,0.01,0,0,.,.,.,0,1.2,0,3.26,.,.,.,.,.,0
6,"Savannah",35.1428674147,-106.681982289,2004-09-01,9,2004,2.51,0,8.38,0.03,0,0,.,.,.,0,1.83,0,0.04,.,.,.,.,.,0.02
6,"Savannah",35.1428674147,-106.681982289,2005-09-01,9,2005,1.18,0,4.33,0.94,0,0.01,.,.,.,0,3.72,0,0.4,.,.,.,.,.,0.17
6,"Savannah",35.1428674147,-106.681982289,2006-09-01,9,2006,1.55,0,6.4,0.01,0,0,.,.,.,0,2.12,0,2.16,.,.,.,.,.,0.05
6,"Savannah",35.1428674147,-106.681982289,2007-09-01,9,2007,4.55,0,3.25,0.01,0,0,.,.,.,0,1.29,0,1.64,0.02,0,0.01,.,0.01,0
6,"Savannah",35.1428674147,-106.681982289,2008-09-01,9,2008,1.55,3,0.1,0.85,0,0,.,.,.,0,1.8,0.39,3.48,0,0,0,.,0,0.63
6,"Savannah",35.1428674147,-106.681982289,2009-09-01,9,2009,1.32,4,2.71,0,1,0,.,.,.,0,1.99,0.52,1.41,0,0,0,.,0,0
6,"Savannah",35.1428674147,-106.681982289,2010-09-01,9,2010,2.09,3.4,0,0.32,0,0.02,.,.,.,0,1.15,0.44,0.19,0.1,0,0,.,0,0.01
6,"Savannah",35.1428674147,-106.681982289,2011-09-01,9,2011,0.85,0,5.32,0.02,0,0,.,.,.,0,1.3,0,2.63,0.08,0,0,.,0,0.01
6,"Savannah",35.1428674147,-106.681982289,2012-09-01,9,2012,0.62,0.01,6.62,0.25,0,0,.,.,.,0,1.05,0,0.25,0.01,0,0.01,.,0,0
6,"Savannah",35.1428674147,-106.681982289,2013-09-01,9,2013,1.56,0,4.32,7.26,0,0,.,.,.,0,1.91,0,1.02,0.01,0,0,.,0,0
6,"Savannah",35.1428674147,-106.681982289,2014-09-01,9,2014,1.31,0.46,4.16,0.59,0,0,.,.,.,0,1.13,0.06,0.72,0,0,0.02,.,0,0.12
6,"Savannah",35.1428674147,-106.681982289,2015-09-01,9,2015,7.78,0,3.49,6.72,0,0.24,.,.,.,0,3.24,0,0.11,0,0,0,.,0,0.05
6,"Savannah",35.1428674147,-106.681982289,2016-09-01,9,2016,5.69,0,12.09,0.02,0,0.01,.,.,.,0,2.83,0,1.78,0.02,0,0.01,0,0,0
6,"Savannah",35.1428674147,-106.681982289,2017-09-01,9,2017,4.08,1.5,12.25,0.75,0,0,.,.,.,0,3.08,0.2,2.87,0.09,0,0,0,0,0
6,"Savannah",35.1428674147,-106.681982289,2018-09-01,9,2018,6.08,0,11.15,0.02,0,0,.,.,.,0,2.74,0,0.62,0.17,0,0.02,0,0,0.05
6,"Savannah",35.1428674147,-106.681982289,2019-09-01,9,2019,0.56,0.01,12.31,2.19,0,0,.,.,.,0,2.43,0,1.47,0.09,0,0.01,0,0.02,0.06
6,"Savannah",35.1428674147,-106.681982289,2021-09-01,9,2021,2.31,0.01,18.72,1.09,0,0,.,.,.,0,3.72,0,4.89,0.33,0,0.25,0,0.16,0.11
6,"Savannah",35.1428674147,-106.681982289,2022-09-01,9,2022,4.55,0,12.32,0.65,0.01,0.02,.,.,.,0,2.72,0,1.33,0.01,0,0.09,0,0,0.02
6,"Savannah",35.1428674147,-106.681982289,2023-09-01,9,2023,1.08,0.01,12.7,1.57,0,0,0.01,0.01,0,0,2.55,0,0.79,0.18,0,0.16,0,0.08,0.07
6,"Savannah",35.1428674147,-106.681982289,2000-10-01,10,2000,1.31,1.39,3.79,0.03,0,0,.,.,.,0,1.18,0.18,0.41,.,.,.,.,.,0.14
6,"Savannah",35.1428674147,-106.681982289,2001-10-01,10,2001,18.32,0,0.86,0,0,0,.,.,.,0,2.58,0,0.4,.,.,.,.,.,0
6,"Savannah",35.1428674147,-106.681982289,2002-10-01,10,2002,3,0,0.02,0.01,0,0,.,.,.,0,0.6,0,1.49,.,.,.,.,.,0.01
6,"Savannah",35.1428674147,-106.681982289,2003-10-01,10,2003,12.62,0,6.62,0,0,0,.,.,.,0,2.66,0,0.86,.,.,.,.,.,0
6,"Savannah",35.1428674147,-106.681982289,2004-10-01,10,2004,11.94,0,7.55,2.16,0,0,.,.,.,0,4.13,0,1.54,.,.,.,.,.,0.66
6,"Savannah",35.1428674147,-106.681982289,2005-10-01,10,2005,1.24,0.01,8.17,0.33,0,0,.,.,.,0,2.25,0,0.41,.,.,.,.,.,0.29
6,"Savannah",35.1428674147,-106.681982289,2006-10-01,10,2006,11.01,6.08,3.25,0.01,0,0.69,.,.,.,0,4.21,0.79,0.64,.,.,.,.,.,0.01
6,"Savannah",35.1428674147,-106.681982289,2007-10-01,10,2007,14.16,0,4.39,0,0,0,.,.,.,0,2.58,0,0.42,0,0,0,.,0,0
6,"Savannah",35.1428674147,-106.681982289,2008-10-01,10,2008,10.47,4.15,0.39,1.39,0.46,0,.,.,.,0.54,2.66,0.54,1.48,0,0,0.54,.,0,0.1
6,"Savannah",35.1428674147,-106.681982289,2009-10-01,10,2009,16.62,0,6.02,4.19,0,0,.,.,.,0,5.15,0,4.41,0.02,0,0,.,0,0.03
6,"Savannah",35.1428674147,-106.681982289,2010-10-01,10,2010,5.48,0.02,0.85,0.63,0,0.96,.,.,.,0,3.02,0,4.22,0.01,0.01,0,.,0,0.01
6,"Savannah",35.1428674147,-106.681982289,2011-10-01,10,2011,6.54,0,3.48,0,0,0,.,.,.,0,1.64,0,1.69,0,0,0,.,0,0
6,"Savannah",35.1428674147,-106.681982289,2012-10-01,10,2012,5.93,0.08,9.01,1.49,0,0,.,.,.,0,2.34,0.01,0.09,0,0,0,.,0,0
6,"Savannah",35.1428674147,-106.681982289,2013-10-01,10,2013,8.46,0,6.86,1.96,0,0,.,.,.,0,2.79,0,0.48,0.01,0,0.01,.,1.86,0.25
6,"Savannah",35.1428674147,-106.681982289,2014-10-01,10,2014,13.01,0.86,8.16,0.63,0,0.09,.,.,.,0,3.67,0.17,1.26,0.32,0,0,.,0,0.12
6,"Savannah",35.1428674147,-106.681982289,2015-10-01,10,2015,32.39,0.09,10.16,0.78,0,0,.,.,.,0,5.86,0.01,0.24,0.01,0,0,.,0,0.04
6,"Savannah",35.1428674147,-106.681982289,2016-10-01,10,2016,19.09,7.47,0.32,1.43,0,0.09,.,.,.,0,4.12,1.18,0.41,0.01,0,0,0,0.01,0
6,"Savannah",35.1428674147,-106.681982289,2017-10-01,10,2017,7.96,0.09,11.98,3.08,0,0,.,.,.,0,3.18,0.01,0,0,0,0,0,0,0
6,"Savannah",35.1428674147,-106.681982289,2018-10-01,10,2018,10.15,0,11.62,1.02,0,0,.,.,.,0,3.51,0,0.79,0.02,0,0.01,0,0,0.01
6,"Savannah",35.1428674147,-106.681982289,2019-10-01,10,2019,5.47,0,10.32,1.94,0.01,0,.,.,.,0,3.95,0,1.57,0.01,0,1.46,0,0.02,0.89
6,"Savannah",35.1428674147,-106.681982289,2020-10-01,10,2020,25.23,0.54,23.86,2.19,0,0,.,.,.,0,7.32,0.07,1.09,0.01,0,0.02,0,0.01,0.03
6,"Savannah",35.1428674147,-106.681982289,2021-10-01,10,2021,14.79,0.45,21.97,3.29,0,0.02,.,.,.,0.09,5.88,0.06,0.71,0.53,0,0.35,0,0,0.16
6,"Savannah",35.1428674147,-106.681982289,2022-10-01,10,2022,20.32,0.02,10.41,1.96,0,0,.,.,.,0,4.98,0,0.97,0.01,0,0,0,0.46,0.08
6,"Savannah",35.1428674147,-106.681982289,2023-10-01,10,2023,8.72,0,12.86,1.8,0,0,0,0.34,0,0,4.34,0.04,0.78,0.02,0.02,0,0,0.09,0.02
6,"Savannah",35.1428674147,-106.681982289,2000-11-01,11,2000,47,4.31,5.1,1.96,0,0.01,.,.,.,0,8.03,0.56,1.54,.,.,.,.,.,0.07
6,"Savannah",35.1428674147,-106.681982289,2001-11-01,11,2001,22.62,0,4.46,1.94,0,0,.,.,.,0,4.06,0,0.31,.,.,.,.,.,0
6,"Savannah",35.1428674147,-106.681982289,2002-11-01,11,2002,50.84,0,12.73,3.43,0,0,.,.,.,0,9.62,0,2.04,.,.,.,.,.,0.22
6,"Savannah",35.1428674147,-106.681982289,2003-11-01,11,2003,36.85,0,5.42,0.02,0,0,.,.,.,0,5.8,0,1.16,.,.,.,.,.,0.01
6,"Savannah",35.1428674147,-106.681982289,2004-11-01,11,2004,19.83,0,6.34,2.24,0.09,0,.,.,.,0,4.01,0,0.69,.,.,.,.,.,0.25
6,"Savannah",35.1428674147,-106.681982289,2005-11-01,11,2005,29.24,0,5.13,7.78,0,3.08,.,.,.,0,6.6,0,1.97,.,.,.,.,.,0
6,"Savannah",35.1428674147,-106.681982289,2006-11-01,11,2006,26.08,6.54,7.31,18.09,0,0,.,.,.,0,9.89,0.85,9.32,.,.,.,.,.,0
6,"Savannah",35.1428674147,-106.681982289,2007-11-01,11,2007,11.54,0,2.18,0.01,0.01,0,.,.,.,0,2.55,0,2.25,0,0,0,.,1.23,0.22
6,"Savannah",35.1428674147,-106.681982289,2008-11-01,11,2008,50.78,0.02,3.86,9.87,0,0.01,.,.,.,0,9.79,0,1.66,0.02,0,0,.,0,0.17
6,"Savannah",35.1428674147,-106.681982289,2009-11-01,11,2009,28.55,0.15,5.47,11.51,0,0,.,.,.,0,7.35,0.02,1.79,0,0,0.31,.,0,0.04
6,"Savannah",35.1428674147,-106.681982289,2010-11-01,11,2010,31.04,0.01,5.58,4.67,0,0,.,.,.,0,6.41,0,1.39,0.02,0,0,.,0,0
6,"Savannah",35.1428674147,-106.681982289,2011-11-01,11,2011,68.77,0.01,14.38,9.95,0,0,.,.,.,0.01,12.51,0,1.92,0,0,0,.,0,0
6,"Savannah",35.1428674147,-106.681982289,2012-11-01,11,2012,33.23,0.09,12.86,11.19,0,0,.,.,.,0.08,7.84,0.01,0.48,0,0,0,.,0,0
6,"Savannah",35.1428674147,-106.681982289,2013-11-01,11,2013,45.85,0.09,10.09,1.05,0,0,.,.,.,0.09,7.8,0.01,1.02,0,0,0,.,0,0
6,"Savannah",35.1428674147,-106.681982289,2014-11-01,11,2014,47.54,0,7.77,0,0.01,0.01,.,.,.,0,7.54,0,2.24,0.23,0,0,.,0,0.03
6,"Savannah",35.1428674147,-106.681982289,2015-11-01,11,2015,36.24,0,10.25,2.65,0,0,.,.,.,0,8.26,0,1.18,0.15,0,0,.,0,0.09
6,"Savannah",35.1428674147,-106.681982289,2016-11-01,11,2016,19.24,0.32,9.79,1.65,0,0,.,.,.,0,5.43,0.04,0.64,0.01,0,0.01,0,0,1.11
6,"Savannah",35.1428674147,-106.681982289,2017-11-01,11,2017,65.77,0.94,21.93,23.86,0,0,.,.,.,0,15.48,0.12,2.55,0.31,0,0,0,0,0.01
6,"Savannah",35.1428674147,-106.681982289,2018-11-01,11,2018,39.08,0.92,12.79,14.79,0,0,.,.,.,0.01,9.11,0.12,0.47,0.09,0,0.01,0,0.01,0.02
6,"Savannah",35.1428674147,-106.681982289,2019-11-01,11,2019,53.16,2.92,12.39,13.24,0,0,.,.,.,0,12.88,0.38,4.69,0,0,0,0,6,0.99
6,"Savannah",35.1428674147,-106.681982289,2020-11-01,11,2020,79.7,0.63,28.56,28.03,0,0.01,.,.,.,0,18.78,0.08,5.4,0.01,0,0.23,0,0,0.04
6,"Savannah",35.1428674147,-106.681982289,2021-11-01,11,2021,26.93,1.08,17.77,13.7,0,0.38,.,.,.,0.15,8.02,0.14,0.06,0.24,0,0,0,0,0.03
6,"Savannah",35.1428674147,-106.681982289,2022-11-01,11,2022,46,0.01,10.23,18.55,0,0.54,.,.,.,0,11.16,0,6.4,0.01,0,0,0,0.02,0.03
6,"Savannah",35.1428674147,-106.681982289,2023-11-01,11,2023,56.24,0,19.92,20.79,0.01,0,0,0,0,0,13.09,0,0.02,0.04,0.01,0.01,0,0.23,0.05
6,"Savannah",35.1428674147,-106.681982289,2000-12-01,12,2000,7.69,0.16,6.71,1.02,0.01,0,.,.,.,0,3.33,0.02,3.93,.,.,.,.,.,0.07
6,"Savannah",35.1428674147,-106.681982289,2001-12-01,12,2001,7.31,0,2.19,2.58,0,0,.,.,.,0,2.03,0,0.32,.,.,.,.,.,0.02
6,"Savannah",35.1428674147,-106.681982289,2002-12-01,12,2002,1.55,0,0.53,0.04,0,0,.,.,.,0,0.66,0,1.72,.,.,.,.,.,0.1
6,"Savannah",35.1428674147,-106.681982289,2003-12-01,12,2003,12.15,0,5.38,0.02,0,0,.,.,.,0,2.99,0,5.24,.,.,.,.,.,0
6,"Savannah",35.1428674147,-106.681982289,2004-12-01,12,2004,5.08,0,3.79,1,0,0,.,.,.,0,1.72,0,0,.,.,.,.,.,0.02
6,"Savannah",35.1428674147,-106.681982289,2005-12-01,12,2005,18.92,0,11.93,3.63,0,0,.,.,.,0,5.15,0,0.69,.,.,.,.,.,0.25
6,"Savannah",35.1428674147,-106.681982289,2006-12-01,12,2006,8.96,1.52,1.05,0.37,0,0,.,.,.,0,4.54,0.2,14.83,.,.,.,.,.,0
6,"Savannah",35.1428674147,-106.681982289,2007-12-01,12,2007,11.09,0,5.25,4.49,0,0,.,.,.,0,3.83,0,1.17,0.02,0,0,.,0,0
6,"Savannah",35.1428674147,-106.681982289,2008-12-01,12,2008,6.54,0.01,5,1.09,0.01,0,.,.,.,0,1.87,0,1.1,0.01,0,0,.,0,0
6,"Savannah",35.1428674147,-106.681982289,2009-12-01,12,2009,16.09,0.02,12.47,5.72,0,0,.,.,.,0,5.14,0,1.42,0.01,0,0,.,0,0
6,"Savannah",35.1428674147,-106.681982289,2010-12-01,12,2010,6.31,0,4.62,3.12,0.15,0,.,.,.,0,2.3,0,1.19,0.02,0,0,.,0,0
6,"Savannah",35.1428674147,-106.681982289,2011-12-01,12,2011,.,.,.,.,.,.,.,.,.,.,.,.,.,.,.,.,.,.,.
6,"Savannah",35.1428674147,-106.681982289,2012-12-01,12,2012,20.55,1.16,7.69,3.93,0,0,.,.,.,0,4.61,0.15,0.56,0,0,0.01,.,0.01,0.01
6,"Savannah",35.1428674147,-106.681982289,2013-12-01,12,2013,28.08,0,5.62,1.56,0,0,.,.,.,0.01,4.92,0,0.1,0,0,0.54,.,0,0.07
6,"Savannah",35.1428674147,-106.681982289,2014-12-01,12,2014,14.93,0,7.62,4.05,0,0,.,.,.,0,4.31,0,4.26,0.03,0,0.08,.,0,0.14
6,"Savannah",35.1428674147,-106.681982289,2015-12-01,12,2015,8.92,0,8.24,1.87,0,0,.,.,.,0,2.84,0,0.38,0,0,0,.,0,0.02
6,"Savannah",35.1428674147,-106.681982289,2016-12-01,12,2016,13.85,0.02,10.55,10.08,0,0,.,.,.,0,5.27,0,1.32,0,0,0.18,0,0,0.09
6,"Savannah",35.1428674147,-106.681982289,2017-12-01,12,2017,4.62,0,2.65,0.18,0,0,.,.,.,0,1.4,0,0.4,0,0,0.01,0,0,0.06
6,"Savannah",35.1428674147,-106.681982289,2018-12-01,12,2018,18.93,0.02,13.39,8.88,0,0,.,.,.,0,5.93,0,2.41,0.01,0,0.77,0,0,0.12
6,"Savannah",35.1428674147,-106.681982289,2019-12-01,12,2019,33,0.24,20.62,13.96,0,0.01,.,.,.,0.16,10.08,0.03,1.31,0.01,0,0.01,0,0,0.59
6,"Savannah",35.1428674147,-106.681982289,2020-12-01,12,2020,10.31,0.02,8.39,1.73,0,0,.,.,.,0,3.06,0,1.08,0.15,0,0.16,0,0,0.07
6,"Savannah",35.1428674147,-106.681982289,2021-12-01,12,2021,29.75,0.01,12.82,10.19,0.02,0.01,.,.,.,0.01,8.22,0,0.22,0,0,0,0,0,0.03
6,"Savannah",35.1428674147,-106.681982289,2022-12-01,12,2022,10,0.01,10.25,16.62,0,0,.,.,.,0,5.09,0,0.78,0.08,0,0,0,0,0.07
6,"Savannah",35.1428674147,-106.681982289,2023-12-01,12,2023,18.39,0,11.15,14.56,0,0.15,0,0.01,0,0,6.37,0,0.02,0.02,0,0.02,0,0,0.12
7,"Lemitar",34.1670457032,-106.889953039,2001-01-01,1,2001,3.98,0,0,0.05,0,0,.,.,.,0,0.57,0,0.05,.,.,.,.,.,0
7,"Lemitar",34.1670457032,-106.889953039,2002-01-01,1,2002,0.54,0,0,0.42,0,0,.,.,.,0,0.14,0,0,.,.,.,.,.,0
7,"Lemitar",34.1670457032,-106.889953039,2003-01-01,1,2003,2.32,0,0,0.03,0,0,.,.,.,0,0.32,0,0,.,.,.,.,.,0
7,"Lemitar",34.1670457032,-106.889953039,2004-01-01,1,2004,.,.,.,.,.,.,.,.,.,.,.,.,.,.,.,.,.,.,.
7,"Lemitar",34.1670457032,-106.889953039,2005-01-01,1,2005,1.48,0,0,0.95,0,0,.,.,.,0,0.38,0,0.03,.,.,.,.,.,0.03
7,"Lemitar",34.1670457032,-106.889953039,2006-01-01,1,2006,.,.,.,.,.,.,.,.,.,.,.,.,.,.,.,.,.,.,.
7,"Lemitar",34.1670457032,-106.889953039,2007-01-01,1,2007,0.86,0,0,0.49,0,0,.,.,.,0,0.18,0,0,.,.,.,.,.,0
7,"Lemitar",34.1670457032,-106.889953039,2008-01-01,1,2008,2.69,0.01,0,0.66,0,0,.,.,.,0,0.49,0,0.03,0,0,0,.,0,0
7,"Lemitar",34.1670457032,-106.889953039,2009-01-01,1,2009,0,0,0,0.13,0,0,.,.,.,0,0.2,0,0.19,0.23,0,0,.,0,0.12
7,"Lemitar",34.1670457032,-106.889953039,2010-01-01,1,2010,1.46,0,0,2.82,0,0,.,.,.,0,0.65,0,0.02,0,0,0.46,.,0,0.06
7,"Lemitar",34.1670457032,-106.889953039,2011-01-01,1,2011,2.92,0,0,0.9,0,0,.,.,.,0,0.52,0,0.02,0.01,0,0,.,0,0
7,"Lemitar",34.1670457032,-106.889953039,2012-01-01,1,2012,0.02,0.01,0,0.07,0,0,.,.,.,0,0.15,0,0.03,0,0,0,.,0,0
7,"Lemitar",34.1670457032,-106.889953039,2013-01-01,1,2013,0.62,0,0,1.5,0,0,.,.,.,0,0.36,0,0.09,0,0,0,.,0,0.04
7,"Lemitar",34.1670457032,-106.889953039,2014-01-01,1,2014,2.24,0,0,0.57,0,0,.,.,.,0,0.72,0,0.15,0.02,0,0,.,0,0.01
7,"Lemitar",34.1670457032,-106.889953039,2015-01-01,1,2015,0.62,0,0,1.28,0,0,.,.,.,0,0.28,0,0.1,0.01,0,0,.,0,0
7,"Lemitar",34.1670457032,-106.889953039,2016-01-01,1,2016,0.47,0,0,0.29,0,0,.,.,.,0,0.11,0,0.01,0,0,0,.,0.01,0
7,"Lemitar",34.1670457032,-106.889953039,2017-01-01,1,2017,0.09,0,0,0.03,0,0,.,.,.,0,0.16,0,0.01,0,0,1.08,0,0,0.14
7,"Lemitar",34.1670457032,-106.889953039,2018-01-01,1,2018,8.08,0,0,0.64,0,0,.,.,.,0,1.24,0,0.13,0.51,0,0,0,0,0.05
7,"Lemitar",34.1670457032,-106.889953039,2019-01-01,1,2019,0.15,0.01,0,0.35,0,0,.,.,.,0,0.13,0,0.24,0,0,0.02,0.02,0,0.01
7,"Lemitar",34.1670457032,-106.889953039,2020-01-01,1,2020,0.15,0,0,0.06,0,0,.,.,.,0,0.05,0,0.02,0,0,0,0,0,0
7,"Lemitar",34.1670457032,-106.889953039,2021-01-01,1,2021,0,0,0,0.35,0,0,.,.,.,0,0.16,0,0.01,0,0,0,0,0,0.07
7,"Lemitar",34.1670457032,-106.889953039,2022-01-01,1,2022,0.09,0,0,0.48,0.01,0,.,.,.,0,0.13,0,0.1,0,0,0,0,0,0.01
7,"Lemitar",34.1670457032,-106.889953039,2023-01-01,1,2023,0.32,.,0,0.35,0,0,.,.,0,0,0.68,0,0.08,0,0,0,0,0,0.47
7,"Lemitar",34.1670457032,-106.889953039,2024-01-01,1,2024,0.01,.,0,0.81,0,0,0,0,0,0,0.49,0,0.16,0,0,0,0,0,0.08
7,"Lemitar",34.1670457032,-106.889953039,2001-02-01,2,2001,1.39,0,0,1.19,0,0,.,.,.,0,1.67,0,10.83,.,.,.,.,.,0
7,"Lemitar",34.1670457032,-106.889953039,2002-02-01,2,2002,0.32,0,0,0.02,0,0,.,.,.,0,0.06,0,0.15,.,.,.,.,.,0
7,"Lemitar",34.1670457032,-106.889953039,2003-02-01,2,2003,1.69,0,0,0.09,0,0,.,.,.,0,0.25,0,0.17,.,.,.,.,.,0
7,"Lemitar",34.1670457032,-106.889953039,2004-02-01,2,2004,.,.,.,.,.,.,.,.,.,.,.,.,.,.,.,.,.,.,.
7,"Lemitar",34.1670457032,-106.889953039,2005-02-01,2,2005,0.93,0,0,0.17,0,0,.,.,.,0,0.16,0,0.02,.,.,.,.,.,0
7,"Lemitar",34.1670457032,-106.889953039,2006-02-01,2,2006,.,.,.,.,.,.,.,.,.,.,.,.,.,.,.,.,.,.,.
7,"Lemitar",34.1670457032,-106.889953039,2007-02-01,2,2007,0.15,0,0,0.03,0,0,.,.,.,0,0.04,0,0,.,.,.,.,.,0
7,"Lemitar",34.1670457032,-106.889953039,2008-02-01,2,2008,0.46,0.01,0,0.33,0,0,.,.,.,0,0.74,0,1.02,0,0,0,.,0,0.11
7,"Lemitar",34.1670457032,-106.889953039,2009-02-01,2,2009,0.69,0,0,0.63,0,0,.,.,.,0,4.05,0,0.23,0.01,0,0,.,0,0
7,"Lemitar",34.1670457032,-106.889953039,2010-02-01,2,2010,1.92,0,0,0.44,0,0,.,.,.,0,0.75,0,0.23,0.01,0,2.02,.,0,0.26
7,"Lemitar",34.1670457032,-106.889953039,2011-02-01,2,2011,0.16,0,0.01,0.19,0,0,.,.,.,0,0.07,0,0.02,0,0,0,.,0,0
7,"Lemitar",34.1670457032,-106.889953039,2012-02-01,2,2012,0.31,0,0,0.32,0,0,.,.,.,0,0.5,0,3.15,0.08,0,0,.,0,0.01
7,"Lemitar",34.1670457032,-106.889953039,2013-02-01,2,2013,0.25,0,0,0.65,0,0,.,.,.,0,0.3,0,0.56,0.01,0,0.15,.,0,0.02
7,"Lemitar",34.1670457032,-106.889953039,2014-02-01,2,2014,0.41,0,0,0.28,0.01,0,.,.,.,0,0.16,0,0.03,0,0,0,.,0,0
7,"Lemitar",34.1670457032,-106.889953039,2015-02-01,2,2015,0.02,0,0.01,0.1,0,0,.,.,.,0,0.1,0,0.25,0.01,0,0,.,0,0
7,"Lemitar",34.1670457032,-106.889953039,2016-02-01,2,2016,0.01,0,0,0.14,0,0,.,.,.,0,0.04,0,0.03,0,0,0,.,0,0
7,"Lemitar",34.1670457032,-106.889953039,2017-02-01,2,2017,0,0,0,0.04,0,0,.,.,.,0,0.13,0,0.02,0,0,0.62,0,0,0.08
7,"Lemitar",34.1670457032,-106.889953039,2018-02-01,2,2018,0.01,0,0,0.62,0,0,.,.,.,0,0.85,0,4.16,0,0,0.02,0,0.01,0.07
7,"Lemitar",34.1670457032,-106.889953039,2019-02-01,2,2019,0.02,0,0,1.37,0,0,.,.,.,0,0.58,0,1.02,0,0.01,0.17,0,0,0.03
7,"Lemitar",34.1670457032,-106.889953039,2020-02-01,2,2020,0,0,0,0.06,0,0,.,.,.,0,0.03,0,0.02,0,0,0.08,0,0.01,0.01
7,"Lemitar",34.1670457032,-106.889953039,2021-02-01,2,2021,0.32,0,0,0.06,0,0,.,.,.,0,0.22,0,0.02,0.02,0,0,0,0,0.02
7,"Lemitar",34.1670457032,-106.889953039,2022-02-01,2,2022,0.01,0,0.01,0.03,0,0,.,.,.,0,0.02,0,0.02,0.02,0,0,0,0,0.01
7,"Lemitar",34.1670457032,-106.889953039,2023-02-01,2,2023,0.39,0,0,0.42,0,0,0,0,0,0,0.91,0,0.32,0,0,0,0,0,0.72
7,"Lemitar",34.1670457032,-106.889953039,2024-02-01,2,2024,0.15,.,0.01,0.27,0,0,0,0,0,0,6.39,0,46.77,0,0,0.01,0.01,0,0.04
7,"Lemitar",34.1670457032,-106.889953039,2001-03-01,3,2001,0.47,0,0,0.56,0,0,.,.,.,0,0.13,0,0,.,.,.,.,.,0
7,"Lemitar",34.1670457032,-106.889953039,2002-03-01,3,2002,1.15,0,0,0,0,0,.,.,.,0,0.83,0,0.15,.,.,.,.,.,0
7,"Lemitar",34.1670457032,-106.889953039,2003-03-01,3,2003,0.46,0,0.08,0.02,0,0,.,.,.,0,0.14,0,0.41,.,.,.,.,.,0
7,"Lemitar",34.1670457032,-106.889953039,2004-03-01,3,2004,0,0,0,0.01,0,0,.,.,.,0,0.02,0,0.01,.,.,.,.,.,0
7,"Lemitar",34.1670457032,-106.889953039,2005-03-01,3,2005,0.51,0,0,0.03,0,0,.,.,.,0,0.45,0,0.02,.,.,.,.,.,0.39
7,"Lemitar",34.1670457032,-106.889953039,2006-03-01,3,2006,1.39,0,0.01,0.44,0,0,.,.,.,0,0.53,0,1.1,.,.,.,.,.,0.07
7,"Lemitar",34.1670457032,-106.889953039,2007-03-01,3,2007,0.46,0,0,0.03,0,0,.,.,.,0,0.12,0,0.25,.,.,.,.,.,0
7,"Lemitar",34.1670457032,-106.889953039,2008-03-01,3,2008,3,0,0.01,0.06,0,0,.,.,.,0,0.44,0,0.03,0,0,0,.,0,0
7,"Lemitar",34.1670457032,-106.889953039,2009-03-01,3,2009,0.08,0,0,0.03,0,0,.,.,.,0,0.16,0,0,0,0,0,.,0,0
7,"Lemitar",34.1670457032,-106.889953039,2010-03-01,3,2010,0.08,0,1.17,0.42,0,0,.,.,.,0,0.44,0,0.16,0,0,1.47,.,0,0.19
7,"Lemitar",34.1670457032,-106.889953039,2011-03-01,3,2011,0.01,0,0,0.57,0,0,.,.,.,0,0.13,0,0.24,0,0,0,.,0,0
7,"Lemitar",34.1670457032,-106.889953039,2012-03-01,3,2012,0.08,0,0,1.01,0,0,.,.,.,0,3.74,0,27.32,0,0,0,.,0,0.02
7,"Lemitar",34.1670457032,-106.889953039,2013-03-01,3,2013,0.03,0,0,0,0,0,.,.,.,0,0.7,0,0.04,0,0,0,.,0,0.66
7,"Lemitar",34.1670457032,-106.889953039,2014-03-01,3,2014,0.15,0,0,0.05,0,0,.,.,.,0,0.81,0,0.49,0,0,0,.,0,0
7,"Lemitar",34.1670457032,-106.889953039,2015-03-01,3,2015,0.02,0,0,0.42,0,0,.,.,.,0,0.24,0,0.02,0,0,0,.,0,0
7,"Lemitar",34.1670457032,-106.889953039,2016-03-01,3,2016,0,0,0,0.06,0,0,.,.,.,0,0.05,0,0.02,0.01,0,0,.,0,0
7,"Lemitar",34.1670457032,-106.889953039,2017-03-01,3,2017,0.01,0,0,0.04,0,0,.,.,.,0,0.43,0,3.01,0,0,0,0,0,0
7,"Lemitar",34.1670457032,-106.889953039,2018-03-01,3,2018,0.15,0,0,0.14,0,0,.,.,.,0,0.19,0,0.38,0,0,0,0,0,0
7,"Lemitar",34.1670457032,-106.889953039,2019-03-01,3,2019,0,0,0,0.28,0,0,.,.,.,0,0.21,0,0.95,0,0,0.02,0,0,0
7,"Lemitar",34.1670457032,-106.889953039,2020-03-01,3,2020,0.02,0,0,0.02,0,0,.,.,.,0,0.07,0,0.32,0,0,0,0,0,0
7,"Lemitar",34.1670457032,-106.889953039,2021-03-01,3,2021,0.01,0,0,0.39,0,0,.,.,.,0,0.77,0,2.64,0.01,0.01,0,0,0.04,0.01
7,"Lemitar",34.1670457032,-106.889953039,2022-03-01,3,2022,0.03,0,0,0.5,0,0,.,.,.,0,1.39,0,4.94,0,0,0,0,0,0.34
7,"Lemitar",34.1670457032,-106.889953039,2023-03-01,3,2023,0.09,.,0,0.26,0,0,.,.,0,0,0.6,0,0.25,0,0,0,0,0,0
7,"Lemitar",34.1670457032,-106.889953039,2024-03-01,3,2024,0.09,.,0,0.35,0,0,0,0,0,0,0.69,0,2.4,0.02,0,0.08,0,0,0.06
7,"Lemitar",34.1670457032,-106.889953039,2001-04-01,4,2001,0.31,0,0,0,0,0,.,.,.,0,0.16,0,0.09,.,.,.,.,.,0.1
7,"Lemitar",34.1670457032,-106.889953039,2002-04-01,4,2002,0.15,0,0,0.01,0,0,.,.,.,0,0.18,0,0.23,.,.,.,.,.,0.11
7,"Lemitar",34.1670457032,-106.889953039,2003-04-01,4,2003,0.62,0,0,0.4,0,0,.,.,.,0,0.29,0,0.15,.,.,.,.,.,0.13
7,"Lemitar",34.1670457032,-106.889953039,2004-04-01,4,2004,.,.,.,.,.,.,.,.,.,.,.,.,.,.,.,.,.,.,.
7,"Lemitar",34.1670457032,-106.889953039,2005-04-01,4,2005,0.15,0,0,0.32,0,0,.,.,.,0,0.2,0,0.16,.,.,.,.,.,0.1
7,"Lemitar",34.1670457032,-106.889953039,2006-04-01,4,2006,0.54,0,0,0.05,0,0,.,.,.,0,0.29,0,0.71,.,.,.,.,.,0.09
7,"Lemitar",34.1670457032,-106.889953039,2007-04-01,4,2007,0.08,0,0,0.24,0,0,.,.,.,0,0.27,0,0.31,1.39,0,0,.,0,0.18
7,"Lemitar",34.1670457032,-106.889953039,2008-04-01,4,2008,0.92,0,0,0.06,0,0,.,.,.,0,0.26,0,0.19,0.49,0,0,.,0.02,0.08
7,"Lemitar",34.1670457032,-106.889953039,2009-04-01,4,2009,0.09,0,0,0.09,0,0,.,.,.,0,0.54,0,2.55,0.85,0,0,.,0,0.16
7,"Lemitar",34.1670457032,-106.889953039,2010-04-01,4,2010,1.85,0,0,0.43,0,0,.,.,.,0,0.33,0,0.02,0.03,0,0.01,.,0.02,0.01
7,"Lemitar",34.1670457032,-106.889953039,2011-04-01,4,2011,0.26,0,0,1.12,0,0,.,.,.,0,0.6,0,0.95,1.56,0,0,.,0,0.24
7,"Lemitar",34.1670457032,-106.889953039,2012-04-01,4,2012,0.02,0,0,0.09,0,0,.,.,.,0,0.17,0,0.08,0.19,0,0,.,0,0.03
7,"Lemitar",34.1670457032,-106.889953039,2013-04-01,4,2013,0.02,0,0,1.71,0,0,.,.,.,0,0.44,0,0.34,0.87,0,0,.,0,0.11
7,"Lemitar",34.1670457032,-106.889953039,2014-04-01,4,2014,0,0,0,0.41,0,0,.,.,.,0,0.2,0,0.01,0.42,0,0,.,0,0.06
7,"Lemitar",34.1670457032,-106.889953039,2015-04-01,4,2015,0.02,0,0,0.67,0,0,.,.,.,0,0.25,0,0.33,0.33,0,0,.,0,0.06
7,"Lemitar",34.1670457032,-106.889953039,2016-04-01,4,2016,0.57,0,0,0.12,0,0,.,.,.,0,0.12,0,0.11,0,0.02,0,.,0,0.01
7,"Lemitar",34.1670457032,-106.889953039,2017-04-01,4,2017,0,0,0,0.04,0,0,.,.,.,0,0.31,0,0.62,0.49,0,0,0,0,0
7,"Lemitar",34.1670457032,-106.889953039,2018-04-01,4,2018,0.01,0,0,0.36,0,0,.,.,.,0,0.32,0,0.23,0.78,0,0,0,0,0.1
7,"Lemitar",34.1670457032,-106.889953039,2019-04-01,4,2019,0.02,0,0,0.13,0,0.01,.,.,.,0,0.13,0,0.02,0.62,0,0,0,0,0.08
7,"Lemitar",34.1670457032,-106.889953039,2020-04-01,4,2020,0,0,0,0.24,0,0,.,.,.,0,0.12,0,0.02,0.03,0,0,0,0,0
7,"Lemitar",34.1670457032,-106.889953039,2021-04-01,4,2021,0.33,0.01,0.01,0.32,0,0,.,.,.,0,0.19,0,0.08,0.04,0.01,0,0,0,0.04
7,"Lemitar",34.1670457032,-106.889953039,2022-04-01,4,2022,2.8,0.02,0,0.25,0,0,.,.,.,0,7.72,0,27.73,0.33,0,0,0,0,0.12
7,"Lemitar",34.1670457032,-106.889953039,2023-04-01,4,2023,0.03,0,0,0.28,0,0,0,0,0,0,0.68,0,3.28,0.08,0,0,0,0,0.09
7,"Lemitar",34.1670457032,-106.889953039,2024-04-01,4,2024,0,.,0,0.12,0,0,0,0,0,0,1.15,0,7.62,0.41,0,0,0,0,0.05
7,"Lemitar",34.1670457032,-106.889953039,2001-05-01,5,2001,0.02,0,0,0.01,0,0,.,.,.,0,0.09,0,0.57,.,.,.,.,.,0.01
7,"Lemitar",34.1670457032,-106.889953039,2002-05-01,5,2002,0.08,0,0,0,0,0,.,.,.,0,0.12,0,0.16,.,.,.,.,.,0.09
7,"Lemitar",34.1670457032,-106.889953039,2003-05-01,5,2003,0.03,0,0,0.12,0,0,.,.,.,0,0.11,0,0.12,.,.,.,.,.,0.03
7,"Lemitar",34.1670457032,-106.889953039,2004-05-01,5,2004,.,.,.,.,.,.,.,.,.,.,.,.,.,.,.,.,.,.,.
7,"Lemitar",34.1670457032,-106.889953039,2005-05-01,5,2005,0.16,0,0,0.02,0,0,.,.,.,0,0.04,0,0.1,.,.,.,.,.,0
7,"Lemitar",34.1670457032,-106.889953039,2006-05-01,5,2006,0.38,0,0,1.85,0,0,.,.,.,0,0.41,0,0.92,.,.,.,.,.,0
7,"Lemitar",34.1670457032,-106.889953039,2007-05-01,5,2007,0.39,0,0,0.32,0,0,.,.,.,0,0.17,0,0.36,0.09,0,0,.,0,0.01
7,"Lemitar",34.1670457032,-106.889953039,2008-05-01,5,2008,0.38,0,0,0.09,0,0,.,.,.,0,0.48,0,1.16,1.55,0,0.38,.,0,0.25
7,"Lemitar",34.1670457032,-106.889953039,2009-05-01,5,2009,0.04,0,0,0.02,0,0,.,.,.,0,0.1,0,0.11,0.62,0,0,.,0,0.08
7,"Lemitar",34.1670457032,-106.889953039,2010-05-01,5,2010,0.31,0,0,0.02,0,0,.,.,.,0,0.22,0,0.15,1.19,0,0,.,0,0.15
7,"Lemitar",34.1670457032,-106.889953039,2011-05-01,5,2011,0.32,0,0,0.66,0,0,.,.,.,0,1.56,0,0.11,0.49,0,0,.,0,1.11
7,"Lemitar",34.1670457032,-106.889953039,2012-05-01,5,2012,0.09,0,0,0.02,0,0,.,.,.,0,0.06,0,0.09,0.01,0,0,.,0.01,0
7,"Lemitar",34.1670457032,-106.889953039,2013-05-01,5,2013,0,0,0,0,0,0,.,.,.,0,0.18,0,0.78,0.4,0,0,.,0,0.05
7,"Lemitar",34.1670457032,-106.889953039,2014-05-01,5,2014,0,0,0,0.6,0,0,.,.,.,0,0.24,0,0.51,0.02,0,0,.,0.48,0.07
7,"Lemitar",34.1670457032,-106.889953039,2015-05-01,5,2015,0.02,0,0,0.66,0,0,.,.,.,0,0.18,0,0.47,0.02,0,0,.,0,0
7,"Lemitar",34.1670457032,-106.889953039,2016-05-01,5,2016,0.02,0,0,0.06,0,0,.,.,.,0,0.18,0,0.56,0.03,0,0,.,0.01,0
7,"Lemitar",34.1670457032,-106.889953039,2017-05-01,5,2017,0.01,0,0,0,0,0,.,.,.,0.42,0.82,0,5.55,0.02,0,0,0,0.01,0
7,"Lemitar",34.1670457032,-106.889953039,2018-05-01,5,2018,0,0,0,0.11,0,0,.,.,.,0,0.1,0,0.17,0.01,0,0,0,0.15,0.02
7,"Lemitar",34.1670457032,-106.889953039,2019-05-01,5,2019,0.09,0,0,0.28,0,0,.,.,.,0,0.3,0,0.49,0,0,0,0,0,0
7,"Lemitar",34.1670457032,-106.889953039,2020-05-01,5,2020,0.01,0,0,0.56,0,0,.,.,.,0,0.17,0,0.12,0.54,0,0.02,0,0,0.07
7,"Lemitar",34.1670457032,-106.889953039,2021-05-01,5,2021,0.03,0,0,0.26,0,0,.,.,.,0,2.05,0,14.39,0.02,0,0,0,0,0.01
7,"Lemitar",34.1670457032,-106.889953039,2022-05-01,5,2022,0.15,0,0,0.67,0,0,.,.,.,0,1.1,0,1.34,0.12,0,0,0,0,0.03
7,"Lemitar",34.1670457032,-106.889953039,2023-05-01,5,2023,0,0,0,0.03,0,0,0,0,0,0,0.16,0,0.08,0.1,0,0,0,0,0.09
7,"Lemitar",34.1670457032,-106.889953039,2024-05-01,5,2024,0.02,.,0.01,0.01,0,0,0.01,0,0,0,1.65,0,12.01,0,0,0,0,0,0
7,"Lemitar",34.1670457032,-106.889953039,2001-06-01,6,2001,0.01,0,0,0.41,0,0,.,.,.,0,0.4,0,0.01,.,.,.,.,.,0.18
7,"Lemitar",34.1670457032,-106.889953039,2002-06-01,6,2002,0.32,0,0,0.22,0,0,.,.,.,0,0.13,0,0.02,.,.,.,.,.,0.06
7,"Lemitar",34.1670457032,-106.889953039,2003-06-01,6,2003,.,.,.,.,.,.,.,.,.,.,.,.,.,.,.,.,.,.,.
7,"Lemitar",34.1670457032,-106.889953039,2004-06-01,6,2004,0.02,0,0,0.09,0,0,.,.,.,0,0.02,0,0.05,.,.,.,.,.,0
7,"Lemitar",34.1670457032,-106.889953039,2005-06-01,6,2005,0.01,0,0,0.23,0,0,.,.,.,0,0.04,0,0,.,.,.,.,.,0
7,"Lemitar",34.1670457032,-106.889953039,2006-06-01,6,2006,0.01,0,0,0.32,0,0,.,.,.,0,0.45,0,1.85,.,.,.,.,.,0.12
7,"Lemitar",34.1670457032,-106.889953039,2007-06-01,6,2007,1.01,0,0,0.03,0,0,.,.,.,0,0.24,0,0.1,0.32,0,0,.,0,0.06
7,"Lemitar",34.1670457032,-106.889953039,2008-06-01,6,2008,0.55,0,0.01,0.32,0,0,.,.,.,0,0.22,0,0.03,0.55,0,0,.,0,0.07
7,"Lemitar",34.1670457032,-106.889953039,2009-06-01,6,2009,0,0,0,0.18,0,0,.,.,.,0,0.35,0,2.31,0.16,0,0,.,0,0.02
7,"Lemitar",34.1670457032,-106.889953039,2010-06-01,6,2010,0.01,0,0,0.1,0,0,.,.,.,0,0.08,0,0.04,0.33,0,0,.,0,0.05
7,"Lemitar",34.1670457032,-106.889953039,2011-06-01,6,2011,0.03,0,0,0.05,0,0,.,.,.,0,0.15,0,0.02,0.6,0,0,.,0,0.08
7,"Lemitar",34.1670457032,-106.889953039,2012-06-01,6,2012,0,0,0,0,0,0,.,.,.,0,0.13,0,0.31,0.01,0,0,.,0.47,0.09
7,"Lemitar",34.1670457032,-106.889953039,2013-06-01,6,2013,0.47,0,0,0.38,0,0,.,.,.,0,0.21,0,0.15,0.55,0,0,.,0,0.07
7,"Lemitar",34.1670457032,-106.889953039,2014-06-01,6,2014,0,0.01,0,0.11,0,0,.,.,.,0,0.08,0,0,0.15,0,0,.,0,0.02
7,"Lemitar",34.1670457032,-106.889953039,2015-06-01,6,2015,0,0,0,1.66,0,0,.,.,.,0,1.32,0,8.48,0.02,0,0,.,0,0
7,"Lemitar",34.1670457032,-106.889953039,2016-06-01,6,2016,0.24,0,0,0.29,0,0,.,.,.,0,0.16,0,0.03,0.47,0,0,0,0.09,0.01
7,"Lemitar",34.1670457032,-106.889953039,2017-06-01,6,2017,0.01,0,0,0.66,0,0,.,.,.,0,0.14,0,0.1,0.02,0,0,0,0,0
7,"Lemitar",34.1670457032,-106.889953039,2018-06-01,6,2018,0.01,0,0,0.12,0,0,.,.,.,0,0.19,0,0.01,0.01,0,0,0,0,0.03
7,"Lemitar",34.1670457032,-106.889953039,2019-06-01,6,2019,0.01,0,0,1.26,0,0,.,.,.,0,1.68,0,11.17,0,0,0,0,0,0
7,"Lemitar",34.1670457032,-106.889953039,2020-06-01,6,2020,0.01,0,0.01,0.43,0,0,.,.,.,0,0.26,0,1.24,0.02,0,0,0,0,0
7,"Lemitar",34.1670457032,-106.889953039,2021-06-01,6,2021,0.42,0,0,0.2,0,0,.,.,.,0,0.18,0,0.19,0.15,0,0,0,0,0.02
7,"Lemitar",34.1670457032,-106.889953039,2022-06-01,6,2022,0.02,0,0,0.49,0,0,.,.,.,0,0.24,0,0.57,0.32,0,0.02,0,0,0.05
7,"Lemitar",34.1670457032,-106.889953039,2023-06-01,6,2023,0.58,0,0.01,0.33,0,0,0,0,0,0,0.46,0,0.56,0.33,0,0,0,0.31,0.1
7,"Lemitar",34.1670457032,-106.889953039,2024-06-01,6,2024,0,.,0,0.02,0,0,0,0,0,0,0.17,0,0.09,0.77,0,0,0,0,0.1
7,"Lemitar",34.1670457032,-106.889953039,2001-07-01,7,2001,0.02,0.01,0,0.04,0,0,.,.,.,0,0.05,0,0.06,.,.,.,.,.,0.01
7,"Lemitar",34.1670457032,-106.889953039,2002-07-01,7,2002,0.31,0,0,0,0,0,.,.,.,0,0.19,0,1,.,.,.,.,.,0.02
7,"Lemitar",34.1670457032,-106.889953039,2003-07-01,7,2003,.,.,.,.,.,.,.,.,.,.,.,.,.,.,.,.,.,.,.
7,"Lemitar",34.1670457032,-106.889953039,2004-07-01,7,2004,0,0,0,0.27,0,0,.,.,.,0,0.06,0,0.02,.,.,.,.,.,0.01
7,"Lemitar",34.1670457032,-106.889953039,2005-07-01,7,2005,1.85,0,0,0,0,0,.,.,.,0,0.39,0,1.15,.,.,.,.,.,0
7,"Lemitar",34.1670457032,-106.889953039,2006-07-01,7,2006,0.03,0,0,0.1,0,0,.,.,.,0,0.06,0,0.11,.,.,.,.,.,0.02
7,"Lemitar",34.1670457032,-106.889953039,2007-07-01,7,2007,0.23,0,0,0.86,0,0,.,.,.,0,0.94,0,6.08,0.01,0,0,.,0,0
7,"Lemitar",34.1670457032,-106.889953039,2008-07-01,7,2008,0.32,0,0,0.62,0,0,.,.,.,0,0.87,0,5.46,0.15,0,0,.,0.09,0.03
7,"Lemitar",34.1670457032,-106.889953039,2009-07-01,7,2009,0.17,0,0,0,0,0,.,.,.,0,0.66,0,0.93,0.02,0,0,.,0.38,0.05
7,"Lemitar",34.1670457032,-106.889953039,2010-07-01,7,2010,0.16,0,0,0.24,0,0,.,.,.,0,0.11,0,0.16,0.08,0,0,.,0,0.01
7,"Lemitar",34.1670457032,-106.889953039,2011-07-01,7,2011,0.24,0,0,0.02,0,0,.,.,.,0,0.12,0,0.11,0.01,0,0,.,0.11,0.03
7,"Lemitar",34.1670457032,-106.889953039,2012-07-01,7,2012,0.38,0,0,0.16,0,0,.,.,.,0,0.11,0,0.26,0.08,0,0,.,0,0.01
7,"Lemitar",34.1670457032,-106.889953039,2013-07-01,7,2013,0.02,0,0,0.9,0,0,.,.,.,0,0.22,0,0.04,0.01,0,0,.,0,0
7,"Lemitar",34.1670457032,-106.889953039,2014-07-01,7,2014,0,0,0,0.04,0,0,.,.,.,0,0.1,0,0.02,0.02,0,0,.,0,0.01
7,"Lemitar",34.1670457032,-106.889953039,2015-07-01,7,2015,0.38,0,0,0.49,0,0,.,.,.,0,0.42,0,2.4,0,0,0,.,0,0
7,"Lemitar",34.1670457032,-106.889953039,2016-07-01,7,2016,0.01,0,0,0.06,0,0,.,.,.,0,0.31,0,2.23,0,0,0,0,0,0
7,"Lemitar",34.1670457032,-106.889953039,2017-07-01,7,2017,0.02,0.02,0.01,1.51,0,0,.,.,.,0,0.24,0,0.02,0,0,0,0,0,0
7,"Lemitar",34.1670457032,-106.889953039,2018-07-01,7,2018,0.31,0,0,0.06,0,0,.,.,.,0,0.16,0,0.16,0.01,0,0,0,0,0
7,"Lemitar",34.1670457032,-106.889953039,2019-07-01,7,2019,0.01,0,0,0.74,0,0,.,.,.,0,0.24,0,0.71,0.01,0,0,0,0,0.01
7,"Lemitar",34.1670457032,-106.889953039,2020-07-01,7,2020,0.06,0,0,4.66,0,0.01,.,.,.,0,0.64,0,0.27,0.01,0,0,0,0,0
7,"Lemitar",34.1670457032,-106.889953039,2021-07-01,7,2021,0.12,0,0,0.29,0,0,.,.,.,0,0.22,0,0.5,0,0,0,0,0,0
7,"Lemitar",34.1670457032,-106.889953039,2022-07-01,7,2022,0.04,0,0,0.19,0,0,.,.,.,0,0.75,0,0.06,0.02,0.01,0,0,0,0.02
7,"Lemitar",34.1670457032,-106.889953039,2023-07-01,7,2023,0.01,0,0,0.26,0,0.01,0,0,0,0,0.26,0,0.49,0,0,0,0,0,0
7,"Lemitar",34.1670457032,-106.889953039,2024-07-01,7,2024,0.09,.,0,0.02,0,0,0,0,0,0,0.07,0,0.12,0,0,0,0,0,0
7,"Lemitar",34.1670457032,-106.889953039,2001-08-01,8,2001,0.31,0,0,0.31,0,0,.,.,.,0,0.08,0,0,.,.,.,.,.,0
7,"Lemitar",34.1670457032,-106.889953039,2002-08-01,8,2002,2.32,0,0,0.01,0,0,.,.,.,0,0.99,0,0.56,.,.,.,.,.,0.57
7,"Lemitar",34.1670457032,-106.889953039,2003-08-01,8,2003,0.02,0,0,0,0,0,.,.,.,0,0.25,0,1.32,.,.,.,.,.,0
7,"Lemitar",34.1670457032,-106.889953039,2004-08-01,8,2004,0,0,0,0.26,0,0,.,.,.,0,0.04,0,0.02,.,.,.,.,.,0
7,"Lemitar",34.1670457032,-106.889953039,2005-08-01,8,2005,0,0,0,0.77,0,0,.,.,.,0,0.1,0,0,.,.,.,.,.,0
7,"Lemitar",34.1670457032,-106.889953039,2006-08-01,8,2006,0.01,0,0.01,0.02,0,0,.,.,.,0,0.03,0,0.17,.,.,.,.,.,0
7,"Lemitar",34.1670457032,-106.889953039,2007-08-01,8,2007,0.01,0,0,0.63,0,0,.,.,.,0,0.14,0,0.32,0,0,0,.,0,0
7,"Lemitar",34.1670457032,-106.889953039,2008-08-01,8,2008,0.33,0,0,0,0,0,.,.,.,0,0.62,0,2.17,0.01,0,0,.,1.61,0.29
7,"Lemitar",34.1670457032,-106.889953039,2009-08-01,8,2009,0.15,0,0,0.03,0,0,.,.,.,0,0.05,0,0.16,0,0,0,.,0,0
7,"Lemitar",34.1670457032,-106.889953039,2010-08-01,8,2010,0,0,0.01,0.05,0,0,.,.,.,0,0.1,0,0.41,0,0,0,.,0,0
7,"Lemitar",34.1670457032,-106.889953039,2011-08-01,8,2011,0.02,0,0,0.04,0,0,.,.,.,0,0.04,0,0.17,0.01,0,0,.,0,0
7,"Lemitar",34.1670457032,-106.889953039,2012-08-01,8,2012,0.08,0,0,0.33,0,0,.,.,.,0,0.09,0,0.01,0,0,0,.,0,0.02
7,"Lemitar",34.1670457032,-106.889953039,2013-08-01,8,2013,0,0,0,0.18,0,0,.,.,.,0,0.09,0,0.47,0.01,0,0,.,0,0
7,"Lemitar",34.1670457032,-106.889953039,2014-08-01,8,2014,0,0,0,0.28,0,0,.,.,.,0,0.05,0,0.04,0,0,0,.,0,0
7,"Lemitar",34.1670457032,-106.889953039,2015-08-01,8,2015,0.09,0,0,0.28,0,0,.,.,.,0,0.21,0,0.88,0.08,0,0,.,0,0.02
7,"Lemitar",34.1670457032,-106.889953039,2016-08-01,8,2016,0,0,0,0.04,0,0,.,.,.,0,0.05,0,0.03,0,0,0,0,0.08,0.01
7,"Lemitar",34.1670457032,-106.889953039,2017-08-01,8,2017,0,0,0,5.51,0,0,.,.,.,0,0.74,0,0.02,0,0,0,0,0,0
7,"Lemitar",34.1670457032,-106.889953039,2018-08-01,8,2018,0,0,0,0.55,0,0,.,.,.,0,0.07,0,0.02,0.01,0,0,0,0,0
7,"Lemitar",34.1670457032,-106.889953039,2020-08-01,8,2020,1.46,0,0,3.02,0.01,0.01,.,.,.,0,0.72,0,0.71,0,0,0,0,0,0
7,"Lemitar",34.1670457032,-106.889953039,2021-08-01,8,2021,0,0.01,0,3.17,0,0,.,.,.,0,0.63,0,1.24,0,0.08,0,0,0,0.02
7,"Lemitar",34.1670457032,-106.889953039,2022-08-01,8,2022,0.24,0,0,2.32,0,0,.,.,.,0,0.38,0,0.03,0.01,0,0,0,0,0.01
7,"Lemitar",34.1670457032,-106.889953039,2023-08-01,8,2023,0,0,0,0.22,0,0,0,0,0,0,0.11,0,0.03,0,0,0,0,0,0.02
7,"Lemitar",34.1670457032,-106.889953039,2024-08-01,8,2024,0.27,.,0,0,0,0.01,0,0,0,0,0.04,0,0,0.01,0,0,0,0,0
7,"Lemitar",34.1670457032,-106.889953039,2000-09-01,9,2000,1,0,0,0.11,0,0,.,.,.,0,0.38,0,0.96,.,.,.,.,.,0.01
7,"Lemitar",34.1670457032,-106.889953039,2001-09-01,9,2001,0.09,0,0,0.03,0,0,.,.,.,0,0.06,0,0.16,.,.,.,.,.,0
7,"Lemitar",34.1670457032,-106.889953039,2002-09-01,9,2002,2.92,0,0,0.62,0,0,.,.,.,0,0.56,0,0.54,.,.,.,.,.,0
7,"Lemitar",34.1670457032,-106.889953039,2003-09-01,9,2003,.,.,.,.,.,.,.,.,.,.,.,.,.,.,.,.,.,.,.
7,"Lemitar",34.1670457032,-106.889953039,2004-09-01,9,2004,.,.,.,.,.,.,.,.,.,.,.,.,.,.,.,.,.,.,.
7,"Lemitar",34.1670457032,-106.889953039,2005-09-01,9,2005,0,0,0,1.92,0,0,.,.,.,0,0.25,0,0,.,.,.,.,.,0
7,"Lemitar",34.1670457032,-106.889953039,2006-09-01,9,2006,0,0.01,0,0.03,0,0,.,.,.,0,2.76,0,20.55,.,.,.,.,.,0.04
7,"Lemitar",34.1670457032,-106.889953039,2007-09-01,9,2007,0.39,0,0,1.04,0,0,.,.,.,0,1.91,0,13.02,0.01,0,0,.,0,0
7,"Lemitar",34.1670457032,-106.889953039,2008-09-01,9,2008,0.18,0,0,0.86,0,0,.,.,.,0,0.15,0,0.03,0.01,0,0,.,0,0
7,"Lemitar",34.1670457032,-106.889953039,2009-09-01,9,2009,1.18,0,0,0.12,0,0,.,.,.,0,0.19,0,0.18,0,0,0,.,0,0
7,"Lemitar",34.1670457032,-106.889953039,2010-09-01,9,2010,0.02,0,0,0.43,0,0,.,.,.,0,0.14,0,0.03,0.31,0,0,.,0.01,0.05
7,"Lemitar",34.1670457032,-106.889953039,2011-09-01,9,2011,0.08,0,0,0.05,0,0,.,.,.,0,0.07,0,0.42,0,0,0,.,0,0
7,"Lemitar",34.1670457032,-106.889953039,2012-09-01,9,2012,0.08,0,0,0.48,0,0,.,.,.,0,0.14,0,0.1,0.09,0,0,.,0,0.01
7,"Lemitar",34.1670457032,-106.889953039,2013-09-01,9,2013,0.01,0,0,0.01,0,0,.,.,.,0,0.08,0,0,0.01,0,0,.,0,0
7,"Lemitar",34.1670457032,-106.889953039,2014-09-01,9,2014,0.23,0,0,0.18,0,0,.,.,.,0,0.06,0,0.06,0,0,0,.,0,0
7,"Lemitar",34.1670457032,-106.889953039,2015-09-01,9,2015,0.56,0,0,0.42,0,0,.,.,.,0,0.22,0,0.42,0.02,0,0,.,0,0.01
7,"Lemitar",34.1670457032,-106.889953039,2016-09-01,9,2016,0,0,0,0.01,0,0,.,.,.,0,0.09,0,0.42,0.01,0,0,0,0.05,0.01
7,"Lemitar",34.1670457032,-106.889953039,2017-09-01,9,2017,0,0,0,3.4,0,0,.,.,.,0,0.58,0,0.71,0,0,0.01,0,0,0
7,"Lemitar",34.1670457032,-106.889953039,2018-09-01,9,2018,0.47,0,0,1.02,0,0,.,.,.,0,0.21,0,0,0,0,0,0,0,0
7,"Lemitar",34.1670457032,-106.889953039,2019-09-01,9,2019,0.23,0,0,0.29,0,0,.,.,.,0,0.12,0,0.03,0,0,0,0,0,0
7,"Lemitar",34.1670457032,-106.889953039,2021-09-01,9,2021,0.02,0,0,3.17,0,0,.,.,.,0,0.52,0,0,0,0,0,0,0,0.04
7,"Lemitar",34.1670457032,-106.889953039,2022-09-01,9,2022,0,0,0,1.73,0,0,.,.,.,0,0.46,0,0.27,0.01,0,0,0,0.02,0.16
7,"Lemitar",34.1670457032,-106.889953039,2023-09-01,9,2023,0.08,0,0,0.19,0,0,0,0,0,0,0.24,0,0.41,0.01,0,0,0,0,0.02
7,"Lemitar",34.1670457032,-106.889953039,2000-10-01,10,2000,0.62,0,0,0.27,0,0,.,.,.,0,0.15,0,0.11,.,.,.,.,.,0
7,"Lemitar",34.1670457032,-106.889953039,2002-10-01,10,2002,0.1,0,0,0.13,0,0,.,.,.,0,0.04,0,0.01,.,.,.,.,.,0
7,"Lemitar",34.1670457032,-106.889953039,2003-10-01,10,2003,.,.,.,.,.,.,.,.,.,.,.,.,.,.,.,.,.,.,.
7,"Lemitar",34.1670457032,-106.889953039,2004-10-01,10,2004,0.78,0,0,0.19,0,0,.,.,.,0,0.12,0,0.01,.,.,.,.,.,0
7,"Lemitar",34.1670457032,-106.889953039,2005-10-01,10,2005,0.32,0,0,2.15,0,0,.,.,.,0,0.32,0,0,.,.,.,.,.,0
7,"Lemitar",34.1670457032,-106.889953039,2006-10-01,10,2006,1.32,0,0,7.12,0,0,.,.,.,0,1.7,0,3.88,.,.,.,.,.,0.06
7,"Lemitar",34.1670457032,-106.889953039,2007-10-01,10,2007,0.94,0,0,2.34,0,0,.,.,.,0,1.08,0,0.53,0,0,0,.,0,0.51
7,"Lemitar",34.1670457032,-106.889953039,2008-10-01,10,2008,1.93,0,0,0.78,0,0,.,.,.,0,0.61,0,0,0,0,0,.,0.92,0.15
7,"Lemitar",34.1670457032,-106.889953039,2009-10-01,10,2009,0.55,0.15,0.01,1.57,0,0,.,.,.,0,0.32,0.02,0.02,0,0,0,.,0,0
7,"Lemitar",34.1670457032,-106.889953039,2010-10-01,10,2010,1.71,0,0,0.64,0,0,.,.,.,0,0.36,0,0.11,0,0.01,0,.,0,0
7,"Lemitar",34.1670457032,-106.889953039,2011-10-01,10,2011,1.77,0,0,0.65,0,0,.,.,.,0,0.43,0,0.01,0,0,0,.,0,0.05
7,"Lemitar",34.1670457032,-106.889953039,2012-10-01,10,2012,0.02,0,0,1.27,0,0,.,.,.,0,0.26,0,0.02,0.01,0,0,.,0,0.03
7,"Lemitar",34.1670457032,-106.889953039,2013-10-01,10,2013,0.1,0,0,1.1,0,0,.,.,.,0,0.17,0,0.03,0,0,0,.,0,0
7,"Lemitar",34.1670457032,-106.889953039,2014-10-01,10,2014,0.16,0,0,1.05,0,0,.,.,.,0,0.34,0,0.02,0,0,0,.,0.01,0
7,"Lemitar",34.1670457032,-106.889953039,2015-10-01,10,2015,.,.,.,.,.,.,.,.,.,.,.,.,.,.,.,.,.,.,.
7,"Lemitar",34.1670457032,-106.889953039,2016-10-01,10,2016,0.38,0,0,1.2,0,0,.,.,.,0,0.32,0,0.31,0,0,0,0,0,0
7,"Lemitar",34.1670457032,-106.889953039,2017-10-01,10,2017,0.31,0.01,0,0.87,0,0,.,.,.,0,114.97,0,883.15,0,0,0,0,0,0
7,"Lemitar",34.1670457032,-106.889953039,2018-10-01,10,2018,0,0,0,1.12,0,0,.,.,.,0,0.67,0,3.08,0,0,0,0,0,0
7,"Lemitar",34.1670457032,-106.889953039,2019-10-01,10,2019,0.11,0,0.01,0.59,0,0.01,.,.,.,0,0.12,0,0.09,0,0,0,0,0,0
7,"Lemitar",34.1670457032,-106.889953039,2020-10-01,10,2020,0.94,0,0,0.13,0,0.01,.,.,.,0,0.27,0,0.06,0,0,0,0,0,0.03
7,"Lemitar",34.1670457032,-106.889953039,2021-10-01,10,2021,0.02,0,0,2.56,0,0,.,.,.,0,0.76,0,1.18,0,0,0,0,0,0.12
7,"Lemitar",34.1670457032,-106.889953039,2022-10-01,10,2022,0.01,0,0,0.25,0,0,.,.,.,0,0.47,0,0.71,0.7,0,0,0,0,0.22
7,"Lemitar",34.1670457032,-106.889953039,2023-10-01,10,2023,0,0,0,1.03,0,0.01,0,0,0,0,0.25,0,0.47,0.01,0,0,0,0,0.03
7,"Lemitar",34.1670457032,-106.889953039,2024-10-01,10,2024,0.01,.,0,0.02,0,0,0,0,0,0,0.07,0,0.05,0.01,0,0,0,0,0.01
7,"Lemitar",34.1670457032,-106.889953039,2000-11-01,11,2000,5.39,0,0,12.69,0,0,.,.,.,0,2.55,0,1.46,.,.,.,.,.,0
7,"Lemitar",34.1670457032,-106.889953039,2001-11-01,11,2001,5.08,0,0,8.26,0,0,.,.,.,0,1.75,0,0,.,.,.,.,.,0
7,"Lemitar",34.1670457032,-106.889953039,2002-11-01,11,2002,4.1,0,0,9.58,0,0,.,.,.,0,1.81,0,0.27,.,.,.,.,.,0
7,"Lemitar",34.1670457032,-106.889953039,2003-11-01,11,2003,.,.,.,.,.,.,.,.,.,.,.,.,.,.,.,.,.,.,.
7,"Lemitar",34.1670457032,-106.889953039,2004-11-01,11,2004,5.77,0,0.31,8.47,0,0,.,.,.,0,1.92,0,0.08,.,.,.,.,.,0
7,"Lemitar",34.1670457032,-106.889953039,2005-11-01,11,2005,1.72,0,0,6.33,0,0,.,.,.,0,1.07,0,0.1,.,.,.,.,.,0
7,"Lemitar",34.1670457032,-106.889953039,2006-11-01,11,2006,18.23,0,0,9.11,0,0,.,.,.,0,3.62,0,0.26,.,.,.,.,.,0.01
7,"Lemitar",34.1670457032,-106.889953039,2007-11-01,11,2007,12.16,0,0,6.44,0,0,.,.,.,0,2.67,0,0.43,0,0,0,.,0,0.03
7,"Lemitar",34.1670457032,-106.889953039,2008-11-01,11,2008,3.85,0,0,7.12,0,0,.,.,.,0,2.24,0,5.47,0,0,0,.,0.01,0
7,"Lemitar",34.1670457032,-106.889953039,2009-11-01,11,2009,11.08,0,0,5.49,0,0,.,.,.,0,2.22,0,0.19,0,0,0,.,0,0
7,"Lemitar",34.1670457032,-106.889953039,2010-11-01,11,2010,7.2,0,0,16.44,0,0,.,.,.,0,3.16,0,0.02,0.35,0,0,.,0,0.05
7,"Lemitar",34.1670457032,-106.889953039,2011-11-01,11,2011,1.11,0,0,1.02,0,0,.,.,.,0,0.36,0,0.02,0,0,0,.,0.33,0.04
7,"Lemitar",34.1670457032,-106.889953039,2012-11-01,11,2012,5.85,0,0,10.09,0,0,.,.,.,0,2.56,0,2.71,0,0,0,.,0,0
7,"Lemitar",34.1670457032,-106.889953039,2013-11-01,11,2013,5.77,0,0,7.49,0,0,.,.,.,0,1.86,0,0.02,0,0,0,.,0,0
7,"Lemitar",34.1670457032,-106.889953039,2014-11-01,11,2014,7.16,0,0,7.4,0,0,.,.,.,0,2.24,0,0.03,0,0,0,.,0,0
7,"Lemitar",34.1670457032,-106.889953039,2015-11-01,11,2015,4.38,0,0,7.4,0,0,.,.,.,0,3.13,0,12.02,0.01,0,0,.,0,0
7,"Lemitar",34.1670457032,-106.889953039,2016-11-01,11,2016,1.71,0,0.01,1.42,0,0,.,.,.,0,0.45,0,0.02,0,0,0,0.01,0,0
7,"Lemitar",34.1670457032,-106.889953039,2017-11-01,11,2017,1.16,0,0,3.49,0,0,.,.,.,0,0.73,0,0.18,0,0,0,0,0,0.01
7,"Lemitar",34.1670457032,-106.889953039,2018-11-01,11,2018,1.32,0,0,3.66,0,0,.,.,.,0.15,0.72,0,0.02,0,0,0,0,0,0.02
7,"Lemitar",34.1670457032,-106.889953039,2019-11-01,11,2019,6.85,0,0,1.44,0,0.08,.,.,.,0,1.23,0,0.39,0,0,0,0,0,0.01
7,"Lemitar",34.1670457032,-106.889953039,2020-11-01,11,2020,1.79,0,0,7.39,0,0,.,.,.,0,1.61,0,0.94,0,0,0,0,0.01,0.17
7,"Lemitar",34.1670457032,-106.889953039,2021-11-01,11,2021,2.12,0,0,1.28,0,0.54,.,.,.,0,0.58,0,0.03,0,0,0,0,0,0.01
7,"Lemitar",34.1670457032,-106.889953039,2022-11-01,11,2022,1.17,0,0,4.63,0,0.01,.,.,.,0,1.2,0,1.24,0,0,0,0,0,0.17
7,"Lemitar",34.1670457032,-106.889953039,2023-11-01,11,2023,1.48,.,0,11.33,0,0.01,.,.,0,0,2.14,0,2.17,0,0.01,0.02,0,0,0.06
7,"Lemitar",34.1670457032,-106.889953039,2024-11-01,11,2024,0.46,.,0,0,0,0,0,0,0,0,2.8,0,14.46,0,0,0,0,0,0.05
7,"Lemitar",34.1670457032,-106.889953039,2000-12-01,12,2000,3.85,0,0,5.42,0,0,.,.,.,0,1.46,0,1.86,.,.,.,.,.,0
7,"Lemitar",34.1670457032,-106.889953039,2001-12-01,12,2001,12.69,0,0,7.86,0,0,.,.,.,0,2.67,0,0,.,.,.,.,.,0
7,"Lemitar",34.1670457032,-106.889953039,2002-12-01,12,2002,7.85,0,0,0,0,0,.,.,.,0,1.3,0,1.93,.,.,.,.,.,0.03
7,"Lemitar",34.1670457032,-106.889953039,2003-12-01,12,2003,.,.,.,.,.,.,.,.,.,.,.,.,.,.,.,.,.,.,.
7,"Lemitar",34.1670457032,-106.889953039,2004-12-01,12,2004,12.82,0,0,4.21,0,0,.,.,.,0,2.21,0,0,.,.,.,.,.,0
7,"Lemitar",34.1670457032,-106.889953039,2005-12-01,12,2005,13.7,0,0,9.09,0,0,.,.,.,0,3.34,0,1.72,.,.,.,.,.,0.06
7,"Lemitar",34.1670457032,-106.889953039,2006-12-01,12,2006,1.01,0,0,1.2,0,0,.,.,.,0,0.3,0,0.02,.,.,.,.,.,0
7,"Lemitar",34.1670457032,-106.889953039,2007-12-01,12,2007,7.48,0,0,16.12,0,0,.,.,.,0,3.3,0,0.7,0,0,0,.,0,0.02
7,"Lemitar",34.1670457032,-106.889953039,2008-12-01,12,2008,0.49,0,0,2.67,0,0,.,.,.,0,0.53,0,0.03,0,0,0,.,0,0
7,"Lemitar",34.1670457032,-106.889953039,2009-12-01,12,2009,13.7,0,0,3.34,0,0,.,.,.,0,2.28,0,0,0,0,0,.,0,0
7,"Lemitar",34.1670457032,-106.889953039,2010-12-01,12,2010,11.09,0,0,4.25,0,0,.,.,.,0,3.13,0,0.02,0,0,0,.,0,0
7,"Lemitar",34.1670457032,-106.889953039,2011-12-01,12,2011,0.47,0,0,4.02,0,0,.,.,.,0,0.83,0,1.32,0.02,0,0,.,0.08,0.01
7,"Lemitar",34.1670457032,-106.889953039,2012-12-01,12,2012,6.78,0,0,9.24,0,0,.,.,.,0,2.6,0,0,0,0,0,.,0,0.18
7,"Lemitar",34.1670457032,-106.889953039,2013-12-01,12,2013,4.69,0,0,6.42,0,0,.,.,.,0,1.72,0,1.55,0,0,0.16,.,0,0.02
7,"Lemitar",34.1670457032,-106.889953039,2014-12-01,12,2014,3.32,0,0,9.56,0,0,.,.,.,0,1.98,0,1.49,0.02,0,0,.,0,0
7,"Lemitar",34.1670457032,-106.889953039,2015-12-01,12,2015,1.92,0.01,0.01,13.56,0,0,.,.,.,0,2.08,0,0.05,0,0,0,.,0.01,0.01
7,"Lemitar",34.1670457032,-106.889953039,2016-12-01,12,2016,0.26,0,0,17.17,0,0,.,.,.,0,2.52,0,0.56,0.02,0,0,0,0,0.01
7,"Lemitar",34.1670457032,-106.889953039,2017-12-01,12,2017,2.82,0,0,0,0,0,.,.,.,2.95,0.78,0,0.13,0,0,0,0,0,0.02
7,"Lemitar",34.1670457032,-106.889953039,2018-12-01,12,2018,1.08,0,0,8.16,0,0.01,.,.,.,0,1.27,0,0.03,0.01,0,0.02,0.01,0,0.01
7,"Lemitar",34.1670457032,-106.889953039,2019-12-01,12,2019,1.69,0,0,0.26,0,0,.,.,.,0,0.31,0,0.06,0,0,0,0,0,0
7,"Lemitar",34.1670457032,-106.889953039,2020-12-01,12,2020,0.23,0,0,0.9,0,0,.,.,.,0,0.22,0,0.1,0,0,0,0,0.02,0.01
7,"Lemitar",34.1670457032,-106.889953039,2021-12-01,12,2021,1.77,0,0,3.18,0,0.01,.,.,.,0,1.05,0,0.02,0,0,0,0,0,0.32
7,"Lemitar",34.1670457032,-106.889953039,2022-12-01,12,2022,0.08,0,0,2.41,0,0,.,.,.,0,0.62,0,0,0,0,0,0,0,0.22
7,"Lemitar",34.1670457032,-106.889953039,2023-12-01,12,2023,1.94,.,0,4.87,0,0,.,.,0,0,1.35,0,1.79,0,0,0.08,0,0,0.12
7,"Lemitar",34.1670457032,-106.889953039,2024-12-01,12,2024,1,.,0,0.01,0,0,0,0,0,0,0.25,0,0.03,0.01,0,0,0,0,0.06
8,"Hispanic Cultural Center",35.0688083802,-106.65807622,2003-01-01,1,2003,534.04,0,31.54,0,0,0,.,.,.,0,91.7,0,145,.,.,.,.,.,0.07
8,"Hispanic Cultural Center",35.0688083802,-106.65807622,2004-01-01,1,2004,43.85,0.16,4.54,0,0.38,0.18,.,.,.,0,8.06,0.02,7.78,.,.,.,.,.,0.11
8,"Hispanic Cultural Center",35.0688083802,-106.65807622,2005-01-01,1,2005,.,.,.,.,.,.,.,.,.,.,.,.,.,.,.,.,.,.,.
8,"Hispanic Cultural Center",35.0688083802,-106.65807622,2006-01-01,1,2006,20.31,0,0,0,0.15,0,.,.,.,0,2.81,0,0,.,.,.,.,.,0
8,"Hispanic Cultural Center",35.0688083802,-106.65807622,2007-01-01,1,2007,38.62,0.17,0,0,0.31,0,.,.,.,0,6.31,0.02,8.7,.,.,.,.,.,0.03
8,"Hispanic Cultural Center",35.0688083802,-106.65807622,2008-01-01,1,2008,17.92,1.19,0,0,0.15,0,.,.,.,0,2.77,0.15,1.09,0,0,0,.,0,0
8,"Hispanic Cultural Center",35.0688083802,-106.65807622,2009-01-01,1,2009,42.69,0.73,0,0,0.08,0,.,.,.,0,6.2,0.1,2.85,0.17,0,0,.,0,0.05
8,"Hispanic Cultural Center",35.0688083802,-106.65807622,2010-01-01,1,2010,21.15,0.01,0,0,0,0,.,.,.,0,2.75,0,0,0,0,0,.,0,0
8,"Hispanic Cultural Center",35.0688083802,-106.65807622,2011-01-01,1,2011,33.54,0.39,0,0,0.01,0,.,.,.,0,4.49,0.05,0.62,0.01,0,0,.,0,0
8,"Hispanic Cultural Center",35.0688083802,-106.65807622,2012-01-01,1,2012,7.18,0,0,0,0,0,.,.,.,0,1.77,0,5.32,0,0,0,.,0,0
8,"Hispanic Cultural Center",35.0688083802,-106.65807622,2013-01-01,1,2013,24.23,0.56,0,0,0.01,0,.,.,.,0,3.75,0.07,0.32,0,0,0,.,0,0.26
8,"Hispanic Cultural Center",35.0688083802,-106.65807622,2014-01-01,1,2014,19.23,0.09,0,0,0,0,.,.,.,0,3.08,0.01,3.55,0.48,0,0,.,0,0.06
8,"Hispanic Cultural Center",35.0688083802,-106.65807622,2015-01-01,1,2015,69.84,0.7,0.01,0,0.09,0,.,.,.,0,9.83,0.09,3.7,0.17,0.01,0,.,0,0.03
8,"Hispanic Cultural Center",35.0688083802,-106.65807622,2016-01-01,1,2016,40.62,0.1,0.02,0,0,0.02,.,.,.,0,11.75,0.01,48.56,0.01,0,0,.,0,0
8,"Hispanic Cultural Center",35.0688083802,-106.65807622,2017-01-01,1,2017,22.54,0.38,0.02,0,0.32,0,.,.,.,0,5.03,0.05,13.71,0.05,0,0.01,0,0,0.01
8,"Hispanic Cultural Center",35.0688083802,-106.65807622,2018-01-01,1,2018,18.39,0.63,0.01,0,0.02,0,.,.,.,0,3.4,0.09,5.75,0,0,0.01,0.01,0,0
8,"Hispanic Cultural Center",35.0688083802,-106.65807622,2019-01-01,1,2019,21.16,0.23,0,0,0.02,0,.,.,.,0,3.98,0.03,5.09,0.04,0.15,0,0,0,0.03
8,"Hispanic Cultural Center",35.0688083802,-106.65807622,2020-01-01,1,2020,24.69,0.12,0.23,0,0.09,0.02,.,.,.,0,4.44,0.02,3.32,1.78,0,0,0,0.01,0.33
8,"Hispanic Cultural Center",35.0688083802,-106.65807622,2021-01-01,1,2021,29.57,0.35,0.43,0.02,0.09,0,.,.,.,0,4.26,0.06,0.09,0.01,0,0,0,0,0
8,"Hispanic Cultural Center",35.0688083802,-106.65807622,2023-01-01,1,2023,7.69,.,0,0,0,0,.,.,0,0,1,0.01,0.08,0,0,0,0,0,0
8,"Hispanic Cultural Center",35.0688083802,-106.65807622,2024-01-01,1,2024,10,.,0,0,0.08,0,0.08,0,0,0,1.4,0,0,0,0,0,0,0,0
8,"Hispanic Cultural Center",35.0688083802,-106.65807622,2003-02-01,2,2003,81.31,0,0,0,0,0,.,.,.,0,11.03,0,2.92,.,.,.,.,.,0.07
8,"Hispanic Cultural Center",35.0688083802,-106.65807622,2004-02-01,2,2004,70.77,0.25,8.39,0,0.17,0.01,.,.,.,0,10.64,0.03,0.57,.,.,.,.,.,0
8,"Hispanic Cultural Center",35.0688083802,-106.65807622,2005-02-01,2,2005,28.85,1.15,0,0,0,0,.,.,.,0,4.3,0.15,2.39,.,.,.,.,.,0
8,"Hispanic Cultural Center",35.0688083802,-106.65807622,2006-02-01,2,2006,16.08,0.17,0.01,0,0.09,0,.,.,.,0,2.17,0.02,0,.,.,.,.,.,0
8,"Hispanic Cultural Center",35.0688083802,-106.65807622,2007-02-01,2,2007,23,0.09,0,0,0.15,0,.,.,.,0,5.28,0.01,14.01,.,.,.,.,.,0.25
8,"Hispanic Cultural Center",35.0688083802,-106.65807622,2008-02-01,2,2008,71.15,0.49,0,0,0.23,0,.,.,.,0,9.83,0.06,0.08,0,0,0,.,0,0.04
8,"Hispanic Cultural Center",35.0688083802,-106.65807622,2009-02-01,2,2009,50.38,0.02,0,0,0,0,.,.,.,0,6.75,0,0.77,0,0,0,.,0,0.01
8,"Hispanic Cultural Center",35.0688083802,-106.65807622,2010-02-01,2,2010,113.68,0,0.01,0,0,0,.,.,.,0,15.46,0,5.13,0,0,0,.,0,0
8,"Hispanic Cultural Center",35.0688083802,-106.65807622,2011-02-01,2,2011,61.55,0.17,0,0,0,0,.,.,.,0,8.21,0.02,1.31,0.01,0,0,.,0,0
8,"Hispanic Cultural Center",35.0688083802,-106.65807622,2012-02-01,2,2012,2.92,0,0,0,0,0,.,.,.,0,0.42,0,0.16,0.01,0,0,.,0,0
8,"Hispanic Cultural Center",35.0688083802,-106.65807622,2013-02-01,2,2013,18,0.09,0,0,0,0,.,.,.,0,4.14,0.01,9.62,0,0,0,.,0.77,0.32
8,"Hispanic Cultural Center",35.0688083802,-106.65807622,2014-02-01,2,2014,10.54,0.25,0,0,0.02,0,.,.,.,0,1.66,0.05,0.05,0,0,0,.,0,0.01
8,"Hispanic Cultural Center",35.0688083802,-106.65807622,2015-02-01,2,2015,13.08,0.01,0.01,0,0,0,.,.,.,0,1.96,0,0.04,0.03,0,0,.,0,0.01
8,"Hispanic Cultural Center",35.0688083802,-106.65807622,2016-02-01,2,2016,21.69,0.24,0.01,0,0.02,0,.,.,.,0,3.09,0.03,0.02,0.02,0,0,.,0,0.02
8,"Hispanic Cultural Center",35.0688083802,-106.65807622,2017-02-01,2,2017,22.69,0.01,0,0,0.34,0,.,.,.,0,3.93,0,4.8,0.02,0,0,0,0,0.02
8,"Hispanic Cultural Center",35.0688083802,-106.65807622,2018-02-01,2,2018,35.38,0.34,0.02,0,0.01,0,.,.,.,0,13.88,0.04,63.08,0.01,0,0,0,0,0.5
8,"Hispanic Cultural Center",35.0688083802,-106.65807622,2019-02-01,2,2019,23.38,0.02,0.02,0,0.09,0.01,.,.,.,0,5.11,0.01,10.25,0.04,0,0,0,0,0.01
8,"Hispanic Cultural Center",35.0688083802,-106.65807622,2020-02-01,2,2020,16.58,0.01,0,0,0.01,0,.,.,.,0.03,4.52,0,17.45,0.04,0,0,0,0,0.01
8,"Hispanic Cultural Center",35.0688083802,-106.65807622,2021-02-01,2,2021,7.69,0.1,0.02,0.01,0.01,0,.,.,.,0,171.86,0.01,1312.27,0.01,0.01,0.01,0,0,0.01
8,"Hispanic Cultural Center",35.0688083802,-106.65807622,2023-02-01,2,2023,54.62,.,0,0.08,0,0,.,.,0,0,7.3,0.01,0.08,0,0,0,0.08,0,0
8,"Hispanic Cultural Center",35.0688083802,-106.65807622,2024-02-01,2,2024,10.77,.,0,0,0,0,0,0,0,0.08,1.5,0,0.08,0,0,0,0.08,0,0
8,"Hispanic Cultural Center",35.0688083802,-106.65807622,2002-03-01,3,2002,19.56,0.02,0.01,0,0.02,0,.,.,.,0,5.16,0,19.34,.,.,.,.,.,0
8,"Hispanic Cultural Center",35.0688083802,-106.65807622,2003-03-01,3,2003,.,.,.,.,.,.,.,.,.,.,.,.,.,.,.,.,.,.,.
8,"Hispanic Cultural Center",35.0688083802,-106.65807622,2004-03-01,3,2004,84.84,0.32,5.46,0,0,0,.,.,.,0,13.5,0.04,8,.,.,.,.,.,0.25
8,"Hispanic Cultural Center",35.0688083802,-106.65807622,2005-03-01,3,2005,33.15,0.38,0,0,0,0,.,.,.,0,4.38,0.05,0,.,.,.,.,.,0
8,"Hispanic Cultural Center",35.0688083802,-106.65807622,2006-03-01,3,2006,74.15,0.85,0,0,0.39,0,.,.,.,0,13.07,0.11,15.92,.,.,.,.,.,0
8,"Hispanic Cultural Center",35.0688083802,-106.65807622,2007-03-01,3,2007,30.69,0.01,0,0,1.15,0,.,.,.,0,4.69,0,1.54,.,.,.,.,.,0.08
8,"Hispanic Cultural Center",35.0688083802,-106.65807622,2008-03-01,3,2008,20.09,0.01,0.01,0,0,0,.,.,.,0,3.26,0,0,0,0,0,.,0,0
8,"Hispanic Cultural Center",35.0688083802,-106.65807622,2009-03-01,3,2009,65.64,1.49,0,0,0,0,.,.,.,0,9,0.19,0.86,0,0,0,.,0,0.02
8,"Hispanic Cultural Center",35.0688083802,-106.65807622,2010-03-01,3,2010,91.63,0,0.28,0,0,0,.,.,.,0,12.31,0,2.39,0,0,0,.,0,0.03
8,"Hispanic Cultural Center",35.0688083802,-106.65807622,2011-03-01,3,2011,84.24,0.63,0.01,0,0,0,.,.,.,0,12.25,0.08,4.49,0.02,0,0.01,.,0,0.12
8,"Hispanic Cultural Center",35.0688083802,-106.65807622,2012-03-01,3,2012,13.38,0.02,0,0,0.09,0,.,.,.,0,2.66,0,3.85,0.01,0,0.09,.,0,0.04
8,"Hispanic Cultural Center",35.0688083802,-106.65807622,2013-03-01,3,2013,2.78,0.02,0,0,0,0,.,.,.,0,1.4,0,6.94,0,0.01,0,.,0,0.01
8,"Hispanic Cultural Center",35.0688083802,-106.65807622,2014-03-01,3,2014,10.85,0.02,0,0,0,0,.,.,.,0,1.93,0,2.46,0.02,0,0,.,0,0
8,"Hispanic Cultural Center",35.0688083802,-106.65807622,2015-03-01,3,2015,20.08,0.02,0,0,0.08,0,.,.,.,0,3.02,0,2.56,0,0,0,.,0,0
8,"Hispanic Cultural Center",35.0688083802,-106.65807622,2016-03-01,3,2016,13.94,0.03,0,0,0.02,0.09,.,.,.,0,4.22,0,15.82,0.03,0,0,.,0,0.01
8,"Hispanic Cultural Center",35.0688083802,-106.65807622,2017-03-01,3,2017,8.69,0.16,0.02,0,0.02,0,.,.,.,0,2.64,0.02,8.47,0.32,0,0,0,0,0.05
8,"Hispanic Cultural Center",35.0688083802,-106.65807622,2018-03-01,3,2018,7.69,0.1,0.01,0,0,0,.,.,.,0,24.82,0.01,178,0,0,0,0,0,0
8,"Hispanic Cultural Center",35.0688083802,-106.65807622,2019-03-01,3,2019,5.01,0.01,0,0,0.01,0.01,.,.,.,0,0.92,0,1.12,0.04,0,0,0,0,0.01
8,"Hispanic Cultural Center",35.0688083802,-106.65807622,2020-03-01,3,2020,5.54,0.02,0,0,0.01,0,.,.,.,0.02,2.49,0,10.41,0.28,0,0,0,0,0.04
8,"Hispanic Cultural Center",35.0688083802,-106.65807622,2021-03-01,3,2021,6.69,0.17,0,0,0.02,0,.,.,.,0,2.19,0.02,6.65,0.15,0.17,0,0.01,0,0.13
8,"Hispanic Cultural Center",35.0688083802,-106.65807622,2023-03-01,3,2023,2.31,.,0,0,0,0,.,.,0,0,1.2,0,6.15,0,0,0,0.08,0,0
8,"Hispanic Cultural Center",35.0688083802,-106.65807622,2024-03-01,3,2024,0.85,.,0,0,0,0,0,0,0,0,0.55,0,2.69,0.08,0,0,0,0,0.01
8,"Hispanic Cultural Center",35.0688083802,-106.65807622,2002-04-01,4,2002,8.25,0,0,0,0,0,.,.,.,0,9.41,0,46.93,.,.,.,.,.,2.23
8,"Hispanic Cultural Center",35.0688083802,-106.65807622,2003-04-01,4,2003,6.62,0,0,0,0,0,.,.,.,0,2.57,0,0.08,.,.,.,.,.,1.65
8,"Hispanic Cultural Center",35.0688083802,-106.65807622,2004-04-01,4,2004,21.69,0,1.54,0,0,0,.,.,.,0,7.55,0,2.69,.,.,.,.,.,4.12
8,"Hispanic Cultural Center",35.0688083802,-106.65807622,2005-04-01,4,2005,55.85,0.09,0,0,0,0,.,.,.,0,9.49,0.01,12.15,.,.,.,.,.,0.57
8,"Hispanic Cultural Center",35.0688083802,-106.65807622,2006-04-01,4,2006,17.77,0.01,0,0,0,0,.,.,.,7.62,7.26,0,0.42,.,.,.,.,.,3.67
8,"Hispanic Cultural Center",35.0688083802,-106.65807622,2007-04-01,4,2007,8.32,0.01,0,0,0.09,0,.,.,.,0,3.97,0,2.46,13.62,0,0,.,0,2.45
8,"Hispanic Cultural Center",35.0688083802,-106.65807622,2008-04-01,4,2008,16.54,0.38,0,0,0.01,0,.,.,.,0,3.72,0.05,0.38,4.77,0,0,.,0,0.62
8,"Hispanic Cultural Center",35.0688083802,-106.65807622,2009-04-01,4,2009,75,0.88,0,0,0,0,.,.,.,0,11.64,0.11,5.31,2.25,0,0,.,0,0.8
8,"Hispanic Cultural Center",35.0688083802,-106.65807622,2010-04-01,4,2010,93.76,0.02,0,0,0,0,.,.,.,0,13.23,0,0.01,3.57,0.49,0,.,0,0.53
8,"Hispanic Cultural Center",35.0688083802,-106.65807622,2011-04-01,4,2011,100.77,0.78,0.02,0,0.32,0,.,.,.,0,18.09,0.1,8.31,19.46,0.01,0,.,0,2.87
8,"Hispanic Cultural Center",35.0688083802,-106.65807622,2012-04-01,4,2012,4.97,0,0,0,0,0,.,.,.,0,4.83,0,1.71,30,0,0,.,0,3.9
8,"Hispanic Cultural Center",35.0688083802,-106.65807622,2013-04-01,4,2013,5.32,0.03,0,0,0,0,.,.,.,0,3.46,0,4.47,15.32,0,0,.,0,2.01
8,"Hispanic Cultural Center",35.0688083802,-106.65807622,2014-04-01,4,2014,4,0.02,0,0,0.02,0,.,.,.,0,4.02,0,0.48,20.46,0,0,.,0,2.72
8,"Hispanic Cultural Center",35.0688083802,-106.65807622,2015-04-01,4,2015,12.23,0.02,0.02,0,0.01,0,.,.,.,0,6.66,0,0.65,35.46,0,0.01,.,0,4.73
8,"Hispanic Cultural Center",35.0688083802,-106.65807622,2016-04-01,4,2016,22.85,0.24,0,0,0,0,.,.,.,0,9.84,0.03,7.23,41.08,0,0,.,0,0.18
8,"Hispanic Cultural Center",35.0688083802,-106.65807622,2017-04-01,4,2017,0.05,0,0,0,0,0.01,.,.,.,0,3.1,0,1.57,20.39,0,0,0.22,0,0.03
8,"Hispanic Cultural Center",35.0688083802,-106.65807622,2018-04-01,4,2018,1.81,0.01,0,0,0.01,0,.,.,.,0,4.4,0,18.98,9.87,0,0.38,0.44,0,0.83
8,"Hispanic Cultural Center",35.0688083802,-106.65807622,2019-04-01,4,2019,2.1,0.02,0.01,0,0.09,0,.,.,.,0,2.35,0,1.04,10.69,0,0,0.21,0,1.43
8,"Hispanic Cultural Center",35.0688083802,-106.65807622,2020-04-01,4,2020,3.85,0.02,0.03,0,0.02,0,.,.,.,0,6.12,0,11.92,27.35,0,0,1.64,0,3.39
8,"Hispanic Cultural Center",35.0688083802,-106.65807622,2021-04-01,4,2021,3,0.02,0,0,0,0,.,.,.,0,4,0,3.21,20.67,0,0,0.02,0,2.38
8,"Hispanic Cultural Center",35.0688083802,-106.65807622,2023-04-01,4,2023,0,.,0,0,0,0,.,.,0,0,0.2,0,0.08,0.08,0,0,0,0,0
8,"Hispanic Cultural Center",35.0688083802,-106.65807622,2002-05-01,5,2002,10.24,0.02,0.01,0,0.78,0,.,.,.,0,8.89,0,10.93,.,.,.,.,.,5.68
8,"Hispanic Cultural Center",35.0688083802,-106.65807622,2003-05-01,5,2003,23.79,0.52,1.79,0.09,0.18,0,.,.,.,0,8.83,0.07,9.23,.,.,.,.,.,4.1
8,"Hispanic Cultural Center",35.0688083802,-106.65807622,2004-05-01,5,2004,32.12,0,0.01,0,0,0,.,.,.,0,6.66,0,15.67,.,.,.,.,.,0.45
8,"Hispanic Cultural Center",35.0688083802,-106.65807622,2005-05-01,5,2005,8.38,0,0,0,0,0,.,.,.,0,3.46,0,3.62,.,.,.,.,.,1.49
8,"Hispanic Cultural Center",35.0688083802,-106.65807622,2006-05-01,5,2006,21.85,0.09,0,0,0,0.08,.,.,.,0,7.89,0.01,9.85,.,.,.,.,.,3.55
8,"Hispanic Cultural Center",35.0688083802,-106.65807622,2007-05-01,5,2007,5.39,0,0,0,0,0,.,.,.,0,3.45,0,2.92,13,0,0,.,0,2.33
8,"Hispanic Cultural Center",35.0688083802,-106.65807622,2008-05-01,5,2008,30,0,0.01,0,0.23,0,.,.,.,0,7.99,0,2.46,20,0,0,.,0.38,3.05
8,"Hispanic Cultural Center",35.0688083802,-106.65807622,2009-05-01,5,2009,12.98,0,0,0,0,0,.,.,.,0,4.01,0,1.83,9.81,0,0,.,0,1.93
8,"Hispanic Cultural Center",35.0688083802,-106.65807622,2010-05-01,5,2010,47.87,0.01,0,0,0,0,.,.,.,0,9.09,0,6.59,11.8,2.32,0,.,0,1.86
8,"Hispanic Cultural Center",35.0688083802,-106.65807622,2011-05-01,5,2011,34.27,0.09,0.01,0,0.09,0,.,.,.,0,10.86,0.01,16.77,28.12,0.28,0,.,0,3.85
8,"Hispanic Cultural Center",35.0688083802,-106.65807622,2012-05-01,5,2012,5.23,0.02,0,0,0,0,.,.,.,0,4.02,0,7.38,17.46,0,0,.,0,2.28
8,"Hispanic Cultural Center",35.0688083802,-106.65807622,2013-05-01,5,2013,10.15,0.27,0.02,0.01,0.02,0,.,.,.,0,6.38,0.04,4.4,31.39,0.03,0,.,0,4.23
8,"Hispanic Cultural Center",35.0688083802,-106.65807622,2014-05-01,5,2014,5.69,0.02,0.01,0,0.02,0,.,.,.,0,5.67,0,20.17,14.85,0.19,0,.,0,2.02
8,"Hispanic Cultural Center",35.0688083802,-106.65807622,2015-05-01,5,2015,6.86,0.04,0,0,0.02,0,.,.,.,0,2.95,0,2.87,11.48,0.02,0,.,0,1.5
8,"Hispanic Cultural Center",35.0688083802,-106.65807622,2016-05-01,5,2016,6.31,0.02,0,0,0.02,0.02,.,.,.,0,3.94,0,5.64,15.7,0,0,0.01,0,0.18
8,"Hispanic Cultural Center",35.0688083802,-106.65807622,2017-05-01,5,2017,4,0.01,0,0,0.02,0,.,.,.,0,3.44,0,4.85,16.31,0.1,0,0.02,0,0.02
8,"Hispanic Cultural Center",35.0688083802,-106.65807622,2018-05-01,5,2018,13.68,0.1,0,0,0.98,0,.,.,.,0,8.24,0.01,17.27,18.38,0.02,0,0.02,0,2.16
8,"Hispanic Cultural Center",35.0688083802,-106.65807622,2019-05-01,5,2019,4.46,0.01,0.01,0,0.64,0.01,.,.,.,0,3.88,0,2.46,16.15,1.28,0,0.31,0,2.34
8,"Hispanic Cultural Center",35.0688083802,-106.65807622,2020-05-01,5,2020,12,0.1,0.01,0,0.1,0,.,.,.,0,38.57,0.01,265.16,12.85,0.94,0.01,0.14,0,1.81
8,"Hispanic Cultural Center",35.0688083802,-106.65807622,2021-05-01,5,2021,32.39,0.02,0.01,0.04,0.02,0,.,.,.,0,8.4,0,5.21,25.56,0.34,0,0,0,3.04
8,"Hispanic Cultural Center",35.0688083802,-106.65807622,2023-05-01,5,2023,3.08,0,0,0,0,0,0,0,0,0,4,0,0.08,26.15,0,0,0.77,0,0.35
8,"Hispanic Cultural Center",35.0688083802,-106.65807622,2002-06-01,6,2002,29.47,0.18,0.02,0,0.3,0.01,.,.,.,0,11.73,0.02,26.81,.,.,.,.,.,3.85
8,"Hispanic Cultural Center",35.0688083802,-106.65807622,2003-06-01,6,2003,32.54,0.02,0,0,0.02,0,.,.,.,0,9.03,0,16.08,.,.,.,.,.,2.67
8,"Hispanic Cultural Center",35.0688083802,-106.65807622,2004-06-01,6,2004,36.15,0.01,0.15,0,0.02,0,.,.,.,0,9.57,0,20.08,.,.,.,.,.,2.03
8,"Hispanic Cultural Center",35.0688083802,-106.65807622,2005-06-01,6,2005,7.46,0,0,0,0.01,0,.,.,.,0,5.63,0,4.85,.,.,.,.,.,3.91
8,"Hispanic Cultural Center",35.0688083802,-106.65807622,2006-06-01,6,2006,21.47,0.38,0,0,0.01,0,.,.,.,0,11.14,0.05,7.23,.,.,.,.,.,7.31
8,"Hispanic Cultural Center",35.0688083802,-106.65807622,2007-06-01,6,2007,12.15,0.02,0,0,0.08,0,.,.,.,0,8.31,0,15.78,31.85,0,0,.,0,4.55
8,"Hispanic Cultural Center",35.0688083802,-106.65807622,2008-06-01,6,2008,17.62,0.01,0,0,0.01,0,.,.,.,0,7.75,0,8.54,17.77,0.02,0,.,0,2.34
8,"Hispanic Cultural Center",35.0688083802,-106.65807622,2009-06-01,6,2009,5.72,0,0,0,0,0,.,.,.,0,5.71,0,1.21,31.21,0,0,.,0,4.74
8,"Hispanic Cultural Center",35.0688083802,-106.65807622,2010-06-01,6,2010,26.08,0.25,0,0,0,0,.,.,.,0,6.29,0.03,0.62,13.62,0,0,.,0,2.66
8,"Hispanic Cultural Center",35.0688083802,-106.65807622,2011-06-01,6,2011,23.46,0,0.02,0,0,0.02,.,.,.,0,7.26,0,5.4,26.08,0.01,0,.,0,3.41
8,"Hispanic Cultural Center",35.0688083802,-106.65807622,2012-06-01,6,2012,27.86,0,0.17,0,0,0,.,.,.,0,8.3,0,2.99,31.54,0,0,.,0,4.1
8,"Hispanic Cultural Center",35.0688083802,-106.65807622,2013-06-01,6,2013,8.7,0.32,0,0,0.02,0,.,.,.,0,2.87,0.04,3.4,8.92,0,0,.,0,1.16
8,"Hispanic Cultural Center",35.0688083802,-106.65807622,2014-06-01,6,2014,4.46,1.02,0,0,0.02,0.01,.,.,.,0,4.96,0.13,14.1,15.39,0,0,.,0,2.21
8,"Hispanic Cultural Center",35.0688083802,-106.65807622,2015-06-01,6,2015,2.76,0.2,0,0,0.01,0,.,.,.,0,2.37,0.1,3.18,6.84,0.96,0,.,0,1.01
8,"Hispanic Cultural Center",35.0688083802,-106.65807622,2016-06-01,6,2016,8.38,0.05,0,0,0.32,0.01,.,.,.,0,5.56,0.01,3.33,28.15,0,0.01,0,0,0.02
8,"Hispanic Cultural Center",35.0688083802,-106.65807622,2017-06-01,6,2017,7.52,0.22,0,0,0.36,0.01,.,.,.,0,3.72,0.03,10.35,8.89,0.53,0,0.02,0,0.07
8,"Hispanic Cultural Center",35.0688083802,-106.65807622,2018-06-01,6,2018,4.92,0.38,0,0,0.32,0,.,.,.,0,4.14,0.05,7.92,15.31,0,0,0,0,1.99
8,"Hispanic Cultural Center",35.0688083802,-106.65807622,2019-06-01,6,2019,2.77,0.25,0,0,0.03,0,.,.,.,0,3.73,0.03,14.32,9.92,0.01,0,0.01,0,1.32
8,"Hispanic Cultural Center",35.0688083802,-106.65807622,2020-06-01,6,2020,6.08,0.63,0,0,0.4,0,.,.,.,0,6.74,0.08,18.09,20.15,1.17,0,0.02,0,2.78
8,"Hispanic Cultural Center",35.0688083802,-106.65807622,2021-06-01,6,2021,17.69,1.4,0.2,0,1.8,0,.,.,.,0.01,5.7,0.18,6.7,12.65,1.56,0.03,0,0,1.99
8,"Hispanic Cultural Center",35.0688083802,-106.65807622,2023-06-01,6,2023,3.08,0,0,0,0,0,0,0,0,0,1,0,0,4.62,0,0,0,0,0.06
8,"Hispanic Cultural Center",35.0688083802,-106.65807622,2002-07-01,7,2002,30.69,2.17,1.61,0,0,0,.,.,.,0,10.74,0.28,36.23,.,.,.,.,.,1.1
8,"Hispanic Cultural Center",35.0688083802,-106.65807622,2003-07-01,7,2003,14.23,0.1,0.09,0,0,0,.,.,.,0,5.87,0.01,2.79,.,.,.,.,.,3.49
8,"Hispanic Cultural Center",35.0688083802,-106.65807622,2004-07-01,7,2004,45.98,0,0,0,0.01,0.01,.,.,.,0,8.68,0,5.38,.,.,.,.,.,1.83
8,"Hispanic Cultural Center",35.0688083802,-106.65807622,2005-07-01,7,2005,4.04,0.18,0.01,0,0.01,0,.,.,.,0,2.92,0.02,4.45,.,.,.,.,.,1.16
8,"Hispanic Cultural Center",35.0688083802,-106.65807622,2006-07-01,7,2006,6.16,0,0,0,0,0,.,.,.,0,7.8,0,26.69,.,.,.,.,.,3.51
8,"Hispanic Cultural Center",35.0688083802,-106.65807622,2007-07-01,7,2007,10.92,0.16,0,0,2.31,0,.,.,.,0,4.57,0.02,4.17,13.77,0,0,.,0,2.14
8,"Hispanic Cultural Center",35.0688083802,-106.65807622,2008-07-01,7,2008,7.95,0,0,0,0,0,.,.,.,0,7.27,0,10.6,37.18,0,0,.,0,4.83
8,"Hispanic Cultural Center",35.0688083802,-106.65807622,2009-07-01,7,2009,8.32,0.24,0,0,4.85,0,.,.,.,0,3.91,0.03,7.7,5.16,0,0,.,0,1.01
8,"Hispanic Cultural Center",35.0688083802,-106.65807622,2010-07-01,7,2010,25.54,0.31,0,0,0,0,.,.,.,0,9.59,0.04,13.85,23.16,0.02,0,.,0,3.4
8,"Hispanic Cultural Center",35.0688083802,-106.65807622,2011-07-01,7,2011,127.77,0.02,0,0,0.01,0,.,.,.,0,17.96,0,3.69,5.93,0,0,.,0,0.8
8,"Hispanic Cultural Center",35.0688083802,-106.65807622,2012-07-01,7,2012,79.83,0.18,0.01,0,0.01,0,.,.,.,0,11.54,0.02,1.21,5.22,0.01,0,.,0,0.88
8,"Hispanic Cultural Center",35.0688083802,-106.65807622,2013-07-01,7,2013,6.31,0.04,0,0,0.01,0,.,.,.,0,4.26,0,14.02,10.92,0.08,0,.,0,1.43
8,"Hispanic Cultural Center",35.0688083802,-106.65807622,2014-07-01,7,2014,5.01,0.25,0,0,0.02,0,.,.,.,0,1.71,0.03,0.25,3.78,0,0,.,0,0.49
8,"Hispanic Cultural Center",35.0688083802,-106.65807622,2015-07-01,7,2015,4.15,1.02,0,0,0.01,0,.,.,.,0,2.24,0.13,0.23,9.38,0,0,.,0,1.29
8,"Hispanic Cultural Center",35.0688083802,-106.65807622,2016-07-01,7,2016,6.08,0.09,0.01,0,0.03,0.01,.,.,.,0,3.51,0.01,0.1,19.7,0,0,0.08,0,0.01
8,"Hispanic Cultural Center",35.0688083802,-106.65807622,2017-07-01,7,2017,4.62,1.11,0,0,0.03,0.01,.,.,.,0,1.17,0.14,0.72,1.12,0.01,0,0,0,0.03
8,"Hispanic Cultural Center",35.0688083802,-106.65807622,2018-07-01,7,2018,0,0,0,0,0,0.03,.,.,.,0,1.95,0,0.03,7.31,0,0,0,0,0.95
8,"Hispanic Cultural Center",35.0688083802,-106.65807622,2019-07-01,7,2019,7.95,0.21,0.86,0.01,2.05,0,.,.,.,0,7.41,0.03,17.1,22.14,0.61,0,0.01,0,3.07
8,"Hispanic Cultural Center",35.0688083802,-106.65807622,2020-07-01,7,2020,7.38,1.02,0.02,0,0.34,0.02,.,.,.,0,7,0.13,29.08,8.54,0.02,0,0.01,0,1.13
8,"Hispanic Cultural Center",35.0688083802,-106.65807622,2021-07-01,7,2021,16.06,1.85,0.01,0,0.5,0,.,.,.,0,6.18,0.24,2.04,16.54,0.51,0,0,0,1.89
8,"Hispanic Cultural Center",35.0688083802,-106.65807622,2023-07-01,7,2023,2.31,0,0,0,0,0,0,0,0,0,1.1,0,0,2.31,0,0,0,0,0.06
8,"Hispanic Cultural Center",35.0688083802,-106.65807622,2002-08-01,8,2002,6.48,1.39,0.77,0,0,0,.,.,.,0,2.13,0.18,6.78,.,.,.,.,.,0.07
8,"Hispanic Cultural Center",35.0688083802,-106.65807622,2003-08-01,8,2003,8.62,0.15,0.62,0,1.23,0,.,.,.,0,2.33,0.02,0.46,.,.,.,.,.,0.97
8,"Hispanic Cultural Center",35.0688083802,-106.65807622,2004-08-01,8,2004,15.39,0.01,0,0,0.02,0.02,.,.,.,0,5.65,0,24.93,.,.,.,.,.,0.09
8,"Hispanic Cultural Center",35.0688083802,-106.65807622,2005-08-01,8,2005,2.15,0.08,0,0,0,0,.,.,.,0,0.84,0.01,0,.,.,.,.,.,0
8,"Hispanic Cultural Center",35.0688083802,-106.65807622,2006-08-01,8,2006,16.38,0,0,0,0.31,0,.,.,.,0,4.82,0,18,.,.,.,.,.,0.14
8,"Hispanic Cultural Center",35.0688083802,-106.65807622,2007-08-01,8,2007,2.79,0.93,0,0,0.31,0,.,.,.,0,1.25,0.12,0.56,1.32,0.46,0,.,0,0.39
8,"Hispanic Cultural Center",35.0688083802,-106.65807622,2008-08-01,8,2008,15.46,1.46,0,0,0,0,.,.,.,0,3.39,0.19,7.46,1.55,0,0,.,0,0.2
8,"Hispanic Cultural Center",35.0688083802,-106.65807622,2009-08-01,8,2009,2.66,1.17,0.01,0,1.32,0,.,.,.,0,1.04,0.15,0,0.85,0,0,.,0,0.14
8,"Hispanic Cultural Center",35.0688083802,-106.65807622,2010-08-01,8,2010,0.55,0,0,0,0,0,.,.,.,0,0.78,0,0.69,2.78,0,0,.,0,0.4
8,"Hispanic Cultural Center",35.0688083802,-106.65807622,2011-08-01,8,2011,41.08,0.09,0,0,0.08,0,.,.,.,0.01,6.11,0.01,3.01,2.17,0.01,0,.,0,0.3
8,"Hispanic Cultural Center",35.0688083802,-106.65807622,2012-08-01,8,2012,3.85,0.55,0,0,0.08,0,.,.,.,0,1.06,0.07,0.72,1.17,0,0.01,.,0,0.26
8,"Hispanic Cultural Center",35.0688083802,-106.65807622,2013-08-01,8,2013,23.16,0.64,0,0,0.08,0,.,.,.,0,41.08,0.08,281.54,2.63,0,0,.,0,0.36
8,"Hispanic Cultural Center",35.0688083802,-106.65807622,2014-08-01,8,2014,2.26,0.52,0,0,0.09,0,.,.,.,0,1.07,0.07,0.45,0.36,0,0,.,0,0.05
8,"Hispanic Cultural Center",35.0688083802,-106.65807622,2015-08-01,8,2015,2,0.48,0,0,0.31,0,.,.,.,0,0.84,0.06,1.33,0.42,0,0,.,0,0.13
8,"Hispanic Cultural Center",35.0688083802,-106.65807622,2016-08-01,8,2016,2.7,0.17,0,0,0.48,0,.,.,.,0,0.99,0.02,0.56,2.4,0,0,0,0,0.02
8,"Hispanic Cultural Center",35.0688083802,-106.65807622,2017-08-01,8,2017,1.11,0.25,0.01,0,0.01,0,.,.,.,0,0.32,0.03,0.65,0.04,0.01,0,0,0,0.01
8,"Hispanic Cultural Center",35.0688083802,-106.65807622,2018-08-01,8,2018,14.94,0.01,0,0,0.01,0.85,.,.,.,0,5.55,0,24.32,1.47,0,0,0,0,0.19
8,"Hispanic Cultural Center",35.0688083802,-106.65807622,2019-08-01,8,2019,2.86,0.29,0.02,0,0.51,0,.,.,.,0,2.06,0.05,2.04,3.27,0.01,0,0,0,0.79
8,"Hispanic Cultural Center",35.0688083802,-106.65807622,2020-08-01,8,2020,2.31,0.4,0,0.01,0.02,0,.,.,.,0,1.01,0.05,1.12,0.58,0,0,0,0,0.08
8,"Hispanic Cultural Center",35.0688083802,-106.65807622,2021-08-01,8,2021,11.2,0.77,0.01,0,0.21,0,.,.,.,0,4.2,0.1,12.24,2.92,0,1.62,0,0,0.54
8,"Hispanic Cultural Center",35.0688083802,-106.65807622,2022-08-01,8,2022,3.08,0,0,0,0,0,.,.,.,0,0.4,0,0.08,0.08,0,0,0,0,0
8,"Hispanic Cultural Center",35.0688083802,-106.65807622,2023-08-01,8,2023,0.08,0,0,0,0,0,0,0,0,0,0.6,0,0,0,0,0,0,0,0
8,"Hispanic Cultural Center",35.0688083802,-106.65807622,2002-09-01,9,2002,1.09,1.08,0.38,0,0,0,.,.,.,0,3.1,0.14,20.93,.,.,.,.,.,0
8,"Hispanic Cultural Center",35.0688083802,-106.65807622,2003-09-01,9,2003,9.17,0.08,0.01,0,0.77,0.01,.,.,.,0,1.86,0.01,2.71,.,.,.,.,.,0.08
8,"Hispanic Cultural Center",35.0688083802,-106.65807622,2004-09-01,9,2004,6.38,0,0.08,0,0.38,0,.,.,.,0,2.27,0,7.32,.,.,.,.,.,0.02
8,"Hispanic Cultural Center",35.0688083802,-106.65807622,2005-09-01,9,2005,3.62,0.15,0,0,0,0,.,.,.,0,3.25,0.02,12.85,.,.,.,.,.,0
8,"Hispanic Cultural Center",35.0688083802,-106.65807622,2006-09-01,9,2006,7.22,0.01,0,0,0,0,.,.,.,0,1.34,0,2.02,.,.,.,.,.,0.06
8,"Hispanic Cultural Center",35.0688083802,-106.65807622,2007-09-01,9,2007,5.55,0.01,0,0,0.15,0,.,.,.,0,1.16,0,0.92,0.08,0,0,.,0,0.23
8,"Hispanic Cultural Center",35.0688083802,-106.65807622,2008-09-01,9,2008,7.81,0,0,0,0,0,.,.,.,0,1.49,0,3.37,0,0,0,.,0,0
8,"Hispanic Cultural Center",35.0688083802,-106.65807622,2009-09-01,9,2009,4.08,1.23,0.01,0,2.15,0,.,.,.,0,2.05,0.16,5.16,0.23,0,0,.,0,0.17
8,"Hispanic Cultural Center",35.0688083802,-106.65807622,2010-09-01,9,2010,1.85,0.23,0,0,0,0,.,.,.,0,0.73,0.03,0.09,2.24,0,0,.,0,0.33
8,"Hispanic Cultural Center",35.0688083802,-106.65807622,2011-09-01,9,2011,4.54,0.01,0.01,0,0,0,.,.,.,0,1.24,0.01,3.56,0.79,0,0,.,0,0.11
8,"Hispanic Cultural Center",35.0688083802,-106.65807622,2012-09-01,9,2012,2.55,0.23,0.01,0,0,0,.,.,.,0,0.74,0.03,2.03,0.18,0,0.01,.,0,0.05
8,"Hispanic Cultural Center",35.0688083802,-106.65807622,2013-09-01,9,2013,4.56,0.23,0,0,0,0,.,.,.,0,1.37,0.03,3.34,1.17,0,0,.,0,0.15
8,"Hispanic Cultural Center",35.0688083802,-106.65807622,2014-09-01,9,2014,1.96,0.77,0,0,0.16,0,.,.,.,0,1.24,0.1,0.02,0.02,0,0,.,0,0.01
8,"Hispanic Cultural Center",35.0688083802,-106.65807622,2015-09-01,9,2015,2.25,2.48,0.17,0,0.02,0.01,.,.,.,0.01,2.3,0.32,11.14,0.27,0,0,.,0,0.04
8,"Hispanic Cultural Center",35.0688083802,-106.65807622,2016-09-01,9,2016,4.64,0.24,0,0,1.4,0,.,.,.,0,1.37,0.03,3.96,0.03,0,0,0,0,0
8,"Hispanic Cultural Center",35.0688083802,-106.65807622,2017-09-01,9,2017,10,0.61,0,0,0.28,0,.,.,.,0,2.38,0.08,5.65,0.1,0,0,0,0,0
8,"Hispanic Cultural Center",35.0688083802,-106.65807622,2018-09-01,9,2018,8.62,0.23,0.09,0,0.15,0,.,.,.,0,1.72,0.03,0.97,0,0,0,0,0,0.08
8,"Hispanic Cultural Center",35.0688083802,-106.65807622,2019-09-01,9,2019,1.57,0.17,0.01,0,0.58,0.15,.,.,.,0,0.83,0.02,0.03,0.04,0,0,0,0,0.25
8,"Hispanic Cultural Center",35.0688083802,-106.65807622,2020-09-01,9,2020,8.62,2.24,0,0,0.86,0,.,.,.,0,2.99,0.29,7.17,0.57,0,0.32,0,0,0.12
8,"Hispanic Cultural Center",35.0688083802,-106.65807622,2021-09-01,9,2021,5.74,0.19,0.01,0,1.04,0,.,.,.,0,1.91,0.02,4.72,0.04,0.01,0.26,0,0,0.04
8,"Hispanic Cultural Center",35.0688083802,-106.65807622,2022-09-01,9,2022,0.9,0,0,0,0,0,.,.,.,0,0.7,0,0,0,0,0,0,0,0
8,"Hispanic Cultural Center",35.0688083802,-106.65807622,2023-09-01,9,2023,0.08,0,0,0,0,0,0,0,0,0,0.6,0,0.08,0.08,0,0,0,0,0.01
8,"Hispanic Cultural Center",35.0688083802,-106.65807622,2002-10-01,10,2002,14.8,0,0.03,0,0.01,0,.,.,.,0,7.96,0.1,42.99,.,.,.,.,.,0
8,"Hispanic Cultural Center",35.0688083802,-106.65807622,2003-10-01,10,2003,11.23,2.08,0.08,0,0.47,0,.,.,.,0,2.26,0.3,1.55,.,.,.,.,.,0.04
8,"Hispanic Cultural Center",35.0688083802,-106.65807622,2004-10-01,10,2004,.,.,.,.,.,.,.,.,.,.,.,.,.,.,.,.,.,.,.
8,"Hispanic Cultural Center",35.0688083802,-106.65807622,2005-10-01,10,2005,7,0,0,0,0,0,.,.,.,0,2.03,0,8.46,.,.,.,.,.,0
8,"Hispanic Cultural Center",35.0688083802,-106.65807622,2006-10-01,10,2006,24.62,0.09,0,0,0,0,.,.,.,0,4.88,0.01,10.1,.,.,.,.,.,0.12
8,"Hispanic Cultural Center",35.0688083802,-106.65807622,2007-10-01,10,2007,10.92,1.23,0,0,0.93,0,.,.,.,0,2.04,0.16,0.93,0.31,0,0,.,0,0.04
8,"Hispanic Cultural Center",35.0688083802,-106.65807622,2008-10-01,10,2008,4.23,0,0,1.69,0,0,.,.,.,0,1.54,0,1.77,3.15,0,0,.,0.15,0.43
8,"Hispanic Cultural Center",35.0688083802,-106.65807622,2009-10-01,10,2009,13.15,0.56,0,0,0.01,0,.,.,.,0,2.98,0.07,4.62,1.46,0,0,.,0,0.3
8,"Hispanic Cultural Center",35.0688083802,-106.65807622,2010-10-01,10,2010,10.09,0.17,0,0,0,0,.,.,.,0,2.68,0.02,8.04,0.71,0,0,.,0,0.09
8,"Hispanic Cultural Center",35.0688083802,-106.65807622,2011-10-01,10,2011,8.31,0.01,0,0,0,0,.,.,.,0,2.12,0,6.67,0.87,0,0,.,0,0.11
8,"Hispanic Cultural Center",35.0688083802,-106.65807622,2012-10-01,10,2012,9.08,0.26,1.61,0,0.08,0,.,.,.,0,2.08,0.03,3.24,0.01,0,0,.,0,0.05
8,"Hispanic Cultural Center",35.0688083802,-106.65807622,2013-10-01,10,2013,13.08,0.95,0,0,0.34,0,.,.,.,0,3.94,0.12,12.58,0,0,0,.,0,0.02
8,"Hispanic Cultural Center",35.0688083802,-106.65807622,2014-10-01,10,2014,16.77,7.39,0,0,0.09,0,.,.,.,0,3.64,0.96,1.16,0.17,0.01,0,.,0,0.02
8,"Hispanic Cultural Center",35.0688083802,-106.65807622,2015-10-01,10,2015,18.46,4.03,0,0,0.62,0.01,.,.,.,0,4.71,0.52,7.19,0.85,0,0,.,0,0.14
8,"Hispanic Cultural Center",35.0688083802,-106.65807622,2016-10-01,10,2016,22.62,0.48,0.16,0,1.7,0,.,.,.,0.01,4.21,0.06,3.25,0.32,0.01,0,0,0,0.04
8,"Hispanic Cultural Center",35.0688083802,-106.65807622,2017-10-01,10,2017,9.01,1.78,0.02,0,2.42,0,.,.,.,0,2.27,0.23,2.25,0.32,0,0,0,0,0
8,"Hispanic Cultural Center",35.0688083802,-106.65807622,2018-10-01,10,2018,16.15,0.02,0,0,0.11,0,.,.,.,0,2.99,0,5.42,0.01,0,0,0,0,0
8,"Hispanic Cultural Center",35.0688083802,-106.65807622,2019-10-01,10,2019,2.65,0.02,0.01,0,0.88,0,.,.,.,0,1.06,0,1.51,0.17,0.01,0,0,0,0.09
8,"Hispanic Cultural Center",35.0688083802,-106.65807622,2020-10-01,10,2020,22.82,1.65,0.09,0.01,5.32,1.21,.,.,.,0,4.46,0.21,0.63,0.21,0.01,0.01,0,0,0.06
8,"Hispanic Cultural Center",35.0688083802,-106.65807622,2021-10-01,10,2021,7.7,3.26,0.01,0,3.18,0.77,.,.,.,0.01,3.56,0.42,9.96,0.56,0,0,0,0,0.09
8,"Hispanic Cultural Center",35.0688083802,-106.65807622,2022-10-01,10,2022,1.54,0,0,0,0,0,.,.,.,0,0.2,0,0,0,0,0,0,0,0
8,"Hispanic Cultural Center",35.0688083802,-106.65807622,2023-10-01,10,2023,5.38,0,0,0,0,0,0,0,0,0,1.1,0,0,2.31,0,0,0,0,0.04
8,"Hispanic Cultural Center",35.0688083802,-106.65807622,2002-11-01,11,2002,96.67,4.44,10.85,0,0,0,.,.,.,0,28.81,1.54,101.11,.,.,.,.,.,0
8,"Hispanic Cultural Center",35.0688083802,-106.65807622,2003-11-01,11,2003,67.73,3.29,0.38,1.24,15.83,2.44,.,.,.,0,14.9,0.43,8.43,.,.,.,.,.,0.31
8,"Hispanic Cultural Center",35.0688083802,-106.65807622,2004-11-01,11,2004,190.26,6.16,3.42,0,0.34,0,.,.,.,0,27.37,0.8,2.99,.,.,.,.,.,0.04
8,"Hispanic Cultural Center",35.0688083802,-106.65807622,2005-11-01,11,2005,75.92,4.92,0,0,0.54,1.24,.,.,.,0,12.1,0.64,5.15,.,.,.,.,.,0
8,"Hispanic Cultural Center",35.0688083802,-106.65807622,2006-11-01,11,2006,130.34,14.8,0,0,21.89,0,.,.,.,0,24.07,1.92,10.27,.,.,.,.,.,0.08
8,"Hispanic Cultural Center",35.0688083802,-106.65807622,2007-11-01,11,2007,109.66,10.09,0,0,13.59,0,.,.,.,0,18.74,1.31,7.69,0.26,0,0,.,0,0.2
8,"Hispanic Cultural Center",35.0688083802,-106.65807622,2008-11-01,11,2008,85.04,0.77,0,0,0.95,0,.,.,.,0,15.49,0.1,5.39,11.97,8.55,0,.,0,3.1
8,"Hispanic Cultural Center",35.0688083802,-106.65807622,2009-11-01,11,2009,58.54,4.17,0,0,0.38,0,.,.,.,0.31,9.02,0.54,2.92,0.46,0,0,.,0,0.09
8,"Hispanic Cultural Center",35.0688083802,-106.65807622,2010-11-01,11,2010,90.77,1.56,0,0,0,0,.,.,.,0,15.37,0.2,23.38,0.02,0,0,.,0,0
8,"Hispanic Cultural Center",35.0688083802,-106.65807622,2011-11-01,11,2011,51.61,1.54,0.01,0.01,0,0.01,.,.,.,0.09,8.68,0.2,10.23,0.03,0,0,.,0,0.01
8,"Hispanic Cultural Center",35.0688083802,-106.65807622,2012-11-01,11,2012,118,7.88,0,0,1.86,0,.,.,.,0,19.14,1.03,9.16,0.4,0,0,.,0,0.09
8,"Hispanic Cultural Center",35.0688083802,-106.65807622,2013-11-01,11,2013,172.54,5.78,0,0,0,0,.,.,.,0.85,25.61,0.75,10.77,0,0,0,.,6.31,0.82
8,"Hispanic Cultural Center",35.0688083802,-106.65807622,2014-11-01,11,2014,145.64,6.7,0,0,3.09,0,.,.,.,0,21.92,0.87,0.68,0.02,0,0,.,0,0.01
8,"Hispanic Cultural Center",35.0688083802,-106.65807622,2015-11-01,11,2015,73.62,3.57,0,0,5.11,0,.,.,.,0.47,13.46,0.46,13.79,0.01,0,0,.,0,0.02
8,"Hispanic Cultural Center",35.0688083802,-106.65807622,2016-11-01,11,2016,85.38,3.86,0.02,0,5.58,0,.,.,.,0,13.54,0.5,8.55,0.03,0,0,0,0,0
8,"Hispanic Cultural Center",35.0688083802,-106.65807622,2017-11-01,11,2017,136.77,2.01,0,0,10.48,0.23,.,.,.,0.23,21.63,0.61,6.62,0.16,0,0,0.77,0,0.7
8,"Hispanic Cultural Center",35.0688083802,-106.65807622,2018-11-01,11,2018,113.54,4.17,0.01,0,5.95,0.15,.,.,.,0.09,22.69,0.54,49.02,0.18,0,0.54,0.01,0,0.09
8,"Hispanic Cultural Center",35.0688083802,-106.65807622,2019-11-01,11,2019,68,10.32,0.01,0,37.32,0.63,.,.,.,0,17.74,1.34,17.08,0.42,0,0,0,0,0.13
8,"Hispanic Cultural Center",35.0688083802,-106.65807622,2020-11-01,11,2020,121.87,7.7,0.03,0,27.92,0,.,.,.,0.33,22.69,1,14.39,0,0,0,0,0,0.01
8,"Hispanic Cultural Center",35.0688083802,-106.65807622,2021-11-01,11,2021,35.19,4.34,0,0,14.53,1.84,.,.,.,0,7.88,0.56,3.29,0.11,0,0,0,0,0.01
8,"Hispanic Cultural Center",35.0688083802,-106.65807622,2022-11-01,11,2022,68.46,0.08,0.08,0,0.08,0,.,.,.,0,9,0.01,0,0,0,0,0,0,0
8,"Hispanic Cultural Center",35.0688083802,-106.65807622,2023-11-01,11,2023,61.54,.,0,0,2.31,0,.,.,0,0,8.7,0,0.77,0.08,0,0,0,0,0
8,"Hispanic Cultural Center",35.0688083802,-106.65807622,2002-12-01,12,2002,70.61,5.57,0,0,0,0,.,.,.,0,12.03,0.72,11.01,.,.,.,.,.,0
8,"Hispanic Cultural Center",35.0688083802,-106.65807622,2003-12-01,12,2003,125.31,1.78,10.38,0,13.92,0.38,.,.,.,2.08,24.49,0.32,21.31,.,.,.,.,.,0.11
8,"Hispanic Cultural Center",35.0688083802,-106.65807622,2004-12-01,12,2004,.,.,.,.,.,.,.,.,.,.,.,.,.,.,.,.,.,.,.
8,"Hispanic Cultural Center",35.0688083802,-106.65807622,2005-12-01,12,2005,141.62,7.06,0,0,17.4,0,.,.,.,0,27.71,0.92,45.62,.,.,.,.,.,0
8,"Hispanic Cultural Center",35.0688083802,-106.65807622,2006-12-01,12,2006,100.29,4.44,0.01,0,37.69,0.1,.,.,.,0,18.8,0.58,1.06,.,.,.,.,.,0
8,"Hispanic Cultural Center",35.0688083802,-106.65807622,2007-12-01,12,2007,112.89,2.43,0,0.26,2.48,0,.,.,.,0,21.91,0.32,32.14,0,0,0.17,.,0,0.02
8,"Hispanic Cultural Center",35.0688083802,-106.65807622,2008-12-01,12,2008,95.08,6.02,0.08,0,0.39,0,.,.,.,0,13.76,0.78,1.32,0.01,0,0,.,0,0.06
8,"Hispanic Cultural Center",35.0688083802,-106.65807622,2009-12-01,12,2009,263.77,2.62,0,0,0.02,0,.,.,.,0,44.46,0.34,73.32,0.24,0,0,.,0,0.12
8,"Hispanic Cultural Center",35.0688083802,-106.65807622,2010-12-01,12,2010,131.77,5.15,0.01,0,0.7,0,.,.,.,0,21.01,0.67,11.17,0.16,0,0,.,0,0.14
8,"Hispanic Cultural Center",35.0688083802,-106.65807622,2011-12-01,12,2011,186.92,11.2,0.01,0,2.48,0,.,.,.,0.01,39.43,1.46,47.27,0.17,0,0,.,0,2.31
8,"Hispanic Cultural Center",35.0688083802,-106.65807622,2012-12-01,12,2012,96.58,6.51,0.94,0,1.21,0,.,.,.,0,14.52,0.85,3.85,0,0,0,.,0,0.15
8,"Hispanic Cultural Center",35.0688083802,-106.65807622,2013-12-01,12,2013,75,1.32,0.04,0,0,0.23,.,.,.,0,11.81,0.17,1.64,9.78,0,0,.,0,1.27
8,"Hispanic Cultural Center",35.0688083802,-106.65807622,2014-12-01,12,2014,40.86,3.61,0,0,3.09,0,.,.,.,0,8.06,0.47,12.75,0.02,0,0,.,0,0.01
8,"Hispanic Cultural Center",35.0688083802,-106.65807622,2015-12-01,12,2015,146.62,2.41,0.02,0,4.86,0,.,.,.,0,20.94,0.31,3.1,0,0,0,.,0,0.03
8,"Hispanic Cultural Center",35.0688083802,-106.65807622,2016-12-01,12,2016,124.51,1.56,0,0,9.57,0.02,.,.,.,0,19.69,0.22,12.97,0.05,0,0,0,0,0
8,"Hispanic Cultural Center",35.0688083802,-106.65807622,2017-12-01,12,2017,74.02,1.11,0.52,0,1.98,0,.,.,.,0,11.6,0.14,9.69,0.01,0,0,0,0,0.12
8,"Hispanic Cultural Center",35.0688083802,-106.65807622,2018-12-01,12,2018,121.62,4.56,0.16,0.01,13.62,0.02,.,.,.,0.02,18.94,0.59,3.09,0.87,0,0,0,0,0.12
8,"Hispanic Cultural Center",35.0688083802,-106.65807622,2019-12-01,12,2019,125.77,3.02,0.1,0,0.81,0,.,.,.,0.47,18.74,0.39,9.94,0.03,0,0,0.01,0,0.09
8,"Hispanic Cultural Center",35.0688083802,-106.65807622,2020-12-01,12,2020,56.48,2.34,0.9,0,1.12,0,.,.,.,0,8.13,0.3,0.6,0.01,0,0,0,0,0.01
8,"Hispanic Cultural Center",35.0688083802,-106.65807622,2021-12-01,12,2021,102.14,3.86,0.09,0,20.09,0,.,.,.,0,17.47,0.56,2.75,0.09,0,0,0,0,0.01
8,"Hispanic Cultural Center",35.0688083802,-106.65807622,2022-12-01,12,2022,48.46,0.08,0,0,0.08,0,.,.,.,0,6.4,0.01,0,0,0,0,0,0,0
8,"Hispanic Cultural Center",35.0688083802,-106.65807622,2023-12-01,12,2023,134.62,.,0,0,0,0,.,.,0,0,17.7,0,0.77,0,0,0,0,0,0
9,"Ohkay Owingeh",36.0618,-106.0761,2003-01-01,1,2003,.,.,.,.,.,.,.,.,.,.,.,.,.,.,.,.,.,.,.
9,"Ohkay Owingeh",36.0618,-106.0761,2004-01-01,1,2004,3.08,0,0.01,0,0,0,.,.,.,0,0.74,0,0.15,.,.,.,.,.,0.12
9,"Ohkay Owingeh",36.0618,-106.0761,2005-01-01,1,2005,1.33,0,0.02,0.02,0,0,.,.,.,0,0.8,0,3.64,.,.,.,.,.,0.08
9,"Ohkay Owingeh",36.0618,-106.0761,2006-01-01,1,2006,2.09,0.02,1.62,0,0,0,.,.,.,0,1.52,0,4.63,.,.,.,.,.,0.25
9,"Ohkay Owingeh",36.0618,-106.0761,2007-01-01,1,2007,0.71,1.39,0,0,0,0,.,.,.,0,1.42,0.18,1.54,.,.,.,.,.,0.06
9,"Ohkay Owingeh",36.0618,-106.0761,2008-01-01,1,2008,1.47,0.02,0.01,0,0,0,.,.,.,0,0.54,0,1.62,0,0,0,.,0,0
9,"Ohkay Owingeh",36.0618,-106.0761,2009-01-01,1,2009,0.69,0.01,0.02,0,0,0,.,.,.,0,1.15,0,3.48,0,0,0,.,0,0.11
9,"Ohkay Owingeh",36.0618,-106.0761,2010-01-01,1,2010,0,0.01,0.01,0,0,0,.,.,.,0,1.44,0,3.85,0,0,0,.,0,0.77
9,"Ohkay Owingeh",36.0618,-106.0761,2011-01-01,1,2011,2.47,0.02,0,0,0,0,.,.,.,0,1.82,0,0.54,0.01,0,0,.,0,1.01
9,"Ohkay Owingeh",36.0618,-106.0761,2012-01-01,1,2012,0.23,0.01,0,0,0,0,.,.,.,0.01,0.63,0,0,0,0,0,.,0,0.04
9,"Ohkay Owingeh",36.0618,-106.0761,2013-01-01,1,2013,0.09,0.09,0.15,0,0,0,.,.,.,0,0.47,0.01,0.38,0,0,0,.,0,0.03
9,"Ohkay Owingeh",36.0618,-106.0761,2014-01-01,1,2014,0.17,0.01,0.01,0,0,0,.,.,.,0,0.83,0,2.82,0,0,0,.,0,0.22
9,"Ohkay Owingeh",36.0618,-106.0761,2015-01-01,1,2015,0,0.42,0.01,0.03,0,0,.,.,.,0,0.6,0.06,2.86,0.31,0,0,.,0,0.04
9,"Ohkay Owingeh",36.0618,-106.0761,2003-02-01,2,2003,.,.,.,.,.,.,.,.,.,.,.,.,.,.,.,.,.,.,.
9,"Ohkay Owingeh",36.0618,-106.0761,2004-02-01,2,2004,.,.,.,.,.,.,.,.,.,.,.,.,.,.,.,.,.,.,.
9,"Ohkay Owingeh",36.0618,-106.0761,2005-02-01,2,2005,10.59,0,0.01,0,0,0,.,.,.,0,5.24,0,24.14,.,.,.,.,.,0.39
9,"Ohkay Owingeh",36.0618,-106.0761,2006-02-01,2,2006,2.41,0.01,0.01,0,0,0,.,.,.,0,1,0,0.04,.,.,.,.,.,0.21
9,"Ohkay Owingeh",36.0618,-106.0761,2007-02-01,2,2007,0.03,0,0,0,0,0,.,.,.,0,0.47,0,0.01,.,.,.,.,.,0.46
9,"Ohkay Owingeh",36.0618,-106.0761,2008-02-01,2,2008,0.71,0.01,0.03,0,0,0,.,.,.,0,1.42,0,8.11,0.01,0,0,.,0,0.05
9,"Ohkay Owingeh",36.0618,-106.0761,2009-02-01,2,2009,0.38,0.02,0.01,0,0,0,.,.,.,0,0.2,0,0.32,0,0,0,.,0,0
9,"Ohkay Owingeh",36.0618,-106.0761,2010-02-01,2,2010,0.54,0.01,0,0,0.01,0,.,.,.,0,0.24,0,0.15,0,0,0,.,0,0
9,"Ohkay Owingeh",36.0618,-106.0761,2011-02-01,2,2011,0.15,0.09,0,0,0,0,.,.,.,0,0.83,0.01,0,0,0,0,.,0,0.52
9,"Ohkay Owingeh",36.0618,-106.0761,2012-02-01,2,2012,0,0.01,0,0.01,0,0,.,.,.,0,2.09,0,1.26,0,0,0,.,0,1.77
9,"Ohkay Owingeh",36.0618,-106.0761,2013-02-01,2,2013,0,0.01,0,0,0,0,.,.,.,0,0.39,0,0.02,0,0,0,.,0,0.02
9,"Ohkay Owingeh",36.0618,-106.0761,2014-02-01,2,2014,0.01,0.02,0.02,0,0.02,0,.,.,.,0,2.68,0,0.12,0,0,0,.,0,0.46
9,"Ohkay Owingeh",36.0618,-106.0761,2015-02-01,2,2015,0,0.02,0,0,0,0,.,.,.,0.02,0.32,0,0.16,0,0,0,.,0,0
9,"Ohkay Owingeh",36.0618,-106.0761,2003-03-01,3,2003,0.08,0,0,0,0,0,.,.,.,0,0.1,0,0,.,.,.,.,.,0
9,"Ohkay Owingeh",36.0618,-106.0761,2004-03-01,3,2004,0.69,0.2,0,0,0,0,.,.,.,0,0.98,0.03,5.3,.,.,.,.,.,0.08
9,"Ohkay Owingeh",36.0618,-106.0761,2005-03-01,3,2005,0.65,0.01,0,0,0,0,.,.,.,0,2.65,0,1.25,.,.,.,.,.,2.07
9,"Ohkay Owingeh",36.0618,-106.0761,2006-03-01,3,2006,0.24,0.17,0,0,0,0,.,.,.,0,0.44,0.02,2.32,.,.,.,.,.,0.07
9,"Ohkay Owingeh",36.0618,-106.0761,2007-03-01,3,2007,0.01,0,0,0,0,0,.,.,.,0,0.18,0,1.32,.,.,.,.,.,0
9,"Ohkay Owingeh",36.0618,-106.0761,2008-03-01,3,2008,0.77,0,0,2.33,0,0,.,.,.,0,0.53,0,0.54,0.01,0,0.01,.,0.02,0.14
9,"Ohkay Owingeh",36.0618,-106.0761,2009-03-01,3,2009,0,0,0,0,0,0,.,.,.,0,0.3,0,1.47,0,0,0,.,0.02,0
9,"Ohkay Owingeh",36.0618,-106.0761,2010-03-01,3,2010,0.62,0.01,0,0,0,0,.,.,.,0,1.02,0,2.39,0.02,0.01,0,.,0,0.1
9,"Ohkay Owingeh",36.0618,-106.0761,2011-03-01,3,2011,1.2,0,0,0,0,0,.,.,.,0,1.28,0,0.68,0.01,0,0,.,0,0.21
9,"Ohkay Owingeh",36.0618,-106.0761,2012-03-01,3,2012,0.09,0.09,0.01,0.01,0,0,.,.,.,0,1.55,0.01,8.09,0,0,0,.,0,0.1
9,"Ohkay Owingeh",36.0618,-106.0761,2013-03-01,3,2013,0,0.04,0,0,0,0,.,.,.,0,1.4,0,9.73,0.02,0,0,.,0,0.05
9,"Ohkay Owingeh",36.0618,-106.0761,2014-03-01,3,2014,0.01,0.01,0,0,0,0,.,.,.,0,0.79,0,1.54,0,0,0,.,0,0
9,"Ohkay Owingeh",36.0618,-106.0761,2015-03-01,3,2015,0,0,0,0,0,0,.,.,.,0,0.9,0,0.15,0,0,0,.,0,0.34
9,"Ohkay Owingeh",36.0618,-106.0761,2003-04-01,4,2003,3.77,0,0,0,0,0,.,.,.,0,1.32,0,5.24,.,.,.,.,.,0.13
9,"Ohkay Owingeh",36.0618,-106.0761,2004-04-01,4,2004,.,.,.,.,.,.,.,.,.,.,.,.,.,.,.,.,.,.,.
9,"Ohkay Owingeh",36.0618,-106.0761,2005-04-01,4,2005,0.7,0,0,0,0,0,.,.,.,0,1.43,0,2.31,.,.,.,.,.,1.02
9,"Ohkay Owingeh",36.0618,-106.0761,2006-04-01,4,2006,0.09,0,0.01,0,0,0,.,.,.,0,0.11,0,0,.,.,.,.,.,0.06
9,"Ohkay Owingeh",36.0618,-106.0761,2007-04-01,4,2007,0.56,0,0.01,0,0,0,.,.,.,0,2.1,0,12.63,0.94,0.02,0,.,0,0.12
9,"Ohkay Owingeh",36.0618,-106.0761,2008-04-01,4,2008,0.05,0.02,0,0,0,0,.,.,.,0,0.5,0,3.08,0.19,0.02,0,.,0,0.03
9,"Ohkay Owingeh",36.0618,-106.0761,2009-04-01,4,2009,0.55,0.02,0.01,0,0,0,.,.,.,0,3.59,0,25,0.01,0,0,.,0,0.05
9,"Ohkay Owingeh",36.0618,-106.0761,2010-04-01,4,2010,0.4,0.01,0,0,0,0,.,.,.,0,0.14,0,0.2,0.3,0,0,.,0,0.04
9,"Ohkay Owingeh",36.0618,-106.0761,2011-04-01,4,2011,0.15,0,0,0,0,0,.,.,.,0,4.79,0,9.77,1.94,0,0,.,0,1.1
9,"Ohkay Owingeh",36.0618,-106.0761,2012-04-01,4,2012,0,0,0,0,0,0,.,.,.,0,1.47,0,0.06,1.62,0.01,0,.,0,0.23
9,"Ohkay Owingeh",36.0618,-106.0761,2013-04-01,4,2013,0,0.02,0,0,0,0,.,.,.,0,0.61,0,2.09,0.01,0,0,.,0.01,0.18
9,"Ohkay Owingeh",36.0618,-106.0761,2014-04-01,4,2014,0,0,0,0,0,0,.,.,.,0,9.17,0,67.71,0.85,0,0,.,0,0.11
9,"Ohkay Owingeh",36.0618,-106.0761,2015-04-01,4,2015,0,0.02,0.01,0.01,0,0,.,.,.,0,1.44,0,1.19,0.55,0,0,.,0,0.07
9,"Ohkay Owingeh",36.0618,-106.0761,2003-05-01,5,2003,1.82,0,0,0,0,0,.,.,.,0,2.61,0,6.34,.,.,.,.,.,1.52
9,"Ohkay Owingeh",36.0618,-106.0761,2004-05-01,5,2004,0.78,0,0,0,0,0,.,.,.,0,3.48,0,13.39,.,.,.,.,.,1.58
9,"Ohkay Owingeh",36.0618,-106.0761,2005-05-01,5,2005,0.55,0,0,0,0,0,.,.,.,0,1.81,0,0.7,.,.,.,.,.,1.61
9,"Ohkay Owingeh",36.0618,-106.0761,2006-05-01,5,2006,0.62,0,0,0,0,0,.,.,.,0,1.92,0,1.62,.,.,.,.,.,1.55
9,"Ohkay Owingeh",36.0618,-106.0761,2007-05-01,5,2007,0.19,0.01,0,0,0,0,.,.,.,0,1.19,0,1.85,5.7,0.01,0,.,0,0.79
9,"Ohkay Owingeh",36.0618,-106.0761,2008-05-01,5,2008,1.03,0.64,0.02,0,0,0,.,.,.,0,2.57,0.08,2.39,14.02,0,0,.,0,1.82
9,"Ohkay Owingeh",36.0618,-106.0761,2009-05-01,5,2009,0.18,0,0,0,0,0,.,.,.,0,2.18,0,1.88,11.78,0.01,0,.,0,1.53
9,"Ohkay Owingeh",36.0618,-106.0761,2010-05-01,5,2010,0,0,0,0,0,0,.,.,.,0,2.3,0,4.46,5.15,0,0,.,0,0.67
9,"Ohkay Owingeh",36.0618,-106.0761,2011-05-01,5,2011,0.34,0,0.01,0,0,0,.,.,.,0,2.3,0,6.15,2.38,0,0,.,0,0.79
9,"Ohkay Owingeh",36.0618,-106.0761,2012-05-01,5,2012,0.02,0,0,0,0,0,.,.,.,0,1.04,0,3.31,1.24,0,0,.,0,0.26
9,"Ohkay Owingeh",36.0618,-106.0761,2013-05-01,5,2013,0.03,0,0,0,0,0,.,.,.,0,0.61,0,1.8,0.86,0,0,.,0,0.11
9,"Ohkay Owingeh",36.0618,-106.0761,2014-05-01,5,2014,0.02,0.01,0,0,0.02,0,.,.,.,0,0.93,0,5.65,0.96,0,0,.,0,0.13
9,"Ohkay Owingeh",36.0618,-106.0761,2015-05-01,5,2015,0.16,0.01,0,0,0,0,.,.,.,0,0.56,0.03,1.87,0.41,0.01,0,.,0,0.06
9,"Ohkay Owingeh",36.0618,-106.0761,2002-06-01,6,2002,23.61,0.02,0,0,0,0,.,.,.,0,16.53,0,95.25,.,.,.,.,.,0.92
9,"Ohkay Owingeh",36.0618,-106.0761,2003-06-01,6,2003,1.78,0,0,0,0,0,.,.,.,0,3.82,0,2.64,.,.,.,.,.,3.09
9,"Ohkay Owingeh",36.0618,-106.0761,2004-06-01,6,2004,4.55,0,0,0,0,0,.,.,.,0,3.92,0,4.86,.,.,.,.,.,2.57
9,"Ohkay Owingeh",36.0618,-106.0761,2005-06-01,6,2005,4.88,0.01,0.01,0,0,0,.,.,.,0,2.17,0,2.42,.,.,.,.,.,1.07
9,"Ohkay Owingeh",36.0618,-106.0761,2006-06-01,6,2006,2.42,0,0.01,0,0,0,.,.,.,0,2.63,0,10.56,.,.,.,.,.,0.81
9,"Ohkay Owingeh",36.0618,-106.0761,2007-06-01,6,2007,1.72,0,0,0,0,0,.,.,.,0,1.17,0,1.09,4.02,0.23,0,.,0,0.62
9,"Ohkay Owingeh",36.0618,-106.0761,2008-06-01,6,2008,2.32,0.18,0.02,0,0,0,.,.,.,0,1.52,0.02,2.54,3.85,1.15,0,.,0,0.65
9,"Ohkay Owingeh",36.0618,-106.0761,2009-06-01,6,2009,0.62,0.08,0,0,0,0.01,.,.,.,0,0.32,0.01,0.71,0.46,0.02,0,.,0,0.06
9,"Ohkay Owingeh",36.0618,-106.0761,2010-06-01,6,2010,0.03,0.01,0,0,0,0,.,.,.,0,0.29,0,1.62,0.09,0,0,.,0,0.01
9,"Ohkay Owingeh",36.0618,-106.0761,2011-06-01,6,2011,1.09,0.01,0,0,0,0,.,.,.,0,0.65,0,0.02,0.47,0,0,.,0,0.3
9,"Ohkay Owingeh",36.0618,-106.0761,2012-06-01,6,2012,0.16,0,0,0,0,0,.,.,.,0,4.62,0,28.47,2.32,0,0,.,0,0.66
9,"Ohkay Owingeh",36.0618,-106.0761,2013-06-01,6,2013,0.19,0.01,0.01,0,0,0,.,.,.,0,67.99,0,519.83,0.53,0.01,0.01,.,0,0.07
9,"Ohkay Owingeh",36.0618,-106.0761,2014-06-01,6,2014,.,.,.,.,.,.,.,.,.,.,.,.,.,.,.,.,.,.,.
9,"Ohkay Owingeh",36.0618,-106.0761,2015-06-01,6,2015,0.01,0.02,0,0,0,0,.,.,.,0,0.66,0,1.29,0.18,0.35,0,.,0,0.07
9,"Ohkay Owingeh",36.0618,-106.0761,2002-07-01,7,2002,1.26,0,0.01,0,0.15,0.01,.,.,.,0,1.76,0,1.01,.,.,.,.,.,0.9
9,"Ohkay Owingeh",36.0618,-106.0761,2003-07-01,7,2003,1.55,0,0,0,0,0,.,.,.,0,1.82,0,0.31,.,.,.,.,.,1.57
9,"Ohkay Owingeh",36.0618,-106.0761,2004-07-01,7,2004,1.48,0.33,0,0,0,0,.,.,.,0,0.56,0.04,0.33,.,.,.,.,.,0.22
9,"Ohkay Owingeh",36.0618,-106.0761,2005-07-01,7,2005,1.49,0.17,0,0,0,0,.,.,.,0,2.2,0.02,0.85,.,.,.,.,.,1.67
9,"Ohkay Owingeh",36.0618,-106.0761,2006-07-01,7,2006,1.45,0,0,0,0,0,.,.,.,0,1.59,0,2.57,.,.,.,.,.,0.97
9,"Ohkay Owingeh",36.0618,-106.0761,2007-07-01,7,2007,0.93,0.46,0,0,0,0,.,.,.,0,2.7,0.06,3.17,8.01,5,0,.,0,1.69
9,"Ohkay Owingeh",36.0618,-106.0761,2008-07-01,7,2008,1.23,0.16,0,0,0,0,.,.,.,0,1.05,0.02,0.86,1.23,3.15,0,.,0,0.57
9,"Ohkay Owingeh",36.0618,-106.0761,2009-07-01,7,2009,1.32,10.77,0,0,0.47,0,.,.,.,0,5.18,1.8,1.33,2.79,0,0,.,0,0.36
9,"Ohkay Owingeh",36.0618,-106.0761,2010-07-01,7,2010,1.85,0,0,0,0,0,.,.,.,0,0.75,0,1.15,1.55,0,0,.,0,0.2
9,"Ohkay Owingeh",36.0618,-106.0761,2011-07-01,7,2011,0.18,0.24,0,0,0,0,.,.,.,0,0.71,0.03,1.8,0.18,0.02,0,.,0,0.06
9,"Ohkay Owingeh",36.0618,-106.0761,2012-07-01,7,2012,0.17,0.39,0,0,0,0,.,.,.,0,1.12,0.05,0,2.01,1.46,0,.,0,0.58
9,"Ohkay Owingeh",36.0618,-106.0761,2013-07-01,7,2013,0.02,0.08,0,0,0.15,0,.,.,.,0,0.9,0.01,0.94,0.16,1.15,0,.,0,0.17
9,"Ohkay Owingeh",36.0618,-106.0761,2014-07-01,7,2014,0.02,0.02,0,0,0.01,0,.,.,.,0,1.87,0,8.55,0.02,3.77,0,.,0,0.49
9,"Ohkay Owingeh",36.0618,-106.0761,2015-07-01,7,2015,0,3.94,0,0,0,0,.,.,.,0,4.34,0.51,0.58,0.58,7.88,0,.,0,1.1
9,"Ohkay Owingeh",36.0618,-106.0761,2002-08-01,8,2002,.,.,.,.,.,.,.,.,.,.,.,.,.,.,.,.,.,.,.
9,"Ohkay Owingeh",36.0618,-106.0761,2003-08-01,8,2003,0.77,0.03,0,0,0,0,.,.,.,0,0.34,0,0.28,.,.,.,.,.,0.1
9,"Ohkay Owingeh",36.0618,-106.0761,2004-08-01,8,2004,.,.,.,.,.,.,.,.,.,.,.,.,.,.,.,.,.,.,.
9,"Ohkay Owingeh",36.0618,-106.0761,2005-08-01,8,2005,2.01,0.02,0.01,0,0,0,.,.,.,0,1.18,0,0.32,.,.,.,.,.,0.69
9,"Ohkay Owingeh",36.0618,-106.0761,2006-08-01,8,2006,1.32,2.62,0,0,0,0,.,.,.,0,1.82,0.34,2.77,.,.,.,.,.,0.59
9,"Ohkay Owingeh",36.0618,-106.0761,2007-08-01,8,2007,2.09,2.08,0,0,0,0,.,.,.,0,3.67,0.27,13.01,0.09,0.54,0,.,0,0.11
9,"Ohkay Owingeh",36.0618,-106.0761,2008-08-01,8,2008,.,.,.,.,.,.,.,.,.,.,.,.,.,.,.,.,.,.,.
9,"Ohkay Owingeh",36.0618,-106.0761,2009-08-01,8,2009,0.4,0.78,0,0,0,0,.,.,.,0,1.15,0.1,1.62,0.78,0.92,0,.,0,0.3
9,"Ohkay Owingeh",36.0618,-106.0761,2010-08-01,8,2010,1.31,0,0,0,0,0,.,.,.,0,1.24,0,0.62,0.16,0,0,.,0,0.02
9,"Ohkay Owingeh",36.0618,-106.0761,2011-08-01,8,2011,0.54,0.09,0,0,0,0,.,.,.,0,0.51,0.01,0.09,0.11,0.08,0,.,0,0.06
9,"Ohkay Owingeh",36.0618,-106.0761,2012-08-01,8,2012,1.15,1.15,0,0,0,0,.,.,.,0,1.78,0.15,0.69,0.23,0.46,0,.,0,0.09
9,"Ohkay Owingeh",36.0618,-106.0761,2013-08-01,8,2013,0.16,0.38,0,0,1.47,0.01,.,.,.,0,1.72,0.05,0.02,1.4,0.85,0,.,0,0.31
9,"Ohkay Owingeh",36.0618,-106.0761,2014-08-01,8,2014,0.38,0.01,0,0,0,0,.,.,.,0,20.64,0,19.14,0,0.01,0,.,0,0.09
9,"Ohkay Owingeh",36.0618,-106.0761,2015-08-01,8,2015,0.31,3.69,0.46,0,0.01,0,.,.,.,0,2.25,0.48,0.16,0.32,0.85,0,.,0,0.15
9,"Ohkay Owingeh",36.0618,-106.0761,2002-09-01,9,2002,2,0,0,0,0,0.01,.,.,.,0,0.37,0,0.02,.,.,.,.,.,0.01
9,"Ohkay Owingeh",36.0618,-106.0761,2003-09-01,9,2003,5.82,0,0,0,0.17,0.01,.,.,.,0,3.76,0,3.67,.,.,.,.,.,2.03
9,"Ohkay Owingeh",36.0618,-106.0761,2004-09-01,9,2004,7.85,0.31,0,0,0,0,.,.,.,0,2.87,0.04,2.85,.,.,.,.,.,1.18
9,"Ohkay Owingeh",36.0618,-106.0761,2005-09-01,9,2005,2.93,0.39,0.02,0,0,0,.,.,.,0,1.65,0.05,0.25,.,.,.,.,.,1.05
9,"Ohkay Owingeh",36.0618,-106.0761,2006-09-01,9,2006,2.66,5.04,0.09,0,0,0,.,.,.,0,3.4,0.66,8.8,.,.,.,.,.,0.1
9,"Ohkay Owingeh",36.0618,-106.0761,2007-09-01,9,2007,1.17,1.08,0.15,0,0,0.01,.,.,.,0,1.14,0.14,0.19,0.23,0,0,.,0,0.03
9,"Ohkay Owingeh",36.0618,-106.0761,2008-09-01,9,2008,0.55,2.62,0.08,0,0,0,.,.,.,0,4.64,0.34,16.15,0.23,0.01,0,.,0,0.11
9,"Ohkay Owingeh",36.0618,-106.0761,2009-09-01,9,2009,0.64,1.38,0,0,0,0,.,.,.,0,1.59,0.18,0.87,0.09,0.09,0,.,0,0.3
9,"Ohkay Owingeh",36.0618,-106.0761,2010-09-01,9,2010,4.92,0,0,0,0,0,.,.,.,0,3.07,0,2.01,0,0,0,.,0,0.82
9,"Ohkay Owingeh",36.0618,-106.0761,2011-09-01,9,2011,0.16,0.16,0,0,0,0,.,.,.,0,2.59,0.02,6.56,0.02,0,0,.,0,0.65
9,"Ohkay Owingeh",36.0618,-106.0761,2012-09-01,9,2012,0.35,0.77,0.01,0,0,0,.,.,.,0,1.27,0.1,1.2,0.26,0,0,.,0,0.12
9,"Ohkay Owingeh",36.0618,-106.0761,2013-09-01,9,2013,0.56,0.4,0,0,0.31,0,.,.,.,0,2.13,0.05,2,0.39,0,0,.,0,0.05
9,"Ohkay Owingeh",36.0618,-106.0761,2014-09-01,9,2014,0.52,0.09,0,0,0,0,.,.,.,0,3.29,0.01,24.1,0.01,0,0,.,0,0.03
9,"Ohkay Owingeh",36.0618,-106.0761,2015-09-01,9,2015,0.09,8.08,0,0,0,0,.,.,.,0,3.33,1.05,1.86,0.01,0,0,.,0,0.71
9,"Ohkay Owingeh",36.0618,-106.0761,2002-10-01,10,2002,33.46,0,0,0,0.01,0.09,.,.,.,0,16.09,0,88.55,.,.,.,.,.,0.03
9,"Ohkay Owingeh",36.0618,-106.0761,2003-10-01,10,2003,58.92,0.01,0,0,0,0,.,.,.,0,10.06,0,4.02,.,.,.,.,.,1.56
9,"Ohkay Owingeh",36.0618,-106.0761,2004-10-01,10,2004,26.62,1.64,0.01,0,0,0,.,.,.,0,5.2,0.21,1.32,.,.,.,.,.,0.97
9,"Ohkay Owingeh",36.0618,-106.0761,2005-10-01,10,2005,8.01,3.15,0.08,0,0,0,.,.,.,0,3.66,0.41,1.78,.,.,.,.,.,1.15
9,"Ohkay Owingeh",36.0618,-106.0761,2006-10-01,10,2006,39.23,6.31,0.15,0,0,0,.,.,.,0,7.54,0.82,6.08,.,.,.,.,.,0.07
9,"Ohkay Owingeh",36.0618,-106.0761,2007-10-01,10,2007,11.46,8.85,0.01,0,0.02,4.08,.,.,.,0,9.13,1.15,37.7,0,0,0,.,0,0.02
9,"Ohkay Owingeh",36.0618,-106.0761,2008-10-01,10,2008,25.62,7.38,0.32,0,0.01,0,.,.,.,0,44,0.96,292.62,0,0.08,0,.,0,0.26
9,"Ohkay Owingeh",36.0618,-106.0761,2009-10-01,10,2009,33.08,9.38,0,0,0.01,14.32,.,.,.,0,9.58,1.22,5.46,0.02,0.31,0,.,0,0.59
9,"Ohkay Owingeh",36.0618,-106.0761,2010-10-01,10,2010,4.39,0.01,0,1.69,0,0,.,.,.,0,3.92,0,0.08,0,0,0,.,0,1.92
9,"Ohkay Owingeh",36.0618,-106.0761,2011-10-01,10,2011,2.25,4.69,0.01,0,0,0,.,.,.,0,2.18,0.61,0.63,0,0,0,.,0,0.68
9,"Ohkay Owingeh",36.0618,-106.0761,2012-10-01,10,2012,2.56,8.15,0,0,0,0.31,.,.,.,0,4.28,1.07,3.62,0.54,0.01,0,.,0,0.21
9,"Ohkay Owingeh",36.0618,-106.0761,2013-10-01,10,2013,1.18,13.47,0.01,0,0,7.19,.,.,.,0,5.04,1.75,5.15,0,0,0,.,0,0.07
9,"Ohkay Owingeh",36.0618,-106.0761,2014-10-01,10,2014,1.64,11.72,0.08,0,0,0.69,.,.,.,4.85,13.39,1.52,10.32,0,0,0,.,0,0.23
9,"Ohkay Owingeh",36.0618,-106.0761,2015-10-01,10,2015,3.16,18.61,0.01,0,0,0,.,.,.,0,5.2,2.42,0.32,0,0,0,.,0,0.43
9,"Ohkay Owingeh",36.0618,-106.0761,2002-11-01,11,2002,60.69,0.01,0.15,0,0,0.01,.,.,.,0,8.03,0,0,.,.,.,.,.,0
9,"Ohkay Owingeh",36.0618,-106.0761,2003-11-01,11,2003,117.23,0.55,0.08,0,0.01,0,.,.,.,0,16.8,0.07,2.26,.,.,.,.,.,0.8
9,"Ohkay Owingeh",36.0618,-106.0761,2004-11-01,11,2004,71.85,1.23,0.31,0,0,0,.,.,.,0,11.13,0.16,4.08,.,.,.,.,.,0.38
9,"Ohkay Owingeh",36.0618,-106.0761,2005-11-01,11,2005,81.08,3.85,2.02,0,0,0,.,.,.,0,14.5,0.5,6.42,.,.,.,.,.,0.73
9,"Ohkay Owingeh",36.0618,-106.0761,2006-11-01,11,2006,32.31,4.08,1.01,0,0.23,0,.,.,.,0,6.11,0.53,4.02,.,.,.,.,.,0.26
9,"Ohkay Owingeh",36.0618,-106.0761,2007-11-01,11,2007,78.61,5.55,0.32,0,0.02,0,.,.,.,0.23,11.68,0.72,1.85,0.02,0,0,.,0,0.22
9,"Ohkay Owingeh",36.0618,-106.0761,2008-11-01,11,2008,94,5.55,2.25,0,0.02,0,.,.,.,0,15.03,0.72,4.86,0.01,0.01,0,.,0,0.06
9,"Ohkay Owingeh",36.0618,-106.0761,2009-11-01,11,2009,67.77,1.08,0.01,0,0.08,0,.,.,.,0,9.92,0.14,1.87,0.01,0.01,0,.,0,0.09
9,"Ohkay Owingeh",36.0618,-106.0761,2010-11-01,11,2010,17,1.94,0,0,0,0,.,.,.,0,5.33,0.25,4.24,1.39,0,0,.,0,1.31
9,"Ohkay Owingeh",36.0618,-106.0761,2011-11-01,11,2011,7.28,2.48,0.01,0,0,0.17,.,.,.,0,2.4,0.32,0.6,0,1.21,0,.,0,0.44
9,"Ohkay Owingeh",36.0618,-106.0761,2012-11-01,11,2012,12.62,4.55,0.09,0,0,0,.,.,.,0,3.76,0.59,1.77,0,0,0,.,0,0.11
9,"Ohkay Owingeh",36.0618,-106.0761,2013-11-01,11,2013,11.23,7.41,0.24,0,0,0,.,.,.,0.01,3.76,0.96,1.88,0,0,0,.,0,0.17
9,"Ohkay Owingeh",36.0618,-106.0761,2014-11-01,11,2014,8.48,11.39,0.47,0,0.55,0.01,.,.,.,0.01,11.34,1.48,32.92,0.38,0,0,.,0,0.31
9,"Ohkay Owingeh",36.0618,-106.0761,2015-11-01,11,2015,4.45,2.92,0.62,0,5.06,0.17,.,.,.,0,2.37,0.38,2.42,0.17,0.03,0.01,.,0,0.03
9,"Ohkay Owingeh",36.0618,-106.0761,2002-12-01,12,2002,.,.,.,.,.,.,.,.,.,.,.,.,.,.,.,.,.,.,.
9,"Ohkay Owingeh",36.0618,-106.0761,2003-12-01,12,2003,15.21,0.01,0,0,0,0,.,.,.,0,3.22,0,1.11,.,.,.,.,.,0.99
9,"Ohkay Owingeh",36.0618,-106.0761,2004-12-01,12,2004,5.39,0.08,0.39,0,0.08,0,.,.,.,0,1.32,0.01,1.31,.,.,.,.,.,0.3
9,"Ohkay Owingeh",36.0618,-106.0761,2005-12-01,12,2005,2.08,0.02,1.54,0,0,0,.,.,.,0,1.12,0,0.32,.,.,.,.,.,0.29
9,"Ohkay Owingeh",36.0618,-106.0761,2006-12-01,12,2006,0.62,0.15,0.16,0,0,0,.,.,.,0,2.9,0.02,4.17,.,.,.,.,.,0
9,"Ohkay Owingeh",36.0618,-106.0761,2007-12-01,12,2007,7.93,0.38,0.08,0,0.32,0,.,.,.,0,1.3,0.05,0,0,0.01,0.01,.,0,0.03
9,"Ohkay Owingeh",36.0618,-106.0761,2008-12-01,12,2008,1.64,0.27,0.36,0,0,0.01,.,.,.,0,0.61,0.05,1.65,0.01,0,0,.,0,0
9,"Ohkay Owingeh",36.0618,-106.0761,2009-12-01,12,2009,2.74,0.27,0.01,0.02,0.03,0.01,.,.,.,0,0.97,0.04,0.09,0.01,0,0,.,0,0.22
9,"Ohkay Owingeh",36.0618,-106.0761,2010-12-01,12,2010,2.69,0.01,0.01,0,0,0,.,.,.,0,3.94,0,4.46,1.08,0,0,.,0,1.17
9,"Ohkay Owingeh",36.0618,-106.0761,2011-12-01,12,2011,0.43,1.2,0.01,0,0,0,.,.,.,0,1.08,0.16,0.96,0,0.02,0,.,0,0.19
9,"Ohkay Owingeh",36.0618,-106.0761,2012-12-01,12,2012,0.18,0.11,0.26,0,0,0,.,.,.,0,0.32,0.01,0.02,0,0,0,.,0,0
9,"Ohkay Owingeh",36.0618,-106.0761,2013-12-01,12,2013,0.16,0.09,0.08,0,0,0,.,.,.,0,0.55,0.01,0.55,0,0,0,.,0,0.09
9,"Ohkay Owingeh",36.0618,-106.0761,2014-12-01,12,2014,0.39,0.72,0.72,0.09,0.16,0.09,.,.,.,0,2.91,0.09,4.69,0.25,0,0,.,0,0.04
9,"Ohkay Owingeh",36.0618,-106.0761,2015-12-01,12,2015,.,.,.,.,.,.,.,.,.,.,.,.,.,.,.,.,.,.,.
10,"Diversion",35.1916189224,-106.643382687,2003-01-01,1,2003,8.86,0.02,0.19,0.19,1.85,0,.,.,.,0,3.77,0,17.09,.,.,.,.,.,0
10,"Diversion",35.1916189224,-106.643382687,2004-01-01,1,2004,4.02,0.26,3.6,0.62,0,0,.,.,.,0,1.58,0.03,2.99,.,.,.,.,.,0.12
10,"Diversion",35.1916189224,-106.643382687,2005-01-01,1,2005,25.67,0.11,2.12,0,0.8,0.01,.,.,.,0,3.78,0.01,0.2,.,.,.,.,.,0
10,"Diversion",35.1916189224,-106.643382687,2006-01-01,1,2006,0.44,0.03,1.46,0.09,0.01,0,.,.,.,0,0.3,0,0.34,.,.,.,.,.,0
10,"Diversion",35.1916189224,-106.643382687,2007-01-01,1,2007,16.13,0.95,0.15,0.02,0,1.56,.,.,.,0,3.14,0.12,4.3,.,.,.,.,.,0.04
10,"Diversion",35.1916189224,-106.643382687,2008-01-01,1,2008,26.76,0.45,0.19,0.27,10.86,0,.,.,.,0,8.04,0.06,21.46,0.02,0,0.69,.,0,0.12
10,"Diversion",35.1916189224,-106.643382687,2009-01-01,1,2009,7.55,0.57,0.25,0.28,0.4,0,.,.,.,0,1.25,0.07,0.07,0.09,0.01,0,.,0,0.01
10,"Diversion",35.1916189224,-106.643382687,2010-01-01,1,2010,8.55,0.41,0.01,0.26,1.09,0.01,.,.,.,0,2.48,0.05,7.39,0.02,0,0,.,0.23,0.03
10,"Diversion",35.1916189224,-106.643382687,2011-01-01,1,2011,12.54,0.1,0.17,0.04,1.7,0,.,.,.,0,4.55,0.01,15.31,0.01,0,0,.,0,0.19
10,"Diversion",35.1916189224,-106.643382687,2012-01-01,1,2012,9.23,0.08,0.55,0.12,1.4,0,.,.,.,0,13.18,0.01,89.23,0.17,0,0,.,0,0.03
10,"Diversion",35.1916189224,-106.643382687,2013-01-01,1,2013,13.15,0.25,0.71,0.02,0.01,0,.,.,.,0,4.4,0.03,9.63,0.32,0,0.92,.,0.01,0.4
10,"Diversion",35.1916189224,-106.643382687,2014-01-01,1,2014,5.25,0.19,2.26,0.05,0.56,0,.,.,.,0,3.91,0.03,5.86,0,0,0,.,0,0.04
10,"Diversion",35.1916189224,-106.643382687,2015-01-01,1,2015,10.85,0.79,6.38,0.02,2.16,0,.,.,.,0,5.8,0.1,20.39,0,0,0.08,.,0,0.2
10,"Diversion",35.1916189224,-106.643382687,2016-01-01,1,2016,10.41,0.17,1.19,0.41,8.63,0,.,.,.,0,3.54,0.02,2.33,0,0,0.01,.,0.15,0.02
10,"Diversion",35.1916189224,-106.643382687,2017-01-01,1,2017,5.7,0.24,1.62,0.05,3.86,0.01,.,.,.,0,2.12,0.03,3.62,0.01,0,0.31,0,0,0.04
10,"Diversion",35.1916189224,-106.643382687,2018-01-01,1,2018,10.46,1.16,4.55,1.96,1.54,0.15,.,.,.,0,7.49,0.15,34.31,1.16,0,0,0,0,0.35
10,"Diversion",35.1916189224,-106.643382687,2019-01-01,1,2019,6.25,0.26,0.63,0.13,1.78,0,.,.,.,0,3.37,0.03,15.24,0.15,0.01,0.01,0,0,0.07
10,"Diversion",35.1916189224,-106.643382687,2020-01-01,1,2020,20.46,0.57,1.02,0.6,5.16,0,.,.,.,0,4.24,0.07,2.69,0,0,0.01,0,0,0
10,"Diversion",35.1916189224,-106.643382687,2021-01-01,1,2021,13.62,0.2,1.31,0.07,1.55,0,.,.,.,0,2.55,0.03,1.72,0,0.01,0.01,0,0.01,0
10,"Diversion",35.1916189224,-106.643382687,2022-01-01,1,2022,9.79,0.35,0.16,0.06,1.4,0.48,.,.,.,0,2.42,0.05,2.38,0,0.01,0.01,0,0,0
10,"Diversion",35.1916189224,-106.643382687,2023-01-01,1,2023,24.61,.,0.85,0.22,0.95,0,.,.,0,0.01,5.95,0.11,16.64,0.32,0.01,0.23,0.08,0,0.11
10,"Diversion",35.1916189224,-106.643382687,2024-01-01,1,2024,89.77,.,1.32,0.43,10.24,0,1.85,0.17,0,0,14.57,0.26,8,0,0,0.09,0,0,0.01
10,"Diversion",35.1916189224,-106.643382687,2003-02-01,2,2003,.,.,.,.,.,.,.,.,.,.,.,.,.,.,.,.,.,.,.
10,"Diversion",35.1916189224,-106.643382687,2004-02-01,2,2004,8.16,0.02,0,0.03,2.86,0,.,.,.,0,1.66,0,1.39,.,.,.,.,.,0
10,"Diversion",35.1916189224,-106.643382687,2005-02-01,2,2005,16.94,0,0.01,0.12,7.6,0,.,.,.,0,3.55,0,3.56,.,.,.,.,.,0
10,"Diversion",35.1916189224,-106.643382687,2006-02-01,2,2006,18.13,0.43,0.19,0.35,0.17,0,.,.,.,0,4.44,0.06,10.17,.,.,.,.,.,0.51
10,"Diversion",35.1916189224,-106.643382687,2007-02-01,2,2007,20.01,0,0,0,3.76,0,.,.,.,0,6.99,0,27.1,.,.,.,.,.,0.03
10,"Diversion",35.1916189224,-106.643382687,2008-02-01,2,2008,34.3,0.01,0.01,0.63,1.11,0.01,.,.,.,0,7.5,0,20.78,0.03,0,0,.,0,0
10,"Diversion",35.1916189224,-106.643382687,2009-02-01,2,2009,8.16,0.08,0,0,0.63,0,.,.,.,0,4.16,0.01,17,1.46,0,0,.,0,0.4
10,"Diversion",35.1916189224,-106.643382687,2010-02-01,2,2010,22.16,0.02,0.02,0.04,1.17,0,.,.,.,0,6.76,0,27.7,0.01,0,0,.,0,0
10,"Diversion",35.1916189224,-106.643382687,2011-02-01,2,2011,13.79,0,0.01,0.02,1.19,0,.,.,.,0,4.23,0,11.24,0.01,0,1.61,.,0.01,0.33
10,"Diversion",35.1916189224,-106.643382687,2012-02-01,2,2012,5.24,0.01,0.38,0.17,0.31,0,.,.,.,0,1.69,0,4.97,0,0,0,.,0,0.17
10,"Diversion",35.1916189224,-106.643382687,2013-02-01,2,2013,6.48,0.05,0.01,0.26,0.48,0,.,.,.,0,2.46,0.01,5.33,0.24,0,0.01,.,0.01,0.03
10,"Diversion",35.1916189224,-106.643382687,2014-02-01,2,2014,2.39,0.02,0.01,0.02,0.02,0,.,.,.,0,1.25,0,5.26,0.16,0,0,.,0,0.02
10,"Diversion",35.1916189224,-106.643382687,2015-02-01,2,2015,7.02,0.02,1.17,0.05,2.48,0,.,.,.,0,5.46,0,25.47,0.16,0,1.24,.,0,0.35
10,"Diversion",35.1916189224,-106.643382687,2016-02-01,2,2016,4.01,0.03,0.78,0.06,2.16,0.01,.,.,.,0,1.55,0,3.25,0.02,0,0.01,.,0,0.04
10,"Diversion",35.1916189224,-106.643382687,2017-02-01,2,2017,2.7,0.08,1.94,0.02,2.7,0,.,.,.,0,2.07,0.01,6.31,0,0,0,0,0,0
10,"Diversion",35.1916189224,-106.643382687,2018-02-01,2,2018,7.08,0.02,0.26,0.69,0,0,.,.,.,0,5.32,0,26.93,0.15,0,0,0,0,0.02
10,"Diversion",35.1916189224,-106.643382687,2019-02-01,2,2019,3.15,0.17,0.16,0.06,0.19,0,.,.,.,0,0.9,0.02,1.19,0.16,0,0.24,0,0,0.05
10,"Diversion",35.1916189224,-106.643382687,2020-02-01,2,2020,14.09,0.04,0.16,0.19,0.56,0.01,.,.,.,0,2.13,0,0.24,0,0,0,0,0.01,0.06
10,"Diversion",35.1916189224,-106.643382687,2021-02-01,2,2021,9.77,0.43,0.48,0.05,1.73,0,.,.,.,0,2.57,0.06,5.4,0,0,0,0.01,0,0
10,"Diversion",35.1916189224,-106.643382687,2022-02-01,2,2022,13,0.02,0.4,0.05,0.45,0,.,.,.,0,1.9,0,0.02,0,0,0,0,0,0.03
10,"Diversion",35.1916189224,-106.643382687,2023-02-01,2,2023,62.46,.,0.48,0.58,1.86,0.01,.,.,0,0,10.61,0.6,9.63,0.03,0,0,0.06,0,0.09
10,"Diversion",35.1916189224,-106.643382687,2024-02-01,2,2024,32.08,.,0,0.12,1.94,0,1.01,0.18,0,0,6.68,0.15,7.38,0,0,0,0,0,0.19
10,"Diversion",35.1916189224,-106.643382687,2003-03-01,3,2003,3.17,0.04,0.01,0,0,0.23,.,.,.,0,1.45,0,6.65,.,.,.,.,.,0.06
10,"Diversion",35.1916189224,-106.643382687,2004-03-01,3,2004,3.7,0.25,0,0.02,0,0,.,.,.,0,1.08,0.03,3.87,.,.,.,.,.,0
10,"Diversion",35.1916189224,-106.643382687,2005-03-01,3,2005,4.16,0,0.02,0,0.54,0,.,.,.,0,0.81,0,1.32,.,.,.,.,.,0
10,"Diversion",35.1916189224,-106.643382687,2006-03-01,3,2006,7.78,0.02,0.53,0.37,1.37,0,.,.,.,0,2.2,0,5.9,.,.,.,.,.,0.06
10,"Diversion",35.1916189224,-106.643382687,2007-03-01,3,2007,2.16,0.02,0.03,0.04,0.27,0,.,.,.,0,0.81,0,3.1,.,.,.,.,.,0
10,"Diversion",35.1916189224,-106.643382687,2008-03-01,3,2008,14.11,0,0.02,0.17,0.17,0,.,.,.,0,6.58,0,20.18,0,0,0,.,0,0.23
10,"Diversion",35.1916189224,-106.643382687,2009-03-01,3,2009,1.46,0,0,0.01,0,0.09,.,.,.,0,2.01,0,12.23,0.44,0,0,.,0,0.17
10,"Diversion",35.1916189224,-106.643382687,2010-03-01,3,2010,11.79,0.19,0.02,0.04,0.77,0,.,.,.,0,5.99,0.02,30.24,1.09,0,0,.,0,0.16
10,"Diversion",35.1916189224,-106.643382687,2011-03-01,3,2011,10.33,0.01,0.02,0.02,0.01,0,.,.,.,0,2.92,0,11.01,0,0.01,0,.,0,0
10,"Diversion",35.1916189224,-106.643382687,2012-03-01,3,2012,2.88,0.01,0.01,0,0.54,0,.,.,.,0,3.12,0,13.39,0.01,0,0,.,0,0.01
10,"Diversion",35.1916189224,-106.643382687,2013-03-01,3,2013,12.32,0.02,0,0.17,0,0,.,.,.,0,4.52,0,18.02,0,0,0,.,0,0.45
10,"Diversion",35.1916189224,-106.643382687,2014-03-01,3,2014,1.71,0,0,0.02,0,0,.,.,.,0,2.11,0,14.25,0,0,0,.,0,0
10,"Diversion",35.1916189224,-106.643382687,2015-03-01,3,2015,2.79,0.16,0.02,0.02,0.31,0,.,.,.,0,1.44,0.02,1.34,0,0,0.31,.,0,0.46
10,"Diversion",35.1916189224,-106.643382687,2016-03-01,3,2016,3.24,0.02,0.02,0.04,0.25,0,.,.,.,0,0.98,0,1.82,0,0,0,.,0,0.05
10,"Diversion",35.1916189224,-106.643382687,2017-03-01,3,2017,1.03,0.47,0.01,0.04,0.09,0,.,.,.,0,4.45,0.06,30.02,0.02,0,0,0.04,0,0.12
10,"Diversion",35.1916189224,-106.643382687,2018-03-01,3,2018,1.33,0,0.02,0.05,0.16,0,.,.,.,0,6.85,0,45.24,0,0,0,0.08,0,0.25
10,"Diversion",35.1916189224,-106.643382687,2019-03-01,3,2019,1.41,0.12,0.09,0.08,2.88,0,.,.,.,0,1.55,0.02,3.95,0.01,0,0.08,0,0,0.03
10,"Diversion",35.1916189224,-106.643382687,2020-03-01,3,2020,18.3,0.53,0,0.04,2.16,0,.,.,.,0,7.04,0.07,24.8,7.09,0,0,0,0,0.92
10,"Diversion",35.1916189224,-106.643382687,2021-03-01,3,2021,14.94,0.74,0.23,0.34,2.63,0,.,.,.,0,5.13,0.1,18.48,0.56,0,0.15,0,0,0.09
10,"Diversion",35.1916189224,-106.643382687,2022-03-01,3,2022,42.24,0.43,0.26,1.26,3.79,0.01,.,.,.,0,8.78,0.06,17.09,0.04,0,0,0.59,0,0.08
10,"Diversion",35.1916189224,-106.643382687,2023-03-01,3,2023,21.93,.,0.09,0.12,0.86,0,.,.,0,0,4.52,0.09,9.25,0,0,0,1.5,0,0.2
10,"Diversion",35.1916189224,-106.643382687,2024-03-01,3,2024,38.85,.,0.94,0.18,5.47,0,1.08,0.4,0,0,7.12,0.19,5.39,0.02,0,0.32,1.02,0,0.18
10,"Diversion",35.1916189224,-106.643382687,2003-04-01,4,2003,1.46,0.08,0,0,0,0,.,.,.,0,1.83,0.01,11.12,.,.,.,.,.,0.05
10,"Diversion",35.1916189224,-106.643382687,2004-04-01,4,2004,2.31,0.01,0.38,0.32,0,0,.,.,.,0,1.41,0,2.63,.,.,.,.,.,0.66
10,"Diversion",35.1916189224,-106.643382687,2005-04-01,4,2005,3.55,0.01,0,0.09,0.08,0,.,.,.,0,1.16,0,3.86,.,.,.,.,.,0.17
10,"Diversion",35.1916189224,-106.643382687,2006-04-01,4,2006,1.38,0.01,0,0.05,0.01,0,.,.,.,0,0.79,0,0.72,.,.,.,.,.,0.48
10,"Diversion",35.1916189224,-106.643382687,2007-04-01,4,2007,3.52,0.02,0,0.02,0.04,0.01,.,.,.,0,1.59,0,1.16,6.1,0,0,.,0,0.79
10,"Diversion",35.1916189224,-106.643382687,2008-04-01,4,2008,5.39,0,0.02,0.04,0.01,0,.,.,.,0,1.46,0,0.52,0.01,0,0,.,0,0.01
10,"Diversion",35.1916189224,-106.643382687,2009-04-01,4,2009,2.34,0.01,0.09,0,0.01,0,.,.,.,0,2.78,0,12.68,3.51,0,0,.,0,0.47
10,"Diversion",35.1916189224,-106.643382687,2010-04-01,4,2010,3.08,0.01,0,0.06,0.01,0,.,.,.,0,12.02,0,80.09,4.08,0,0,.,0,0.55
10,"Diversion",35.1916189224,-106.643382687,2011-04-01,4,2011,6.74,0.02,0.01,0.01,0.02,0,.,.,.,0,2.78,0,7.13,0.86,0,0,.,0.02,0.65
10,"Diversion",35.1916189224,-106.643382687,2012-04-01,4,2012,1.62,0.01,0.01,0.02,0.01,0,.,.,.,0,1.5,0,3.85,4.56,0,0.09,.,0.08,0.62
10,"Diversion",35.1916189224,-106.643382687,2013-04-01,4,2013,2.4,0,0.02,0.02,0,0,.,.,.,0,1.03,0,2.5,0.77,0.01,0,.,0,0.25
10,"Diversion",35.1916189224,-106.643382687,2014-04-01,4,2014,0.49,0.02,0.03,0.04,0.02,0,.,.,.,0,0.95,0,2.17,1.96,0,0.01,.,0,0.34
10,"Diversion",35.1916189224,-106.643382687,2015-04-01,4,2015,7.56,0.03,0.02,0.06,0.33,0,.,.,.,0,4.1,0,7.64,10.03,0,0,.,0,1.84
10,"Diversion",35.1916189224,-106.643382687,2016-04-01,4,2016,3.01,0.09,0.02,0.03,0.41,0,.,.,.,0,2.81,0.01,2.32,8.33,0,0.01,.,0,0.64
10,"Diversion",35.1916189224,-106.643382687,2017-04-01,4,2017,0.71,0.02,0.01,0.19,0.4,0,.,.,.,0,10.8,0,63.92,13.08,0.01,0.01,2.79,0,0.36
10,"Diversion",35.1916189224,-106.643382687,2018-04-01,4,2018,0.09,0,0.15,0.04,0.39,0,.,.,.,0,1.35,0,1.39,6.18,0,0,0.32,0,0.87
10,"Diversion",35.1916189224,-106.643382687,2019-04-01,4,2019,0.47,0.18,0.02,0.06,0.72,0,.,.,.,0,1.58,0.02,4.26,3.01,0,0,2.06,0,0.7
10,"Diversion",35.1916189224,-106.643382687,2020-04-01,4,2020,6.54,0.04,0.55,0.19,0.87,0.01,.,.,.,0,4.64,0,6.4,11.32,0.01,0.15,8.55,0,2.6
10,"Diversion",35.1916189224,-106.643382687,2021-04-01,4,2021,6.56,0.11,0.23,0.03,1.56,0,.,.,.,0,2.41,0.01,5.55,3.02,0.01,0.01,0.18,0,0.42
10,"Diversion",35.1916189224,-106.643382687,2022-04-01,4,2022,10,0.03,0,0.02,0.26,0,.,.,.,0,2.65,0,3.33,0.19,0,0.02,1.57,0,0.75
10,"Diversion",35.1916189224,-106.643382687,2023-04-01,4,2023,2.01,.,0.16,0.04,0.19,0,.,.,0,0,1.21,0.01,1.64,3.48,0,0,0.88,0,0.64
10,"Diversion",35.1916189224,-106.643382687,2024-04-01,4,2024,18.23,.,0.55,0.95,0.89,0.01,0.46,0.02,0,0.01,6.3,0.06,14.49,7.02,0,0.01,2.28,0,1.21
10,"Diversion",35.1916189224,-106.643382687,2003-05-01,5,2003,0.72,0.03,0.17,0.01,0,0,.,.,.,0.02,2.67,0,9.92,.,.,.,.,.,1.1
10,"Diversion",35.1916189224,-106.643382687,2004-05-01,5,2004,1.55,0.01,0.24,0,0.69,0,.,.,.,0,1.08,0,4.1,.,.,.,.,.,0.14
10,"Diversion",35.1916189224,-106.643382687,2005-05-01,5,2005,2.21,0.01,0,0,0.01,0,.,.,.,0,1.55,0,6.64,.,.,.,.,.,0.41
10,"Diversion",35.1916189224,-106.643382687,2006-05-01,5,2006,1.64,0.1,0.01,18.03,2.48,0,.,.,.,0,6.12,0.01,19.25,.,.,.,.,.,0.69
10,"Diversion",35.1916189224,-106.643382687,2007-05-01,5,2007,3.86,0,0,0.34,0.01,3.33,.,.,.,0,2.73,0,12.23,0.6,0.01,0,.,0,0.08
10,"Diversion",35.1916189224,-106.643382687,2008-05-01,5,2008,1.46,0.03,0,0.27,0,0,.,.,.,0,0.83,0,0.7,2.95,0.01,0,.,0,0.39
10,"Diversion",35.1916189224,-106.643382687,2009-05-01,5,2009,0.78,0,0.77,0,0.26,0,.,.,.,0,1.51,0,3.88,3.69,0.02,0,.,0,0.48
10,"Diversion",35.1916189224,-106.643382687,2010-05-01,5,2010,1.9,0.02,0.01,0.03,0.35,0,.,.,.,0,3.19,0,7.88,9.96,0.01,0,.,0,1.38
10,"Diversion",35.1916189224,-106.643382687,2011-05-01,5,2011,0.79,0,0,0,1.4,0,.,.,.,0,1.98,0,8.33,0.85,0,0,.,0,0.23
10,"Diversion",35.1916189224,-106.643382687,2012-05-01,5,2012,0.42,0,0.09,0.02,0.03,0,.,.,.,0,0.95,0,5.1,0.86,0.26,0.01,.,0,0.15
10,"Diversion",35.1916189224,-106.643382687,2013-05-01,5,2013,1.95,0.04,0.15,0.09,1.03,0,.,.,.,0,2.05,0,7.42,1.05,0.78,1.69,.,0.08,0.54
10,"Diversion",35.1916189224,-106.643382687,2014-05-01,5,2014,2.86,0.02,0.02,0.04,0.49,0,.,.,.,0,3.28,0,12.09,3.85,0.01,0,.,0.01,0.98
10,"Diversion",35.1916189224,-106.643382687,2015-05-01,5,2015,0.72,0,0,0.02,0.47,0,.,.,.,0,2.3,0,12.57,1.93,1,0,.,0,0.39
10,"Diversion",35.1916189224,-106.643382687,2016-05-01,5,2016,0.86,0.03,0.01,0.02,2.56,0,.,.,.,0,2.67,0,7.08,3.94,1.09,3.62,.,0,0.65
10,"Diversion",35.1916189224,-106.643382687,2017-05-01,5,2017,0.27,0.02,0.01,0,0.02,0,.,.,.,0,2.8,0,19.32,1.11,0.34,0,0.01,0,0.05
10,"Diversion",35.1916189224,-106.643382687,2018-05-01,5,2018,0.79,0.02,0.09,0.02,1.41,0,.,.,.,0,1.49,0,1.7,3.55,0.56,1.47,0.02,0,0.75
10,"Diversion",35.1916189224,-106.643382687,2019-05-01,5,2019,0.09,0,0.15,0,0,0,.,.,.,0,0.8,0,0.7,1.78,0,1.46,0.02,0,0.51
10,"Diversion",35.1916189224,-106.643382687,2020-05-01,5,2020,2.75,0.04,1.13,0.37,3.8,0.01,.,.,.,0.01,6.01,0.01,25.92,3.01,2.4,3.68,0.9,0,1.17
10,"Diversion",35.1916189224,-106.643382687,2021-05-01,5,2021,3.25,0.16,0.24,0.18,2.09,0,.,.,.,0,5.42,0.02,20.15,12.32,0.54,1.62,0.02,0,1.9
10,"Diversion",35.1916189224,-106.643382687,2022-05-01,5,2022,4.1,0.29,1.42,0.26,3.24,0.01,.,.,.,0,3.72,0.04,7.09,8.09,0.86,0.85,0.33,0,1.35
10,"Diversion",35.1916189224,-106.643382687,2023-05-01,5,2023,6.65,0.48,0.01,0.3,0.98,0,0.48,0,0,0,9.3,0.05,56.16,6.07,0.29,0.1,0.2,0,0.69
10,"Diversion",35.1916189224,-106.643382687,2024-05-01,5,2024,5.78,.,1.08,1.63,5.17,0.02,0.01,0.1,0,0,4.17,0.01,6.15,9.02,1.31,0.54,0.03,0,1.42
10,"Diversion",35.1916189224,-106.643382687,2003-06-01,6,2003,0.78,0,0.15,0.01,0.62,0,.,.,.,0,2.47,0,11.09,.,.,.,.,.,0.81
10,"Diversion",35.1916189224,-106.643382687,2004-06-01,6,2004,1.71,0.02,0.02,0.02,0.41,0,.,.,.,0,1.21,0,1.26,.,.,.,.,.,0.75
10,"Diversion",35.1916189224,-106.643382687,2005-06-01,6,2005,1.46,0,0,0,0.55,0,.,.,.,0,1.58,0,2.15,.,.,.,.,.,1.04
10,"Diversion",35.1916189224,-106.643382687,2006-06-01,6,2006,3.02,0,0.26,0.01,0,0,.,.,.,0,1.18,0,1.05,.,.,.,.,.,0.47
10,"Diversion",35.1916189224,-106.643382687,2007-06-01,6,2007,2.48,0.26,0.1,0,0.28,0,.,.,.,0,2.27,0.03,7.8,3.6,0.01,0,.,0,0.47
10,"Diversion",35.1916189224,-106.643382687,2008-06-01,6,2008,0.79,0,0,1.57,0.27,0,.,.,.,0,1.47,0,6.61,1.22,0.01,0,.,0,0.16
10,"Diversion",35.1916189224,-106.643382687,2009-06-01,6,2009,0.95,0.01,0.01,0.01,0.19,0.01,.,.,.,0,1.56,0,3.16,4.3,0.52,0,.,0,0.73
10,"Diversion",35.1916189224,-106.643382687,2010-06-01,6,2010,1.34,0.95,0,0.02,0.18,0.02,.,.,.,0,1.37,0.12,2.35,0.09,0,0,.,0,0.34
10,"Diversion",35.1916189224,-106.643382687,2011-06-01,6,2011,2.17,0.09,0.56,0.06,0.65,0,.,.,.,0,1.72,0.01,6.85,1.24,0.42,0,.,0,0.22
10,"Diversion",35.1916189224,-106.643382687,2012-06-01,6,2012,0.71,0.31,0.09,0,0.81,0,.,.,.,0,2.53,0.04,8.85,1.19,1.08,0.02,.,0,0.75
10,"Diversion",35.1916189224,-106.643382687,2013-06-01,6,2013,1.65,0.34,1.23,0.1,0.5,0,.,.,.,0,1.19,0.04,3.19,0.02,0.93,0.24,.,0,0.16
10,"Diversion",35.1916189224,-106.643382687,2014-06-01,6,2014,0.23,0.01,1.02,0.05,0.87,0.02,.,.,.,0,1.47,0,3.58,1.85,0.01,2.17,.,0,0.58
10,"Diversion",35.1916189224,-106.643382687,2015-06-01,6,2015,0.47,0.02,0.38,0.03,1.33,0.15,.,.,.,0,2.72,0,10.95,3.49,0.8,1.4,.,0,0.81
10,"Diversion",35.1916189224,-106.643382687,2016-06-01,6,2016,0.5,0.04,0.78,0.04,3.88,0.16,.,.,.,0,50.14,0,372.18,3.1,1.55,1.92,0.01,0.01,0.58
10,"Diversion",35.1916189224,-106.643382687,2017-06-01,6,2017,1.17,0.78,0.7,0.03,2.02,0.01,.,.,.,0,2.4,0.1,6.4,0.93,3.19,2.08,0.01,0.01,0.73
10,"Diversion",35.1916189224,-106.643382687,2018-06-01,6,2018,0.56,0.26,0.33,0.12,1.34,0.02,.,.,.,0.01,1.86,0.03,1.09,3.11,0.8,3.92,0.01,0,1.02
10,"Diversion",35.1916189224,-106.643382687,2019-06-01,6,2019,0.38,0.05,17.46,0.08,0.08,0,.,.,.,0,5.13,0.01,12.82,2.33,2.1,0.03,0,0,1.08
10,"Diversion",35.1916189224,-106.643382687,2020-06-01,6,2020,7.03,0.46,2.39,0.28,5.24,0.37,.,.,.,0,4.49,0.06,8.9,4.05,2.07,0.77,0.04,1.37,1.09
10,"Diversion",35.1916189224,-106.643382687,2021-06-01,6,2021,24.85,5.87,6.32,4.49,34.39,0.01,.,.,.,0.09,21.95,0.76,77.38,9.95,2.12,1.31,0.09,0,1.75
10,"Diversion",35.1916189224,-106.643382687,2022-06-01,6,2022,1.46,0.71,1.04,0.65,3.94,0.01,.,.,.,0.08,2.36,0.09,3.39,2.1,1.33,1.24,0.01,1.31,0.78
10,"Diversion",35.1916189224,-106.643382687,2023-06-01,6,2023,1.69,0,1.4,0.05,2.19,0.02,0,0.17,0,0,3.08,0.01,7.71,2.46,0.96,4.62,0.02,2,0.66
10,"Diversion",35.1916189224,-106.643382687,2024-06-01,6,2024,4.03,.,0.63,0.05,10.12,0.02,0.7,0.02,0,0,50.88,0.09,365.16,4.86,1.19,0.41,0.15,1.85,1.14
10,"Diversion",35.1916189224,-106.643382687,2003-07-01,7,2003,0.56,0.23,0.09,0.48,1,0,.,.,.,0,1.72,0.03,8.86,.,.,.,.,.,0.27
10,"Diversion",35.1916189224,-106.643382687,2004-07-01,7,2004,0.7,0.1,0.23,0.01,0.41,0,.,.,.,0,0.94,0.01,0.09,.,.,.,.,.,0.72
10,"Diversion",35.1916189224,-106.643382687,2005-07-01,7,2005,0.62,0.31,0.62,0,0.62,0,.,.,.,0,0.7,0.04,0.39,.,.,.,.,.,0.36
10,"Diversion",35.1916189224,-106.643382687,2006-07-01,7,2006,1.21,0.03,0,0.02,0.01,0.27,.,.,.,0,6.18,0,37.98,.,.,.,.,.,0.96
10,"Diversion",35.1916189224,-106.643382687,2007-07-01,7,2007,1.71,0.01,0.09,0,0.02,0.17,.,.,.,0,1.65,0,3.01,6.67,0.01,0,.,0,0.87
10,"Diversion",35.1916189224,-106.643382687,2008-07-01,7,2008,0.03,0.09,0.27,0.01,0.02,0,.,.,.,0,1.16,0.01,2.33,4.2,0.09,0.01,.,0,0.56
10,"Diversion",35.1916189224,-106.643382687,2009-07-01,7,2009,0.49,0.02,0.18,0.17,0.1,0,.,.,.,0,1.27,0,1.25,5.39,0,0,.,0,0.7
10,"Diversion",35.1916189224,-106.643382687,2010-07-01,7,2010,1.32,0.09,0.32,0.18,0.4,0,.,.,.,0,2.52,0.01,9.69,2.95,0,0,.,0,0.78
10,"Diversion",35.1916189224,-106.643382687,2011-07-01,7,2011,0.42,0.03,0.02,0.03,0.34,0,.,.,.,0,0.47,0,1.34,0.2,0,0.01,.,0,0.06
10,"Diversion",35.1916189224,-106.643382687,2012-07-01,7,2012,0.19,0.02,0.85,0,0.1,0,.,.,.,0,0.45,0,1.46,0.01,0.24,0,.,0,0.04
10,"Diversion",35.1916189224,-106.643382687,2013-07-01,7,2013,0.47,0.02,0.87,0.27,0.01,0.01,.,.,.,0,0.56,0,1.13,0.39,0,0,.,0.01,0.05
10,"Diversion",35.1916189224,-106.643382687,2014-07-01,7,2014,0.11,0.03,0.31,0.11,0.19,0.01,.,.,.,0,0.47,0,0.59,0.09,0.78,0.01,.,0.69,0.23
10,"Diversion",35.1916189224,-106.643382687,2015-07-01,7,2015,1.85,0.55,4.01,0.09,1.02,0,.,.,.,0,2.29,0.07,3.08,5.09,1,0.08,.,0,0.87
10,"Diversion",35.1916189224,-106.643382687,2016-07-01,7,2016,0.27,2.39,2.09,0.03,1.19,0,.,.,.,0.02,1.83,0.31,1.88,1.64,0.55,0,0,0.32,0.27
10,"Diversion",35.1916189224,-106.643382687,2017-07-01,7,2017,0.11,1.79,0.46,0.11,1.12,0.01,.,.,.,0,2.34,0.23,5.02,5.32,0.85,0.31,0.01,0,0.39
10,"Diversion",35.1916189224,-106.643382687,2018-07-01,7,2018,0.27,0.47,0.39,0.04,0.48,0,.,.,.,0,0.63,0.06,1.02,1.34,0,0.01,0.01,0,0.18
10,"Diversion",35.1916189224,-106.643382687,2019-07-01,7,2019,2.64,1.02,0,0.02,0,0,.,.,.,0,2.44,0.13,11.85,1.1,0.09,0.08,0,0.25,0.37
10,"Diversion",35.1916189224,-106.643382687,2020-07-01,7,2020,2.02,0.66,1.94,0.51,2.48,0.25,.,.,.,0,1.93,0.08,4.41,0.7,0.48,0.15,0.02,0.01,0.18
10,"Diversion",35.1916189224,-106.643382687,2021-07-01,7,2021,4.48,1.64,1.31,0.2,3.02,0,.,.,.,0.01,2.83,0.21,5.38,3.71,0.26,0.08,0.01,0,0.53
10,"Diversion",35.1916189224,-106.643382687,2022-07-01,7,2022,0.46,0.27,0.26,0.21,0.19,0.01,.,.,.,0,0.56,0.04,1.9,0.03,0.1,0.09,0,0.26,0.07
10,"Diversion",35.1916189224,-106.643382687,2023-07-01,7,2023,1.04,0,0.54,0.97,1.48,0,0,0.02,0,0,4.1,0,18.12,2.76,0.52,0.43,0,3.27,0.89
10,"Diversion",35.1916189224,-106.643382687,2024-07-01,7,2024,1.33,.,2.2,0.03,0.12,0.35,0.55,0.11,0,0,3.37,0.06,7.17,7.69,0,0.44,0.01,1.54,0.92
10,"Diversion",35.1916189224,-106.643382687,2003-08-01,8,2003,0.4,0.09,0,0,2.39,0,.,.,.,0,2.45,0.16,6.47,.,.,.,.,.,1.05
10,"Diversion",35.1916189224,-106.643382687,2004-08-01,8,2004,0.37,0.45,0.25,0.33,0.42,0,.,.,.,0,0.94,0.06,5.16,.,.,.,.,.,0.02
10,"Diversion",35.1916189224,-106.643382687,2005-08-01,8,2005,.,.,.,.,.,.,.,.,.,.,.,.,.,.,.,.,.,.,.
10,"Diversion",35.1916189224,-106.643382687,2006-08-01,8,2006,0.85,0.15,0.01,0,0.08,0,.,.,.,0,1.18,0.02,6.78,.,.,.,.,.,0.1
10,"Diversion",35.1916189224,-106.643382687,2007-08-01,8,2007,2.81,0.01,1.45,0,2.51,0.01,.,.,.,0,2,0,1.48,0,0,0,.,0,0
10,"Diversion",35.1916189224,-106.643382687,2008-08-01,8,2008,0.04,0.18,0.34,0.01,0.79,0,.,.,.,0,1.88,0.02,4.87,0.02,0,1.28,.,0,0.17
10,"Diversion",35.1916189224,-106.643382687,2009-08-01,8,2009,1.04,0.02,4.02,0.02,1.03,0,.,.,.,0,2.45,0,5.59,6.58,0.01,0,.,0,0.86
10,"Diversion",35.1916189224,-106.643382687,2010-08-01,8,2010,0.02,0.02,0.85,0.01,0.02,0,.,.,.,0,0.38,0,0.96,0.18,0,0.32,.,0,0.07
10,"Diversion",35.1916189224,-106.643382687,2011-08-01,8,2011,0.78,0.4,0.17,0.02,1.7,0,.,.,.,0,0.86,0.05,0.35,0.01,0,3.08,.,0,0.4
10,"Diversion",35.1916189224,-106.643382687,2012-08-01,8,2012,0.86,0.4,1.1,0.11,2.55,0,.,.,.,0,1.58,0.05,3.78,0.02,0,0.39,.,0,0.06
10,"Diversion",35.1916189224,-106.643382687,2013-08-01,8,2013,1.56,1.8,1.71,0.04,0.95,0,.,.,.,0,5.67,0.23,32.05,0.02,0,1.28,.,0.01,0.26
10,"Diversion",35.1916189224,-106.643382687,2014-08-01,8,2014,0.31,0.17,0.32,1.5,0.31,0.02,.,.,.,0,1.05,0.02,3.72,0.1,0,0,.,0,0.13
10,"Diversion",35.1916189224,-106.643382687,2015-08-01,8,2015,0.95,1.7,1.32,0.06,0.5,0,.,.,.,0,1.66,0.22,2.59,0.25,0.01,3.46,.,0.69,0.57
10,"Diversion",35.1916189224,-106.643382687,2016-08-01,8,2016,0.77,0.87,0.02,0.07,1.72,0,.,.,.,0,1,0.11,1.8,0.04,0.01,0,0.01,0,0
10,"Diversion",35.1916189224,-106.643382687,2017-08-01,8,2017,11.28,1.91,0.75,0.14,5.01,0,.,.,.,0,3.39,0.25,4.8,0.07,0.01,0.34,0.01,0,0.06
10,"Diversion",35.1916189224,-106.643382687,2018-08-01,8,2018,0.4,1.25,0.13,0.02,4.64,0,.,.,.,0.19,4.08,0.16,5.67,0.1,0.49,0,0,0,0.08
10,"Diversion",35.1916189224,-106.643382687,2019-08-01,8,2019,0.02,1.24,1.32,0.28,2.82,0.02,.,.,.,0.01,1.68,0.16,2.32,0.02,0.17,1.61,0,0.49,0.42
10,"Diversion",35.1916189224,-106.643382687,2020-08-01,8,2020,1.33,0.57,1.17,0.04,2.87,0.02,.,.,.,0,2.85,0.07,12.41,0.03,0.01,1.55,0.02,0,0.21
10,"Diversion",35.1916189224,-106.643382687,2021-08-01,8,2021,1.49,0.8,1.18,0.06,2.33,0,.,.,.,0.02,1.18,0.1,1.87,0.12,0.01,0.54,0.01,0.02,0.09
10,"Diversion",35.1916189224,-106.643382687,2022-08-01,8,2022,0.88,0.71,0.62,0.13,0.26,0.08,.,.,.,0,7.61,0.09,54.09,0.07,0.01,0.15,0.01,0.09,0.06
10,"Diversion",35.1916189224,-106.643382687,2023-08-01,8,2023,0.89,0.01,1.76,0.17,2.23,0,0.01,0.68,0,0,3.2,0.06,6.04,1.43,0,4.73,0,0,0.87
10,"Diversion",35.1916189224,-106.643382687,2024-08-01,8,2024,3.38,.,1.09,0.04,2.34,0.08,0,0.19,0,0,2.28,0.02,5.78,0.25,0,0.62,0,0,0.11
10,"Diversion",35.1916189224,-106.643382687,2003-09-01,9,2003,0.32,0.04,0.41,0.02,1.62,0,.,.,.,0,1.43,0,7.72,.,.,.,.,.,0
10,"Diversion",35.1916189224,-106.643382687,2004-09-01,9,2004,0.55,0.92,0.25,0.18,4.39,0,.,.,.,0,0.85,0.12,0.09,.,.,.,.,.,0
10,"Diversion",35.1916189224,-106.643382687,2005-09-01,9,2005,17.13,2.42,1.16,0.01,28.49,0,.,.,.,0.29,20.25,0.32,100.78,.,.,.,.,.,0.34
10,"Diversion",35.1916189224,-106.643382687,2006-09-01,9,2006,0.18,0.78,0,0.03,0.43,1.37,.,.,.,0,6.02,0.1,40.18,.,.,.,.,.,0.27
10,"Diversion",35.1916189224,-106.643382687,2007-09-01,9,2007,10.34,0.79,0.69,0.01,0.36,0,.,.,.,0,2.17,0.1,3.11,0.01,0,0,.,0,0
10,"Diversion",35.1916189224,-106.643382687,2008-09-01,9,2008,0.88,0.52,0.09,1.03,4.27,0,.,.,.,0,1.01,0.07,0.27,0,0,0,.,0,0
10,"Diversion",35.1916189224,-106.643382687,2009-09-01,9,2009,1.32,0.34,0.56,0.04,2.55,0,.,.,.,0,1.34,0.04,4.02,0.02,0,0,.,0,0
10,"Diversion",35.1916189224,-106.643382687,2010-09-01,9,2010,3.7,0.65,0,0.02,2.85,0.01,.,.,.,0,1.51,0.08,2.25,0.02,0,0,.,0,0.01
10,"Diversion",35.1916189224,-106.643382687,2011-09-01,9,2011,17.01,0.32,1.49,0.02,14.78,0,.,.,.,0,5.9,0.04,11.48,0.01,0.01,0,.,0,0
10,"Diversion",35.1916189224,-106.643382687,2012-09-01,9,2012,5.86,0.02,1.23,0.02,1.62,0,.,.,.,0,2.25,0,7.32,0.02,0.01,0.38,.,0,0.05
10,"Diversion",35.1916189224,-106.643382687,2013-09-01,9,2013,0.26,0.09,1.85,0.02,4.24,0.02,.,.,.,0,2.63,0.01,12.79,0.02,0,0,.,0,0.06
10,"Diversion",35.1916189224,-106.643382687,2014-09-01,9,2014,1.09,0.09,0.69,1.5,0.7,0.01,.,.,.,0,0.88,0.01,1.12,0.02,0.4,0,.,0,0.06
10,"Diversion",35.1916189224,-106.643382687,2015-09-01,9,2015,1.02,1.4,1.4,0.42,2.8,0,.,.,.,0,1.77,0.18,3.1,0.09,0,0.85,.,0,0.25
10,"Diversion",35.1916189224,-106.643382687,2016-09-01,9,2016,0.36,0.79,8.62,0.04,2.63,0,.,.,.,0,3.75,0.1,13.79,0.17,0,1.54,0,0,0.21
10,"Diversion",35.1916189224,-106.643382687,2017-09-01,9,2017,31.31,5.4,9,0.32,28.24,0,.,.,.,0,10.33,0.7,3.85,0,0,0.23,0,0,0.08
10,"Diversion",35.1916189224,-106.643382687,2018-09-01,9,2018,0,0.61,1.11,0,4.88,0,.,.,.,0,1.63,0.08,0.6,0,0,0,0.01,0,0.21
10,"Diversion",35.1916189224,-106.643382687,2019-09-01,9,2019,1.94,3.85,4.08,0.01,4.1,0.01,.,.,.,0.15,2.8,0.5,4.48,0.02,0.15,0.02,0,0.72,0.23
10,"Diversion",35.1916189224,-106.643382687,2020-09-01,9,2020,2.65,0.49,1.97,0.14,4.73,0,.,.,.,0.01,2.73,0.06,8.4,0,0,0.77,0.02,0.01,0.1
10,"Diversion",35.1916189224,-106.643382687,2021-09-01,9,2021,1.85,0.51,2.55,0.18,10.18,0.01,.,.,.,0.01,2.53,0.07,2.19,0.02,0.01,0.08,0.23,0,0.04
10,"Diversion",35.1916189224,-106.643382687,2022-09-01,9,2022,1.09,0.03,2.08,0.01,5.49,0.02,.,.,.,0,3.14,0,8.93,0.02,0,0.23,0,0.01,0.03
10,"Diversion",35.1916189224,-106.643382687,2023-09-01,9,2023,0.68,0,2.4,0.01,6.36,0,0,3.18,0.01,0,2.99,0.33,7.44,0.02,0,1.54,0,0.01,0.18
10,"Diversion",35.1916189224,-106.643382687,2024-09-01,9,2024,0.16,.,0.85,0.05,7.04,0,0.01,0.49,0,0,3.78,0.06,16.33,0.02,0.02,0.01,0.01,0,0.03
10,"Diversion",35.1916189224,-106.643382687,2003-10-01,10,2003,6.23,0.73,2.26,0.24,17,0.01,.,.,.,0,6.96,0.1,27.16,.,.,.,.,.,0
10,"Diversion",35.1916189224,-106.643382687,2004-10-01,10,2004,12.86,1.25,4.95,1.47,10.92,0,.,.,.,0,5.48,0.16,7.61,.,.,.,.,.,0.06
10,"Diversion",35.1916189224,-106.643382687,2005-10-01,10,2005,4.55,0.52,0.78,0.01,6.24,0,.,.,.,0.52,1.97,0.07,1.13,.,.,.,.,.,0
10,"Diversion",35.1916189224,-106.643382687,2006-10-01,10,2006,28.05,3.77,0,0.18,8.97,4.28,.,.,.,0,7.36,0.49,8.21,.,.,.,.,.,0
10,"Diversion",35.1916189224,-106.643382687,2007-10-01,10,2007,27.54,0.7,0,0.02,4.03,0.01,.,.,.,0,7.06,0.09,13.46,0.18,0.09,0,.,0,0.04
10,"Diversion",35.1916189224,-106.643382687,2008-10-01,10,2008,24.46,1.83,0.7,1.64,14.88,0,.,.,.,0,7.41,0.24,9.17,0,0,0,.,0,0.08
10,"Diversion",35.1916189224,-106.643382687,2009-10-01,10,2009,11.16,13.71,0.02,0.02,13.62,0.54,.,.,.,0,6.11,1.78,3.41,0,0,0,.,0,0.04
10,"Diversion",35.1916189224,-106.643382687,2010-10-01,10,2010,3.19,0.26,0.01,0.26,0.56,0.02,.,.,.,0,1.6,0.03,5.47,0.02,0.01,0,.,0,0.04
10,"Diversion",35.1916189224,-106.643382687,2011-10-01,10,2011,2.16,0.41,0.86,0.02,4.41,0,.,.,.,0,1.84,0.05,3.92,0,0,0,.,0,0.05
10,"Diversion",35.1916189224,-106.643382687,2012-10-01,10,2012,4.31,0.85,2.23,0.11,12,0,.,.,.,0.08,3.21,0.11,2.94,0,0,0,.,0,0.04
10,"Diversion",35.1916189224,-106.643382687,2013-10-01,10,2013,3.56,0.71,2.09,0.03,1.4,0,.,.,.,0,1.44,0.09,2.09,0,0.08,0.01,.,0.02,0.01
10,"Diversion",35.1916189224,-106.643382687,2014-10-01,10,2014,1.77,0.56,0.71,0.98,4.36,0.01,.,.,.,0,1.71,0.07,3.04,0,0,0,.,0,0.06
10,"Diversion",35.1916189224,-106.643382687,2015-10-01,10,2015,1.24,2.72,1.85,0.82,6.25,0,.,.,.,0.01,2.73,0.35,6.33,0,0.01,0.01,.,0,0.09
10,"Diversion",35.1916189224,-106.643382687,2016-10-01,10,2016,3.71,2.19,1.93,0.26,15.18,0.26,.,.,.,0,6.11,0.28,20.93,0.01,0.08,0,0,0.08,0.06
10,"Diversion",35.1916189224,-106.643382687,2017-10-01,10,2017,7.86,3.31,1.32,4.4,13.11,0,.,.,.,0.01,4.7,0.86,1.87,0.01,0,0,0.01,0,0
10,"Diversion",35.1916189224,-106.643382687,2018-10-01,10,2018,0,2.25,0,0.02,0.01,0,.,.,.,0,3.56,0.29,1.97,0,0,2.33,8.63,0,1.42
10,"Diversion",35.1916189224,-106.643382687,2019-10-01,10,2019,1.39,1.56,2.39,0.42,7.65,0.08,.,.,.,0,3.15,0.2,6.7,0.02,0.01,0,0,0.01,0.06
10,"Diversion",35.1916189224,-106.643382687,2020-10-01,10,2020,12.23,1.64,2.08,0.2,29.25,1.93,.,.,.,0.01,7.49,0.21,7.1,0.02,0,0.31,0.02,0,0.05
10,"Diversion",35.1916189224,-106.643382687,2021-10-01,10,2021,4.02,2.09,1.72,1.05,15.16,1.08,.,.,.,0.01,4.9,0.27,9.65,0.03,0.01,0.01,0.17,0,0.03
10,"Diversion",35.1916189224,-106.643382687,2022-10-01,10,2022,7.62,1.78,1.32,0.02,11.03,4.08,.,.,.,0,4.13,0.23,2.1,0.01,0,0.15,0,0,0.06
10,"Diversion",35.1916189224,-106.643382687,2023-10-01,10,2023,1.64,.,2.39,0.5,19.25,0,.,.,0,0,7.55,0.16,24.48,0.03,0.02,2.7,0.55,0,0.46
10,"Diversion",35.1916189224,-106.643382687,2024-10-01,10,2024,15.31,.,2.42,0.36,18.69,0.63,1.31,0.65,0,0.02,7,0.25,9.56,0,0.01,0.01,0.62,0,0.1
10,"Diversion",35.1916189224,-106.643382687,2003-11-01,11,2003,55.85,4.48,0.02,2.36,25.08,0.01,.,.,.,0,11.66,0.58,1.08,.,.,.,.,.,0.01
10,"Diversion",35.1916189224,-106.643382687,2004-11-01,11,2004,.,.,.,.,.,.,.,.,.,.,.,.,.,.,.,.,.,.,.
10,"Diversion",35.1916189224,-106.643382687,2005-11-01,11,2005,17.01,3.78,0.68,3.45,6.42,0,.,.,.,0.09,4.86,0.49,1.55,.,.,.,.,.,0
10,"Diversion",35.1916189224,-106.643382687,2006-11-01,11,2006,12.41,3.36,3.26,0.7,20.6,0.01,.,.,.,0,5.62,0.44,1.81,.,.,.,.,.,0.02
10,"Diversion",35.1916189224,-106.643382687,2007-11-01,11,2007,9.06,9.53,0.97,1.14,37.3,0.09,.,.,.,0,7.93,1.24,1.82,0,0,0,.,0,0
10,"Diversion",35.1916189224,-106.643382687,2008-11-01,11,2008,13.94,7.44,0.19,1.03,6.32,0,.,.,.,0,6.92,0.97,2.92,0.68,0,0,.,0.09,0.1
10,"Diversion",35.1916189224,-106.643382687,2009-11-01,11,2009,21.54,12.62,1.85,0,33.56,0,.,.,.,0,9.46,1.64,1.49,0,0,0,.,0,0
10,"Diversion",35.1916189224,-106.643382687,2010-11-01,11,2010,45.93,4.5,1.89,0.07,36.87,0.03,.,.,.,0,12.07,0.58,1.27,0.03,0,0,.,0,0.01
10,"Diversion",35.1916189224,-106.643382687,2011-11-01,11,2011,10.32,2.86,1.26,0.96,13.55,0,.,.,.,0.08,3.98,0.37,0.79,0.01,0,0,.,0,0.01
10,"Diversion",35.1916189224,-106.643382687,2012-11-01,11,2012,11.39,5.48,3.09,2.8,34.31,0.01,.,.,.,0,7.86,0.71,2.54,0.08,0,0.01,.,0,0.03
10,"Diversion",35.1916189224,-106.643382687,2013-11-01,11,2013,24.69,6.24,3.08,5.4,27.39,0.01,.,.,.,0,9.78,0.81,6.94,0.01,0,0,.,0,0
10,"Diversion",35.1916189224,-106.643382687,2014-11-01,11,2014,27.54,6.17,3.86,0.19,32.72,0.02,.,.,.,0,10.24,0.8,5.12,0,0,0.01,.,0,0.06
10,"Diversion",35.1916189224,-106.643382687,2015-11-01,11,2015,30.31,12.1,3.62,2.81,37.01,0.02,.,.,.,0,12.13,1.57,5.42,0.01,0,0,.,0,0
10,"Diversion",35.1916189224,-106.643382687,2016-11-01,11,2016,17.31,8.47,4.55,1.12,30.86,0.01,.,.,.,0,8.63,1.18,1.71,0.02,0,0,0.02,0.01,0.01
10,"Diversion",35.1916189224,-106.643382687,2017-11-01,11,2017,16.54,10.87,2.77,4.63,34.32,0.31,.,.,.,0,10.15,1.41,2.96,0,0.01,0,0.02,0.01,0
10,"Diversion",35.1916189224,-106.643382687,2018-11-01,11,2018,29.16,11.64,1.56,7.12,27.31,0.55,.,.,.,0.01,10.58,1.51,1.48,0.04,0,0.01,0,0,0.01
10,"Diversion",35.1916189224,-106.643382687,2019-11-01,11,2019,47.69,26.56,1.92,6.5,112.1,1.26,.,.,.,0,25.9,3.45,0.09,0.02,0,0.01,0,0,0.01
10,"Diversion",35.1916189224,-106.643382687,2020-11-01,11,2020,94.85,9.87,4.64,9.78,41.39,0.02,.,.,.,0.02,23.22,1.28,14.78,0.01,0.01,0.23,0.02,0.01,0.04
10,"Diversion",35.1916189224,-106.643382687,2021-11-01,11,2021,27.85,11.03,0.55,1.82,43.38,0.55,.,.,.,0,12.05,1.43,5.25,0.02,0,0,0.02,0,0.11
10,"Diversion",35.1916189224,-106.643382687,2022-11-01,11,2022,36.08,3.7,10.64,7.64,43.78,2.08,.,.,.,0,15.24,0.48,11.55,0,0,0.15,0,0,0.03
10,"Diversion",35.1916189224,-106.643382687,2023-11-01,11,2023,32.62,.,3.08,3.56,71,0.78,.,.,0,0,16.46,1.21,3.08,0,0,0.09,0,0,0.08
10,"Diversion",35.1916189224,-106.643382687,2024-11-01,11,2024,44.7,.,2.41,4.29,52.56,1.82,2.91,3.36,0,0.09,16.42,0.73,8.15,0.1,0,0,0.27,0,0.07
10,"Diversion",35.1916189224,-106.643382687,2003-12-01,12,2003,25,2.19,1.32,0.01,0.38,0,.,.,.,0,4.35,0.28,2.31,.,.,.,.,.,0.13
10,"Diversion",35.1916189224,-106.643382687,2004-12-01,12,2004,16.62,0.02,1.78,0.71,2.86,0,.,.,.,0,3.01,0,0.08,.,.,.,.,.,0.01
10,"Diversion",35.1916189224,-106.643382687,2005-12-01,12,2005,24.36,0.6,2.99,3.18,20.43,0,.,.,.,0,7.37,0.08,4.7,.,.,.,.,.,0.01
10,"Diversion",35.1916189224,-106.643382687,2006-12-01,12,2006,5.48,0.11,0.87,1.05,0.68,0.01,.,.,.,0,4.68,0.01,27.44,.,.,.,.,.,0
10,"Diversion",35.1916189224,-106.643382687,2007-12-01,12,2007,25.22,4.22,2.07,5.42,3.27,0.6,.,.,.,0,6.1,0.55,2.82,0.02,0,0,.,0,0.01
10,"Diversion",35.1916189224,-106.643382687,2008-12-01,12,2008,12.24,14.72,0.17,1.88,7.4,0.01,.,.,.,0,6.16,1.91,6.7,0.02,0.08,0.01,.,3.69,0.49
10,"Diversion",35.1916189224,-106.643382687,2009-12-01,12,2009,33.84,0.85,0.02,0.4,1.62,0,.,.,.,0,5.08,0.11,0.72,0,0,0.01,.,0,0
10,"Diversion",35.1916189224,-106.643382687,2010-12-01,12,2010,20.01,3.02,0,1.88,3.16,0.39,.,.,.,0,4.19,0.4,1.49,0,0,0,.,0,0
10,"Diversion",35.1916189224,-106.643382687,2011-12-01,12,2011,15.46,3.7,0,1.15,6.31,0.32,.,.,.,0,5.41,0.52,13.77,0,0.08,0,.,0,0.01
10,"Diversion",35.1916189224,-106.643382687,2012-12-01,12,2012,16.16,2.71,3.95,2.82,9.02,0,.,.,.,0,5.74,0.35,6.47,0.01,0,0,.,0,0.12
10,"Diversion",35.1916189224,-106.643382687,2013-12-01,12,2013,11.24,0.95,3.88,3.25,6.33,0.01,.,.,.,0,4.13,0.14,3.63,0,0,0,.,0,0
10,"Diversion",35.1916189224,-106.643382687,2014-12-01,12,2014,11.78,7.01,3.78,1.1,9.32,0,.,.,.,0,5.77,0.91,7.86,1.77,0.01,0,.,0,0.3
10,"Diversion",35.1916189224,-106.643382687,2015-12-01,12,2015,18.32,2.94,3.93,1.74,19.7,0,.,.,.,0,6.86,0.38,4.79,0.01,0.01,0,.,0,0.01
10,"Diversion",35.1916189224,-106.643382687,2016-12-01,12,2016,13.47,10.57,7.1,3.81,27,0,.,.,.,0,10.05,1.37,12.09,0.24,0,0.09,0.08,0,0.05
10,"Diversion",35.1916189224,-106.643382687,2017-12-01,12,2017,4.24,2.26,0.69,1.44,15.41,0,.,.,.,0,3.32,0.29,0.93,0,0,0,0,0,0
10,"Diversion",35.1916189224,-106.643382687,2018-12-01,12,2018,18.85,5.57,4.35,5.58,26.39,0.01,.,.,.,0,9.75,0.72,9.38,0.16,0,0.46,0,0,0.1
10,"Diversion",35.1916189224,-106.643382687,2019-12-01,12,2019,81.16,7.56,5.12,9.35,26.86,0.02,.,.,.,0,18.44,0.98,2.69,0,0,0.01,0,0,0.53
10,"Diversion",35.1916189224,-106.643382687,2020-12-01,12,2020,27.54,3.49,1.62,0.59,4.24,0.01,.,.,.,0,6.05,0.45,5.88,0.02,0.01,0.54,0,0,0.08
10,"Diversion",35.1916189224,-106.643382687,2021-12-01,12,2021,59.31,11.32,2.56,5.86,15.4,0.01,.,.,.,0,13.77,1.47,8.31,0.17,0.01,0.01,0.01,0,0.04
10,"Diversion",35.1916189224,-106.643382687,2022-12-01,12,2022,64.55,9.17,2.18,3.94,14.32,0.02,.,.,.,0,12.94,1.19,2.93,0.1,0,0,0.01,0,0.09
10,"Diversion",35.1916189224,-106.643382687,2023-12-01,12,2023,48.92,5.09,2.71,8.09,21.31,0,5.09,10.71,0,0,13.74,2.05,6.15,0,0,0.01,0,0,0
10,"Diversion",35.1916189224,-106.643382687,2024-12-01,12,2024,25.9,.,0.71,7.04,41.11,0.1,3.36,4.39,0,0.01,12.59,0.91,9.66,0.04,0,0,0.18,0,0.04
11,"Calabacillas",35.1946222612,-106.646350963,2003-01-01,1,2003,82.61,0,2.63,0.49,0.32,0,.,.,.,0,12.58,0,9.55,.,.,.,.,.,0.05
11,"Calabacillas",35.1946222612,-106.646350963,2004-01-01,1,2004,87.54,0.15,1.49,0.41,3.77,0.32,.,.,.,0,15.02,0.02,19.54,.,.,.,.,.,0.11
11,"Calabacillas",35.1946222612,-106.646350963,2005-01-01,1,2005,109.36,1.03,0.05,0.01,1.18,0,.,.,.,0,21.3,0.13,50.38,.,.,.,.,.,0.12
11,"Calabacillas",35.1946222612,-106.646350963,2006-01-01,1,2006,49.54,0.09,0.15,0,0,0.01,.,.,.,0,7.83,0.01,10.16,.,.,.,.,.,0.03
11,"Calabacillas",35.1946222612,-106.646350963,2007-01-01,1,2007,38.23,0.25,0.09,0.01,0,0,.,.,.,0,7.1,0.03,12.56,.,.,.,.,.,0.1
11,"Calabacillas",35.1946222612,-106.646350963,2008-01-01,1,2008,17.61,0,0.09,0,0,0,.,.,.,0,2.53,0,0.94,0,0,0,.,0,0
11,"Calabacillas",35.1946222612,-106.646350963,2009-01-01,1,2009,35.23,0.08,0.02,0,0,0.62,.,.,.,0,4.95,0.01,0.62,0.31,0,0,.,0,0.15
11,"Calabacillas",35.1946222612,-106.646350963,2010-01-01,1,2010,11.85,0.02,0.15,0.01,0,0.02,.,.,.,0,1.58,0,0.02,0.02,0.01,0,.,0,0
11,"Calabacillas",35.1946222612,-106.646350963,2011-01-01,1,2011,44.31,0.18,0.01,0.01,0.01,0,.,.,.,0,6.4,0.02,3,0.05,0.01,0,.,0.01,0.06
11,"Calabacillas",35.1946222612,-106.646350963,2012-01-01,1,2012,53.31,0,0,0,0,0,.,.,.,0.08,7.5,0,3.46,0.31,0,0,.,0,0.04
11,"Calabacillas",35.1946222612,-106.646350963,2013-01-01,1,2013,63.85,0.19,0.01,0.01,0,0,.,.,.,0,9.46,0.02,5.85,0.02,0,0.15,.,0,0.34
11,"Calabacillas",35.1946222612,-106.646350963,2014-01-01,1,2014,66.62,0.01,0.01,0.03,0.01,0,.,.,.,0,9.18,0,3.11,0.01,0,0,.,0,0
11,"Calabacillas",35.1946222612,-106.646350963,2015-01-01,1,2015,33,0.09,0.09,0,0.08,0,.,.,.,0,7.63,0.01,24.8,0.01,0,0.08,.,0,0.03
11,"Calabacillas",35.1946222612,-106.646350963,2016-01-01,1,2016,59.47,0,0.02,0.15,0,0.01,.,.,.,0,7.87,0,0.1,0.32,0,0,.,0.01,0
11,"Calabacillas",35.1946222612,-106.646350963,2017-01-01,1,2017,16.15,0,0.01,0.01,0,0,.,.,.,0,2.3,0,0.87,0.01,0,0,0,0,0
11,"Calabacillas",35.1946222612,-106.646350963,2018-01-01,1,2018,17.23,0,0,0.09,0.08,0,.,.,.,0,2.33,0,0.03,0.01,0,0,0,0,0
11,"Calabacillas",35.1946222612,-106.646350963,2019-01-01,1,2019,15.78,0,0.09,0.02,0.31,0.01,.,.,.,0,2.34,0,1.16,0.02,0,0.08,0,0,0.02
11,"Calabacillas",35.1946222612,-106.646350963,2020-01-01,1,2020,24.24,0,0.16,0.03,0.02,0.01,.,.,.,0,3.26,0,0.02,0,0,0,0,0,0
11,"Calabacillas",35.1946222612,-106.646350963,2021-01-01,1,2021,8.29,0.01,0.1,0.02,0.01,0,.,.,.,0,1.79,0,5,0.1,0,0,0,0,0.01
11,"Calabacillas",35.1946222612,-106.646350963,2023-01-01,1,2023,20.26,0.01,1.3,0.02,0.01,0,0.01,0,0,0.01,8.14,0,38.13,0.09,0,0,0,0,0.01
11,"Calabacillas",35.1946222612,-106.646350963,2024-01-01,1,2024,34.23,.,0.24,0.01,0.01,0.02,0,0,0,0,6.96,0,13.96,0.35,0,0.02,0,0,0.05
11,"Calabacillas",35.1946222612,-106.646350963,2003-02-01,2,2003,33.62,0,0.33,0.01,0.15,0,.,.,.,0,4.68,0,1.55,.,.,.,.,.,0
11,"Calabacillas",35.1946222612,-106.646350963,2004-02-01,2,2004,58.69,0.01,1.02,0.26,6.02,0.77,.,.,.,0,9.48,0,4.25,.,.,.,.,.,0.06
11,"Calabacillas",35.1946222612,-106.646350963,2005-02-01,2,2005,4.38,0.01,0.08,0.01,0,0,.,.,.,0,0.84,0,1.78,.,.,.,.,.,0
11,"Calabacillas",35.1946222612,-106.646350963,2006-02-01,2,2006,50.15,0.02,0.01,0.09,0.01,0,.,.,.,0,8.96,0,17.31,.,.,.,.,.,0
11,"Calabacillas",35.1946222612,-106.646350963,2007-02-01,2,2007,33.62,0.17,0,0.01,0.01,0.46,.,.,.,0,13.08,0.02,60.25,.,.,.,.,.,0.06
11,"Calabacillas",35.1946222612,-106.646350963,2008-02-01,2,2008,26.31,0.09,0.01,0.01,0.01,0,.,.,.,0,4.44,0.01,6.32,0.01,0,0,.,0,0
11,"Calabacillas",35.1946222612,-106.646350963,2009-02-01,2,2009,27.85,0.16,0.38,0,0,0,.,.,.,0,3.9,0.02,0.48,0.08,0,0,.,0,0.02
11,"Calabacillas",35.1946222612,-106.646350963,2010-02-01,2,2010,41.23,0,0.23,0.15,0.69,0,.,.,.,0,5.94,0,3.02,0.01,0,0,.,0,0
11,"Calabacillas",35.1946222612,-106.646350963,2011-02-01,2,2011,16.92,0.08,0,0.01,0,0,.,.,.,0.01,2.26,0.01,0.25,0.02,0,0,.,0,0
11,"Calabacillas",35.1946222612,-106.646350963,2012-02-01,2,2012,40.09,0.01,0,0.02,0,0.01,.,.,.,0,5.53,0,1.56,0.41,0,0,.,0,0.07
11,"Calabacillas",35.1946222612,-106.646350963,2013-02-01,2,2013,63.75,0.44,0,0,0.01,0.01,.,.,.,0,8.87,0.06,3.74,0.02,0,0,.,0,0.02
11,"Calabacillas",35.1946222612,-106.646350963,2014-02-01,2,2014,32.62,0,0.01,0.01,0.01,0,.,.,.,0,5.31,0,1.78,0.02,0,0,.,0,0
11,"Calabacillas",35.1946222612,-106.646350963,2015-02-01,2,2015,14.85,0.01,0.01,0.02,0,0,.,.,.,0.23,2.07,0,0.04,0.01,0,0,.,0.01,0.05
11,"Calabacillas",35.1946222612,-106.646350963,2016-02-01,2,2016,30,0.01,0.02,0.09,0,0,.,.,.,0,4.48,0,1.93,0.01,1.01,0,.,0,0.14
11,"Calabacillas",35.1946222612,-106.646350963,2017-02-01,2,2017,31.69,0,0.01,0,0,0,.,.,.,0,4.49,0,1.08,0.55,0,0,0,0,0
11,"Calabacillas",35.1946222612,-106.646350963,2018-02-01,2,2018,15.74,0,0.09,0.02,0,0,.,.,.,0,2.31,0,1.31,0.01,0,0,0,0,0
11,"Calabacillas",35.1946222612,-106.646350963,2019-02-01,2,2019,44.23,0,0.02,0.01,0.09,0.01,.,.,.,0,8.69,0,1.97,0.02,0,0,0,0,0.07
11,"Calabacillas",35.1946222612,-106.646350963,2020-02-01,2,2020,14.39,0.08,0.01,0,0.08,0,.,.,.,0,2.54,0.01,4.55,0,0,0,0,0,0.03
11,"Calabacillas",35.1946222612,-106.646350963,2021-02-01,2,2021,1.26,0.1,0.01,0.01,0.1,0,.,.,.,0,0.2,0.01,0.03,0,0,0,0,0,0
11,"Calabacillas",35.1946222612,-106.646350963,2023-02-01,2,2023,31.77,.,0.15,0.01,0.02,0.02,.,.,0,0,13.4,0,66.17,0.01,0,0,0,0,0
11,"Calabacillas",35.1946222612,-106.646350963,2024-02-01,2,2024,17.15,.,0.01,0.01,0,0,0,0,0,0,2.39,0,0.49,0.02,0,0.01,0,0,0.01
11,"Calabacillas",35.1946222612,-106.646350963,2003-03-01,3,2003,23.52,1.54,0.66,0,0,0,.,.,.,0,4.36,0.2,6.37,.,.,.,.,.,0.13
11,"Calabacillas",35.1946222612,-106.646350963,2004-03-01,3,2004,24.62,0,0.18,0.26,0.18,0,.,.,.,0,4.19,0,5.02,.,.,.,.,.,0.11
11,"Calabacillas",35.1946222612,-106.646350963,2005-03-01,3,2005,7.92,0,0,0,0,0,.,.,.,0,1.03,0,0,.,.,.,.,.,0
11,"Calabacillas",35.1946222612,-106.646350963,2006-03-01,3,2006,114.54,0.01,0,0,0,0,.,.,.,0,17.25,0,16.32,.,.,.,.,.,0.01
11,"Calabacillas",35.1946222612,-106.646350963,2007-03-01,3,2007,13.55,0.23,0.01,0,0,0.01,.,.,.,0,13.44,0.03,86.02,.,.,.,.,.,0
11,"Calabacillas",35.1946222612,-106.646350963,2008-03-01,3,2008,4.87,0.02,0,0.03,0,0,.,.,.,0,1.29,0,4.55,0,0.01,0,.,0,0
11,"Calabacillas",35.1946222612,-106.646350963,2009-03-01,3,2009,19.15,0,0.09,0,0,0,.,.,.,0,3.75,0,8.08,0.24,0,0,.,0,0.13
11,"Calabacillas",35.1946222612,-106.646350963,2010-03-01,3,2010,16.77,0.01,0,0,0.01,0,.,.,.,0,2.76,0,3.26,0.01,0.01,0,.,0,0.05
11,"Calabacillas",35.1946222612,-106.646350963,2011-03-01,3,2011,41.8,0.02,0,0.01,0,0,.,.,.,0.01,6.28,0,5.31,0.02,0,0.01,.,0,0.06
11,"Calabacillas",35.1946222612,-106.646350963,2012-03-01,3,2012,68.39,0.02,0.01,0,0.01,0,.,.,.,0,10.01,0,7.01,0.56,0,0,.,0,0.07
11,"Calabacillas",35.1946222612,-106.646350963,2013-03-01,3,2013,104.15,0.24,0,0,0.08,0,.,.,.,0,14.59,0.03,3.96,0.02,0,0,.,0,0.18
11,"Calabacillas",35.1946222612,-106.646350963,2014-03-01,3,2014,38.92,0,0,0,0,0,.,.,.,0,5.95,0.01,4.87,0,0,0,.,0,0
11,"Calabacillas",35.1946222612,-106.646350963,2015-03-01,3,2015,18,0,0.01,0.01,0.31,0,.,.,.,0.01,2.88,0,1.57,0.03,0,0,.,0,0.06
11,"Calabacillas",35.1946222612,-106.646350963,2016-03-01,3,2016,11.38,0,0,0.01,0.01,0,.,.,.,0,1.93,0,1.46,0.03,0,0,.,0,0.06
11,"Calabacillas",35.1946222612,-106.646350963,2017-03-01,3,2017,23.69,0,0,0,0.01,0,.,.,.,0,3.7,0,2.03,0.03,0,0,0.31,0,0.29
11,"Calabacillas",35.1946222612,-106.646350963,2018-03-01,3,2018,0,0,0.01,0.02,0.01,0,.,.,.,0,0.66,0,1.62,0.02,0,0,0.32,0,0.05
11,"Calabacillas",35.1946222612,-106.646350963,2019-03-01,3,2019,21.15,0,0,0,0.08,0,.,.,.,0,4.57,0,13.77,0.01,0,0,0,0,0
11,"Calabacillas",35.1946222612,-106.646350963,2020-03-01,3,2020,10.24,0,0.01,0.02,0,0,.,.,.,0,1.95,0,1.71,1.7,0,0,0,0,0.28
11,"Calabacillas",35.1946222612,-106.646350963,2021-03-01,3,2021,5.38,0.09,0.09,0.02,0,0,.,.,.,0,1.29,0.01,3.25,0,0,0,0.18,0,0.02
11,"Calabacillas",35.1946222612,-106.646350963,2023-03-01,3,2023,18.01,.,0.01,0,0,0.01,.,.,0,0,3.4,0,6.64,0.01,0,0,0.01,0,0
11,"Calabacillas",35.1946222612,-106.646350963,2024-03-01,3,2024,29.86,.,0.02,0.01,0.01,0.02,0,0,0,0,4.76,0,5.62,0.32,0.01,0.08,0.02,0,0.06
11,"Calabacillas",35.1946222612,-106.646350963,2003-04-01,4,2003,14.78,0,0.02,0,0,0,.,.,.,0,3.71,0,3,.,.,.,.,.,1.36
11,"Calabacillas",35.1946222612,-106.646350963,2004-04-01,4,2004,33.25,0,0.03,0.09,2.05,0,.,.,.,0,10.47,0,5.74,.,.,.,.,.,5.11
11,"Calabacillas",35.1946222612,-106.646350963,2005-04-01,4,2005,71.54,0.46,0,0,0.02,0,.,.,.,0,14.34,0.06,23.72,.,.,.,.,.,1.74
11,"Calabacillas",35.1946222612,-106.646350963,2006-04-01,4,2006,26.02,0.02,0,0,0,0,.,.,.,0,5.82,0,2.95,.,.,.,.,.,1.98
11,"Calabacillas",35.1946222612,-106.646350963,2007-04-01,4,2007,7.18,0,0.02,0,0.02,0.01,.,.,.,0,2.73,0,5.39,5.55,0,0,.,0,1.02
11,"Calabacillas",35.1946222612,-106.646350963,2008-04-01,4,2008,1.25,0.01,0.01,0,0.69,0,.,.,.,0,0.72,0,1.58,1.93,0,0,.,0,0.25
11,"Calabacillas",35.1946222612,-106.646350963,2009-04-01,4,2009,31.39,0.01,0.01,0,0.02,0.01,.,.,.,0,6.84,0,4.16,15.01,0,0,.,0,1.95
11,"Calabacillas",35.1946222612,-106.646350963,2010-04-01,4,2010,61.69,0.18,0,0,0.01,0.01,.,.,.,0.01,10.59,0.02,2.16,11.85,0,0,.,0,2.06
11,"Calabacillas",35.1946222612,-106.646350963,2011-04-01,4,2011,35.1,0.1,0,0.01,0.1,0,.,.,.,0,45.11,0.01,284.24,26.25,0,0,.,0,3.42
11,"Calabacillas",35.1946222612,-106.646350963,2012-04-01,4,2012,9.02,0,0,0,0.01,0.01,.,.,.,0,4.32,0,6.08,17.31,0,0,.,0,2.25
11,"Calabacillas",35.1946222612,-106.646350963,2013-04-01,4,2013,76.33,0.01,0,0,0,0,.,.,.,0,12.45,0,9.02,8.93,0,0,.,0,1.21
11,"Calabacillas",35.1946222612,-106.646350963,2014-04-01,4,2014,30.92,0,0.02,0.01,0.01,0,.,.,.,0,7.14,0,1.47,14.47,0,0,.,0,2.22
11,"Calabacillas",35.1946222612,-106.646350963,2015-04-01,4,2015,22.47,0.01,0,0.01,0.01,0,.,.,.,0,6.36,0,4.55,5.39,0.01,0,.,0,2.68
11,"Calabacillas",35.1946222612,-106.646350963,2016-04-01,4,2016,132.92,0.01,0,0,0.08,0.01,.,.,.,0,23.64,0,10.93,26.62,0,0.01,.,0,0.19
11,"Calabacillas",35.1946222612,-106.646350963,2017-04-01,4,2017,0.79,0.01,0.08,0,0.02,0.01,.,.,.,0,5.2,0,4.72,32.85,0,0,0.04,0,0.01
11,"Calabacillas",35.1946222612,-106.646350963,2018-04-01,4,2018,7.86,0,0,0,0.15,0,.,.,.,0,3.48,0,0.96,17.16,0,0.01,0.01,0,2.23
11,"Calabacillas",35.1946222612,-106.646350963,2019-04-01,4,2019,16.4,0,0,0.01,0.34,0.09,.,.,.,0,5.29,0,2.24,16.08,0,0,0.11,0,2.1
11,"Calabacillas",35.1946222612,-106.646350963,2020-04-01,4,2020,5.55,0,0.02,0,0.15,1.08,.,.,.,0,5.29,0,2.85,23.32,0,0.01,0.67,0,3.9
11,"Calabacillas",35.1946222612,-106.646350963,2021-04-01,4,2021,1.56,0.03,0,0,0,0.01,.,.,.,0,1.6,0,0.78,9.92,0,0,0.01,0,1.16
11,"Calabacillas",35.1946222612,-106.646350963,2022-04-01,4,2022,.,.,.,.,.,.,.,.,.,.,.,.,.,.,.,.,.,.,0
11,"Calabacillas",35.1946222612,-106.646350963,2023-04-01,4,2023,3.94,.,0,0,0.01,0,.,.,0,0,2.25,0,4.81,8.09,0,0,0.02,0,1.05
11,"Calabacillas",35.1946222612,-106.646350963,2003-05-01,5,2003,0,0,0,0,0,0,.,.,.,0,4.9,0,36.92,.,.,.,.,.,0
11,"Calabacillas",35.1946222612,-106.646350963,2004-05-01,5,2004,14.85,0.01,0.02,0.1,0,0,.,.,.,0,3.8,0,1.42,.,.,.,.,.,1.62
11,"Calabacillas",35.1946222612,-106.646350963,2005-05-01,5,2005,2.93,0,0.23,0,0.31,0.75,.,.,.,0,2.57,0,1.66,.,.,.,.,.,1.67
11,"Calabacillas",35.1946222612,-106.646350963,2006-05-01,5,2006,61,0,0,0,0.01,0,.,.,.,0,14.74,0,18.92,.,.,.,.,.,4.09
11,"Calabacillas",35.1946222612,-106.646350963,2007-05-01,5,2007,11.16,0,0.08,0,0.01,0.02,.,.,.,0,2.58,0,1.7,6.08,0,0.15,.,0,0.81
11,"Calabacillas",35.1946222612,-106.646350963,2008-05-01,5,2008,5.24,0.01,0.01,0,0.08,0.03,.,.,.,0,3.5,0,2.55,18.01,0.01,0.55,.,0,2.42
11,"Calabacillas",35.1946222612,-106.646350963,2009-05-01,5,2009,9.78,0.01,0.01,0,0.15,0.31,.,.,.,0,5.57,0,1.92,26.47,0.54,1.15,.,0,3.89
11,"Calabacillas",35.1946222612,-106.646350963,2010-05-01,5,2010,29.09,0.01,0.01,0.01,0.54,0.15,.,.,.,0,9.03,0,3.54,31.15,0,0.01,.,0,4.07
11,"Calabacillas",35.1946222612,-106.646350963,2011-05-01,5,2011,17.63,0,0.01,0,0.46,0.02,.,.,.,0,5.49,0,4.7,17.7,0,0.23,.,0,2.35
11,"Calabacillas",35.1946222612,-106.646350963,2012-05-01,5,2012,11.78,0,0.01,0.01,0.55,0,.,.,.,0,4.78,0,13.86,8.17,0,0.62,.,0,1.15
11,"Calabacillas",35.1946222612,-106.646350963,2013-05-01,5,2013,26.24,0,0.15,0.01,0.15,0,.,.,.,0,6.51,0,6.77,14.78,0,0.15,.,0,2.05
11,"Calabacillas",35.1946222612,-106.646350963,2014-05-01,5,2014,0.19,0.01,0.01,0,0,0,.,.,.,0.02,4.45,0,4.32,7.62,0,0.01,.,0,0.99
11,"Calabacillas",35.1946222612,-106.646350963,2015-05-01,5,2015,15.16,0.01,0.01,0,0.38,0,.,.,.,0,4.71,0,5.17,13.95,0.01,0.54,.,0,1.88
11,"Calabacillas",35.1946222612,-106.646350963,2016-05-01,5,2016,26.16,0.01,0,0,1.15,0.01,.,.,.,0,5.6,0,6.7,5.62,0.01,0.15,0,0,0.14
11,"Calabacillas",35.1946222612,-106.646350963,2017-05-01,5,2017,2.86,0.04,0,0,1.08,0,.,.,.,0,1.95,0,2.56,7.32,0,0.16,0,0,0.02
11,"Calabacillas",35.1946222612,-106.646350963,2018-05-01,5,2018,1.26,0,0,0.01,0,0,.,.,.,0,3.48,0,3.63,21.4,0,0,0.02,0,2.78
11,"Calabacillas",35.1946222612,-106.646350963,2019-05-01,5,2019,5.16,0.09,0.17,0,0,0.01,.,.,.,0,2.09,0.01,1.39,8.56,0,0.09,0.02,0.01,1.13
11,"Calabacillas",35.1946222612,-106.646350963,2020-05-01,5,2020,3.02,2.88,0,0,1.08,0,.,.,.,0,2.99,0.37,2.93,7.25,3.85,0.85,0.78,0.77,1.76
11,"Calabacillas",35.1946222612,-106.646350963,2021-05-01,5,2021,1.86,0.01,0.16,0.02,0,0,.,.,.,0,4.02,0,0.5,27.86,0,0.02,0,0,3.62
11,"Calabacillas",35.1946222612,-106.646350963,2022-05-01,5,2022,5.7,0,0.1,0.01,1.55,0.09,.,.,.,0,7.03,0,15.54,27.7,0.38,0.49,1.42,0,3.9
11,"Calabacillas",35.1946222612,-106.646350963,2023-05-01,5,2023,4.15,.,0.01,0.01,0.01,0.08,.,.,0,0,4.51,0,6.47,23.23,0,0,0.04,0,3.02
11,"Calabacillas",35.1946222612,-106.646350963,2003-06-01,6,2003,7.08,0,0.97,0.02,0.31,0,.,.,.,0,4.04,0,2.09,.,.,.,.,.,2.63
11,"Calabacillas",35.1946222612,-106.646350963,2004-06-01,6,2004,14,0,0.09,0.09,0.02,0,.,.,.,0,4.25,0,5.01,.,.,.,.,.,1.72
11,"Calabacillas",35.1946222612,-106.646350963,2005-06-01,6,2005,2.84,0,0,0,0,0.09,.,.,.,0,1.99,0,2.74,.,.,.,.,.,1.19
11,"Calabacillas",35.1946222612,-106.646350963,2006-06-01,6,2006,22.82,0.01,0.01,0.02,0.68,0,.,.,.,0,14.22,0,55.75,.,.,.,.,.,3.64
11,"Calabacillas",35.1946222612,-106.646350963,2007-06-01,6,2007,15.72,0,0.15,0,0,0.02,.,.,.,0.01,5.89,0.02,13.79,11.92,0,0.85,.,0,1.87
11,"Calabacillas",35.1946222612,-106.646350963,2008-06-01,6,2008,6.09,1.12,0,0,0.17,0,.,.,.,0,3.25,0.15,10.52,4.71,0,0.01,.,0,0.61
11,"Calabacillas",35.1946222612,-106.646350963,2009-06-01,6,2009,4.69,0,0,0,0.01,0,.,.,.,0,3.08,0,0.85,17.09,0,0,.,0,2.22
11,"Calabacillas",35.1946222612,-106.646350963,2010-06-01,6,2010,7.7,0.17,0.01,0,1.15,0,.,.,.,0,2.51,0.02,3.8,3.33,1.23,0,.,0.46,0.66
11,"Calabacillas",35.1946222612,-106.646350963,2011-06-01,6,2011,21.77,0.02,0.01,0,0.16,0,.,.,.,0,6.7,0,6.24,22.15,0.62,0.01,.,0,2.99
11,"Calabacillas",35.1946222612,-106.646350963,2012-06-01,6,2012,5.86,0,0.11,0,0.15,0,.,.,.,0,7.84,0,37.47,15.85,0,0,.,0,2.06
11,"Calabacillas",35.1946222612,-106.646350963,2013-06-01,6,2013,15.62,0.01,0.01,0,0.08,0,.,.,.,0,5.34,0,2.85,9.15,1.47,0,.,0,2.78
11,"Calabacillas",35.1946222612,-106.646350963,2014-06-01,6,2014,10.94,0,0.02,0,0.47,0,.,.,.,0,3.67,0,3,11.01,0,0.08,.,0,1.55
11,"Calabacillas",35.1946222612,-106.646350963,2015-06-01,6,2015,0.49,0,0.01,0,0.23,0.01,.,.,.,0,0.63,0,0.65,2.63,0,0.01,.,0,0.34
11,"Calabacillas",35.1946222612,-106.646350963,2016-06-01,6,2016,10.24,0.01,0.62,0,2.23,0,.,.,.,0,4.34,0,0.64,18.77,0.09,0,0.15,0,0.12
11,"Calabacillas",35.1946222612,-106.646350963,2017-06-01,6,2017,6,0,0.02,0,0,0,.,.,.,0,3.45,0,3.8,14.71,0,0,0,0,0.15
11,"Calabacillas",35.1946222612,-106.646350963,2018-06-01,6,2018,2.08,0,0,0,0,0,.,.,.,0,2.38,0,4.2,10.78,0,0,0,0,1.44
11,"Calabacillas",35.1946222612,-106.646350963,2019-06-01,6,2019,2.93,0,0,0,0.69,0.01,.,.,.,0,3.78,0,9,9.62,0,0,0,0,1.31
11,"Calabacillas",35.1946222612,-106.646350963,2020-06-01,6,2020,3.51,0.09,0.19,0,0.53,0.18,.,.,.,0,2.46,0.01,1.29,8.46,0,0.03,0,0,1.03
11,"Calabacillas",35.1946222612,-106.646350963,2021-06-01,6,2021,20.16,0.48,0.02,0.01,0.77,3.85,.,.,.,0,9.05,0.06,30.39,8.39,4.31,0.32,0.15,0,1.71
11,"Calabacillas",35.1946222612,-106.646350963,2022-06-01,6,2022,3.94,0.19,0.19,0.02,1.84,0.02,.,.,.,0,3.44,0.03,8.96,7.5,2.04,0.29,0.01,0,1.12
11,"Calabacillas",35.1946222612,-106.646350963,2023-06-01,6,2023,2.55,0,0.08,0,0,0.16,0,0.01,0,0,2,0,1.86,8.17,1.85,0.08,0,0,1.38
11,"Calabacillas",35.1946222612,-106.646350963,2003-07-01,7,2003,6.39,0,0.59,0.04,0.34,0.08,.,.,.,0.02,2.49,0,1.87,.,.,.,.,.,1.15
11,"Calabacillas",35.1946222612,-106.646350963,2004-07-01,7,2004,3.87,0,0.63,0.35,0.22,0,.,.,.,0,2.56,0,6.35,.,.,.,.,.,0.96
11,"Calabacillas",35.1946222612,-106.646350963,2005-07-01,7,2005,.,.,.,.,.,.,.,.,.,.,.,.,.,.,.,.,.,.,.
11,"Calabacillas",35.1946222612,-106.646350963,2006-07-01,7,2006,18.62,0.01,0.02,0.01,0.15,0.02,.,.,.,0,4.89,0,5.92,.,.,.,.,.,1.36
11,"Calabacillas",35.1946222612,-106.646350963,2007-07-01,7,2007,2.49,0,0.54,0,0.15,0,.,.,.,0,4.23,0,5.47,11.7,0.01,0.01,.,0,1.52
11,"Calabacillas",35.1946222612,-106.646350963,2008-07-01,7,2008,2.56,0.08,0.01,0,0.46,0.01,.,.,.,0,1.76,0.01,0.28,9.77,0,0,.,0,1.27
11,"Calabacillas",35.1946222612,-106.646350963,2009-07-01,7,2009,2.7,0.02,0.15,0.08,0.23,0.24,.,.,.,0,4.72,0,5.32,26.31,0.62,0,.,0,3.52
11,"Calabacillas",35.1946222612,-106.646350963,2010-07-01,7,2010,10.39,0.01,0.08,0.01,0.31,0.09,.,.,.,0.01,5.29,0,5.16,24.09,0,0.01,.,0.02,3.16
11,"Calabacillas",35.1946222612,-106.646350963,2011-07-01,7,2011,9.15,0,0.01,0,0.15,0.02,.,.,.,0,2.98,0,0.17,11.55,0,0,.,0,1.7
11,"Calabacillas",35.1946222612,-106.646350963,2012-07-01,7,2012,2.09,0.01,0,0,0.15,0.23,.,.,.,0,1,0,1.95,2.54,0,0,.,0,0.33
11,"Calabacillas",35.1946222612,-106.646350963,2013-07-01,7,2013,11.08,0.01,0,0.01,0.01,0,.,.,.,0,2.42,0,0.54,6.46,0.31,0,.,0,0.88
11,"Calabacillas",35.1946222612,-106.646350963,2014-07-01,7,2014,2.95,0.02,0.01,0.01,0.46,0.09,.,.,.,0,1.15,0,0.1,4.01,0,0.01,.,0,0.61
11,"Calabacillas",35.1946222612,-106.646350963,2015-07-01,7,2015,5.7,0.09,0.23,0,0.31,0.01,.,.,.,0,5.02,0.01,4.49,27,0.01,0,.,0,3.58
11,"Calabacillas",35.1946222612,-106.646350963,2016-07-01,7,2016,3.39,0,0.23,0.02,0.23,0,.,.,.,0,5.24,0,3.65,31.55,0,0,0,0,0.09
11,"Calabacillas",35.1946222612,-106.646350963,2017-07-01,7,2017,2.17,0.09,0.16,0.02,0.77,0,.,.,.,0,2.43,0.01,0.02,12.08,0,0.01,0,0,0.18
11,"Calabacillas",35.1946222612,-106.646350963,2018-07-01,7,2018,1.92,0,0.2,0.02,0.1,0,.,.,.,0.11,1.65,0,0.13,9.52,0,0.02,0,0,0.99
11,"Calabacillas",35.1946222612,-106.646350963,2019-07-01,7,2019,3.69,0.02,0.02,0.15,0.7,0.02,.,.,.,0,2.58,0,2.85,9.25,0.09,0,0.01,0.02,1.5
11,"Calabacillas",35.1946222612,-106.646350963,2020-07-01,7,2020,1.81,0.85,0.02,0,0.26,0.69,.,.,.,0,1.24,0.11,0.35,4.27,0,0,0.09,0,0.51
11,"Calabacillas",35.1946222612,-106.646350963,2021-07-01,7,2021,2.39,0.01,0.24,0.02,0.7,0.17,.,.,.,0.08,4.74,0,10.32,21.24,0.25,0,0.08,0,2.8
11,"Calabacillas",35.1946222612,-106.646350963,2022-07-01,7,2022,0.61,0,0.19,0.02,0.26,0.02,.,.,.,0,0.79,0,0.8,3.5,0.01,0.01,0,0,0.43
11,"Calabacillas",35.1946222612,-106.646350963,2023-07-01,7,2023,0.7,0,0.02,0,0,0.01,0,0,0,0,0.95,0,0.02,4.28,0.34,0.01,0,0,0.62
11,"Calabacillas",35.1946222612,-106.646350963,2003-08-01,8,2003,5.01,0.02,0.49,0.03,0.49,0,.,.,.,0,1.18,0,1.03,.,.,.,.,.,0.12
11,"Calabacillas",35.1946222612,-106.646350963,2004-08-01,8,2004,5.62,0.38,0.94,0.12,0.26,0,.,.,.,0,1.81,0.05,4.41,.,.,.,.,.,0.2
11,"Calabacillas",35.1946222612,-106.646350963,2005-08-01,8,2005,0.52,0.01,0.17,0,0.26,0.03,.,.,.,0,0.55,0,0.44,.,.,.,.,.,0.27
11,"Calabacillas",35.1946222612,-106.646350963,2006-08-01,8,2006,1.18,0,0.15,0,0,0,.,.,.,0,0.64,0,0.56,.,.,.,.,.,0.09
11,"Calabacillas",35.1946222612,-106.646350963,2007-08-01,8,2007,0.48,0.78,0,0.01,0,0.02,.,.,.,0,0.84,0.1,0.17,0.18,0.01,0,.,0,0.28
11,"Calabacillas",35.1946222612,-106.646350963,2008-08-01,8,2008,1.16,0.62,0,0,3.23,0,.,.,.,0,1.52,0.08,3.69,0.09,1.78,0,.,0,0.34
11,"Calabacillas",35.1946222612,-106.646350963,2009-08-01,8,2009,2.31,0.01,0.15,0,0.54,0.01,.,.,.,0,1.22,0,2.19,3.96,0.08,0.08,.,0,0.54
11,"Calabacillas",35.1946222612,-106.646350963,2010-08-01,8,2010,1.72,0,0.24,0,0,0,.,.,.,0,0.56,0,0.25,0.64,0,0,.,0,0.08
11,"Calabacillas",35.1946222612,-106.646350963,2011-08-01,8,2011,3.55,0.01,0.16,0.01,0.08,0.01,.,.,.,0,0.85,0,0.86,0.66,0.15,0,.,0,0.18
11,"Calabacillas",35.1946222612,-106.646350963,2012-08-01,8,2012,7.77,0.01,0.15,0.01,0.54,0.24,.,.,.,0,1.68,0,2.87,0.79,0,0,.,0,0.12
11,"Calabacillas",35.1946222612,-106.646350963,2013-08-01,8,2013,11.92,0,0.23,0.01,0.31,0,.,.,.,0,3.46,0,13,1.08,0,0,.,0,0.14
11,"Calabacillas",35.1946222612,-106.646350963,2014-08-01,8,2014,0.72,0,0,0,0.7,0,.,.,.,0,0.39,0,0.2,0.02,0,0.92,.,0,0.13
11,"Calabacillas",35.1946222612,-106.646350963,2015-08-01,8,2015,2.1,0.01,0.23,0.01,0.23,0.01,.,.,.,0,0.63,0,0.42,1.64,0,0,.,0,0.21
11,"Calabacillas",35.1946222612,-106.646350963,2016-08-01,8,2016,1.48,0,0.31,0,0.62,0,.,.,.,0,1.97,0,10.08,1.25,0,0,0,0,0
11,"Calabacillas",35.1946222612,-106.646350963,2017-08-01,8,2017,0.47,0,0.32,0.02,0.23,0.01,.,.,.,0,0.81,0,4.4,0.49,0,0,0,0,0.01
11,"Calabacillas",35.1946222612,-106.646350963,2018-08-01,8,2018,4.8,0,0.86,0.09,0.94,0.02,.,.,.,0,2.39,0,3.37,1.97,0,0.03,0,0,0.23
11,"Calabacillas",35.1946222612,-106.646350963,2019-08-01,8,2019,1.02,0,0.86,0,0,0.02,.,.,.,0,0.55,0,0.03,1.09,0,0,0,0,0.18
11,"Calabacillas",35.1946222612,-106.646350963,2020-08-01,8,2020,1.64,0,0.32,0,0.69,1.62,.,.,.,0,0.99,0,1.19,1.18,0,0,0,0,0.15
11,"Calabacillas",35.1946222612,-106.646350963,2021-08-01,8,2021,0.71,0,0.38,0.08,0.31,0.01,.,.,.,0.01,0.94,0,0.97,4.32,0.01,0.08,0.01,0,0.58
11,"Calabacillas",35.1946222612,-106.646350963,2022-08-01,8,2022,0.89,0.1,0.2,0.02,0.4,0.12,.,.,.,0,0.65,0.01,0.73,0.53,0.01,0,0.01,0,0.06
11,"Calabacillas",35.1946222612,-106.646350963,2023-08-01,8,2023,0.04,0.02,0.04,0,0.01,0,0.02,0,0,0,0.24,0,0.04,0.47,0.01,0,0,0,0.09
11,"Calabacillas",35.1946222612,-106.646350963,2003-09-01,9,2003,4,0.01,1.19,0.06,1.72,0,.,.,.,0,1.13,0,1.17,.,.,.,.,.,0.04
11,"Calabacillas",35.1946222612,-106.646350963,2004-09-01,9,2004,4.55,0.09,1.72,0.26,1.18,0,.,.,.,0,1.91,0.01,5.96,.,.,.,.,.,0.03
11,"Calabacillas",35.1946222612,-106.646350963,2005-09-01,9,2005,0.96,0.17,0.17,0.34,1.71,0.04,.,.,.,0,1.1,0.02,0.65,.,.,.,.,.,0.36
11,"Calabacillas",35.1946222612,-106.646350963,2006-09-01,9,2006,1.41,0.09,0.31,0,1.32,0.01,.,.,.,0,1.36,0.01,6.33,.,.,.,.,.,0.02
11,"Calabacillas",35.1946222612,-106.646350963,2007-09-01,9,2007,2.24,0.01,0.46,0,0.08,0.39,.,.,.,0,0.98,0,2.25,0.31,0,0,.,0,0.18
11,"Calabacillas",35.1946222612,-106.646350963,2008-09-01,9,2008,0.86,0.23,0.69,0,1.15,0,.,.,.,0,0.51,0.03,0.49,0.02,0,0,.,0,0
11,"Calabacillas",35.1946222612,-106.646350963,2009-09-01,9,2009,1.94,0.1,0.46,0.02,0.62,0.23,.,.,.,0,0.53,0.01,0.09,0.33,0.09,0,.,0,0.06
11,"Calabacillas",35.1946222612,-106.646350963,2010-09-01,9,2010,3.69,0,0.38,0.02,1.08,0.01,.,.,.,0,1.04,0,0.81,0.4,0,0,.,0,0.11
11,"Calabacillas",35.1946222612,-106.646350963,2011-09-01,9,2011,5.7,0.02,0.23,0.01,0.08,0,.,.,.,0,1.11,0,0.57,0.96,0.15,0.15,.,0,0.17
11,"Calabacillas",35.1946222612,-106.646350963,2012-09-01,9,2012,12.23,0,0.26,0.01,1.2,1.89,.,.,.,0,2.2,0,0.88,0.03,0,0.09,.,0,0.01
11,"Calabacillas",35.1946222612,-106.646350963,2013-09-01,9,2013,2.17,0,0.15,0.01,1.08,0,.,.,.,0,3.55,0,22.62,0.02,0,0,.,0,0
11,"Calabacillas",35.1946222612,-106.646350963,2014-09-01,9,2014,0.94,0,0,0.15,1,0.03,.,.,.,0,0.53,0.02,0.79,0.03,0,0,.,0.01,0.03
11,"Calabacillas",35.1946222612,-106.646350963,2015-09-01,9,2015,7.08,0,0.23,0,0.46,0,.,.,.,0,1.57,0,0.39,2.77,0.08,0,.,0,0.42
11,"Calabacillas",35.1946222612,-106.646350963,2016-09-01,9,2016,3.1,0.09,0.16,0.01,0.69,0,.,.,.,0,1.06,0.01,2.48,0.64,0,0.01,0,0,0.09
11,"Calabacillas",35.1946222612,-106.646350963,2017-09-01,9,2017,5.78,0,0.93,0.02,0.92,0.7,.,.,.,0,1.49,0,0.85,0.34,0,0,0,0,0.08
11,"Calabacillas",35.1946222612,-106.646350963,2018-09-01,9,2018,3.03,0,0.85,0,0.01,0,.,.,.,0,1.29,0,5.77,0.02,0,0,0,0,0
11,"Calabacillas",35.1946222612,-106.646350963,2019-09-01,9,2019,1.55,0.01,0.38,0.01,0.85,0.16,.,.,.,0,0.57,0,0.69,0.03,0,0,0,0,0.02
11,"Calabacillas",35.1946222612,-106.646350963,2020-09-01,9,2020,4.14,0.12,0.4,0.1,0.67,0,.,.,.,0,2.38,0.02,1.16,0.33,0,0.01,0,0,0.03
11,"Calabacillas",35.1946222612,-106.646350963,2021-09-01,9,2021,0.72,0,0,0.01,0,0,.,.,.,0,0.53,0.07,1.41,0.09,0,0,0,0.01,0.12
11,"Calabacillas",35.1946222612,-106.646350963,2022-09-01,9,2022,6.35,0.01,0.58,0.01,0.11,0.78,.,.,.,0,1.36,0,1.69,0.41,0.01,0,0,0,0.04
11,"Calabacillas",35.1946222612,-106.646350963,2023-09-01,9,2023,0.19,0.01,0.09,0,0.01,0.09,0.01,0,0,0,0.24,0,1.05,0.1,0.17,0,0,0,0.03
11,"Calabacillas",35.1946222612,-106.646350963,2003-10-01,10,2003,4.69,1.24,2.32,0,10.49,0,.,.,.,0,2.67,0.16,0.94,.,.,.,.,.,0.05
11,"Calabacillas",35.1946222612,-106.646350963,2004-10-01,10,2004,19.15,3.39,1.93,2.95,12.93,1,.,.,.,0,8.76,0.44,23.39,.,.,.,.,.,0.43
11,"Calabacillas",35.1946222612,-106.646350963,2005-10-01,10,2005,12.82,0.01,0.51,0,1.8,3.08,.,.,.,0,2.52,0,0.68,.,.,.,.,.,0.02
11,"Calabacillas",35.1946222612,-106.646350963,2006-10-01,10,2006,19.58,1.11,0,0,0.43,6.07,.,.,.,0,3.9,0.14,2.15,.,.,.,.,.,0.08
11,"Calabacillas",35.1946222612,-106.646350963,2007-10-01,10,2007,3.72,0.24,0.08,0.02,0.54,1.92,.,.,.,0,1.35,0.03,0.72,0.17,0,0,.,0,0.03
11,"Calabacillas",35.1946222612,-106.646350963,2008-10-01,10,2008,18.15,1.39,0.62,0,3.15,8.46,.,.,.,0,7.21,0.18,18.46,0.31,0.01,0,.,0,0.04
11,"Calabacillas",35.1946222612,-106.646350963,2009-10-01,10,2009,50.39,1.95,0,0,2.39,10.08,.,.,.,0,9.32,0.25,3.79,2.17,0,0,.,0,0.28
11,"Calabacillas",35.1946222612,-106.646350963,2010-10-01,10,2010,3.34,0,0.61,0,0.94,0.02,.,.,.,0,0.98,0,1.05,0.27,0,0.02,.,0,0.06
11,"Calabacillas",35.1946222612,-106.646350963,2011-10-01,10,2011,19.33,0.01,0.49,0.01,0.29,2.22,.,.,.,0,4.18,0,8.29,1.09,0,0,.,0,0.14
11,"Calabacillas",35.1946222612,-106.646350963,2012-10-01,10,2012,24.46,0.08,0.23,0.01,5.31,16.7,.,.,.,0,6.24,0.01,0.55,0.1,0.01,0.15,.,0,0.04
11,"Calabacillas",35.1946222612,-106.646350963,2013-10-01,10,2013,7.55,0.01,0.09,0,0.46,0.38,.,.,.,0,3.63,0,18.78,0.01,0,0,.,0,0.01
11,"Calabacillas",35.1946222612,-106.646350963,2014-10-01,10,2014,5.86,0.01,0.24,0.08,4.23,18.23,.,.,.,0,4.06,0,0.11,1.03,0,0,.,0,0.14
11,"Calabacillas",35.1946222612,-106.646350963,2015-10-01,10,2015,40.23,0.85,0.47,0.01,3.15,6.62,.,.,.,0,7.79,0.11,3.48,0.04,0.01,0,.,0.01,0.02
11,"Calabacillas",35.1946222612,-106.646350963,2016-10-01,10,2016,11.69,1.69,0,0,3.77,10,.,.,.,0,3.74,0.22,0.62,0,0,0,0,0,0
11,"Calabacillas",35.1946222612,-106.646350963,2017-10-01,10,2017,18.92,9.92,0,0,0,0.01,.,.,.,0,3.83,1.29,0.62,0,0,0,0,0,0
11,"Calabacillas",35.1946222612,-106.646350963,2018-10-01,10,2018,6.38,0.01,0.31,0.01,0.92,1.16,.,.,.,0,1.65,0,3.1,0.05,0.01,0,0,0,0.02
11,"Calabacillas",35.1946222612,-106.646350963,2019-10-01,10,2019,4.4,0.02,0.09,0.02,0.92,8.55,.,.,.,0,1.89,0,0.03,0.03,0.01,0,0.01,0,0.01
11,"Calabacillas",35.1946222612,-106.646350963,2020-10-01,10,2020,14.92,1.39,0.54,0.05,3.08,16.77,.,.,.,0.46,5.09,0.18,0.49,0.02,0,0,0.01,0,0.01
11,"Calabacillas",35.1946222612,-106.646350963,2021-10-01,10,2021,5.62,0.08,0.24,0.02,1.08,4.08,.,.,.,0.01,2.11,0.01,4.33,0.26,0.01,0,0,0,0.04
11,"Calabacillas",35.1946222612,-106.646350963,2022-10-01,10,2022,14.27,0.01,0.24,0.02,0.93,10.78,.,.,.,0,4.05,0,2.2,0.09,0.01,0,0,0,0.04
11,"Calabacillas",35.1946222612,-106.646350963,2023-10-01,10,2023,3.87,0.01,0.54,0.02,0.23,3.64,0.01,0,0,0,1.24,0,0.42,0.09,0.01,0.01,0,0.08,0.02
11,"Calabacillas",35.1946222612,-106.646350963,2003-11-01,11,2003,49.39,0,2.78,2.19,20.78,9.78,.,.,.,0,11.93,0,5.1,.,.,.,.,.,0.04
11,"Calabacillas",35.1946222612,-106.646350963,2004-11-01,11,2004,76.62,4.92,3.63,4.93,24.25,3.31,.,.,.,0,15.45,0.64,0.09,.,.,.,.,.,0
11,"Calabacillas",35.1946222612,-106.646350963,2005-11-01,11,2005,75.23,5.15,0,0.01,3.39,13.69,.,.,.,0,17.21,0.67,34,.,.,.,.,.,0.01
11,"Calabacillas",35.1946222612,-106.646350963,2006-11-01,11,2006,104.7,4.86,0.02,0,4.54,7.32,.,.,.,0,16.91,0.63,7.32,.,.,.,.,.,0.02
11,"Calabacillas",35.1946222612,-106.646350963,2007-11-01,11,2007,53.92,27.17,0.02,0,9.77,0,.,.,.,0,13.55,3.53,11.93,0.01,0,0,.,0,0.02
11,"Calabacillas",35.1946222612,-106.646350963,2008-11-01,11,2008,64.62,5.56,0,0,6.84,17.61,.,.,.,0.02,13.58,0.72,7.44,1.55,0,0,.,0,0.2
11,"Calabacillas",35.1946222612,-106.646350963,2009-11-01,11,2009,67.54,2.85,0.08,0,18.62,7.62,.,.,.,0,12.73,0.37,0.23,0.24,0,0,.,0,0.03
11,"Calabacillas",35.1946222612,-106.646350963,2010-11-01,11,2010,140.85,2.94,0.01,0,0,28.56,.,.,.,0,22.7,0.38,1.78,0.01,0,0,.,0,0
11,"Calabacillas",35.1946222612,-106.646350963,2011-11-01,11,2011,67.21,1.73,0.01,0,0,13.85,.,.,.,0,12.97,0.22,16.36,0.01,0,0,.,0,0
11,"Calabacillas",35.1946222612,-106.646350963,2012-11-01,11,2012,66.31,3.48,0.01,0.01,10.38,2.31,.,.,.,0,11.01,0.45,2.33,0,0,0,.,0,0.01
11,"Calabacillas",35.1946222612,-106.646350963,2013-11-01,11,2013,70.62,4.72,0.08,0.02,11.46,9.42,.,.,.,0,13.13,0.61,4.63,0.02,0,0,.,0,0
11,"Calabacillas",35.1946222612,-106.646350963,2014-11-01,11,2014,88.46,15.15,0,0.02,6.62,0,.,.,.,0,15.72,1.97,1.24,1.08,0,0,.,0,0.14
11,"Calabacillas",35.1946222612,-106.646350963,2015-11-01,11,2015,111.92,4.32,0.16,0.25,8.63,11.95,.,.,.,0,18.52,0.56,1.94,0.01,0,0,.,0,0.29
11,"Calabacillas",35.1946222612,-106.646350963,2016-11-01,11,2016,116.23,3.39,0.47,0.02,5.93,11.78,.,.,.,0,18.86,0.44,6.79,0.02,0,0.01,0,0,0
11,"Calabacillas",35.1946222612,-106.646350963,2017-11-01,11,2017,77.08,4.09,3.77,0.01,7.16,10,.,.,.,0,13.85,0.53,3.79,0.09,0,0,0,0,0
11,"Calabacillas",35.1946222612,-106.646350963,2018-11-01,11,2018,84,4.08,0.02,0.09,6.47,10,.,.,.,13.08,14.78,0.53,11.01,0.77,0.01,0,0,0,0.1
11,"Calabacillas",35.1946222612,-106.646350963,2019-11-01,11,2019,68.69,8.38,0.27,0.27,43.93,16.51,.,.,.,0,19.4,1.09,1.91,0.35,0,0,0,0,0.05
11,"Calabacillas",35.1946222612,-106.646350963,2020-11-01,11,2020,147.69,4.02,0.55,0.19,13.32,4.08,.,.,.,0,23.68,0.52,11.03,0.03,0,0,0.01,0,0.01
11,"Calabacillas",35.1946222612,-106.646350963,2021-11-01,11,2021,48.85,3.95,0.23,0.4,10,20.09,.,.,.,0,11.06,0.51,1.1,0.33,0,0.01,0,0,0.04
11,"Calabacillas",35.1946222612,-106.646350963,2022-11-01,11,2022,56.92,2.92,0.24,0.33,11.77,12.87,.,.,.,0,11.18,0.38,0.69,0.01,0,0,0,0,0.02
11,"Calabacillas",35.1946222612,-106.646350963,2023-11-01,11,2023,52.85,3.23,0.46,0,1.61,26.54,3.23,0,0,0,11.37,0.42,2.31,0,0,0,0,0,0
11,"Calabacillas",35.1946222612,-106.646350963,2003-12-01,12,2003,156.62,2.57,3.25,7.78,5.47,2.55,.,.,.,0,24.18,0.33,7.16,.,.,.,.,.,0.01
11,"Calabacillas",35.1946222612,-106.646350963,2004-12-01,12,2004,31.8,1.14,6.51,1.65,1.03,0,.,.,.,0,10.27,0.15,35.65,.,.,.,.,.,0.1
11,"Calabacillas",35.1946222612,-106.646350963,2005-12-01,12,2005,163.31,2.15,1.15,0.15,1.77,0.15,.,.,.,0,29.22,0.28,55.77,.,.,.,.,.,0.04
11,"Calabacillas",35.1946222612,-106.646350963,2006-12-01,12,2006,22,0.02,0,0.02,10.15,0.31,.,.,.,0,4.85,0,3.48,.,.,.,.,.,0.05
11,"Calabacillas",35.1946222612,-106.646350963,2007-12-01,12,2007,73.61,8.62,0.49,0.19,0.01,0,.,.,.,0,11.12,1.12,1.41,0.01,0,0,.,0.01,0.02
11,"Calabacillas",35.1946222612,-106.646350963,2008-12-01,12,2008,82.15,0.32,0.15,0.02,16.62,0.23,.,.,.,0,13.21,0.04,1.55,0.24,0.01,0,.,0,0.03
11,"Calabacillas",35.1946222612,-106.646350963,2009-12-01,12,2009,88,0.25,0.08,0.08,4,1.47,.,.,.,0,12.57,0.03,0.94,0.64,0,0.09,.,0,0.13
11,"Calabacillas",35.1946222612,-106.646350963,2010-12-01,12,2010,108.31,0.79,0.08,0.03,5.62,0.54,.,.,.,0.01,15.81,0.1,3.48,0.56,0,0,.,0,0.15
11,"Calabacillas",35.1946222612,-106.646350963,2011-12-01,12,2011,100.84,1.32,0.09,0.19,8.31,1.39,.,.,.,0,18.66,0.17,8.7,0.49,0,0,.,0,0.06
11,"Calabacillas",35.1946222612,-106.646350963,2012-12-01,12,2012,345.54,2.55,0.02,0.02,5.38,0.08,.,.,.,0,47.24,0.33,7.09,0.02,0,0,.,0,0.07
11,"Calabacillas",35.1946222612,-106.646350963,2013-12-01,12,2013,115.04,0,0,0.03,7.7,0,.,.,.,0,17.19,0,0.87,0,0,0,.,0,0
11,"Calabacillas",35.1946222612,-106.646350963,2014-12-01,12,2014,100.31,1.19,0.02,0.54,23.09,0,.,.,.,0.01,17.09,0.15,3.63,0.04,0,0.46,.,0,0.08
11,"Calabacillas",35.1946222612,-106.646350963,2015-12-01,12,2015,44.39,0.32,0.02,0,17.23,0.03,.,.,.,0,8.88,0.04,2.64,0.02,0,0,.,0,0.01
11,"Calabacillas",35.1946222612,-106.646350963,2016-12-01,12,2016,51.02,0.02,0.02,0,15.99,0.71,.,.,.,0,9.34,0,2.76,0.02,0,0,0,0,0.01
11,"Calabacillas",35.1946222612,-106.646350963,2017-12-01,12,2017,16.35,0.05,0,0.04,13.42,0,.,.,.,0,3.96,0.01,0.02,0,0,0,0,0,0.03
11,"Calabacillas",35.1946222612,-106.646350963,2018-12-01,12,2018,72.62,1,0.02,0.77,16.46,0,.,.,.,0.01,12.03,0.13,0.87,0.01,0,0,0,0,0
11,"Calabacillas",35.1946222612,-106.646350963,2019-12-01,12,2019,76.61,0.02,0.31,0.03,0.62,1.7,.,.,.,0,10.83,0,3,0.04,0.01,0,0,0,0.01
11,"Calabacillas",35.1946222612,-106.646350963,2020-12-01,12,2020,46.75,0.18,0.02,0.02,8.63,0.01,.,.,.,0,7.97,0.02,4.98,0.02,0,0.01,0.01,0,0
11,"Calabacillas",35.1946222612,-106.646350963,2021-12-01,12,2021,67.46,0,0.47,0.12,16.46,0.65,.,.,.,0,12.21,0,7.5,0.72,0,0.01,0,0,0.09
11,"Calabacillas",35.1946222612,-106.646350963,2022-12-01,12,2022,58.92,0.62,0.62,0.17,7.62,0.19,.,.,.,0,9.89,0.08,7.42,0.02,0.01,0,0,0,0.01
11,"Calabacillas",35.1946222612,-106.646350963,2023-12-01,12,2023,46.85,0.47,0,0.01,0,0.08,0.47,0,0,0,6.51,0.06,1.93,0,0.01,0,0,0,0
12,"Minnow",35.1972256042,-106.644122231,2007-01-01,1,2007,31.08,0,2,0,0,0,.,.,.,0,5.36,0,7.49,.,.,.,.,.,0.01
12,"Minnow",35.1972256042,-106.644122231,2008-01-01,1,2008,24.85,0.32,0.01,0,0,0,.,.,.,0,3.49,0.04,1.16,0,0,0,.,0,0.02
12,"Minnow",35.1972256042,-106.644122231,2009-01-01,1,2009,33.77,0.08,1.39,0.01,0,0.09,.,.,.,0,5.09,0.01,1.64,0.01,0.01,0,.,0,0.14
12,"Minnow",35.1972256042,-106.644122231,2010-01-01,1,2010,20.23,0.01,0.01,0,0,0,.,.,.,0,2.69,0,0,0.01,0,0,.,0,0
12,"Minnow",35.1972256042,-106.644122231,2011-01-01,1,2011,57.15,0.12,0.92,0.02,0.01,0,.,.,.,0,8.21,0.02,4.46,0.02,0,0,.,0,0
12,"Minnow",35.1972256042,-106.644122231,2012-01-01,1,2012,37.84,0.02,0.02,0,0,0.01,.,.,.,0.01,5.31,0,2.24,0.01,0,0,.,0,0
12,"Minnow",35.1972256042,-106.644122231,2013-01-01,1,2013,87.61,0.33,0.08,0.01,0,0,.,.,.,0,11.81,0.04,2.04,0.01,0,0,.,0,0
12,"Minnow",35.1972256042,-106.644122231,2014-01-01,1,2014,49.86,0.25,0.01,0,0,0,.,.,.,0,9.37,0.03,20.65,0.09,0,0.01,.,0,0.06
12,"Minnow",35.1972256042,-106.644122231,2015-01-01,1,2015,35.55,0.02,1.08,0.01,0,0,.,.,.,0,6.91,0,15.78,0.09,0,0.02,.,0,0.01
12,"Minnow",35.1972256042,-106.644122231,2016-01-01,1,2016,57.38,0.04,0.86,0,0.01,0,.,.,.,0,8.56,0,6.62,0.01,0,0,.,0,0
12,"Minnow",35.1972256042,-106.644122231,2017-01-01,1,2017,15,0.02,0.4,0,0.01,0,.,.,.,0,6.59,0,32.69,1.55,0,0,0,0,0.21
12,"Minnow",35.1972256042,-106.644122231,2018-01-01,1,2018,37.84,0.11,3.15,0.02,0.01,0,.,.,.,0,6.02,0.01,4.48,0.02,0,0.16,0,0,0.02
12,"Minnow",35.1972256042,-106.644122231,2019-01-01,1,2019,8.77,0,0.69,0.02,0,0,.,.,.,0,1.38,0,0.63,0.46,0,0,0,0,0.06
12,"Minnow",35.1972256042,-106.644122231,2020-01-01,1,2020,19.77,0.01,1.87,0.02,0.01,0,.,.,.,0,3.55,0,4.63,0.24,0.01,0,0,0,0.03
12,"Minnow",35.1972256042,-106.644122231,2021-01-01,1,2021,11.92,0.16,0.09,0.01,0.08,0,.,.,.,0,2.04,0.02,3.09,0,0,0.01,0,0,0
12,"Minnow",35.1972256042,-106.644122231,2022-01-01,1,2022,16.85,0.01,0.78,0.02,0.01,0,.,.,.,0,2.34,0,0.14,0,0,0.08,0,0,0.01
12,"Minnow",35.1972256042,-106.644122231,2023-01-01,1,2023,24.77,.,1.39,0.02,0,0,.,.,0,0.01,4.67,0.01,9.55,0.09,0,0,0,0,0.01
12,"Minnow",35.1972256042,-106.644122231,2024-01-01,1,2024,45.23,.,1.34,0.02,0,0,0.23,0,0,0,7.14,0.03,6.71,0.05,0,0.09,0,0,0.02
12,"Minnow",35.1972256042,-106.644122231,2007-02-01,2,2007,6.78,0,0,0,0,0,.,.,.,0,0.91,0,0.28,.,.,.,.,.,0
12,"Minnow",35.1972256042,-106.644122231,2008-02-01,2,2008,27.46,0.01,0.01,0,0,0,.,.,.,0,4.71,0,4.33,0.01,0,0,.,0,0
12,"Minnow",35.1972256042,-106.644122231,2009-02-01,2,2009,25.31,0.01,0.08,0,0,0,.,.,.,0,4.48,0,5.78,0.01,0,0.01,.,0,0.12
12,"Minnow",35.1972256042,-106.644122231,2010-02-01,2,2010,89.08,0,0.09,0,0,0,.,.,.,0,11.83,0,1.15,0.01,0,0,.,0,0
12,"Minnow",35.1972256042,-106.644122231,2011-02-01,2,2011,23.77,0,0.23,0,0,0,.,.,.,0.01,3.49,0,2.25,0.02,0,0.09,.,0,0.01
12,"Minnow",35.1972256042,-106.644122231,2012-02-01,2,2012,25.24,0.02,0.01,0,0,0,.,.,.,0,4.34,0,7.4,0.09,0,0,.,0,0.01
12,"Minnow",35.1972256042,-106.644122231,2013-02-01,2,2013,240.08,0.62,0.01,0,0,0.01,.,.,.,0,33.04,0.08,5.49,0.25,0.01,0,.,0,0.04
12,"Minnow",35.1972256042,-106.644122231,2014-02-01,2,2014,40.85,0.02,0.01,0,0,0,.,.,.,0,9.64,0,25.55,1.16,0,0,.,0,0.2
12,"Minnow",35.1972256042,-106.644122231,2015-02-01,2,2015,21.97,0.02,0.52,0,0,0,.,.,.,0,3.06,0,0.01,0,0,0,.,0,0.01
12,"Minnow",35.1972256042,-106.644122231,2016-02-01,2,2016,55.84,0.02,0.02,0,0.01,0,.,.,.,0,8.15,0,5.97,0.02,0,0,.,0,0.01
12,"Minnow",35.1972256042,-106.644122231,2017-02-01,2,2017,33.38,0.24,0.02,0,0.01,0,.,.,.,0,6.15,0.03,6.55,0.33,0,0,0,0,0
12,"Minnow",35.1972256042,-106.644122231,2018-02-01,2,2018,8.4,0.01,0.32,0.02,0,0.01,.,.,.,0,4.09,0,18.69,1.47,0,0.08,0.01,0,0.28
12,"Minnow",35.1972256042,-106.644122231,2019-02-01,2,2019,7.69,0,0.15,0,0,0,.,.,.,0,1.2,0,1.17,0.08,0,0.01,0,0,0.01
12,"Minnow",35.1972256042,-106.644122231,2020-02-01,2,2020,7.23,0,0.01,0.01,0,0,.,.,.,0,1.13,0,1.16,0,0,0,0,0.02,0.01
12,"Minnow",35.1972256042,-106.644122231,2021-02-01,2,2021,8.55,0,0.02,0.01,0,0,.,.,.,0,1.28,0,0.73,0.17,0,0.01,0.02,0,0.03
12,"Minnow",35.1972256042,-106.644122231,2022-02-01,2,2022,8.78,0,0.01,0.01,0,0,.,.,.,0,3.56,0,18.4,0,0,0,0,0,0
12,"Minnow",35.1972256042,-106.644122231,2023-02-01,2,2023,26.16,0.04,0.02,0.02,0.01,0,0.04,0,0,0,7.8,0,29.62,0.89,0,0,0,0,0.13
12,"Minnow",35.1972256042,-106.644122231,2024-02-01,2,2024,17.93,.,0.32,0.09,0,0,0,0.01,0,0,2.7,0,1.57,0.17,0,0.08,0.07,0,0.05
12,"Minnow",35.1972256042,-106.644122231,2007-03-01,3,2007,5.79,0,0,0,0.08,0,.,.,.,0,0.94,0,1.24,.,.,.,.,.,0
12,"Minnow",35.1972256042,-106.644122231,2008-03-01,3,2008,12.54,0.09,0.08,0,0,0.01,.,.,.,0,9.77,0.01,61.55,0.01,0,0,.,0,0.02
12,"Minnow",35.1972256042,-106.644122231,2009-03-01,3,2009,19.23,0.01,0.08,0,0,0,.,.,.,0,3.04,0,1.85,0,0,0,.,0,0
12,"Minnow",35.1972256042,-106.644122231,2010-03-01,3,2010,51,0.08,0.15,0,0,0,.,.,.,0,6.82,0.01,0.35,0.02,0,0,.,0,0.09
12,"Minnow",35.1972256042,-106.644122231,2011-03-01,3,2011,99.46,0.17,0,0.09,0,0,.,.,.,0,18.5,0.02,1.09,0.01,0,0.08,.,0.01,0.01
12,"Minnow",35.1972256042,-106.644122231,2012-03-01,3,2012,19.57,0.09,0.08,0.01,0,0,.,.,.,0,8.48,0.01,44.62,0.26,0,0,.,0,0.05
12,"Minnow",35.1972256042,-106.644122231,2013-03-01,3,2013,67.92,0.31,0.01,0,0.01,0,.,.,.,0,11.25,0.04,2.08,0.01,0,0,.,0,2.08
12,"Minnow",35.1972256042,-106.644122231,2014-03-01,3,2014,42.62,0,0.02,1.94,0,0,.,.,.,0,6.67,0,5.17,0,0,0,.,0,0
12,"Minnow",35.1972256042,-106.644122231,2015-03-01,3,2015,37.69,0.02,0.01,0.01,0,0,.,.,.,0,5.95,0,5.7,0,0,0,.,0,0
12,"Minnow",35.1972256042,-106.644122231,2016-03-01,3,2016,18.92,0,0.01,0,0,0,.,.,.,0,3.07,0,3.56,0.01,0,0,.,0,0.02
12,"Minnow",35.1972256042,-106.644122231,2017-03-01,3,2017,20.69,0,0.01,0,0.02,0,.,.,.,0,3.96,0,8.64,0.01,0,0,0.03,0,0.01
12,"Minnow",35.1972256042,-106.644122231,2018-03-01,3,2018,5.17,0.01,0.01,0,0,0,.,.,.,0,2.42,0,12.94,0.02,0,0,0,0,0
12,"Minnow",35.1972256042,-106.644122231,2019-03-01,3,2019,4.63,0.01,0,0.01,0.01,0,.,.,.,0,12.78,0,89.58,0.23,0,0,0,0,0.03
12,"Minnow",35.1972256042,-106.644122231,2020-03-01,3,2020,2.16,0,0.02,0,0,0,.,.,.,0,1.93,0,10.86,1.64,0,0.01,0,0,0.21
12,"Minnow",35.1972256042,-106.644122231,2021-03-01,3,2021,0.19,0,0.08,0.02,0,0,.,.,.,0,0.5,0,3.24,0.02,0,0,0,0,0
12,"Minnow",35.1972256042,-106.644122231,2022-03-01,3,2022,5.16,0,0.01,0.03,0,0,.,.,.,0,1.75,0,2.11,0.02,0,0,0,0,0
12,"Minnow",35.1972256042,-106.644122231,2023-03-01,3,2023,13.02,.,0.23,0.01,0.01,0,.,.,0,0,2.08,0,1.12,0.02,0,0,0,0,0.01
12,"Minnow",35.1972256042,-106.644122231,2024-03-01,3,2024,2.34,.,0.23,0,0,0,0,0,0,0,0.78,0,2.18,0.32,0,0.46,0,0,0.12
12,"Minnow",35.1972256042,-106.644122231,2007-04-01,4,2007,8.72,0.01,0.02,0,0,0,.,.,.,0,3.13,0,8.38,6.16,0,0.15,.,0,0.85
12,"Minnow",35.1972256042,-106.644122231,2008-04-01,4,2008,6.85,0,0.01,0,0,0,.,.,.,0,2.48,0,0.93,0.87,0,0,.,0,0.12
12,"Minnow",35.1972256042,-106.644122231,2009-04-01,4,2009,36.08,0.02,0.08,0,0,0,.,.,.,0,13.17,0,49.54,7.86,0,0,.,0,1.02
12,"Minnow",35.1972256042,-106.644122231,2010-04-01,4,2010,131.09,0.32,0.31,0,0.08,0,.,.,.,0,23.78,0.04,1.94,5.01,0,0,.,0,1.61
12,"Minnow",35.1972256042,-106.644122231,2011-04-01,4,2011,35.79,0.13,0.02,0.01,0,0,.,.,.,0.01,8.35,0.02,9.25,16.54,0,0.19,.,0,2.18
12,"Minnow",35.1972256042,-106.644122231,2012-04-01,4,2012,10.02,0.02,0.08,0,0,0,.,.,.,0,6.21,0,20.78,13.62,0,0,.,0,1.8
12,"Minnow",35.1972256042,-106.644122231,2013-04-01,4,2013,171.54,0.17,0.02,0,0,0,.,.,.,0,29.19,0.02,2.62,4.77,0,0,.,0,3.58
12,"Minnow",35.1972256042,-106.644122231,2014-04-01,4,2014,56.77,0.03,0.02,0,0,0,.,.,.,0,15.28,0,25.62,12.85,0,0,.,0,1.72
12,"Minnow",35.1972256042,-106.644122231,2015-04-01,4,2015,29.16,0.17,0,0,0,0,.,.,.,0,8.48,0.02,12.39,17.62,0,0,.,0,2.3
12,"Minnow",35.1972256042,-106.644122231,2016-04-01,4,2016,96.95,0.02,0.62,0.01,0.01,0,.,.,.,0,20.79,0,22,15.77,0,0,.,0,0.14
12,"Minnow",35.1972256042,-106.644122231,2017-04-01,4,2017,4.35,0.01,0,0.01,0.02,0,.,.,.,0,4.36,0,1.89,23.24,0,0.85,0.21,0,0.33
12,"Minnow",35.1972256042,-106.644122231,2018-04-01,4,2018,0.02,0,0.46,0,0.08,0,.,.,.,0,1.66,0,1.92,10,0,0,0,0.01,1.3
12,"Minnow",35.1972256042,-106.644122231,2019-04-01,4,2019,3.26,0.01,0.02,0.01,0.01,0.01,.,.,.,0,6.28,0,37.73,6.08,0,0,0.06,0,0.8
12,"Minnow",35.1972256042,-106.644122231,2020-04-01,4,2020,1.66,0,0.15,0,0.01,0,.,.,.,0,3.84,0,0.87,25.61,0,0.31,0.08,0,3.38
12,"Minnow",35.1972256042,-106.644122231,2021-04-01,4,2021,0.03,0,0.01,0.01,0,0,.,.,.,0,1.01,0,1.56,5.49,0,0,0.03,0,0.72
12,"Minnow",35.1972256042,-106.644122231,2022-04-01,4,2022,8.32,0.01,0.04,0.03,0.01,0.01,.,.,.,0,1.8,0,0.79,3.46,0,0.01,0.86,0,0.59
12,"Minnow",35.1972256042,-106.644122231,2023-04-01,4,2023,0.63,.,0,0,0,0,.,.,0,0,0.52,0,0.85,2.32,0,0,0.09,0,0.31
12,"Minnow",35.1972256042,-106.644122231,2024-04-01,4,2024,1.65,.,0.01,0,0.01,0,0,0,0,0,1.6,0,1.31,9,0,0,0.43,0,1.23
12,"Minnow",35.1972256042,-106.644122231,2007-05-01,5,2007,10.31,0,0.55,0,0,0.01,.,.,.,0,2.63,0,0.8,6.01,0.02,0.03,.,0,0.79
12,"Minnow",35.1972256042,-106.644122231,2008-05-01,5,2008,15.92,0.02,0.01,0,0,0,.,.,.,0,6.56,0,6.16,24.23,0.09,0.01,.,0,3.17
12,"Minnow",35.1972256042,-106.644122231,2009-05-01,5,2009,17.54,0.01,0.69,0,0,0,.,.,.,0,9.88,0,9.85,25,0.02,1.61,.,0,3.46
12,"Minnow",35.1972256042,-106.644122231,2010-05-01,5,2010,67.32,0.25,0.01,0,0,0,.,.,.,0,14.44,0.03,6.23,30.77,0.02,1.85,.,0,4.26
12,"Minnow",35.1972256042,-106.644122231,2011-05-01,5,2011,21.23,0.02,0,0,0,0,.,.,.,0,8.42,0,3.62,37.38,0,0.15,.,0.01,4.88
12,"Minnow",35.1972256042,-106.644122231,2012-05-01,5,2012,14.19,0,0.01,0,0,0.01,.,.,.,0,12.62,0,72.02,8.16,0,1.61,.,0,1.27
12,"Minnow",35.1972256042,-106.644122231,2013-05-01,5,2013,13.78,0,0,0,0,0,.,.,.,0,5.88,0,7.24,20.23,0,2.15,.,0,2.91
12,"Minnow",35.1972256042,-106.644122231,2014-05-01,5,2014,19.55,0.03,0.31,0.02,0.16,0,.,.,.,0,8.71,0,13.15,13.4,0.02,0.46,.,0,1.81
12,"Minnow",35.1972256042,-106.644122231,2015-05-01,5,2015,12.02,0.01,7.24,0,0.01,0,.,.,.,0,7.45,0,21.4,12.38,0,0.08,.,0,1.62
12,"Minnow",35.1972256042,-106.644122231,2016-05-01,5,2016,39.26,0.01,0.31,0.01,0.01,0,.,.,.,0,10.7,0,12,15.16,0.01,9.77,.,0,1.27
12,"Minnow",35.1972256042,-106.644122231,2017-05-01,5,2017,0.83,0,0.23,0.01,0,0,.,.,.,0,3.72,0,4.63,12.93,0.01,9.38,0,0,1.22
12,"Minnow",35.1972256042,-106.644122231,2018-05-01,5,2018,0.79,0,0.08,0,0,0,.,.,.,0,5.6,0,14.79,18.56,0.02,7.78,0,0,3.42
12,"Minnow",35.1972256042,-106.644122231,2019-05-01,5,2019,0.96,0,0.24,0.02,0.01,0,.,.,.,0,3.52,0,1.41,17.87,0,5.86,0.03,0,3.09
12,"Minnow",35.1972256042,-106.644122231,2020-05-01,5,2020,3.7,0.01,0.86,0.01,0.09,0,.,.,.,0,4.08,0,2.17,14.79,0.02,9.33,0.09,0,3.15
12,"Minnow",35.1972256042,-106.644122231,2021-05-01,5,2021,1.32,0,0.09,0,0.02,0.01,.,.,.,0,4.47,0,2.19,26.62,0.01,3.56,0.03,0,3.93
12,"Minnow",35.1972256042,-106.644122231,2022-05-01,5,2022,3.25,0,0.02,0,0,0,.,.,.,0,4.39,0,3.4,20.62,0.02,5.41,0,0,3.39
12,"Minnow",35.1972256042,-106.644122231,2023-05-01,5,2023,2.81,0.01,0.02,0.02,0.1,0,0.01,0,0,0,4.3,0,2.41,25.15,0,1.32,0.03,0,3.45
12,"Minnow",35.1972256042,-106.644122231,2024-05-01,5,2024,2.01,.,0,0.78,0,0.01,0.01,0,0,0.01,4.27,0,8.09,18.23,1.4,0.01,0.03,0,2.56
12,"Minnow",35.1972256042,-106.644122231,2007-06-01,6,2007,4.34,0.08,0,0,0,0,.,.,.,0,3.04,0.01,11.08,7.93,0.01,0,.,0,1.03
12,"Minnow",35.1972256042,-106.644122231,2008-06-01,6,2008,10.32,0.01,0,0,0,0,.,.,.,0,7.77,0,3.69,24.39,0.01,0,.,0,3.17
12,"Minnow",35.1972256042,-106.644122231,2009-06-01,6,2009,9.38,0.08,0.01,0,0,0,.,.,.,0,5.04,0.01,6.47,20.77,0,0,.,0,2.7
12,"Minnow",35.1972256042,-106.644122231,2010-06-01,6,2010,15.94,0.02,0.15,0,0,0,.,.,.,0,7.06,0,14.08,8.72,0.02,4.54,.,0,1.75
12,"Minnow",35.1972256042,-106.644122231,2011-06-01,6,2011,25.47,0.06,0.41,0,0,0,.,.,.,0,10.9,0.01,26.17,28.92,0.42,0.01,.,0,3.82
12,"Minnow",35.1972256042,-106.644122231,2012-06-01,6,2012,5.86,0,0.02,0,0,0,.,.,.,0,4.17,0,7.86,17.7,0,0,.,0,2.3
12,"Minnow",35.1972256042,-106.644122231,2013-06-01,6,2013,10.23,0,0,0,0,0,.,.,.,0,4.99,0,13.02,14.62,0.01,0,.,0,1.9
12,"Minnow",35.1972256042,-106.644122231,2014-06-01,6,2014,9.31,0.55,0,0,0,0,.,.,.,0,7.89,0.07,0,34.85,0,0,.,0,4.53
12,"Minnow",35.1972256042,-106.644122231,2015-06-01,6,2015,8.49,0.01,0.62,0,0.01,0.02,.,.,.,0,3.83,0,4.72,14.31,0,0.08,.,0,1.87
12,"Minnow",35.1972256042,-106.644122231,2016-06-01,6,2016,5.56,0.02,1.23,0.08,0.01,0,.,.,.,0,6.03,0,4.31,32.31,0,0.77,0,0.01,0.29
12,"Minnow",35.1972256042,-106.644122231,2017-06-01,6,2017,3.95,0.01,1.31,0,0,0,.,.,.,0,3.71,0,1.29,17.44,0,0.17,0,0.01,0.47
12,"Minnow",35.1972256042,-106.644122231,2018-06-01,6,2018,0,0,0.23,0,0,0,.,.,.,0,3.15,0,4.78,17.61,0,0,0,0,2.29
12,"Minnow",35.1972256042,-106.644122231,2019-06-01,6,2019,57.93,0.01,1.24,0,0,0.01,.,.,.,0,93.3,0,641.24,14.85,0.09,1.4,0.01,0.01,2.15
12,"Minnow",35.1972256042,-106.644122231,2020-06-01,6,2020,3.4,0.02,1.1,0,0.02,0,.,.,.,0,5.51,0,16.49,15.32,0,0.02,0.01,0,2.14
12,"Minnow",35.1972256042,-106.644122231,2021-06-01,6,2021,62,0.48,12.87,0.02,1.39,0,.,.,.,0,18.37,0.06,34.08,22.77,0.27,1.55,0.01,0,3.2
12,"Minnow",35.1972256042,-106.644122231,2022-06-01,6,2022,2.33,0.05,0.79,0.04,0.54,0,.,.,.,0,2.4,0.01,0.89,12.82,0.04,0.12,0.01,0,1.52
12,"Minnow",35.1972256042,-106.644122231,2023-06-01,6,2023,3.02,0.02,0.78,0.01,0.02,0.02,0.02,0,0,0,8.57,0,6.69,48.16,0.02,6.38,0.01,0.01,7.11
12,"Minnow",35.1972256042,-106.644122231,2024-06-01,6,2024,4,.,1.32,0,0.01,0,0.02,0,0,0.01,8.11,0,1.95,53.69,0.02,0.01,0,0,6.99
12,"Minnow",35.1972256042,-106.644122231,2007-07-01,7,2007,0.9,0.01,0.25,0,0,0,.,.,.,0,2.49,0,3.71,12.09,0,0,.,0,1.57
12,"Minnow",35.1972256042,-106.644122231,2008-07-01,7,2008,2.48,0.02,0,0,0,0,.,.,.,0.01,6.32,0,4.55,25.38,0.08,0.16,.,0,3.34
12,"Minnow",35.1972256042,-106.644122231,2009-07-01,7,2009,3.71,0,0.38,0,0,0,.,.,.,0,3.27,0,0.09,18.16,0.01,0,.,0,2.48
12,"Minnow",35.1972256042,-106.644122231,2010-07-01,7,2010,14.62,0.03,0.23,0.01,0.01,0,.,.,.,0,8.22,0,13.38,33.47,0,0.38,.,0,4.43
12,"Minnow",35.1972256042,-106.644122231,2011-07-01,7,2011,5.09,0.02,0.01,0.01,0.01,0,.,.,.,0,2.02,0,0.62,9.09,0,0.08,.,0,1.2
12,"Minnow",35.1972256042,-106.644122231,2012-07-01,7,2012,2.47,0,0.78,0,0.01,0,.,.,.,0,1.23,0,0.47,4.85,0,0.31,.,0,0.67
12,"Minnow",35.1972256042,-106.644122231,2013-07-01,7,2013,3.32,0,0.23,0.01,0,0,.,.,.,0,2.29,0,6.39,6.7,0,0,.,0,0.89
12,"Minnow",35.1972256042,-106.644122231,2014-07-01,7,2014,1.49,0.01,0,0,0,0,.,.,.,0,1.05,0,0,4.64,0,0,.,0,0.6
12,"Minnow",35.1972256042,-106.644122231,2015-07-01,7,2015,3.16,0,1.54,0,0,0,.,.,.,0,5.05,0,10.01,23.54,0,0.01,.,0,3.06
12,"Minnow",35.1972256042,-106.644122231,2016-07-01,7,2016,6.47,0.01,1,0.08,0.02,0,.,.,.,0,5.15,0,2.71,27.24,0,0.01,0,0,0.03
12,"Minnow",35.1972256042,-106.644122231,2017-07-01,7,2017,6.23,0,1.33,0.01,0.01,0.02,.,.,.,0,5.27,0,0.86,28.94,0,0.54,0,0,0.25
12,"Minnow",35.1972256042,-106.644122231,2018-07-01,7,2018,0,0.69,0,0,0.23,0,.,.,.,0,1.87,0.09,0.32,10.32,0.01,0,0,0,1.35
12,"Minnow",35.1972256042,-106.644122231,2020-07-01,7,2020,3.63,0.01,1.48,0.03,0.7,0,.,.,.,0,1.62,0,0.26,5.79,0,0.08,0,0.01,0.76
12,"Minnow",35.1972256042,-106.644122231,2021-07-01,7,2021,6.15,0.01,0.79,0.02,0.09,0,.,.,.,0,20.68,0,124.56,26.69,0,0.08,0,0,3.48
12,"Minnow",35.1972256042,-106.644122231,2022-07-01,7,2022,1.88,0,0.51,0.02,0.01,0.01,.,.,.,0,2.17,0,0.96,12.75,0,0.09,0,0,1.51
12,"Minnow",35.1972256042,-106.644122231,2023-07-01,7,2023,1.23,0.01,1.25,0.02,0.01,0,0.01,0,0,0,4.64,0,0.4,31.93,0,0.54,0,0,4.22
12,"Minnow",35.1972256042,-106.644122231,2024-07-01,7,2024,2.5,.,0.4,0.02,0.02,0,0,0,0,0,2.85,0,3.96,13.97,0.01,0.23,0,0.01,1.85
12,"Minnow",35.1972256042,-106.644122231,2007-08-01,8,2007,3.72,0.08,0.85,0,0,0,.,.,.,1,1.13,0.01,1.24,0.02,0,0,.,0,0
12,"Minnow",35.1972256042,-106.644122231,2008-08-01,8,2008,2.93,0,0.38,0,0,0,.,.,.,0,0.9,0,3.01,0.16,0,0,.,0,0.02
12,"Minnow",35.1972256042,-106.644122231,2009-08-01,8,2009,3.48,0.08,0.77,0.02,0,0,.,.,.,0,1.06,0.01,0.42,1.39,0.01,0,.,0,0.26
12,"Minnow",35.1972256042,-106.644122231,2010-08-01,8,2010,1.63,0.09,2.74,0.02,0,0,.,.,.,0,1.26,0.01,0.61,1.88,0,2.14,.,0,0.54
12,"Minnow",35.1972256042,-106.644122231,2011-08-01,8,2011,5.18,0.02,0.78,0.01,0,0,.,.,.,0,1.62,0,4.92,0.86,0.02,0.01,.,0,0.12
12,"Minnow",35.1972256042,-106.644122231,2012-08-01,8,2012,12.77,0.02,3.78,0,0.01,0,.,.,.,0,2.59,0,2,0.18,0,0.77,.,0,0.12
12,"Minnow",35.1972256042,-106.644122231,2013-08-01,8,2013,4.69,0,1.15,0.01,0,0,.,.,.,0,7.66,0,50.62,2.17,0,0,.,0,0.28
12,"Minnow",35.1972256042,-106.644122231,2014-08-01,8,2014,0.98,0,0.01,0.11,0,0.01,.,.,.,1.79,0.48,0,0.04,0.04,0,0,.,0,0.01
12,"Minnow",35.1972256042,-106.644122231,2015-08-01,8,2015,6.55,0,0.62,0.01,0,0,.,.,.,0,1.15,0,0.57,0.69,0,0,.,0,0.1
12,"Minnow",35.1972256042,-106.644122231,2016-08-01,8,2016,1.79,0.09,2.01,0,0.01,0,.,.,.,0,0.69,0.01,0.1,0.19,0,0,0,0,0
12,"Minnow",35.1972256042,-106.644122231,2017-08-01,8,2017,2.44,0.04,1.04,0.01,3.16,0,.,.,.,0,1.82,0.01,4.52,0.3,0,0.62,0,0,0.09
12,"Minnow",35.1972256042,-106.644122231,2018-08-01,8,2018,5.26,0,2.03,0,0.02,0.01,.,.,.,0,3.29,0,13.7,1.71,0,1.69,0,0,0.44
12,"Minnow",35.1972256042,-106.644122231,2019-08-01,8,2019,3.85,0,1.92,0.02,0.47,0,.,.,.,0,5.11,0,29.72,0.19,0.01,2.08,0,0,0.3
12,"Minnow",35.1972256042,-106.644122231,2020-08-01,8,2020,3.33,0,0.88,0.02,0.01,0,.,.,.,0,1.01,0,2.58,0.18,0,0,0,0,0.05
12,"Minnow",35.1972256042,-106.644122231,2021-08-01,8,2021,0.94,0,0.15,0.02,0,0,.,.,.,0,0.3,0,0.82,0.02,0,0,0,0,0
12,"Minnow",35.1972256042,-106.644122231,2022-08-01,8,2022,2.72,0,0.47,0.02,0,0,.,.,.,0,1.41,0,5.62,1.34,0,0.09,0,0.01,0.21
12,"Minnow",35.1972256042,-106.644122231,2023-08-01,8,2023,2.72,0.09,3.4,0.02,0.03,0.02,0.09,0.02,0,0.01,2.79,0.02,1.12,10.94,0.02,1.62,0,0.23,1.67
12,"Minnow",35.1972256042,-106.644122231,2024-08-01,8,2024,1.7,.,1.61,0,0.15,0,0,0,0,0,0.92,0,2.32,0.18,0,0.46,0,0,0.08
12,"Minnow",35.1972256042,-106.644122231,2007-09-01,9,2007,3.25,0.16,0,0,0.01,0,.,.,.,0,0.95,0.02,2.87,0.02,0,0,.,0,0.06
12,"Minnow",35.1972256042,-106.644122231,2008-09-01,9,2008,1.67,0.24,0.01,0,0,0,.,.,.,0,1.53,0.03,9.09,0.03,0,0,.,0,0.04
12,"Minnow",35.1972256042,-106.644122231,2009-09-01,9,2009,3.25,0.09,1.23,0.01,0,0,.,.,.,0,0.69,0.01,0.1,0.26,0,0.08,.,0,0.05
12,"Minnow",35.1972256042,-106.644122231,2010-09-01,9,2010,4.79,0.09,6.23,0,0,0,.,.,.,0,1.94,0.01,1.26,0.09,0,0.08,.,0,0.02
12,"Minnow",35.1972256042,-106.644122231,2011-09-01,9,2011,12.85,0.01,2,0,0,0,.,.,.,0,2.83,0,3.95,0.39,0,0,.,0,0.33
12,"Minnow",35.1972256042,-106.644122231,2012-09-01,9,2012,10.69,0.23,3.08,0.01,0.01,0,.,.,.,0,1.98,0.03,0.94,0.09,0,0,.,0,0.01
12,"Minnow",35.1972256042,-106.644122231,2013-09-01,9,2013,6.62,0.15,0.15,0,0,0,.,.,.,0,0.91,0.02,0,0.09,0,0,.,0,0.01
12,"Minnow",35.1972256042,-106.644122231,2014-09-01,9,2014,0.73,0,0.85,0.03,0.01,0,.,.,.,0,0.42,0,0,0.01,0,0,.,0,0
12,"Minnow",35.1972256042,-106.644122231,2015-09-01,9,2015,12.63,0.02,0,0.01,0.02,0,.,.,.,0,2.48,0,4.82,0.65,0,0,.,0,0.09
12,"Minnow",35.1972256042,-106.644122231,2016-09-01,9,2016,4.94,0,5.08,0.01,0.01,0,.,.,.,0,1.59,0,1.73,0.12,0,0,0,0,0
12,"Minnow",35.1972256042,-106.644122231,2017-09-01,9,2017,61,0,3.93,0.39,1.8,0.02,.,.,.,0,10.47,1.01,3.01,0.14,0,0,0,0,0.02
12,"Minnow",35.1972256042,-106.644122231,2018-09-01,9,2018,7.7,0,2.16,0.01,0.01,0,.,.,.,0,1.48,0,0.02,0.03,0,0,0,0,0
12,"Minnow",35.1972256042,-106.644122231,2019-09-01,9,2019,6.02,0.02,5.49,0.02,0.79,0,.,.,.,0,1.89,0,0.76,0.48,0,0.01,0,0.01,0.06
12,"Minnow",35.1972256042,-106.644122231,2021-09-01,9,2021,2.63,0,1.71,0.02,0.16,0,.,.,.,0.01,0.9,0,0.8,0.18,0,0.01,0,0,0.03
12,"Minnow",35.1972256042,-106.644122231,2022-09-01,9,2022,5.1,0.02,1,0,0.02,0,.,.,.,0,1.1,0,0.72,0.03,0,0.08,0,0,0.01
12,"Minnow",35.1972256042,-106.644122231,2023-09-01,9,2023,4.33,0,7.56,0.02,0.39,0,0,0,0,0,2.16,0,2.09,0.49,0.01,0.38,0.01,0,0.12
12,"Minnow",35.1972256042,-106.644122231,2024-09-01,9,2024,1.09,.,2.79,0.02,0.39,0,0,0,0,0,1.67,0,7.48,0.03,0,0.15,0,0,0.03
12,"Minnow",35.1972256042,-106.644122231,2007-10-01,10,2007,1.79,0.19,0.01,0,0.01,0,.,.,.,0,0.32,0.02,0.06,0.02,0,0,.,0,0.03
12,"Minnow",35.1972256042,-106.644122231,2008-10-01,10,2008,9.77,0.16,2.31,0,0,0,.,.,.,0,2.48,0.02,2.81,1.02,0,0,.,0,0.25
12,"Minnow",35.1972256042,-106.644122231,2009-10-01,10,2009,32.15,0.36,3.23,0,0,0,.,.,.,0,5.47,0.05,3.78,0.93,0.01,0,.,0,0.12
12,"Minnow",35.1972256042,-106.644122231,2010-10-01,10,2010,6.92,0.02,4.55,0,0.01,0,.,.,.,0.09,2.04,0,3.47,0.1,0,0.08,.,0,0.03
12,"Minnow",35.1972256042,-106.644122231,2011-10-01,10,2011,38.04,0.87,1.45,0,0,0,.,.,.,0,22.82,0.11,137.78,0.09,0,0,.,0,0.05
12,"Minnow",35.1972256042,-106.644122231,2012-10-01,10,2012,15.77,0.17,2.79,0.01,0.09,0,.,.,.,0,2.97,0.02,3.56,0.02,0,0,.,0,0
12,"Minnow",35.1972256042,-106.644122231,2013-10-01,10,2013,10.63,0.48,0.38,0,0,0,.,.,.,0,3.74,0.06,16.47,0.24,0,0,.,0,0.03
12,"Minnow",35.1972256042,-106.644122231,2014-10-01,10,2014,4.56,5.78,0,0.01,0.02,0,.,.,.,0,1.65,0.75,0,0.25,0.08,0,.,0,0.04
12,"Minnow",35.1972256042,-106.644122231,2015-10-01,10,2015,20.09,0.02,0.7,0.01,0.02,0,.,.,.,0,3.52,0,4.4,0.03,0,0.01,.,0,0.1
12,"Minnow",35.1972256042,-106.644122231,2016-10-01,10,2016,33.15,1.96,5.01,0.02,0.86,0,.,.,.,0,5.7,0.25,0.81,0.28,0,0,0.01,0,0
12,"Minnow",35.1972256042,-106.644122231,2017-10-01,10,2017,28.23,0.01,2.69,0.16,3.24,0,.,.,.,0,7.17,0,19.92,0.09,0,0.01,0,0,0
12,"Minnow",35.1972256042,-106.644122231,2018-10-01,10,2018,1.63,0.09,2.46,0.31,0.16,0,.,.,.,0,1.79,0.01,1.02,0.02,0,0,0,0,0
12,"Minnow",35.1972256042,-106.644122231,2019-10-01,10,2019,7.88,0.02,3.01,0.09,0.32,0,.,.,.,0,2.02,0,1.55,0.02,0,0,0,0.02,0.01
12,"Minnow",35.1972256042,-106.644122231,2020-10-01,10,2020,12.71,0.02,6.39,0.03,4.72,0,.,.,.,0,3.69,0,1.18,0.01,0,0,0,0,0.01
12,"Minnow",35.1972256042,-106.644122231,2021-10-01,10,2021,3.79,0.18,2.24,0.02,1.17,0,.,.,.,0,1.53,0.02,0.12,0.26,0,0.54,0,0,0.1
12,"Minnow",35.1972256042,-106.644122231,2022-10-01,10,2022,8.78,0.01,2.85,0.02,0.15,0,.,.,.,0,2.32,0,0.86,0.54,0,0,0,0,0.07
12,"Minnow",35.1972256042,-106.644122231,2023-10-01,10,2023,4.88,0.01,12.5,0.01,1.45,0,0.01,0,0,0,3.57,0,1.56,0.2,0,0.94,0,0,0.14
12,"Minnow",35.1972256042,-106.644122231,2024-10-01,10,2024,6.09,.,0.71,0.1,1.32,0.02,5.01,0.01,0,0,2.6,0.65,4.1,0.03,0,0,0.02,0,0.01
12,"Minnow",35.1972256042,-106.644122231,2006-11-01,11,2006,133,3.56,0.72,0,0.16,0,.,.,.,0.02,24.69,0.46,43.7,.,.,.,.,.,0.03
12,"Minnow",35.1972256042,-106.644122231,2007-11-01,11,2007,67,3.25,0.09,0,0,0.02,.,.,.,0,9.74,0.42,2.42,0.01,0,0,.,0,0.09
12,"Minnow",35.1972256042,-106.644122231,2008-11-01,11,2008,91.23,4.63,0.54,0,0,0,.,.,.,0,14.28,0.6,12.08,0.02,0,0,.,0,0
12,"Minnow",35.1972256042,-106.644122231,2009-11-01,11,2009,130.38,4.08,5.54,0.01,0.02,0,.,.,.,0,18.59,0.53,1.25,0.19,0,0,.,0,0.03
12,"Minnow",35.1972256042,-106.644122231,2010-11-01,11,2010,119.85,2.86,6.01,0,0.23,0,.,.,.,0.01,17.35,0.37,3.08,0.33,0,0,.,0,0.05
12,"Minnow",35.1972256042,-106.644122231,2011-11-01,11,2011,59.38,2.27,1.08,0.02,0,0,.,.,.,0,9.77,0.3,10.79,0.16,0,0,.,0,0.02
12,"Minnow",35.1972256042,-106.644122231,2012-11-01,11,2012,87.69,3.48,2.15,0.02,0.15,0,.,.,.,0,13.13,0.45,6.69,0.01,0,0.08,.,0,0.01
12,"Minnow",35.1972256042,-106.644122231,2013-11-01,11,2013,87.23,2.47,0,0,0,0,.,.,.,0,22.05,0.32,79.16,0.23,0,0,.,0,0.03
12,"Minnow",35.1972256042,-106.644122231,2014-11-01,11,2014,78.12,1.39,8.63,0,0.02,0.01,.,.,.,0,12.27,0.18,5.15,0.52,0,0,.,0,0.07
12,"Minnow",35.1972256042,-106.644122231,2015-11-01,11,2015,119.85,1.19,4.23,0.24,1.32,0,.,.,.,0,18.08,0.16,9.34,1.02,0,0.08,.,0,0.15
12,"Minnow",35.1972256042,-106.644122231,2016-11-01,11,2016,149.23,1.34,7.24,0.38,3.03,0,.,.,.,0,22.92,0.17,12.31,0.86,0,0.62,0,0,0.08
12,"Minnow",35.1972256042,-106.644122231,2017-11-01,11,2017,74.31,2.96,0.93,0.02,4.32,0,.,.,.,0,11.08,0.38,1.26,0.02,0,0.15,0,0,0.03
12,"Minnow",35.1972256042,-106.644122231,2018-11-01,11,2018,77.46,1.02,1.1,0.18,3.4,0,.,.,.,0,13.06,0.13,15.08,0.04,0,0,0,0,0.01
12,"Minnow",35.1972256042,-106.644122231,2019-11-01,11,2019,53.54,2.05,4.15,0.17,10.15,0.01,.,.,.,0,9.43,0.27,0.05,0.08,0,0,0,0,0.01
12,"Minnow",35.1972256042,-106.644122231,2020-11-01,11,2020,140.43,3.51,7.98,1.16,4.54,0,.,.,.,0,22.28,0.46,11.31,0.7,0,0.01,0,0,0.09
12,"Minnow",35.1972256042,-106.644122231,2021-11-01,11,2021,51.15,1.41,2.15,0.16,5.92,0.01,.,.,.,0.01,9.4,0.18,9.56,0.72,0,0.23,0.08,0,0.13
12,"Minnow",35.1972256042,-106.644122231,2022-11-01,11,2022,80.39,1.77,5.19,1.26,7.39,0.01,.,.,.,0,13.83,0.23,5.09,0.42,0,0.85,0.02,0,0.17
12,"Minnow",35.1972256042,-106.644122231,2023-11-01,11,2023,84,.,11.12,0.49,9.71,0.01,.,.,0,0,15.06,0.15,4.08,0.21,0,0.56,0,0,0.18
12,"Minnow",35.1972256042,-106.644122231,2024-11-01,11,2024,50.85,.,4.55,0.25,5.56,0.08,0.32,0,0,0,9.43,0.04,9.62,0,0,0,0.08,0,0.01
12,"Minnow",35.1972256042,-106.644122231,2006-12-01,12,2006,15.54,0.42,0.48,0,0,0,.,.,.,0,2.28,0.06,0.47,.,.,.,.,.,0
12,"Minnow",35.1972256042,-106.644122231,2007-12-01,12,2007,127.77,1.09,2.39,0.01,0,0,.,.,.,0,18.33,0.14,9.02,0,0,0,.,0,0
12,"Minnow",35.1972256042,-106.644122231,2008-12-01,12,2008,124,0.5,2.92,0.01,0,0,.,.,.,0,20.69,0.06,30.09,0.17,0,0,.,0,0.02
12,"Minnow",35.1972256042,-106.644122231,2009-12-01,12,2009,151.92,0.79,3.39,0.02,0,0,.,.,.,0,20.71,0.1,1.08,0.05,0,0,.,0,0.01
12,"Minnow",35.1972256042,-106.644122231,2010-12-01,12,2010,181.46,2.32,2.39,0.02,0.08,0,.,.,.,0.01,27.58,0.3,22.62,0.09,0,0.01,.,0.01,0.01
12,"Minnow",35.1972256042,-106.644122231,2011-12-01,12,2011,193.16,1.74,0,1.73,0.1,0,.,.,.,0,31.34,0.23,40.71,1.91,0,0,.,0,0.25
12,"Minnow",35.1972256042,-106.644122231,2012-12-01,12,2012,210,3.62,1.01,0.02,0,0,.,.,.,0,31.18,0.47,6.69,0.02,0,0.15,.,0,2.19
12,"Minnow",35.1972256042,-106.644122231,2013-12-01,12,2013,121.92,0,1.43,0.19,0.01,0,.,.,.,0,16.83,0,4.1,0,0,0,.,0,0.06
12,"Minnow",35.1972256042,-106.644122231,2014-12-01,12,2014,87.92,1.4,1.47,0.01,0.25,0.01,.,.,.,0,13.92,0.18,13.7,0.19,0,0.02,.,0.01,0.03
12,"Minnow",35.1972256042,-106.644122231,2015-12-01,12,2015,95.54,0.56,3.86,0.16,0.32,0,.,.,.,0,13.22,0.07,0.04,0,0,0,.,0,0
12,"Minnow",35.1972256042,-106.644122231,2016-12-01,12,2016,117.69,0.89,4.32,0.09,0.26,0,.,.,.,0,20.13,0.12,24.71,0.43,0,0,0,0,0.06
12,"Minnow",35.1972256042,-106.644122231,2017-12-01,12,2017,46.77,2.25,1.63,0,0,0,.,.,.,0,6.78,0.29,1,0,0,0,0,0,0
12,"Minnow",35.1972256042,-106.644122231,2018-12-01,12,2018,130.69,2.1,0.71,0.03,2.26,0,.,.,.,0,18.24,0.27,2.82,0.03,0.01,0,0,0,0.02
12,"Minnow",35.1972256042,-106.644122231,2019-12-01,12,2019,166.15,1.19,9.02,0.79,0.02,0,.,.,.,0,24.73,0.15,11.02,0.05,0.23,0.24,0,0,0.11
12,"Minnow",35.1972256042,-106.644122231,2020-12-01,12,2020,46.84,0.72,1.23,0,0.02,0.01,.,.,.,0,6.61,0.09,0.29,0.17,0,0.17,0,0,0.04
12,"Minnow",35.1972256042,-106.644122231,2021-12-01,12,2021,116,0.57,6.37,0.33,0.09,0,.,.,.,0,16.91,0.07,4.33,0.23,0,0,0,0,0.04
12,"Minnow",35.1972256042,-106.644122231,2022-12-01,12,2022,97.78,1.03,3.69,0.22,0.27,0,.,.,.,0,14.62,0.13,8.31,0.27,0.01,0.03,0,0,0.06
12,"Minnow",35.1972256042,-106.644122231,2023-12-01,12,2023,72.46,0.49,0.01,0,0,0,0.49,0,0,0,10.21,0.06,1.23,3.24,0,0,0,0,0.42
12,"Minnow",35.1972256042,-106.644122231,2024-12-01,12,2024,85.77,.,3.34,0.17,1.7,0,0.72,0,0,0,12.67,0.09,3.18,1.01,0,0,0,0,0.13
13,"Harrison",35.0150622305,-106.673722917,2004-01-01,1,2004,0.01,0.4,0.55,0.06,0,0,.,.,.,0,0.27,0.08,0.76,.,.,.,.,.,0
13,"Harrison",35.0150622305,-106.673722917,2005-01-01,1,2005,1.7,1.03,0.35,0.48,0,0,.,.,.,0,0.62,0.22,0.18,.,.,.,.,.,0
13,"Harrison",35.0150622305,-106.673722917,2006-01-01,1,2006,0.85,0.79,3.01,0.15,0,0,.,.,.,0,0.66,0.1,0.09,.,.,.,.,.,0
13,"Harrison",35.0150622305,-106.673722917,2007-01-01,1,2007,1.01,4.19,1.11,1.31,0,0,.,.,.,0,1.16,0.59,0.33,.,.,.,.,.,0.03
13,"Harrison",35.0150622305,-106.673722917,2008-01-01,1,2008,0.94,0.6,3.46,0.25,0,0,.,.,.,0,2.11,0.11,7.64,0,0,0,.,0,0.3
13,"Harrison",35.0150622305,-106.673722917,2009-01-01,1,2009,3.09,0.01,4.55,0.02,0,0,.,.,.,0,2.27,0.07,6.72,1.46,0.01,0,.,0,0.19
13,"Harrison",35.0150622305,-106.673722917,2010-01-01,1,2010,0.53,1.13,1.74,0.04,0,0,.,.,.,0,1.07,0.15,1.47,0,0.34,1.55,.,0,0.25
13,"Harrison",35.0150622305,-106.673722917,2011-01-01,1,2011,2.32,0.79,5.38,0.16,0,0,.,.,.,0,1.79,0.1,3.18,0,0.01,0.93,.,0,0.12
13,"Harrison",35.0150622305,-106.673722917,2012-01-01,1,2012,0.73,1.94,2.79,0.25,0.01,0,.,.,.,0,1.03,0.25,1.32,0,0,0,.,0,0.05
13,"Harrison",35.0150622305,-106.673722917,2013-01-01,1,2013,10.85,1.17,2.39,0.09,0,0,.,.,.,0,2.14,0.15,0.19,0,0,0.62,.,0,0.13
13,"Harrison",35.0150622305,-106.673722917,2014-01-01,1,2014,7.04,0.91,2.61,0,0,0,.,.,.,0,1.54,0.12,0.7,0.01,0,0.3,.,0,0.08
13,"Harrison",35.0150622305,-106.673722917,2015-01-01,1,2015,12.78,0.79,4.38,0,0.09,0,.,.,.,0,3.62,0.1,2.08,0,6.15,0.54,.,0,0.9
13,"Harrison",35.0150622305,-106.673722917,2016-01-01,1,2016,3.69,0.04,3.7,0.03,0.01,0,.,.,.,0,1.34,0,0.13,0,1.55,0,.,0,0.2
13,"Harrison",35.0150622305,-106.673722917,2017-01-01,1,2017,3.63,0.02,2.48,0.01,0.01,0,.,.,.,0,1.18,0,0.42,0.01,0,1.02,0,0,0.13
13,"Harrison",35.0150622305,-106.673722917,2018-01-01,1,2018,14.62,0.2,7.46,0.02,0,0,.,.,.,0,3.05,0.03,0.26,0,0,0.16,0,0,0.02
13,"Harrison",35.0150622305,-106.673722917,2019-01-01,1,2019,12.85,0.27,8.77,0.02,0.02,0,.,.,.,0,3.39,0.04,2.47,0.11,0,0.32,0,0,0.06
13,"Harrison",35.0150622305,-106.673722917,2020-01-01,1,2020,20.69,0.06,1.57,0.02,0,0,.,.,.,0,3.48,0.03,1.93,0,0.01,0.69,0,0,0.09
13,"Harrison",35.0150622305,-106.673722917,2021-01-01,1,2021,13.85,0.28,3.4,0.01,0.01,0,.,.,.,0,2.75,0.04,2.26,0.15,0.01,0.32,0,0,0.06
13,"Harrison",35.0150622305,-106.673722917,2022-01-01,1,2022,12,0.06,3.01,0.03,0.02,0,.,.,.,0,2.36,0.01,1.87,0.03,0.01,0.31,0,0,0.05
13,"Harrison",35.0150622305,-106.673722917,2023-01-01,1,2023,20.61,.,5.24,0.03,0.02,0,.,.,0,0,4.36,0.01,1.27,0.02,0,2.12,0,0.01,0.28
13,"Harrison",35.0150622305,-106.673722917,2024-01-01,1,2024,25.85,.,4.78,0.04,0.02,0,0,0.19,0,0,4.12,0.02,0.2,0.03,0.01,0.31,0,0,0.06
13,"Harrison",35.0150622305,-106.673722917,2004-02-01,2,2004,0,0.11,0.12,0.05,0,0,.,.,.,0,0.09,0.02,0.05,.,.,.,.,.,0.02
13,"Harrison",35.0150622305,-106.673722917,2005-02-01,2,2005,0.46,0.01,0.01,0.01,0,0,.,.,.,0,0.15,0.01,0.54,.,.,.,.,.,0
13,"Harrison",35.0150622305,-106.673722917,2006-02-01,2,2006,0.25,0.56,0.02,0.01,0,0,.,.,.,0,0.25,0.07,0.49,.,.,.,.,.,0.05
13,"Harrison",35.0150622305,-106.673722917,2007-02-01,2,2007,0.46,0.34,0.02,0,0,0,.,.,.,0,0.83,0.05,3.89,.,.,.,.,.,0.16
13,"Harrison",35.0150622305,-106.673722917,2008-02-01,2,2008,0.92,0.07,0.4,0,0,0,.,.,.,0,0.36,0.03,0.5,0,0,0,.,0,0
13,"Harrison",35.0150622305,-106.673722917,2009-02-01,2,2009,0.26,0.2,0.26,0.01,0.01,0,.,.,.,0,0.34,0.03,0.87,0,0.01,0,.,0,0.03
13,"Harrison",35.0150622305,-106.673722917,2010-02-01,2,2010,1.3,0.91,0.4,1.17,0,0,.,.,.,0,0.65,0.12,0,0,0,0.77,.,0,0.1
13,"Harrison",35.0150622305,-106.673722917,2011-02-01,2,2011,1.16,0.96,1.05,0.1,0,0,.,.,.,0,0.64,0.14,0.81,0,0.01,0.16,.,0,0.02
13,"Harrison",35.0150622305,-106.673722917,2012-02-01,2,2012,1.62,1.01,0.01,0.02,0,0,.,.,.,0.01,0.61,0.13,0.62,0,0,0,.,0,0.11
13,"Harrison",35.0150622305,-106.673722917,2013-02-01,2,2013,11.05,0.98,1.04,0.02,0,0,.,.,.,0,2.42,0.13,1.98,0.01,0,1.8,.,0,0.32
13,"Harrison",35.0150622305,-106.673722917,2014-02-01,2,2014,1.94,0.16,0.26,0.02,0,0,.,.,.,0,0.64,0.02,1.7,0.01,0,0.25,.,0,0.03
13,"Harrison",35.0150622305,-106.673722917,2015-02-01,2,2015,8.23,0.11,1.15,0,0,0,.,.,.,0,1.46,0.02,0.47,0,0,0.03,.,0,0.05
13,"Harrison",35.0150622305,-106.673722917,2016-02-01,2,2016,5.7,0.18,1.42,0.01,0.02,0,.,.,.,0,2.22,0.03,7.1,0,0,0.54,.,0,0.07
13,"Harrison",35.0150622305,-106.673722917,2017-02-01,2,2017,3.39,1.04,0.41,0.01,0.01,0,.,.,.,0,0.86,0.14,0.74,0.09,0,0.56,0,0,0.07
13,"Harrison",35.0150622305,-106.673722917,2018-02-01,2,2018,20.39,0.42,0.79,0.08,0.39,0,.,.,.,0,6.08,0.07,22.34,0.02,0.15,0,0,0,0.11
13,"Harrison",35.0150622305,-106.673722917,2019-02-01,2,2019,20.09,0.21,1.79,0.02,0.1,0,.,.,.,0,3.67,0.03,3.64,0.02,0,1.09,0,0,0.15
13,"Harrison",35.0150622305,-106.673722917,2020-02-01,2,2020,8.78,0.26,0.19,0,0,0,.,.,.,0,1.38,0.03,0.04,0,0.01,0.18,0,0,0.03
13,"Harrison",35.0150622305,-106.673722917,2021-02-01,2,2021,15.85,0.07,1.11,0.01,0.03,0,.,.,.,0,2.41,0.01,0.21,0.02,0,0.02,0,0,0.01
13,"Harrison",35.0150622305,-106.673722917,2022-02-01,2,2022,20.55,0.13,1.8,0.04,0.03,0,.,.,.,0,3.63,0.02,1.96,0.01,0,1.02,0,0,0.13
13,"Harrison",35.0150622305,-106.673722917,2023-02-01,2,2023,50,.,5.17,0.02,0.26,0,.,.,0.01,0.01,9.41,0.05,5.39,0.24,0.09,2.62,0.03,0.01,0.51
13,"Harrison",35.0150622305,-106.673722917,2024-02-01,2,2024,15.38,.,0.87,0.03,0,0,0,0.1,0,0,2.49,0.01,2.26,0.01,0.01,0.24,0.14,0,0.05
13,"Harrison",35.0150622305,-106.673722917,2004-03-01,3,2004,0.01,1.02,0,0.01,0,0,.,.,.,0,1.44,0.13,9.85,.,.,.,.,.,0
13,"Harrison",35.0150622305,-106.673722917,2005-03-01,3,2005,0.04,0.01,0,0.01,0,0,.,.,.,0.24,0.29,0,1.79,.,.,.,.,.,0.02
13,"Harrison",35.0150622305,-106.673722917,2006-03-01,3,2006,0.02,0.48,0.15,0.02,0,0,.,.,.,0,0.2,0.06,0.77,.,.,.,.,.,0
13,"Harrison",35.0150622305,-106.673722917,2007-03-01,3,2007,0.77,1.06,0.27,0.03,0,0,.,.,.,0,0.63,0.14,1.63,.,.,.,.,.,0.06
13,"Harrison",35.0150622305,-106.673722917,2008-03-01,3,2008,0.03,0.13,0.04,0.18,0,0,.,.,.,0,0.45,0.02,1.39,0,0,0,.,0,0.12
13,"Harrison",35.0150622305,-106.673722917,2009-03-01,3,2009,0.03,0.11,0.02,0.01,0,0,.,.,.,0,0.33,0.02,0.42,0,0,0,.,0.01,0.03
13,"Harrison",35.0150622305,-106.673722917,2010-03-01,3,2010,1.1,0.23,0.16,0.12,0,0,.,.,.,0,0.29,0.03,0.03,0,0,0.01,.,0,0.02
13,"Harrison",35.0150622305,-106.673722917,2011-03-01,3,2011,1.64,0.63,0.46,0.03,0.09,0,.,.,.,0,0.61,0.08,0.97,0,0,0.01,.,0,0.02
13,"Harrison",35.0150622305,-106.673722917,2012-03-01,3,2012,0,0.77,0,0,0,0,.,.,.,0,0.13,0.1,0.23,0,0,0,.,0,0
13,"Harrison",35.0150622305,-106.673722917,2013-03-01,3,2013,2.02,0.04,0.09,0,0,0,.,.,.,0,0.61,0,0.33,0.15,0,1.7,.,0,0.26
13,"Harrison",35.0150622305,-106.673722917,2014-03-01,3,2014,1.31,0.45,0.03,0.01,0,0,.,.,.,0,0.36,0.06,0.95,0,0,0,.,0,0
13,"Harrison",35.0150622305,-106.673722917,2015-03-01,3,2015,5.78,0.11,0.77,0,0.02,0,.,.,.,0,1.04,0.01,0.41,0,0,0.56,.,0,0.08
13,"Harrison",35.0150622305,-106.673722917,2016-03-01,3,2016,3.39,0.17,0.25,0,0.01,0,.,.,.,0,0.98,0.02,0.34,0,0,0,.,0,0.03
13,"Harrison",35.0150622305,-106.673722917,2017-03-01,3,2017,3.18,0.02,0.23,0,0.01,0,.,.,.,0,0.92,0,2.34,0.02,0,0.19,0,0,0.08
13,"Harrison",35.0150622305,-106.673722917,2018-03-01,3,2018,16.37,0.02,0.79,0.02,0.11,0,.,.,.,0,2.93,0,3.43,0.35,0,0.44,0,0,0.08
13,"Harrison",35.0150622305,-106.673722917,2019-03-01,3,2019,14.85,0.35,1.32,0.02,0.02,0,.,.,.,0,3.21,0.05,5.4,0.02,0,0.16,0,0,0.03
13,"Harrison",35.0150622305,-106.673722917,2020-03-01,3,2020,9.55,0.03,0.06,0.01,0.02,0,.,.,.,0,1.55,0,0.87,0.03,0,0.31,0,0,0.04
13,"Harrison",35.0150622305,-106.673722917,2021-03-01,3,2021,8.16,0.02,0.51,0.06,0.02,0,.,.,.,0,1.35,0,0.09,0.01,0,0.02,0,0,0.01
13,"Harrison",35.0150622305,-106.673722917,2022-03-01,3,2022,8.72,0.2,1.03,0.02,0.23,0,.,.,.,0,1.92,0.03,2.81,0.16,0.02,0.77,0.03,0,0.13
13,"Harrison",35.0150622305,-106.673722917,2023-03-01,3,2023,21.38,0,1.48,0.06,0.03,0,0,0.13,0,0.01,5.02,0.02,6.71,0.47,0,0.01,0.03,0,0.07
13,"Harrison",35.0150622305,-106.673722917,2024-03-01,3,2024,55.31,.,1.33,0.02,0.94,0.15,0,0.1,0,0,8.31,0.01,3.55,0.25,0.01,0.94,0.13,0.01,0.2
13,"Harrison",35.0150622305,-106.673722917,2004-04-01,4,2004,0.01,0.01,0,0,0,0,.,.,.,0,0.29,0,2.12,.,.,.,.,.,0.01
13,"Harrison",35.0150622305,-106.673722917,2005-04-01,4,2005,.,.,.,.,.,.,.,.,.,.,.,.,.,.,.,.,.,.,.
13,"Harrison",35.0150622305,-106.673722917,2006-04-01,4,2006,0.01,0.1,0.25,0.09,0,0,.,.,.,0,0.29,0.01,1.12,.,.,.,.,.,0.01
13,"Harrison",35.0150622305,-106.673722917,2007-04-01,4,2007,0.16,0.04,0.05,0.01,0.01,0,.,.,.,0,0.34,0.01,1.59,0,0,0,.,0,0
13,"Harrison",35.0150622305,-106.673722917,2008-04-01,4,2008,0.01,0.38,0.2,0.02,0,0,.,.,.,0,0.56,0.05,0.58,0.01,0,0,.,0,0.01
13,"Harrison",35.0150622305,-106.673722917,2009-04-01,4,2009,0.12,0.24,0.14,0,0,0,.,.,.,0,1.07,0.03,4.72,0,0,0.1,.,0.1,0.03
13,"Harrison",35.0150622305,-106.673722917,2010-04-01,4,2010,1,0.18,0.18,0.09,0,0,.,.,.,0,0.89,0.02,3.32,0.01,0.03,0.02,.,0,0.01
13,"Harrison",35.0150622305,-106.673722917,2011-04-01,4,2011,1.55,0.33,0.63,0.02,0,0,.,.,.,0,0.96,0.04,1.39,2.55,0,0.15,.,0,0.37
13,"Harrison",35.0150622305,-106.673722917,2012-04-01,4,2012,0.15,0.02,0.02,0.02,0.02,0,.,.,.,0,0.25,0,0.17,0.8,0,0.15,.,0,0.14
13,"Harrison",35.0150622305,-106.673722917,2013-04-01,4,2013,1.93,0.26,0.02,0,0.02,0.01,.,.,.,0,1.25,0.03,0.03,0.1,0,0.63,.,0,0.65
13,"Harrison",35.0150622305,-106.673722917,2014-04-01,4,2014,1.81,0.05,0.21,0.01,0.01,0,.,.,.,0,0.6,0.01,0.28,0.8,0,0,.,0,0.13
13,"Harrison",35.0150622305,-106.673722917,2015-04-01,4,2015,1.41,0.18,0.03,0,0.01,0,.,.,.,0,0.87,0.03,0.28,3.32,0,0,.,0,0.45
13,"Harrison",35.0150622305,-106.673722917,2016-04-01,4,2016,8.69,0.02,1.79,0.01,0.02,0,.,.,.,0,2.42,0,1,5.78,0.01,0.02,.,0,0.04
13,"Harrison",35.0150622305,-106.673722917,2017-04-01,4,2017,5.05,1.31,0.03,0.01,0,0,.,.,.,0,1.67,0.17,0.27,4.88,0,0.02,0.03,0,0.03
13,"Harrison",35.0150622305,-106.673722917,2018-04-01,4,2018,13.46,0,0.42,0.02,0.49,0,.,.,.,0,4.45,0,6.16,11.64,0,0.23,0.32,0,1.58
13,"Harrison",35.0150622305,-106.673722917,2019-04-01,4,2019,10.49,0.05,0.18,0.02,0.02,0,.,.,.,0,2.97,0.01,1.16,8.63,0.01,0,0.01,0,1.12
13,"Harrison",35.0150622305,-106.673722917,2020-04-01,4,2020,13.4,0.04,0.65,0.01,0.02,0,.,.,.,0,3.83,0,0.65,13.32,0.01,0.21,0.06,0,1.77
13,"Harrison",35.0150622305,-106.673722917,2021-04-01,4,2021,7.63,0.01,0.18,0,0,0,.,.,.,0,1.53,0,0.04,1.88,0.01,0.21,0,0,0.27
13,"Harrison",35.0150622305,-106.673722917,2022-04-01,4,2022,18.54,0.12,1.48,0.02,0.09,0,.,.,.,0,3.41,0.02,1.19,2.02,0,2.23,0.03,0,0.56
13,"Harrison",35.0150622305,-106.673722917,2023-04-01,4,2023,9.36,.,0.42,0.01,0.01,0,.,.,0,0,2.5,0.01,2.35,3.33,0,0,0.04,0,0.26
13,"Harrison",35.0150622305,-106.673722917,2024-04-01,4,2024,21.61,.,0.34,0,0.09,0,0,0.02,0,0,3.94,0,1.25,4.63,0,0.78,0.8,0,0.83
13,"Harrison",35.0150622305,-106.673722917,2003-05-01,5,2003,0,0.15,0.12,0.07,0,0,.,.,.,0,0.75,0.02,3.97,.,.,.,.,.,0.17
13,"Harrison",35.0150622305,-106.673722917,2004-05-01,5,2004,0.03,0.06,0.06,0,0,0,.,.,.,0,1.4,0.01,7.08,.,.,.,.,.,0.42
13,"Harrison",35.0150622305,-106.673722917,2005-05-01,5,2005,.,.,.,.,.,.,.,.,.,.,.,.,.,.,.,.,.,.,.
13,"Harrison",35.0150622305,-106.673722917,2006-05-01,5,2006,0.27,0.3,0.3,0.02,0,0,.,.,.,0,1.41,0.04,4.19,.,.,.,.,.,0.66
13,"Harrison",35.0150622305,-106.673722917,2007-05-01,5,2007,0.02,0.04,0.2,0.01,0,0,.,.,.,0,0.65,0,0.59,0.02,0.42,2.03,.,0,0.32
13,"Harrison",35.0150622305,-106.673722917,2008-05-01,5,2008,.,.,.,.,.,.,.,.,.,.,.,.,.,.,.,.,.,.,.
13,"Harrison",35.0150622305,-106.673722917,2009-05-01,5,2009,0.02,0.2,4.15,0,0,0,.,.,.,0,3.36,0.03,4.16,0.02,2.02,12.63,.,0,1.93
13,"Harrison",35.0150622305,-106.673722917,2010-05-01,5,2010,0.11,0.71,0.88,0.01,0,0,.,.,.,0,1.36,0.09,6.25,0.03,0.35,0.33,.,0,0.12
13,"Harrison",35.0150622305,-106.673722917,2011-05-01,5,2011,0.48,0.05,0.89,0.92,0.16,0,.,.,.,0,2.02,0.01,0.86,0.01,0.65,10.17,.,0.01,1.41
13,"Harrison",35.0150622305,-106.673722917,2012-05-01,5,2012,0.03,0,1.03,0,0,0,.,.,.,0,2.43,0,2.57,0,0.05,13.33,.,0,1.74
13,"Harrison",35.0150622305,-106.673722917,2013-05-01,5,2013,0.62,0,0.2,0,0,0,.,.,.,0,0.81,0,0.45,0.45,0,4.11,.,0,0.59
13,"Harrison",35.0150622305,-106.673722917,2014-05-01,5,2014,1.39,0.25,0.56,0,0.02,0,.,.,.,0,2.06,0.03,1.7,2.34,0.41,5.4,.,0,1.38
13,"Harrison",35.0150622305,-106.673722917,2015-05-01,5,2015,5.1,0.5,1.11,0.01,0,0,.,.,.,0,2.58,0.06,4.04,0.43,1.86,5.51,.,0,1.04
13,"Harrison",35.0150622305,-106.673722917,2016-05-01,5,2016,3.89,0.04,1.43,0.01,0,0,.,.,.,0,2.85,0,3.05,1.77,0.58,9.65,.,0,1.33
13,"Harrison",35.0150622305,-106.673722917,2017-05-01,5,2017,0.26,0.01,0.48,0.01,0,0,.,.,.,0,0.37,0,0,0.01,0.01,1.85,0,0,0.24
13,"Harrison",35.0150622305,-106.673722917,2018-05-01,5,2018,0,0.55,1.39,0.01,0,0,.,.,.,0,3.8,0.07,4.98,4.98,1.06,5.57,0,0,1.51
13,"Harrison",35.0150622305,-106.673722917,2019-05-01,5,2019,1.47,0,2.63,0,0.2,0,.,.,.,0,2.66,0,8.31,2.17,0.03,2.96,0,0,0.67
13,"Harrison",35.0150622305,-106.673722917,2020-05-01,5,2020,8.24,0.12,2.24,0.01,0.71,0,.,.,.,0,4.07,0.02,3.34,5.03,2.79,7.85,0.02,0,2.04
13,"Harrison",35.0150622305,-106.673722917,2021-05-01,5,2021,4.93,0.04,1.56,0,0,0,.,.,.,0,4.97,0,6.93,11.77,0.42,3.62,0,0,2.05
13,"Harrison",35.0150622305,-106.673722917,2022-05-01,5,2022,23.85,1.56,1.56,0,0.2,0,.,.,.,0,7.63,0.2,8.57,11.71,0.69,10.09,0.01,0,2.63
13,"Harrison",35.0150622305,-106.673722917,2023-05-01,5,2023,4.05,0,2.03,0,0.3,0,0,0.04,0,0,7.66,0,41.64,7.62,0.03,0.5,0.01,0,0.85
13,"Harrison",35.0150622305,-106.673722917,2024-05-01,5,2024,11.78,.,2.7,0,0.86,0.01,0.01,0.48,0,0,6.43,0.06,8.86,8.4,0.62,4.16,0.01,0,1.73
13,"Harrison",35.0150622305,-106.673722917,2003-06-01,6,2003,0,0.42,0,0.24,0,0,.,.,.,0,1.04,0.05,2.93,.,.,.,.,.,0.48
13,"Harrison",35.0150622305,-106.673722917,2004-06-01,6,2004,0.02,0.38,0.27,0,0,0,.,.,.,0,0.96,0.05,3.04,.,.,.,.,.,0.45
13,"Harrison",35.0150622305,-106.673722917,2005-06-01,6,2005,.,.,.,.,.,.,.,.,.,.,.,.,.,.,.,.,.,.,.
13,"Harrison",35.0150622305,-106.673722917,2006-06-01,6,2006,0.19,1.65,0,0.59,0,0,.,.,.,0,1.26,0.21,0.62,.,.,.,.,.,0.64
13,"Harrison",35.0150622305,-106.673722917,2007-06-01,6,2007,0.64,1.79,3.63,0.24,0,0,.,.,.,0,2.03,0.24,2.78,0.1,4.01,1.19,.,0,0.71
13,"Harrison",35.0150622305,-106.673722917,2008-06-01,6,2008,.,.,.,.,.,.,.,.,.,.,.,.,.,.,.,.,.,.,.
13,"Harrison",35.0150622305,-106.673722917,2009-06-01,6,2009,0.17,0.09,4.62,0,0,0,.,.,.,0,1.67,0.01,0.95,0.6,3.6,0.17,.,0,0.67
13,"Harrison",35.0150622305,-106.673722917,2010-06-01,6,2010,0.03,0.06,7.25,0.01,0.01,0,.,.,.,0,3.22,0.01,1.55,0.01,3.54,10,.,0,1.76
13,"Harrison",35.0150622305,-106.673722917,2011-06-01,6,2011,0.24,0.18,3.47,0.02,0.08,0,.,.,.,0,2.68,0.02,1.56,0.47,4.01,9.78,.,0.01,1.87
13,"Harrison",35.0150622305,-106.673722917,2012-06-01,6,2012,0.17,3.85,0,0.01,0,0,.,.,.,0,1.27,0.5,0,5.17,0,0,.,0,0.67
13,"Harrison",35.0150622305,-106.673722917,2013-06-01,6,2013,1.39,0.04,1.7,0.01,0,0,.,.,.,0,1.19,0,0.79,1.33,0.42,2.55,.,0,0.56
13,"Harrison",35.0150622305,-106.673722917,2014-06-01,6,2014,2.87,0.02,3.64,0.01,0,0,.,.,.,0,2.04,0,0.02,4.79,0,1.41,.,0,0.81
13,"Harrison",35.0150622305,-106.673722917,2015-06-01,6,2015,2.96,0.64,6.64,0.02,0.02,0,.,.,.,0,2.74,0.08,2.51,2.41,1.49,2.42,.,0,0.82
13,"Harrison",35.0150622305,-106.673722917,2016-06-01,6,2016,1.32,0.04,15.47,0.01,0.09,0,.,.,.,0,3.39,0,0.65,4.49,1.89,1.63,0,0,0.46
13,"Harrison",35.0150622305,-106.673722917,2017-06-01,6,2017,2.7,0.66,12.78,0,0.05,0,.,.,.,0,3.53,0.08,5.26,2.17,0.79,0.94,1,0,0.36
13,"Harrison",35.0150622305,-106.673722917,2018-06-01,6,2018,0,0,6.7,0,0.78,0.01,.,.,.,0,3.48,0,3.63,6.94,0.94,3.86,0,0,1.53
13,"Harrison",35.0150622305,-106.673722917,2019-06-01,6,2019,0.15,0,6.2,0,0,0,.,.,.,0,1.8,0,1.16,5.77,0,0,0,0,0.75
13,"Harrison",35.0150622305,-106.673722917,2020-06-01,6,2020,11.85,0.17,5.78,0,0.02,0,.,.,.,0,7.4,0.02,4.39,24.78,1.02,0.02,0,0,3.36
13,"Harrison",35.0150622305,-106.673722917,2021-06-01,6,2021,5.47,0.22,3.55,0,0.4,0,.,.,.,0,3.78,0.03,4.01,6.94,1.43,5.62,0,0,1.82
13,"Harrison",35.0150622305,-106.673722917,2022-06-01,6,2022,5.47,0.26,5.09,0,0.27,0,.,.,.,0,4.13,0.03,7.17,9.95,0.5,2.08,0,0,1.63
13,"Harrison",35.0150622305,-106.673722917,2023-06-01,6,2023,3.24,0,7.96,0,1.28,0,0,0.03,0,0,3.58,0,1.81,10.38,0.16,1.57,0.01,0,0.95
13,"Harrison",35.0150622305,-106.673722917,2024-06-01,6,2024,5.33,.,3.08,0,0.4,0,0,0,0,0,4.28,0,2.48,20.92,0,0.02,0.02,0,2.72
13,"Harrison",35.0150622305,-106.673722917,2003-07-01,7,2003,0,3.93,0.27,0.45,0,0,.,.,.,0,2.03,0.52,8.12,.,.,.,.,.,0.36
13,"Harrison",35.0150622305,-106.673722917,2004-07-01,7,2004,0.02,1.32,0.41,0.09,0,0,.,.,.,0,1.12,0.18,2.71,.,.,.,.,.,0.45
13,"Harrison",35.0150622305,-106.673722917,2005-07-01,7,2005,.,.,.,.,.,.,.,.,.,.,.,.,.,.,.,.,.,.,.
13,"Harrison",35.0150622305,-106.673722917,2006-07-01,7,2006,0.4,1.1,0.33,0.01,0,0,.,.,.,0,0.96,0.14,0.03,.,.,.,.,.,0.65
13,"Harrison",35.0150622305,-106.673722917,2007-07-01,7,2007,0.33,4.1,1.03,0,0,0,.,.,.,0,1.63,0.53,2.1,0,3.1,0.48,.,0,0.5
13,"Harrison",35.0150622305,-106.673722917,2008-07-01,7,2008,0.01,1.08,0.85,0,0,0,.,.,.,0,2.18,0.54,0.93,9.93,0,0,.,0,1.29
13,"Harrison",35.0150622305,-106.673722917,2009-07-01,7,2009,0.16,2.55,4.54,0.54,0,0,.,.,.,0,1.49,0.33,0.39,0,3.15,0,.,0,0.42
13,"Harrison",35.0150622305,-106.673722917,2010-07-01,7,2010,0.23,0.79,1.79,0.01,0.01,0,.,.,.,0,1.99,0.1,2.93,2.09,3.31,1.33,.,0.92,1
13,"Harrison",35.0150622305,-106.673722917,2011-07-01,7,2011,0.25,0.35,1.92,0.02,0.02,0,.,.,.,0,0.86,0.05,0.56,0.16,0.96,0.92,.,0.38,0.34
13,"Harrison",35.0150622305,-106.673722917,2012-07-01,7,2012,0.11,0.21,0.63,0.02,0,0,.,.,.,0,0.3,0.03,0.72,0.03,0.03,0.26,.,0,0.04
13,"Harrison",35.0150622305,-106.673722917,2013-07-01,7,2013,0.86,0.15,2.02,0,0,0,.,.,.,0,0.57,0.02,0,0.54,0.15,0,.,0,0.09
13,"Harrison",35.0150622305,-106.673722917,2014-07-01,7,2014,1.26,0.1,4.86,0.01,0,0,.,.,.,0,1.46,0.02,0.05,3.32,0.01,0.26,.,0,0.47
13,"Harrison",35.0150622305,-106.673722917,2015-07-01,7,2015,2.08,0.94,4.33,0,0.01,0,.,.,.,0,1.82,0.12,0.39,4.09,0.02,0.62,.,0,0.62
13,"Harrison",35.0150622305,-106.673722917,2016-07-01,7,2016,2.47,0.02,7.71,0.02,0.01,0.01,.,.,.,0,4.23,0,0,19.87,0.33,1.15,0,0,0.19
13,"Harrison",35.0150622305,-106.673722917,2017-07-01,7,2017,0.85,0.1,2.43,0,0.16,0.01,.,.,.,0,1.19,0.01,2.72,0.02,0.04,1.62,0,0,0.22
13,"Harrison",35.0150622305,-106.673722917,2018-07-01,7,2018,1.55,0.49,7.94,0,0.02,0.01,.,.,.,0,2.57,0.06,0.09,5.03,0,1.47,0,0,0.85
13,"Harrison",35.0150622305,-106.673722917,2019-07-01,7,2019,1.01,0.02,2,0,0.27,0,.,.,.,0,1.1,0,0.45,3.95,0.03,0.1,0,0,0.53
13,"Harrison",35.0150622305,-106.673722917,2020-07-01,7,2020,3.16,1.26,3.56,0.01,0.26,0,.,.,.,0,2.74,0.16,5.72,4.63,0.56,0.42,0,0,0.73
13,"Harrison",35.0150622305,-106.673722917,2021-07-01,7,2021,5.01,0.96,9.69,0.01,0.04,0,.,.,.,0,5.28,0.13,2.09,20.01,0.71,0.57,0,0,2.77
13,"Harrison",35.0150622305,-106.673722917,2022-07-01,7,2022,0.86,0.12,2.4,0,0.25,0,.,.,.,0,1.25,0.02,1.32,3.24,0.32,0.71,0,0,0.55
13,"Harrison",35.0150622305,-106.673722917,2023-07-01,7,2023,0.79,0,4.25,0,0.18,0,0,0,0,0,3.18,0,4.25,12.61,0.39,0.7,0,0.02,1.78
13,"Harrison",35.0150622305,-106.673722917,2024-07-01,7,2024,2.4,.,2.94,0,0.4,0,0,0.03,0,0,4.8,0,7.09,23.09,0.04,0.33,0,0,3.05
13,"Harrison",35.0150622305,-106.673722917,2003-08-01,8,2003,0,6.92,0,0,0,0,.,.,.,0,1.11,0.9,1.1,.,.,.,.,.,0.03
13,"Harrison",35.0150622305,-106.673722917,2004-08-01,8,2004,0,5.08,0.23,0.23,0,0,.,.,.,0,0.91,0.72,0.56,.,.,.,.,.,0.02
13,"Harrison",35.0150622305,-106.673722917,2005-08-01,8,2005,0,5.92,0,0,0,0,.,.,.,0,0.8,0.77,0.23,.,.,.,.,.,0
13,"Harrison",35.0150622305,-106.673722917,2006-08-01,8,2006,0.02,3.33,0.87,0.02,0,0,.,.,.,0,0.7,0.43,0.19,.,.,.,.,.,0.04
13,"Harrison",35.0150622305,-106.673722917,2007-08-01,8,2007,0.19,9.62,1.33,0.02,0,0,.,.,.,0,1.99,1.25,0.03,0,0.04,0.32,.,0,0.09
13,"Harrison",35.0150622305,-106.673722917,2008-08-01,8,2008,0.71,1.17,0.02,0,0,0,.,.,.,0,0.8,0.35,0.01,0.62,0,0,.,0,0.27
13,"Harrison",35.0150622305,-106.673722917,2009-08-01,8,2009,0,2.94,1.19,0.02,0,0,.,.,.,0,0.83,0.38,0.09,0.01,0.47,0.32,.,0,0.1
13,"Harrison",35.0150622305,-106.673722917,2010-08-01,8,2010,0.39,3.1,0.8,0.08,0,0,.,.,.,0,1.43,0.4,4.62,0.01,0.33,0.15,.,0,0.17
13,"Harrison",35.0150622305,-106.673722917,2011-08-01,8,2011,0.94,0.81,2.55,0.03,0.03,0,.,.,.,0,0.78,0.1,0.2,0,0.02,0.54,.,0,0.08
13,"Harrison",35.0150622305,-106.673722917,2012-08-01,8,2012,0.1,0.42,3.62,0.02,0.02,0,.,.,.,0,1.19,0.06,2.1,0,0.02,1.31,.,0,0.17
13,"Harrison",35.0150622305,-106.673722917,2013-08-01,8,2013,0.55,0.32,3,0,0,0,.,.,.,0,1.09,0.31,1.08,0.09,0.01,0.62,.,0,0.09
13,"Harrison",35.0150622305,-106.673722917,2014-08-01,8,2014,2.32,1.39,7.27,0,0,0,.,.,.,0,2.16,0.18,1.04,0.02,0.6,1.38,.,0,0.28
13,"Harrison",35.0150622305,-106.673722917,2015-08-01,8,2015,12.79,4.02,8.71,0,0.09,0.01,.,.,.,0,4.04,0.52,0.03,1.39,0.02,1.56,.,0,0.4
13,"Harrison",35.0150622305,-106.673722917,2016-08-01,8,2016,0.04,0.72,5.87,0.01,0.02,0,.,.,.,0,1.15,0.09,0.27,0.02,0,0.94,0,0,0.12
13,"Harrison",35.0150622305,-106.673722917,2017-08-01,8,2017,0.18,0.46,5.14,0,0.13,0,.,.,.,0,3.33,0.06,17.88,0.01,0,0.59,0,0,0.08
13,"Harrison",35.0150622305,-106.673722917,2018-08-01,8,2018,2.32,0.6,6.77,0,0.34,0,.,.,.,0.01,2.1,0.29,0.44,0.79,0.01,1.3,0,0,0.27
13,"Harrison",35.0150622305,-106.673722917,2019-08-01,8,2019,1.05,0.28,3.56,0.03,0.18,0,.,.,.,0,1.78,0.04,4.82,1.33,0.17,1.16,0,0,0.35
13,"Harrison",35.0150622305,-106.673722917,2020-08-01,8,2020,3.09,1.27,4.71,0,0.64,0,.,.,.,0,1.58,0.16,0.8,0.27,0,0.39,0,0,0.09
13,"Harrison",35.0150622305,-106.673722917,2021-08-01,8,2021,1.39,0.09,7.78,0,0.03,0,.,.,.,0,2,0.01,0.98,1.49,0.02,1.46,0,0,0.35
13,"Harrison",35.0150622305,-106.673722917,2022-08-01,8,2022,1.72,0.36,5.14,0,0.28,0,.,.,.,0,1.58,0.05,1.91,0.69,0.04,1.45,0,0,0.26
13,"Harrison",35.0150622305,-106.673722917,2023-08-01,8,2023,0.56,0,1.1,0,0.41,0,0,0.19,0,0,0.74,0.02,0.57,1.56,0,0.56,0,0,0.27
13,"Harrison",35.0150622305,-106.673722917,2024-08-01,8,2024,0.47,.,7.4,0.02,0.19,0.54,0,0.62,0,0,2.01,0.08,1.89,3.12,0.01,0.39,0,0,0.46
13,"Harrison",35.0150622305,-106.673722917,2003-09-01,9,2003,0.15,3.47,0,0,0,0,.,.,.,0,0.56,0.45,0.56,.,.,.,.,.,0
13,"Harrison",35.0150622305,-106.673722917,2004-09-01,9,2004,0.16,7.31,0.95,0.62,0,0,.,.,.,0,1.35,1,0.4,.,.,.,.,.,0
13,"Harrison",35.0150622305,-106.673722917,2005-09-01,9,2005,0.08,7.15,0,0,0,0,.,.,.,0,1.33,0.93,2.93,.,.,.,.,.,0
13,"Harrison",35.0150622305,-106.673722917,2006-09-01,9,2006,0.17,4.71,0.04,0.01,0.32,0,.,.,.,0,0.84,0.61,0.34,.,.,.,.,.,0
13,"Harrison",35.0150622305,-106.673722917,2007-09-01,9,2007,4.08,9.09,1.94,0.02,0,0,.,.,.,0,3.46,1.19,10.49,0,0.02,0,.,0,0.02
13,"Harrison",35.0150622305,-106.673722917,2008-09-01,9,2008,1.01,9.08,1.32,0.01,0.01,0,.,.,.,0,2.32,1.18,3.32,0,0.01,0.38,.,0,0.05
13,"Harrison",35.0150622305,-106.673722917,2009-09-01,9,2009,0.02,9.32,1.88,0,0,0,.,.,.,0,2.19,1.21,0.78,0,0,0.01,.,3.55,0.51
13,"Harrison",35.0150622305,-106.673722917,2010-09-01,9,2010,0.92,13.47,0.16,0.01,0,0,.,.,.,0,2.25,1.75,0.46,0,0,0.09,.,0,0.01
13,"Harrison",35.0150622305,-106.673722917,2011-09-01,9,2011,0.23,0.09,8.69,0.02,0.09,0,.,.,.,0,1.9,0.02,4.23,0,0,0.15,.,0,0.03
13,"Harrison",35.0150622305,-106.673722917,2012-09-01,9,2012,0.24,0.65,5.86,0,0.01,0,.,.,.,0,1.52,0.09,1.56,0.01,0.01,1.77,.,0,0.35
13,"Harrison",35.0150622305,-106.673722917,2013-09-01,9,2013,0.03,2.4,1.71,0,0,0,.,.,.,0,8.67,0.31,61.69,0,0,0.08,.,0.02,0.02
13,"Harrison",35.0150622305,-106.673722917,2014-09-01,9,2014,0.52,1.16,5.73,0,0,0,.,.,.,0,1.22,0.15,0.04,0.01,0.01,0.26,.,0,0.09
13,"Harrison",35.0150622305,-106.673722917,2015-09-01,9,2015,17.55,3.19,8.24,0.01,0.62,0.02,.,.,.,0,4.68,0.41,4.01,0,0.08,0,.,0.38,0.11
13,"Harrison",35.0150622305,-106.673722917,2016-09-01,9,2016,0.26,1.7,11.25,0,0.71,0,.,.,.,0,2.24,0.22,1.7,0.09,0,1.25,0,0,0.16
13,"Harrison",35.0150622305,-106.673722917,2017-09-01,9,2017,18.93,1.25,9.69,0,0.62,0.01,.,.,.,0,7.13,0.16,23.26,0,0,0.32,0,0,0.04
13,"Harrison",35.0150622305,-106.673722917,2018-09-01,9,2018,0.06,3.55,3.77,0.23,0,1.71,.,.,.,0,2.18,0.6,2.26,0.03,0.04,0.06,0,0.01,0.15
13,"Harrison",35.0150622305,-106.673722917,2019-09-01,9,2019,1.35,0.63,2.87,0,0.26,0,.,.,.,0,1.02,0.08,1.27,0.02,0,0.38,0,0,0.06
13,"Harrison",35.0150622305,-106.673722917,2020-09-01,9,2020,9.25,0.46,7.79,0,0.02,0,.,.,.,0,2.94,0.06,1.16,0.49,0.01,0.55,0,0,0.15
13,"Harrison",35.0150622305,-106.673722917,2021-09-01,9,2021,0.66,1.19,12.85,0,0.42,0.24,.,.,.,0,2.26,0.16,0.43,0.03,0.01,0.1,0,0,0.02
13,"Harrison",35.0150622305,-106.673722917,2022-09-01,9,2022,1.41,0.3,12.25,0,0.39,0,.,.,.,0,2.21,0.04,1.49,0.11,0,0.24,0,0,0.05
13,"Harrison",35.0150622305,-106.673722917,2023-09-01,9,2023,4.16,0,6.17,0,1.31,0,0,1.04,0,0,2.72,0.14,7.66,0.13,0,0.16,0,0,0.04
13,"Harrison",35.0150622305,-106.673722917,2024-09-01,9,2024,2.49,.,10.6,0,1.73,0,0,0.64,0,0,2.78,0.07,2.87,0.35,0,0.01,0,0,0.04
13,"Harrison",35.0150622305,-106.673722917,2003-10-01,10,2003,0.32,16.46,7.63,0.01,0,0,.,.,.,0,3.36,2.14,0.21,.,.,.,.,.,0
13,"Harrison",35.0150622305,-106.673722917,2004-10-01,10,2004,0.46,8.7,0.01,0,0.79,0,.,.,.,0,1.56,1.13,0.36,.,.,.,.,.,0.03
13,"Harrison",35.0150622305,-106.673722917,2005-10-01,10,2005,0.04,5.56,0.54,0.03,0,0,.,.,.,0,1.04,0.74,0.45,.,.,.,.,.,0.03
13,"Harrison",35.0150622305,-106.673722917,2006-10-01,10,2006,7.31,18.4,1.49,0.65,0.02,0,.,.,.,0,4.03,2.39,2.1,.,.,.,.,.,0.01
13,"Harrison",35.0150622305,-106.673722917,2007-10-01,10,2007,8.22,34.1,3.1,1.45,0,0,.,.,.,0,6.42,4.5,0.7,0,0,0.17,.,0,0.03
13,"Harrison",35.0150622305,-106.673722917,2008-10-01,10,2008,10.18,26.77,4.03,0.02,0.01,0,.,.,.,0,5.68,3.48,0.78,0,0.01,0.32,.,0,0.11
13,"Harrison",35.0150622305,-106.673722917,2009-10-01,10,2009,2.86,30.78,6.7,0.7,0.19,0,.,.,.,0,6.38,4,0.57,0,0.01,2.16,.,0,0.7
13,"Harrison",35.0150622305,-106.673722917,2010-10-01,10,2010,2.32,11.69,3.25,0.09,0,0,.,.,.,0,2.35,1.52,0.1,0,0,0.16,.,0,0.03
13,"Harrison",35.0150622305,-106.673722917,2011-10-01,10,2011,1.08,6.08,13.32,0.39,0.09,0,.,.,.,0,4.4,1.54,0.47,0,0.08,6.16,.,0,0.81
13,"Harrison",35.0150622305,-106.673722917,2012-10-01,10,2012,0.88,2.56,7.48,0.01,0.38,0,.,.,.,0,1.74,0.35,0.47,0,0,0.69,.,0,0.11
13,"Harrison",35.0150622305,-106.673722917,2013-10-01,10,2013,1.33,2.71,4.56,0,0.02,0,.,.,.,0,1.67,0.35,0.56,0.01,0,0.92,.,0,0.25
13,"Harrison",35.0150622305,-106.673722917,2014-10-01,10,2014,10.25,11.85,4.64,0,0.09,0,.,.,.,0,3.9,1.86,0.09,0.01,0,0.24,.,0,0.03
13,"Harrison",35.0150622305,-106.673722917,2015-10-01,10,2015,51.7,10.39,15.03,0,0.26,0,.,.,.,0,11.3,1.35,2.34,0.7,0,3.47,.,0,0.63
13,"Harrison",35.0150622305,-106.673722917,2016-10-01,10,2016,14.85,12.23,16.78,0.02,1.32,0,.,.,.,0,8.05,1.59,1.23,0.15,0,14,0,0,1.84
13,"Harrison",35.0150622305,-106.673722917,2017-10-01,10,2017,6.61,3.26,3.16,0,0.27,0,.,.,.,0,3.34,1.22,3.42,0,0,0.01,0,0,0
13,"Harrison",35.0150622305,-106.673722917,2018-10-01,10,2018,3.63,4.26,13.78,0.02,1.01,0,.,.,.,0,3.76,0.55,0.16,0,0.01,0.78,0.23,0,0.13
13,"Harrison",35.0150622305,-106.673722917,2019-10-01,10,2019,2.23,1.59,5.02,0.02,1.55,0,.,.,.,0,1.57,0.21,0.52,0.02,0.01,0.09,0.01,0,0.02
13,"Harrison",35.0150622305,-106.673722917,2021-10-01,10,2021,9.15,5.41,10.32,0.02,1.4,0,.,.,.,0,3.95,0.7,1.56,0.11,0.01,0.96,0,0,0.14
13,"Harrison",35.0150622305,-106.673722917,2022-10-01,10,2022,7.15,2.1,10.77,0,0.71,0,.,.,.,0,3.05,0.27,2.12,0.02,0.02,0.16,0,0,0.04
13,"Harrison",35.0150622305,-106.673722917,2023-10-01,10,2023,9.23,0,7.7,0.01,1.39,0,0,1.65,0,0,3.23,0.21,3.35,0.03,0.01,0.62,0,0,0.09
13,"Harrison",35.0150622305,-106.673722917,2003-11-01,11,2003,5.54,20.93,0,0,0,0,.,.,.,0,4.27,2.72,3.79,.,.,.,.,.,0
13,"Harrison",35.0150622305,-106.673722917,2004-11-01,11,2004,3.23,27.31,1.01,4.49,0.08,0,.,.,.,0,5.06,3.73,0.19,.,.,.,.,.,0
13,"Harrison",35.0150622305,-106.673722917,2005-11-01,11,2005,6.17,37.01,2.55,4.1,0.01,0,.,.,.,0,6.76,4.89,0.48,.,.,.,.,.,0.05
13,"Harrison",35.0150622305,-106.673722917,2006-11-01,11,2006,8.23,58.69,0,2.7,0,0,.,.,.,0,9.35,7.63,0.7,.,.,.,.,.,0.11
13,"Harrison",35.0150622305,-106.673722917,2007-11-01,11,2007,10.55,38.47,12.54,1.32,0.56,0,.,.,.,0,8.73,5.11,1.03,0,0.09,0,.,0,0.09
13,"Harrison",35.0150622305,-106.673722917,2008-11-01,11,2008,15.92,25.85,8.55,2.78,1.11,0,.,.,.,0,7.96,3.46,3.95,0,0,0.92,.,0.01,0.14
13,"Harrison",35.0150622305,-106.673722917,2009-11-01,11,2009,8.16,19.16,5.32,2.09,0.24,0,.,.,.,0,4.85,2.51,0.11,0,0,1.15,.,0,0.15
13,"Harrison",35.0150622305,-106.673722917,2010-11-01,11,2010,24,36.92,9.16,3,1.43,0,.,.,.,0,10.02,4.8,0.71,0.01,0.01,0.32,.,0,0.05
13,"Harrison",35.0150622305,-106.673722917,2011-11-01,11,2011,31.92,28.54,10.69,1.39,0.85,0,.,.,.,0,10.96,3.71,4.02,0,4.77,0.63,.,0,0.72
13,"Harrison",35.0150622305,-106.673722917,2012-11-01,11,2012,27.23,14.92,5.56,0.02,1.85,0,.,.,.,0,6.91,1.97,1.33,0,0.01,0,.,0,0.04
13,"Harrison",35.0150622305,-106.673722917,2013-11-01,11,2013,50.34,16.67,8.56,0.03,0.96,0,.,.,.,0.01,10.49,2.21,0.81,0,0,0.03,.,0,0.06
13,"Harrison",35.0150622305,-106.673722917,2014-11-01,11,2014,113.09,14.03,6.62,0.01,1.21,0,.,.,.,0,23.26,1.82,41.62,0,0,0,.,0,0.16
13,"Harrison",35.0150622305,-106.673722917,2015-11-01,11,2015,61.31,12.48,8.8,0.09,2.41,0,.,.,.,0,11.76,1.62,4.11,0.02,0.02,0.02,.,0,0.01
13,"Harrison",35.0150622305,-106.673722917,2016-11-01,11,2016,44.38,16.48,3.92,0.01,1.08,0,.,.,.,0,9.24,2.44,1.4,0,0,0,0,0,0
13,"Harrison",35.0150622305,-106.673722917,2017-11-01,11,2017,109.54,17.31,18.39,0,4.48,0,.,.,.,0,22.07,2.89,9.24,0,0,0.23,0,0,0.32
13,"Harrison",35.0150622305,-106.673722917,2018-11-01,11,2018,79.46,10.09,9.32,0.03,6.79,0,.,.,.,0,14.67,1.31,3.33,0.05,0,2.08,0,0,0.28
13,"Harrison",35.0150622305,-106.673722917,2019-11-01,11,2019,88.31,30.08,18.31,0.04,6.57,0,.,.,.,0.01,21.06,3.91,6.55,9.81,0.01,0.24,0,0,1.36
13,"Harrison",35.0150622305,-106.673722917,2020-11-01,11,2020,135.08,12.54,19,0.5,6.24,0.01,.,.,.,0,24.16,1.64,8.18,0.38,0,0.02,0,0,0.06
13,"Harrison",35.0150622305,-106.673722917,2021-11-01,11,2021,64.85,9.54,19.39,0.13,5.1,0,.,.,.,0.08,13.47,1.24,2.42,0.1,0.08,1.32,0,0,0.2
13,"Harrison",35.0150622305,-106.673722917,2022-11-01,11,2022,125.23,6.46,17.39,0.04,20.19,0,.,.,.,0,24.31,0.84,15.16,0.17,0,0.87,0,0,0.14
13,"Harrison",35.0150622305,-106.673722917,2023-11-01,11,2023,75,17.08,17.54,0.18,11.17,0,17.08,0,0,0,17.23,2.22,9.03,0.41,0.1,0.25,0,0,0.1
13,"Harrison",35.0150622305,-106.673722917,2024-11-01,11,2024,49.69,.,9.46,0.02,8.41,0,0,7.85,0,0,12.47,1.02,8.39,0.72,0,0.17,0,0,0.12
13,"Harrison",35.0150622305,-106.673722917,2003-12-01,12,2003,0.92,3.02,0,0,0,0,.,.,.,0,1.25,0.39,1.78,.,.,.,.,.,0
13,"Harrison",35.0150622305,-106.673722917,2004-12-01,12,2004,0.69,3.7,1.46,0.09,0,0,.,.,.,0,0.96,0.57,0.08,.,.,.,.,.,0.09
13,"Harrison",35.0150622305,-106.673722917,2005-12-01,12,2005,1.54,11,4.92,0.78,0,0,.,.,.,0,3.43,1.44,7.69,.,.,.,.,.,0
13,"Harrison",35.0150622305,-106.673722917,2006-12-01,12,2006,0.55,2.96,2.1,0,0.01,0,.,.,.,0,0.88,0.41,0.25,.,.,.,.,.,0.02
13,"Harrison",35.0150622305,-106.673722917,2007-12-01,12,2007,2.78,4.71,9.23,1.02,0,0,.,.,.,0,2.5,0.61,0.32,0,0,0.31,.,0,0.04
13,"Harrison",35.0150622305,-106.673722917,2008-12-01,12,2008,3.47,7.46,12.15,0.02,0.16,0.08,.,.,.,0,5.01,0.99,9.87,0.01,0,2.01,.,0.54,0.35
13,"Harrison",35.0150622305,-106.673722917,2009-12-01,12,2009,13.08,5.65,10.69,1.55,0,0,.,.,.,0,6.26,0.75,2.18,0,0.17,9,.,0,1.19
13,"Harrison",35.0150622305,-106.673722917,2010-12-01,12,2010,14.55,7.32,14.23,0.77,0.55,0,.,.,.,0,5.19,0.97,1.32,0,0,0.17,.,0,0.02
13,"Harrison",35.0150622305,-106.673722917,2011-12-01,12,2011,11.15,13.16,14.33,1.16,0.01,0,.,.,.,0,6.87,1.89,5.86,0,0.23,4.7,.,0,0.66
13,"Harrison",35.0150622305,-106.673722917,2012-12-01,12,2012,24.19,4.12,5.32,0.45,0.02,0,.,.,.,0,4.72,0.55,0.11,0,0,0.34,.,0,0.18
13,"Harrison",35.0150622305,-106.673722917,2013-12-01,12,2013,14.24,2.26,6.16,3.32,0.08,0,.,.,.,0,3.65,0.3,0.27,0,0,0.7,.,0,0.12
13,"Harrison",35.0150622305,-106.673722917,2014-12-01,12,2014,24.31,4.46,15.94,0.17,1.08,0,.,.,.,0,6.17,0.6,0.64,0,0,0.08,.,0.01,0.03
13,"Harrison",35.0150622305,-106.673722917,2015-12-01,12,2015,24.93,2.26,22.93,0.26,2.16,0,.,.,.,0,7.18,0.3,0.1,0.15,0,0.02,.,0,0.07
13,"Harrison",35.0150622305,-106.673722917,2016-12-01,12,2016,39.5,2.16,22.82,0.03,2.51,0,.,.,.,0,9.39,0.28,0.27,0.01,0.01,1.29,0,0,0.16
13,"Harrison",35.0150622305,-106.673722917,2017-12-01,12,2017,28.77,1.19,7.31,0.01,0.11,0,.,.,.,0,5.5,0.17,1.26,0,0,1.88,0,0,0.25
13,"Harrison",35.0150622305,-106.673722917,2018-12-01,12,2018,41.54,1.25,9.93,0.1,0.57,0,.,.,.,0,7.51,0.16,2.69,0.02,0,0.62,0,0,0.09
13,"Harrison",35.0150622305,-106.673722917,2019-12-01,12,2019,64.85,0.53,12.55,0.04,0.23,0.01,.,.,.,0,10.44,0.07,0.31,0.01,0,0.69,0,0,0.09
13,"Harrison",35.0150622305,-106.673722917,2020-12-01,12,2020,13.23,2.32,11.85,0.04,0.18,0,.,.,.,0,3.79,0.3,0.66,0.02,0,0.02,0,0,0.01
13,"Harrison",35.0150622305,-106.673722917,2021-12-01,12,2021,55.81,1.56,14.36,0.37,0.78,0,.,.,.,0,9.84,0.2,1.92,0.09,0.01,0.31,0,0,0.06
13,"Harrison",35.0150622305,-106.673722917,2022-12-01,12,2022,32.24,0.05,10.69,0.06,1.17,1.85,.,.,.,0.01,7.04,0.01,0.95,0.09,0,0.86,0,0,0.13
13,"Harrison",35.0150622305,-106.673722917,2023-12-01,12,2023,89.38,0,13.23,0.36,1.69,0,0,1.95,0,0,14.42,0.25,3.57,0.02,0.02,0.32,0,0,0.05
13,"Harrison",35.0150622305,-106.673722917,2024-12-01,12,2024,33.46,.,7.63,0.19,2.7,0,0,1.39,0,0,6.41,0.18,3.19,0.01,0,0.08,0,0,0.02
14,"Sevilleta",34.2586573236,-106.883372761,2004-01-01,1,2004,7.64,0.03,0.3,0.24,0,0,.,.,.,0.01,1.35,0,1.73,.,.,.,.,.,0.02
14,"Sevilleta",34.2586573236,-106.883372761,2005-01-01,1,2005,6.32,0.1,1.32,0.37,0,0,.,.,.,0,1.86,0.02,4.71,.,.,.,.,.,0.06
14,"Sevilleta",34.2586573236,-106.883372761,2006-01-01,1,2006,4.24,0.02,0.96,0.18,0,0,.,.,.,0,0.95,0,1.7,.,.,.,.,.,0
14,"Sevilleta",34.2586573236,-106.883372761,2007-01-01,1,2007,10.17,0.44,0.63,0.27,0,0,.,.,.,0,2.03,0.06,2.69,.,.,.,.,.,0.04
14,"Sevilleta",34.2586573236,-106.883372761,2008-01-01,1,2008,6.92,0,0.49,0,0,0,.,.,.,0,1.3,0,2.25,0,0,0,.,0,0
14,"Sevilleta",34.2586573236,-106.883372761,2009-01-01,1,2009,5.08,0,0.71,0.1,0,0,.,.,.,0,0.94,0,0.12,0.01,0,0,.,0,0
14,"Sevilleta",34.2586573236,-106.883372761,2010-01-01,1,2010,7.09,0.1,1.65,1.04,0,0,.,.,.,0,1.52,0.01,0.03,0.1,0,1.21,.,0,0.17
14,"Sevilleta",34.2586573236,-106.883372761,2011-01-01,1,2011,3.69,0.08,2.39,1.33,0,0,.,.,.,0,1.39,0.01,1.25,0.55,0,0,.,0,0.07
14,"Sevilleta",34.2586573236,-106.883372761,2012-01-01,1,2012,4.54,0,0.3,0.49,0.08,0,.,.,.,0,0.83,0,0.49,0,0,0,.,0,0
14,"Sevilleta",34.2586573236,-106.883372761,2013-01-01,1,2013,34.54,0.08,1.39,3.03,0,0,.,.,.,0.01,5.35,0.01,1.57,0.01,0,0.01,.,0,0
14,"Sevilleta",34.2586573236,-106.883372761,2014-01-01,1,2014,12.24,0.02,1.64,2.64,0,0,.,.,.,0.01,2.78,0,3.79,0,0,0,.,0,0
14,"Sevilleta",34.2586573236,-106.883372761,2015-01-01,1,2015,6.4,0,0.56,2.42,0,0,.,.,.,0,1.69,0,3.19,0.01,0,0,.,0,0
14,"Sevilleta",34.2586573236,-106.883372761,2016-01-01,1,2016,5.86,0.01,1.96,1.28,0,0,.,.,.,0,1.43,0,0.82,0.01,0,0,.,0,0
14,"Sevilleta",34.2586573236,-106.883372761,2017-01-01,1,2017,17.03,0.01,2.57,0.35,0,0,.,.,.,0,57.09,0,418.47,0.02,0,0.01,0,0,0
14,"Sevilleta",34.2586573236,-106.883372761,2018-01-01,1,2018,40.69,0,3.96,7.34,0,0,.,.,.,0,7.11,0.05,1.74,0,0,0,0,0,0
14,"Sevilleta",34.2586573236,-106.883372761,2019-01-01,1,2019,5.16,0.01,1.1,0.35,0,0,.,.,.,0,0.97,0,0.16,0.16,0.01,0,0,0,0.02
14,"Sevilleta",34.2586573236,-106.883372761,2020-01-01,1,2020,3.55,0,0.33,0.9,0,0,.,.,.,0,0.74,0,0.12,0.02,0,0,0,0,0
14,"Sevilleta",34.2586573236,-106.883372761,2021-01-01,1,2021,5.39,0.01,1.09,0.59,0,0,.,.,.,0,1.76,0,4.63,0.02,0,1,0,0,0.13
14,"Sevilleta",34.2586573236,-106.883372761,2022-01-01,1,2022,8,0,0.72,1.88,0,0,.,.,.,0.02,2.25,0,6.25,0.02,0,0,0,0,0
14,"Sevilleta",34.2586573236,-106.883372761,2023-01-01,1,2023,12,.,2.4,3.11,0,0,.,.,0,0,2.64,0,1.95,0.02,0,0.01,0,0,0.01
14,"Sevilleta",34.2586573236,-106.883372761,2024-01-01,1,2024,32.92,.,4.32,2.88,0,0,0,0,0,0,5.95,0,2.56,0.02,0,1.55,0,0,0.21
14,"Sevilleta",34.2586573236,-106.883372761,2004-02-01,2,2004,5.38,0.01,0,0.13,0,0,.,.,.,0.02,0.83,0,0.73,.,.,.,.,.,0
14,"Sevilleta",34.2586573236,-106.883372761,2005-02-01,2,2005,0.54,0,0.12,0.01,0,0,.,.,.,0,0.11,0,0.09,.,.,.,.,.,0
14,"Sevilleta",34.2586573236,-106.883372761,2006-02-01,2,2006,1.24,0.01,0.11,0.02,0,0,.,.,.,0,0.25,0,0.2,.,.,.,.,.,0.01
14,"Sevilleta",34.2586573236,-106.883372761,2007-02-01,2,2007,2.63,0.01,0.49,0.03,0,0,.,.,.,0,0.61,0,0.97,.,.,.,.,.,0.04
14,"Sevilleta",34.2586573236,-106.883372761,2008-02-01,2,2008,8.86,0.02,0.43,0.87,0,0,.,.,.,0,1.81,0,2.86,0.23,0,0.08,.,0,0.04
14,"Sevilleta",34.2586573236,-106.883372761,2009-02-01,2,2009,2.62,0.01,0.49,0.96,0,0,.,.,.,0,0.72,0,1.03,0,0,0,.,0,0
14,"Sevilleta",34.2586573236,-106.883372761,2010-02-01,2,2010,7.55,0.25,0.94,0.48,0,0,.,.,.,0,1.73,0.03,1.73,1.08,0.01,0,.,0,0.14
14,"Sevilleta",34.2586573236,-106.883372761,2011-02-01,2,2011,4.7,0,0.49,0.19,0,0,.,.,.,0,1.85,0,8.25,0.01,0,0.01,.,0,0.07
14,"Sevilleta",34.2586573236,-106.883372761,2012-02-01,2,2012,12.85,0,0.28,1.1,0,0,.,.,.,0,2.24,0,2.16,0.02,0,0.01,.,0.01,0
14,"Sevilleta",34.2586573236,-106.883372761,2013-02-01,2,2013,21.78,0.02,0.06,1.56,0,0,.,.,.,0,3.18,0,0.7,0.01,0,0.08,.,0,0.01
14,"Sevilleta",34.2586573236,-106.883372761,2014-02-01,2,2014,5.62,0,0.06,0.13,0,0,.,.,.,0,0.83,0,0.02,0,0,0,.,0,0
14,"Sevilleta",34.2586573236,-106.883372761,2015-02-01,2,2015,0.94,0.01,0.02,0,0,0,.,.,.,0,0.26,0,0.69,0,0,0,.,0,0
14,"Sevilleta",34.2586573236,-106.883372761,2016-02-01,2,2016,6.79,0.01,0.03,0.59,0,0,.,.,.,0,1.29,0,1.58,0.01,0,0,.,0,0
14,"Sevilleta",34.2586573236,-106.883372761,2017-02-01,2,2017,2.92,0,0.1,0.04,0,0,.,.,.,0,1.57,0,8.85,0.01,0,0,0,0,0
14,"Sevilleta",34.2586573236,-106.883372761,2018-02-01,2,2018,20.08,0.01,0.32,2.41,0,0,.,.,.,0,3.09,0,0.73,0,0,0,0,0,0
14,"Sevilleta",34.2586573236,-106.883372761,2019-02-01,2,2019,24.78,0,0.81,4.87,0,0,.,.,.,0,5.16,0,8.01,0.02,0.02,0,0,0,0
14,"Sevilleta",34.2586573236,-106.883372761,2020-02-01,2,2020,4.85,0,0.12,0.19,0,0,.,.,.,0,0.75,0,0.04,0.02,0,0,0,0,0
14,"Sevilleta",34.2586573236,-106.883372761,2021-02-01,2,2021,15.41,0.01,1.17,1.03,0,0,.,.,.,0,3.02,0,4.88,0.01,0,0.01,0,0,0
14,"Sevilleta",34.2586573236,-106.883372761,2022-02-01,2,2022,1.09,0,0.03,0.05,0,0,.,.,.,0,0.24,0,0.49,0,0,0.02,0,0,0
14,"Sevilleta",34.2586573236,-106.883372761,2023-02-01,2,2023,1.41,.,0.36,1.41,0,0,.,.,0,0,0.51,0,0.19,0.01,0,0,0,0,0
14,"Sevilleta",34.2586573236,-106.883372761,2024-02-01,2,2024,11.15,.,0.93,0.78,0,0,0,0,0,0,1.92,0,1.33,0.03,0,0.09,0,0,0.02
14,"Sevilleta",34.2586573236,-106.883372761,2004-03-01,3,2004,1.62,0.01,0.02,0.08,0,0,.,.,.,0,2.72,0,18.95,.,.,.,.,.,0
14,"Sevilleta",34.2586573236,-106.883372761,2005-03-01,3,2005,1.32,0.01,0.11,0.09,0,0,.,.,.,0,0.2,0,0.02,.,.,.,.,.,0
14,"Sevilleta",34.2586573236,-106.883372761,2006-03-01,3,2006,0.86,0,0.12,0.28,0,0,.,.,.,0,0.86,0,4.56,.,.,.,.,.,0.02
14,"Sevilleta",34.2586573236,-106.883372761,2007-03-01,3,2007,3.55,0.02,0.26,0.19,0,0,.,.,.,0,1.05,0,3.32,.,.,.,.,.,0
14,"Sevilleta",34.2586573236,-106.883372761,2008-03-01,3,2008,2.93,0.02,0.06,0.05,0,0,.,.,.,0,1.02,0,4.65,0,0,0.01,.,0,0
14,"Sevilleta",34.2586573236,-106.883372761,2009-03-01,3,2009,1.7,0.08,0.24,0.19,0,0,.,.,.,0,0.35,0.01,0.4,0,0,0,.,0,0
14,"Sevilleta",34.2586573236,-106.883372761,2010-03-01,3,2010,11.31,0.01,0.72,0.65,0,0,.,.,.,0,1.77,0,0.16,0,0,0.01,.,0,0
14,"Sevilleta",34.2586573236,-106.883372761,2011-03-01,3,2011,8.32,0.01,0.63,1.11,0,0,.,.,.,0,1.6,0,1.56,0.16,0,0.01,.,0,0.02
14,"Sevilleta",34.2586573236,-106.883372761,2012-03-01,3,2012,1.3,0,0.1,1.15,0,0,.,.,.,0,0.56,0,1.22,0.03,0,0,.,0,0
14,"Sevilleta",34.2586573236,-106.883372761,2013-03-01,3,2013,3.77,0,0.04,0.32,0,0,.,.,.,0,0.74,0,1.19,0.01,0,0,.,0,0
14,"Sevilleta",34.2586573236,-106.883372761,2014-03-01,3,2014,3.56,0,0.03,0.6,0,0,.,.,.,0,0.83,0,1.71,0,0,0,.,0,0
14,"Sevilleta",34.2586573236,-106.883372761,2015-03-01,3,2015,4.86,0,0.01,0.71,0,0,.,.,.,0,0.84,0,0.33,0,0,0.08,.,0,0.01
14,"Sevilleta",34.2586573236,-106.883372761,2016-03-01,3,2016,5,0,0.04,0.13,0,0,.,.,.,0,0.81,0,0.87,0,0,0,.,0,0
14,"Sevilleta",34.2586573236,-106.883372761,2017-03-01,3,2017,1.81,0,0.02,0.2,0,0,.,.,.,0,8.76,0,64.12,0.02,0,0,0,0,0
14,"Sevilleta",34.2586573236,-106.883372761,2018-03-01,3,2018,8.78,0,0.55,2.33,0.01,0,.,.,.,0,2.01,0,3.38,0,0,0,0,0,0
14,"Sevilleta",34.2586573236,-106.883372761,2019-03-01,3,2019,5.09,0.05,0.28,2.82,0,0,.,.,.,0.01,3.9,0.01,20.02,0.02,0.01,0,0,0,0
14,"Sevilleta",34.2586573236,-106.883372761,2020-03-01,3,2020,2.86,0,0.02,0.19,0,0,.,.,.,0,0.55,0,0.72,0,0,0,0,0,0
14,"Sevilleta",34.2586573236,-106.883372761,2021-03-01,3,2021,5.71,0.09,0.62,2.18,0,0,.,.,.,0,3.91,0.01,20.55,0.1,0.01,0,0,0.01,0.04
14,"Sevilleta",34.2586573236,-106.883372761,2022-03-01,3,2022,9.94,0,0.56,2.8,0,0,.,.,.,0,2.14,0,2.64,0.01,0,0.08,0,0,0.01
14,"Sevilleta",34.2586573236,-106.883372761,2023-03-01,3,2023,7.7,.,1.47,1.1,0,0,.,.,0,0,3.09,0,13.15,0.15,0,0,0,0,0.02
14,"Sevilleta",34.2586573236,-106.883372761,2024-03-01,3,2024,6.85,.,0.71,0.72,0,0.01,0,0.01,0,0,2.97,0,12.54,0.19,0,0.38,0,0,0.08
14,"Sevilleta",34.2586573236,-106.883372761,2004-04-01,4,2004,0.77,0,0.02,0,0,0,.,.,.,0,0.55,0,1.85,.,.,.,.,.,0.17
14,"Sevilleta",34.2586573236,-106.883372761,2005-04-01,4,2005,2.26,0.01,0.42,0.19,0,0,.,.,.,0,1.52,0,5.26,.,.,.,.,.,0.35
14,"Sevilleta",34.2586573236,-106.883372761,2006-04-01,4,2006,5.56,0,0.19,0.16,0,0,.,.,.,0,1.82,0,1.17,.,.,.,.,.,0.88
14,"Sevilleta",34.2586573236,-106.883372761,2007-04-01,4,2007,0.64,0,0.04,0.02,0,0,.,.,.,0,1.34,0,2.02,6.16,0,0.02,.,0,0.8
14,"Sevilleta",34.2586573236,-106.883372761,2008-04-01,4,2008,1.62,0.01,0.25,0.02,0,0,.,.,.,0,0.56,0,0.56,0.94,0.01,0.01,.,0.39,0.18
14,"Sevilleta",34.2586573236,-106.883372761,2009-04-01,4,2009,7.8,0,0.04,0.18,0,0,.,.,.,0,2.2,0,5.17,2.48,0,0,.,0,0.32
14,"Sevilleta",34.2586573236,-106.883372761,2010-04-01,4,2010,7.55,0.17,0.79,0.34,0,0,.,.,.,0.01,4.58,0.02,23.15,1.32,0,0.57,.,0.01,0.25
14,"Sevilleta",34.2586573236,-106.883372761,2011-04-01,4,2011,4.17,0,0.88,0.79,0,0,.,.,.,0,3.06,0,5.86,10.92,0,0,.,0,1.42
14,"Sevilleta",34.2586573236,-106.883372761,2012-04-01,4,2012,2.56,0,0.1,1.02,0,0,.,.,.,0,1.44,0,2.62,4.15,0,0,.,0,0.54
14,"Sevilleta",34.2586573236,-106.883372761,2013-04-01,4,2013,1.4,0,0.11,0.4,0,0,.,.,.,0,0.63,0,1.09,1.09,0,0,.,0,0.14
14,"Sevilleta",34.2586573236,-106.883372761,2014-04-01,4,2014,3.08,0.01,0.04,0.33,0,0,.,.,.,0,1.04,0,0.66,2.94,0,0,.,0,0.38
14,"Sevilleta",34.2586573236,-106.883372761,2015-04-01,4,2015,5.55,0.01,0.03,3.49,0,0,.,.,.,0,2.41,0,0.96,8.01,0,0.01,.,0,1.04
14,"Sevilleta",34.2586573236,-106.883372761,2016-04-01,4,2016,3.55,0,0.02,0.64,0,0,.,.,.,0,2.53,0,4.11,10.08,0,0,.,0,0
14,"Sevilleta",34.2586573236,-106.883372761,2017-04-01,4,2017,0.53,0,0,0.02,0,0,.,.,.,0,1.97,0,2.67,11.37,0,0,0,0,0
14,"Sevilleta",34.2586573236,-106.883372761,2018-04-01,4,2018,3.15,0,0.1,1.39,0,0.01,.,.,.,0,3.09,0,4.32,12.46,0,0,0,0,1.73
14,"Sevilleta",34.2586573236,-106.883372761,2019-04-01,4,2019,2.79,0,0.03,0.56,0,0,.,.,.,0,4.43,0,16.46,12.85,0,0,0,0,1.67
14,"Sevilleta",34.2586573236,-106.883372761,2020-04-01,4,2020,1.8,0,0.04,1.34,0,0,.,.,.,0.01,2.66,0,2.25,13.47,0,0,0.01,0,1.75
14,"Sevilleta",34.2586573236,-106.883372761,2021-04-01,4,2021,1.85,0,0.03,0.28,0,0,.,.,.,0,3.38,0,18.02,5.08,0,0.05,0,0.01,0.67
14,"Sevilleta",34.2586573236,-106.883372761,2022-04-01,4,2022,4.72,0,0.19,1.32,0,0,.,.,.,0,3.64,0,8.02,12.85,0,0.09,0.02,0.02,1.69
14,"Sevilleta",34.2586573236,-106.883372761,2023-04-01,4,2023,1.49,0,0.19,0.35,0,0,0,0,0,0,1.68,0,6.79,2.86,0,0,0.02,0,0.37
14,"Sevilleta",34.2586573236,-106.883372761,2024-04-01,4,2024,3.64,.,0.27,0.56,0,0,0,0,0,0,6.51,0,24.32,19.62,0,0.08,0.02,0,2.56
14,"Sevilleta",34.2586573236,-106.883372761,2004-05-01,5,2004,0.68,0.05,0.32,0.37,0,0,.,.,.,0,1.68,0.01,5.88,.,.,.,.,.,0.69
14,"Sevilleta",34.2586573236,-106.883372761,2005-05-01,5,2005,4.86,0.01,0.32,0.02,0,0,.,.,.,0,2.17,0,2.87,.,.,.,.,.,1.02
14,"Sevilleta",34.2586573236,-106.883372761,2006-05-01,5,2006,5.56,0.01,2.23,0.18,0,0,.,.,.,0,4.62,0,16.47,.,.,.,.,.,1.34
14,"Sevilleta",34.2586573236,-106.883372761,2007-05-01,5,2007,6.78,0.01,0.95,0.04,0,0,.,.,.,0,3.23,0,8.56,3.24,0.02,3.63,.,0,0.94
14,"Sevilleta",34.2586573236,-106.883372761,2008-05-01,5,2008,3.54,0.01,1.49,0.64,0,0,.,.,.,0,3.51,0,8.48,7.93,0.02,3.1,.,0.01,1.44
14,"Sevilleta",34.2586573236,-106.883372761,2009-05-01,5,2009,2.16,0.01,0.24,0.01,0,0,.,.,.,0,2.92,0,3.09,8.93,0,7.08,.,0,2.08
14,"Sevilleta",34.2586573236,-106.883372761,2010-05-01,5,2010,4.63,0.01,2.79,0.48,0,0,.,.,.,0,5.63,0,19.23,9.93,0.08,3.79,.,0.18,1.82
14,"Sevilleta",34.2586573236,-106.883372761,2011-05-01,5,2011,9.78,0,5.96,2.02,0,0,.,.,.,0,4.93,0,6.79,6.32,0,2.49,.,0,1.15
14,"Sevilleta",34.2586573236,-106.883372761,2012-05-01,5,2012,2.46,0,0.35,0.5,0,0,.,.,.,0,1.93,0,7.32,3.24,0,0.09,.,0.02,0.44
14,"Sevilleta",34.2586573236,-106.883372761,2013-05-01,5,2013,4.63,0,1.87,0.86,0,0,.,.,.,0,2.46,0,2.13,6.63,0,0.63,.,0,1.05
14,"Sevilleta",34.2586573236,-106.883372761,2014-05-01,5,2014,38.46,0.86,0,5.85,0,2,.,.,.,0.01,8.86,0.11,1.71,0.31,0,0,.,0,0.17
14,"Sevilleta",34.2586573236,-106.883372761,2015-05-01,5,2015,5.31,0.01,0.19,9.95,0,0,.,.,.,0,3.41,0,6.54,3.33,0.01,0.02,.,0,0.44
14,"Sevilleta",34.2586573236,-106.883372761,2016-05-01,5,2016,3.71,0,0.42,1.11,0,0,.,.,.,0,2.72,0,10.08,4.08,0,0.19,.,0,0.03
14,"Sevilleta",34.2586573236,-106.883372761,2017-05-01,5,2017,0.34,0,0.19,0.7,0,0,.,.,.,0,5.75,0,38.25,4.08,0,0.04,0,0,0
14,"Sevilleta",34.2586573236,-106.883372761,2018-05-01,5,2018,1.23,0,0.24,0.46,0,0.15,.,.,.,0,2.22,0,4.01,9.08,0,1.23,0,0,1.34
14,"Sevilleta",34.2586573236,-106.883372761,2019-05-01,5,2019,4.87,0.09,1.17,1.78,0,0,.,.,.,0,6.63,0.01,26.69,4.63,0,0.42,0,0.02,0.67
14,"Sevilleta",34.2586573236,-106.883372761,2020-05-01,5,2020,5.15,0,0.56,1.41,0,0.54,.,.,.,0,3.48,0,6.17,6.15,0,1.24,0,0,0.96
14,"Sevilleta",34.2586573236,-106.883372761,2021-05-01,5,2021,2.23,0,1.03,0.64,0,0.01,.,.,.,0,2.09,0,4.94,6,0.01,0.56,0,0,0.86
14,"Sevilleta",34.2586573236,-106.883372761,2022-05-01,5,2022,2.86,0,0.56,3.09,0,0.01,.,.,.,0,4.27,0,13.24,12.31,0.08,0.86,0,0,1.75
14,"Sevilleta",34.2586573236,-106.883372761,2023-05-01,5,2023,4.62,0,0.94,0.56,0,0.77,0,0,0,0,4.55,0,12.23,13.63,0,0.72,0,0,1.87
14,"Sevilleta",34.2586573236,-106.883372761,2024-05-01,5,2024,0.13,.,0.95,0.34,0,0.77,0,0,0,0,2.82,0,6.93,4.94,0,2.49,0,0,0.97
14,"Sevilleta",34.2586573236,-106.883372761,2004-06-01,6,2004,4.69,0.02,0.75,0.11,0,0,.,.,.,0,2.33,0,6,.,.,.,.,.,0.71
14,"Sevilleta",34.2586573236,-106.883372761,2005-06-01,6,2005,5,0,1.41,1.63,0,0,.,.,.,0,3.22,0,2.94,.,.,.,.,.,1.55
14,"Sevilleta",34.2586573236,-106.883372761,2006-06-01,6,2006,1.8,0,0.87,0.24,0,0,.,.,.,0,3.24,0,9.62,.,.,.,.,.,1.36
14,"Sevilleta",34.2586573236,-106.883372761,2007-06-01,6,2007,4.53,0,7.37,0.19,0,0,.,.,.,0,3.06,0,3.28,6.33,0.09,0.19,.,0,0.95
14,"Sevilleta",34.2586573236,-106.883372761,2008-06-01,6,2008,5.78,0.01,3.87,0.18,0,0,.,.,.,0.02,2.38,0,2.88,1.09,0.02,0.89,.,1.93,0.56
14,"Sevilleta",34.2586573236,-106.883372761,2009-06-01,6,2009,2,0,3.72,0.08,0,0,.,.,.,0,3.02,0,1.85,13.92,0,0,.,0.62,1.89
14,"Sevilleta",34.2586573236,-106.883372761,2010-06-01,6,2010,5.32,0,3.47,0.12,0,0,.,.,.,0,4.56,0,9.26,9.54,0.02,6.32,.,0.01,2.06
14,"Sevilleta",34.2586573236,-106.883372761,2011-06-01,6,2011,7.69,0,1.66,5.94,0,0.09,.,.,.,0,4.13,0,2.79,12.32,0,0.26,.,0,1.64
14,"Sevilleta",34.2586573236,-106.883372761,2012-06-01,6,2012,1.62,0,1.01,0,0,0,.,.,.,0,2.16,0,4.69,6.71,0,0.31,.,2.23,1.21
14,"Sevilleta",34.2586573236,-106.883372761,2013-06-01,6,2013,18.04,0,0.43,0.58,0.01,0,.,.,.,0,3.31,0,2.04,1.56,0,0.78,.,1.47,0.5
14,"Sevilleta",34.2586573236,-106.883372761,2014-06-01,6,2014,2.32,0,0.57,1.49,0,0,.,.,.,0,5.05,0,25.48,5.09,0,0.01,.,2.92,1.04
14,"Sevilleta",34.2586573236,-106.883372761,2015-06-01,6,2015,7.32,0.01,0.28,1.56,0,0.02,.,.,.,0,1.82,0,3.06,0.34,0.01,0.02,.,0.02,0.05
14,"Sevilleta",34.2586573236,-106.883372761,2016-06-01,6,2016,2.78,0,0.15,4.92,0.01,0.17,.,.,.,0,3.75,0,2.24,17.32,0,0,0,0.05,0.01
14,"Sevilleta",34.2586573236,-106.883372761,2017-06-01,6,2017,3.02,0,1.08,6.71,0,0,.,.,.,0,4.41,0,6.32,14.62,0,0.02,0,0.01,0
14,"Sevilleta",34.2586573236,-106.883372761,2018-06-01,6,2018,3.55,0,0.63,3.01,0,0,.,.,.,0,4.47,0,9.4,15.32,0.01,0.02,0,0,1.99
14,"Sevilleta",34.2586573236,-106.883372761,2019-06-01,6,2019,10.24,0,0.32,4.55,0,0.08,.,.,.,0,4.92,0,11.31,9.86,0.02,0.01,0,0.46,1.35
14,"Sevilleta",34.2586573236,-106.883372761,2020-06-01,6,2020,4.08,0.39,0.34,34.01,0,0.01,.,.,.,1.85,106.74,0.05,774.31,5.01,0.01,0.01,0,0,0.65
14,"Sevilleta",34.2586573236,-106.883372761,2021-06-01,6,2021,4.38,0.01,1.18,1.24,0,0.38,.,.,.,0.02,4.24,0,10.23,11.94,0.02,0.86,0,1.32,1.84
14,"Sevilleta",34.2586573236,-106.883372761,2023-06-01,6,2023,2.92,0,2.49,0.72,0,0.09,0,0,0,0,5.41,0,3,29.25,0,0.49,0,0.38,4.09
14,"Sevilleta",34.2586573236,-106.883372761,2024-06-01,6,2024,0.69,.,1.01,0,0,2.08,0,0,0,0,6.36,0,7.85,29.77,0,0,0,2.92,4.25
14,"Sevilleta",34.2586573236,-106.883372761,2004-07-01,7,2004,2.4,0.17,3.26,1.04,0,0,.,.,.,0,1.8,0.02,4.03,.,.,.,.,.,0.3
14,"Sevilleta",34.2586573236,-106.883372761,2005-07-01,7,2005,5.08,0.01,3.93,0.18,0,0,.,.,.,0.01,2.68,0,3.8,.,.,.,.,.,0.86
14,"Sevilleta",34.2586573236,-106.883372761,2006-07-01,7,2006,0.19,0,1.31,0.63,0,0,.,.,.,0,0.4,0,0.09,.,.,.,.,.,0.06
14,"Sevilleta",34.2586573236,-106.883372761,2007-07-01,7,2007,5.24,0,5.23,1.09,0,0,.,.,.,0,3.67,0,2.09,10.87,0,1.85,.,0.38,1.76
14,"Sevilleta",34.2586573236,-106.883372761,2008-07-01,7,2008,3.77,0,2.39,0.24,0,0,.,.,.,0,2.13,0,6.08,0.56,0,0,.,1.69,0.29
14,"Sevilleta",34.2586573236,-106.883372761,2009-07-01,7,2009,2.62,0,2.39,1.77,0,0,.,.,.,0.08,3.03,0,1.16,15,0,0,.,0,1.95
14,"Sevilleta",34.2586573236,-106.883372761,2010-07-01,7,2010,1.49,0.01,4.62,0.18,0,0,.,.,.,0,3.92,0,1.2,14.7,0,2.32,.,4.62,2.81
14,"Sevilleta",34.2586573236,-106.883372761,2011-07-01,7,2011,4.54,0,1.41,0.4,0.01,0,.,.,.,0,1.29,0,0.42,0.71,0,0.09,.,2,0.36
14,"Sevilleta",34.2586573236,-106.883372761,2012-07-01,7,2012,1.39,0,0.79,0.96,0,0,.,.,.,0,0.54,0,0.32,0.66,0,0,.,0,0.09
14,"Sevilleta",34.2586573236,-106.883372761,2013-07-01,7,2013,6.31,0,0.58,0.35,0,0,.,.,.,0,1.6,0,1.5,0.49,0,0,.,1.24,0.24
14,"Sevilleta",34.2586573236,-106.883372761,2014-07-01,7,2014,1.56,0.01,0.26,0.57,0,0,.,.,.,0,1.02,0,1.03,0.09,0,0.02,.,0,0.36
14,"Sevilleta",34.2586573236,-106.883372761,2015-07-01,7,2015,15.77,0.01,1.09,4.78,0,0,.,.,.,0,3.52,0,4.63,0.08,0.16,0,.,0.55,0.1
14,"Sevilleta",34.2586573236,-106.883372761,2016-07-01,7,2016,1.16,0,0.78,62.09,0,0,.,.,.,0,9.15,0,2.18,3.92,0,0.09,0,0,0.01
14,"Sevilleta",34.2586573236,-106.883372761,2017-07-01,7,2017,16.12,0,1.39,21.17,0,0.26,.,.,.,0,86.85,0,622.26,1.79,0,0,0,0.01,0.01
14,"Sevilleta",34.2586573236,-106.883372761,2018-07-01,7,2018,1.64,0,0.58,12,0,0,.,.,.,0,3.48,0,6.95,4,0,0.03,0,0.02,0.53
14,"Sevilleta",34.2586573236,-106.883372761,2019-07-01,7,2019,7.85,0,1.16,13.31,0,0,.,.,.,0,3.59,0,1.42,3.24,0,0.02,0,0.01,0.43
14,"Sevilleta",34.2586573236,-106.883372761,2020-07-01,7,2020,2.16,0.01,0.94,6.86,0,0,.,.,.,0,2.41,0,7.09,0.28,0,0.08,0,0,0.05
14,"Sevilleta",34.2586573236,-106.883372761,2021-07-01,7,2021,2.55,0,1.56,4.02,0,0.23,.,.,.,0,2.45,0,2.16,7.23,0.01,0.17,0,0.17,0.98
14,"Sevilleta",34.2586573236,-106.883372761,2023-07-01,7,2023,32.77,0,2.32,0.66,0,0,0,0,0,0,5.7,0,1.95,3.33,0,0,0,0.78,0.65
14,"Sevilleta",34.2586573236,-106.883372761,2024-07-01,7,2024,2.47,.,2.54,4.4,0,0,0,0,0,0,2.97,0,5.7,5.56,0,0.25,0,0.01,0.93
14,"Sevilleta",34.2586573236,-106.883372761,2004-08-01,8,2004,1.47,0.09,4.77,1.66,0,0,.,.,.,0,1.48,0.01,2.33,.,.,.,.,.,0.1
14,"Sevilleta",34.2586573236,-106.883372761,2005-08-01,8,2005,0.88,0.01,3.88,0.79,0,0,.,.,.,0,0.83,0,0.17,.,.,.,.,.,0.02
14,"Sevilleta",34.2586573236,-106.883372761,2006-08-01,8,2006,2.91,0.01,1.39,0.54,0,0,.,.,.,0,1.02,0,1.92,.,.,.,.,.,0.01
14,"Sevilleta",34.2586573236,-106.883372761,2007-08-01,8,2007,25.23,0.01,12.39,0.94,0,0,.,.,.,0,9.42,0,28.81,0.47,0,1.08,.,1.55,0.4
14,"Sevilleta",34.2586573236,-106.883372761,2008-08-01,8,2008,16.76,0,4.37,0.11,0,0,.,.,.,0,5.56,0,19.94,0.09,0,0,.,0.09,0.1
14,"Sevilleta",34.2586573236,-106.883372761,2009-08-01,8,2009,2.15,0,2.92,4.04,0,0,.,.,.,0,1.5,0,0.63,0.09,0,0.6,.,0,0.09
14,"Sevilleta",34.2586573236,-106.883372761,2010-08-01,8,2010,5.78,0.09,9.86,0.69,0,0.02,.,.,.,0,2.87,0.01,1.41,0.33,0.01,1.31,.,1.79,0.45
14,"Sevilleta",34.2586573236,-106.883372761,2011-08-01,8,2011,5.01,0,3.4,0.49,0,0,.,.,.,0,1.39,0,1.16,0.01,0,0.01,.,0,0
14,"Sevilleta",34.2586573236,-106.883372761,2012-08-01,8,2012,18.69,0,2.47,15.49,0,0,.,.,.,0,8.04,0,24.18,0.48,0,0,.,0,0.06
14,"Sevilleta",34.2586573236,-106.883372761,2013-08-01,8,2013,5.39,1.33,0,2.16,0,0,.,.,.,0,1.46,0.17,1.1,0.32,0,0,.,0,0.04
14,"Sevilleta",34.2586573236,-106.883372761,2014-08-01,8,2014,3.08,0.01,1.35,3.65,0,0,.,.,.,0.01,1.3,0,0.02,0.02,0,0,.,0,0
14,"Sevilleta",34.2586573236,-106.883372761,2015-08-01,8,2015,21.62,0,1.39,3.02,0,0,.,.,.,0,3.85,0,0.66,0.01,0,0,.,2.54,0.33
14,"Sevilleta",34.2586573236,-106.883372761,2016-08-01,8,2016,0.49,0,0.56,19.71,0,0.01,.,.,.,0,3.09,0,2.18,0.02,0,0.01,0,0.01,0
14,"Sevilleta",34.2586573236,-106.883372761,2017-08-01,8,2017,0.72,0.01,1.02,7.39,0,0,.,.,.,0,1.51,0,1.11,0,0,0,0,0,0.05
14,"Sevilleta",34.2586573236,-106.883372761,2018-08-01,8,2018,2.24,0,2.87,29.25,0,0,.,.,.,0,5.53,0,7.09,0.04,0,0,0,0,0
14,"Sevilleta",34.2586573236,-106.883372761,2019-08-01,8,2019,1.78,0.01,1.25,22.96,0,0.02,.,.,.,0,4.05,0,4.33,0.01,0,0.01,0,0.01,0
14,"Sevilleta",34.2586573236,-106.883372761,2020-08-01,8,2020,2.02,0,0.72,1.86,0,0,.,.,.,0,1.57,0,5.73,0.02,0,0,0,0,0
14,"Sevilleta",34.2586573236,-106.883372761,2021-08-01,8,2021,2.08,0,2.02,14.17,0,0.38,.,.,.,0,2.98,0,2.4,0.32,0,0,0,0.72,0.17
14,"Sevilleta",34.2586573236,-106.883372761,2022-08-01,8,2022,1.95,0,2.25,2.86,0,0.08,.,.,.,0,2.88,0,11.54,0.42,0,0.78,0,0,0.37
14,"Sevilleta",34.2586573236,-106.883372761,2023-08-01,8,2023,12.47,0,3.01,1.63,0,0.15,0,0,0,0,3.15,0,4.77,0.42,0.01,0.39,0.01,0.01,0.11
14,"Sevilleta",34.2586573236,-106.883372761,2024-08-01,8,2024,2.4,.,5.79,30.93,0,0,0,0,0,0,19.12,0,106.78,0.25,0,0.08,0,0.02,0.05
14,"Sevilleta",34.2586573236,-106.883372761,2004-09-01,9,2004,18.55,0.31,11.08,2.1,0,0,.,.,.,0.01,4.35,0.04,0.56,.,.,.,.,.,0.08
14,"Sevilleta",34.2586573236,-106.883372761,2005-09-01,9,2005,2.32,0.08,12.01,5.23,0,0,.,.,.,0,3.22,0.01,1.49,.,.,.,.,.,0.34
14,"Sevilleta",34.2586573236,-106.883372761,2006-09-01,9,2006,5.39,0.01,6.15,1.25,0,0,.,.,.,0,2.08,0,2.08,.,.,.,.,.,0.12
14,"Sevilleta",34.2586573236,-106.883372761,2007-09-01,9,2007,44.96,0.17,13.17,0.54,0,0,.,.,.,0,8.17,0.02,3.01,0.27,0,0.18,.,0.02,0.06
14,"Sevilleta",34.2586573236,-106.883372761,2008-09-01,9,2008,26.69,0.01,4.32,0.55,0,0,.,.,.,0,4.38,0,0.62,0,0,0.02,.,0.92,0.12
14,"Sevilleta",34.2586573236,-106.883372761,2009-09-01,9,2009,5.32,0,9.85,0.62,0,0,.,.,.,0,2.13,0,0.02,0,0,0.23,.,0,0.03
14,"Sevilleta",34.2586573236,-106.883372761,2010-09-01,9,2010,36.62,0.01,13.24,4.92,0,0,.,.,.,0,7.28,0,0.78,0,0,0.23,.,0,0.03
14,"Sevilleta",34.2586573236,-106.883372761,2011-09-01,9,2011,32.15,0.01,3.01,0.72,0,0,.,.,.,0,5.77,0.14,5.02,0,0,0,.,0,0.12
14,"Sevilleta",34.2586573236,-106.883372761,2012-09-01,9,2012,34.86,0.01,5.25,5.49,0,0,.,.,.,0,6.14,0,1.12,0.03,0,0.01,.,0.01,0.01
14,"Sevilleta",34.2586573236,-106.883372761,2013-09-01,9,2013,22.39,0,1.85,0.09,0,0,.,.,.,0,3.25,0,0.02,0.01,0,0,.,0.01,0
14,"Sevilleta",34.2586573236,-106.883372761,2014-09-01,9,2014,4.48,1.61,1.71,2.49,0,0,.,.,.,0.01,1.4,0.21,0.16,0,0,0,.,0,0
14,"Sevilleta",34.2586573236,-106.883372761,2015-09-01,9,2015,30.69,0,1.94,1.85,0,0,.,.,.,0,5.75,0,4.42,0,0,0,.,4.69,0.61
14,"Sevilleta",34.2586573236,-106.883372761,2016-09-01,9,2016,1.93,0.15,2.1,3.88,0,0,.,.,.,0,1.56,0.02,2.95,0.27,0.01,0,0,0,0
14,"Sevilleta",34.2586573236,-106.883372761,2017-09-01,9,2017,6,4.32,0.47,6.25,0,0,.,.,.,0,3.38,0.56,8.78,0,0.01,0,0,0,0
14,"Sevilleta",34.2586573236,-106.883372761,2018-09-01,9,2018,10.08,0,2.62,1.92,0,0,.,.,.,0,2.78,0,3.02,0.05,0,0.27,0,0,0.19
14,"Sevilleta",34.2586573236,-106.883372761,2019-09-01,9,2019,3.47,0.02,1.24,9.25,0,0,.,.,.,0,2.37,0,3.49,0.02,0,0.01,0,0,0
14,"Sevilleta",34.2586573236,-106.883372761,2021-09-01,9,2021,25.69,0.02,5.64,10.69,0,0.01,.,.,.,0,6.03,0,3.55,0.1,0,0.02,0,0,0.01
14,"Sevilleta",34.2586573236,-106.883372761,2022-09-01,9,2022,3.69,0.04,4.24,0.79,0,0.01,.,.,.,0,1.58,0,2.57,0.1,0,0.15,0,0,0.06
14,"Sevilleta",34.2586573236,-106.883372761,2023-09-01,9,2023,1.62,0,6.24,2.32,0,0,0,0,0,0,1.79,0,1.78,0.09,0,0.01,0,0.62,0.09
14,"Sevilleta",34.2586573236,-106.883372761,2024-09-01,9,2024,12.85,.,1.08,11.69,0,0,0,0,0,0,3.7,0,1.65,0.57,0,0.01,0,0,0.07
14,"Sevilleta",34.2586573236,-106.883372761,2003-10-01,10,2003,30.72,0,2.15,0,0,0,.,.,.,0.1,4.36,0,0.23,.,.,.,.,.,0
14,"Sevilleta",34.2586573236,-106.883372761,2004-10-01,10,2004,33.62,0,7.32,8.77,0,0.62,.,.,.,0,6.83,0,1.77,.,.,.,.,.,0.05
14,"Sevilleta",34.2586573236,-106.883372761,2005-10-01,10,2005,8.08,0.01,8.78,5.62,0,0,.,.,.,0,4.3,0,9.25,.,.,.,.,.,0.02
14,"Sevilleta",34.2586573236,-106.883372761,2006-10-01,10,2006,66.93,0.85,30.62,22.48,0,0,.,.,.,0.24,16.77,0.11,5.86,.,.,.,.,.,0.15
14,"Sevilleta",34.2586573236,-106.883372761,2007-10-01,10,2007,64.15,0.4,17.32,8.87,0,0,.,.,.,0,12.52,0.05,4,0.15,0,0.15,.,0.01,0.04
14,"Sevilleta",34.2586573236,-106.883372761,2008-10-01,10,2008,68,0.02,11.24,10.08,0,0,.,.,.,0.62,12.4,0.06,2.4,0,0.01,0,.,0.01,0
14,"Sevilleta",34.2586573236,-106.883372761,2009-10-01,10,2009,.,.,.,.,.,.,.,.,.,.,.,.,.,.,.,.,.,.,.
14,"Sevilleta",34.2586573236,-106.883372761,2010-10-01,10,2010,57.93,0.02,7.77,1.32,0,0,.,.,.,0,9.7,0,1.87,0.17,0,0.85,.,4,0.65
14,"Sevilleta",34.2586573236,-106.883372761,2011-10-01,10,2011,44.54,0,6.56,6.47,0,0,.,.,.,0,8.68,0,8.85,0,0,0,.,0,0
14,"Sevilleta",34.2586573236,-106.883372761,2012-10-01,10,2012,33.77,0.01,6.16,8.11,0,0,.,.,.,0,6.71,0,1.88,0.63,0,0,.,0,0.08
14,"Sevilleta",34.2586573236,-106.883372761,2013-10-01,10,2013,14.92,0,4.1,5.17,0,0,.,.,.,0,4.1,0,7.17,0,0,0,.,0,0
14,"Sevilleta",34.2586573236,-106.883372761,2014-10-01,10,2014,9.15,0.01,5.32,3.18,0,0,.,.,.,0,4.95,0,14.69,0.15,0.02,0,.,0.78,0.12
14,"Sevilleta",34.2586573236,-106.883372761,2015-10-01,10,2015,83.08,0.02,4.86,6.16,0,0,.,.,.,0,12.91,0,4.09,0,0,0,.,0,0
14,"Sevilleta",34.2586573236,-106.883372761,2016-10-01,10,2016,29.02,2.02,0.01,1.19,0.15,0.02,.,.,.,0,4.84,0.42,1.59,0.02,0,0,0,0.01,0
14,"Sevilleta",34.2586573236,-106.883372761,2017-10-01,10,2017,17.85,1.39,1.72,5.32,0,0,.,.,.,0,4.44,0.18,4.39,0,0,0,0,0,0
14,"Sevilleta",34.2586573236,-106.883372761,2018-10-01,10,2018,62.39,0.09,8.93,26.71,0,0,.,.,.,0,13.58,0.01,5.04,0.17,0,0,0,0,0.02
14,"Sevilleta",34.2586573236,-106.883372761,2019-10-01,10,2019,8.54,0.01,0.86,0.38,0,0.15,.,.,.,0,1.69,0,0.48,0,0,0,0,0.46,0.06
14,"Sevilleta",34.2586573236,-106.883372761,2020-10-01,10,2020,49.23,0,6.55,1.57,0,3.93,.,.,.,0,8.72,0,4.48,0.03,0,0,0,0,0
14,"Sevilleta",34.2586573236,-106.883372761,2021-10-01,10,2021,56.08,0,5.71,9.18,0,0.54,.,.,.,0,10.2,0,6.09,0.25,0,0.15,0,0,0.05
14,"Sevilleta",34.2586573236,-106.883372761,2022-10-01,10,2022,12.7,0,5.24,1.25,0,0.08,.,.,.,0,2.63,0,0.72,0,0,0.23,0,0,0.03
14,"Sevilleta",34.2586573236,-106.883372761,2023-10-01,10,2023,8.85,0.01,7.01,1.86,0,0.24,0.01,0,0,0,3.98,0,11.31,0.17,0,0,0,0.02,0.05
14,"Sevilleta",34.2586573236,-106.883372761,2024-10-01,10,2024,32.78,.,6,3.62,0,0.08,0,0.23,0,0,6.07,0.03,2.88,0.02,0,0.08,0,0,0.01
14,"Sevilleta",34.2586573236,-106.883372761,2003-11-01,11,2003,70.6,3.68,17.61,33.35,0,0,.,.,.,0,17.06,0.48,4.2,.,.,.,.,.,0.16
14,"Sevilleta",34.2586573236,-106.883372761,2004-11-01,11,2004,71.54,0.92,9.31,17.48,0,0,.,.,.,0,14.28,0.12,4.32,.,.,.,.,.,0.73
14,"Sevilleta",34.2586573236,-106.883372761,2005-11-01,11,2005,105.92,2.38,12,20.48,0,0,.,.,.,0,18.58,0.31,1.55,.,.,.,.,.,0
14,"Sevilleta",34.2586573236,-106.883372761,2006-11-01,11,2006,80.68,2.06,30.34,11.66,0,0,.,.,.,0.35,17,0.27,3.46,.,.,.,.,.,0.12
14,"Sevilleta",34.2586573236,-106.883372761,2007-11-01,11,2007,59.12,1.15,20.32,25.27,0,0,.,.,.,0.16,14.79,0.16,4.62,0.01,0,0.31,.,0,0.05
14,"Sevilleta",34.2586573236,-106.883372761,2008-11-01,11,2008,183.38,8.94,12.31,54.62,0,0,.,.,.,0.01,34.51,1.34,2.47,0.09,0,0.08,.,0,0.12
14,"Sevilleta",34.2586573236,-106.883372761,2009-11-01,11,2009,91.46,0.7,17.86,31.11,0,0,.,.,.,0,20.64,0.09,16.02,0.03,0,0.46,.,0,0.08
14,"Sevilleta",34.2586573236,-106.883372761,2010-11-01,11,2010,123.77,0.02,29.39,53.69,0,0,.,.,.,0.24,27.72,0,4.32,0.03,0,0.09,.,0,0.07
14,"Sevilleta",34.2586573236,-106.883372761,2011-11-01,11,2011,74.14,0.4,3.77,19.93,0,0,.,.,.,0,13.49,0.05,4.52,0,0,0,.,0,0
14,"Sevilleta",34.2586573236,-106.883372761,2012-11-01,11,2012,76.46,0.09,9.55,51.63,0,0.62,.,.,.,0,18.32,0.01,0.86,0.02,0,0,.,0,0
14,"Sevilleta",34.2586573236,-106.883372761,2013-11-01,11,2013,72.23,0,8.17,56.73,0,0,.,.,.,0,18.25,0,1.52,0.01,0,0,.,0,0
14,"Sevilleta",34.2586573236,-106.883372761,2014-11-01,11,2014,94.32,1.46,5.24,48.4,0,0,.,.,.,0.02,20.12,0.19,4.47,0,0,0,.,0,0
14,"Sevilleta",34.2586573236,-106.883372761,2015-11-01,11,2015,79.31,0.39,6.86,64.86,0,0,.,.,.,0.01,20.37,0.05,3.24,0.01,0,0.01,.,0.01,0
14,"Sevilleta",34.2586573236,-106.883372761,2016-11-01,11,2016,49.06,1.06,3.61,0.37,0,0,.,.,.,0,7.37,0.14,1.62,0.01,0,0,0,0,0
14,"Sevilleta",34.2586573236,-106.883372761,2017-11-01,11,2017,118.08,0,9.48,20.86,0,0,.,.,.,0,19.48,0,0.93,0,0,0,0,0,0
14,"Sevilleta",34.2586573236,-106.883372761,2018-11-01,11,2018,40.46,0,2.17,4.03,0,0.02,.,.,.,0,6.43,0,49.46,0.05,0,0,0,0,0.01
14,"Sevilleta",34.2586573236,-106.883372761,2019-11-01,11,2019,97.93,0.16,12.25,10.18,0,2,.,.,.,0,19.19,0.02,6.65,0.02,0,0,0,16.77,2.18
14,"Sevilleta",34.2586573236,-106.883372761,2020-11-01,11,2020,113.85,0.31,10.63,33.01,0,1.46,.,.,.,0,22.24,0.04,10.34,0.03,0,0,0,0,0.01
14,"Sevilleta",34.2586573236,-106.883372761,2021-11-01,11,2021,92.39,0.09,8.93,5.86,0,4.92,.,.,.,0,15.78,0.01,8.47,0.02,0,0.15,0,0,0.02
14,"Sevilleta",34.2586573236,-106.883372761,2022-11-01,11,2022,165.08,0.01,14.24,23.16,0,8,.,.,.,0,28.9,0,9.7,0.02,0,0.01,0,0,0
14,"Sevilleta",34.2586573236,-106.883372761,2023-11-01,11,2023,122.46,.,14.86,42.17,0,5.92,.,.,0,0,25.14,0,6.85,0.41,0,0,0,0,0.05
14,"Sevilleta",34.2586573236,-106.883372761,2024-11-01,11,2024,109.08,.,14.1,10.56,0,6.4,0.02,0.01,0,0,19.34,0,5.38,0.19,0,2.32,0,0,0.34
14,"Sevilleta",34.2586573236,-106.883372761,2003-12-01,12,2003,17.02,0.64,7.98,4.79,0,0,.,.,.,0.02,6.16,0.09,16.42,.,.,.,.,.,0
14,"Sevilleta",34.2586573236,-106.883372761,2004-12-01,12,2004,15.62,0.24,7.32,3.56,0,0,.,.,.,0.01,3.92,0.03,2.25,.,.,.,.,.,0.03
14,"Sevilleta",34.2586573236,-106.883372761,2005-12-01,12,2005,59.15,0.32,7.32,13.23,0,0,.,.,.,0,11.54,0.04,6.23,.,.,.,.,.,0.06
14,"Sevilleta",34.2586573236,-106.883372761,2006-12-01,12,2006,4.91,0.21,3.37,0.04,0,0,.,.,.,0,1.25,0.03,0.4,.,.,.,.,.,0
14,"Sevilleta",34.2586573236,-106.883372761,2007-12-01,12,2007,15.92,0.47,15.85,9.31,0,0,.,.,.,0,5.86,0.06,2.42,0.78,0,0,.,0,0.1
14,"Sevilleta",34.2586573236,-106.883372761,2008-12-01,12,2008,5.23,0.16,9.85,1.12,0,0,.,.,.,0,2.59,0.02,2.49,0,0,0.08,.,0,0.01
14,"Sevilleta",34.2586573236,-106.883372761,2009-12-01,12,2009,37.69,0.01,14.92,17.4,0,0.01,.,.,.,0,11.14,0,12.42,0,0,0.88,.,0,0.12
14,"Sevilleta",34.2586573236,-106.883372761,2010-12-01,12,2010,28.85,0.15,14.09,4.01,0,0,.,.,.,0.01,6.57,0.02,1.11,0.16,0,0,.,0.7,0.11
14,"Sevilleta",34.2586573236,-106.883372761,2011-12-01,12,2011,14.32,0.24,5.16,5.33,0,0,.,.,.,0,4.19,0.03,5.92,0,0.01,0,.,0,0
14,"Sevilleta",34.2586573236,-106.883372761,2012-12-01,12,2012,29.55,0.16,5.93,13.16,0,0,.,.,.,0,6.65,0.02,1.1,0.01,0,0,.,0,0
14,"Sevilleta",34.2586573236,-106.883372761,2013-12-01,12,2013,14.78,0,5.33,7.03,0,0,.,.,.,0,3.71,0,0.5,0,0,0,.,0,0
14,"Sevilleta",34.2586573236,-106.883372761,2014-12-01,12,2014,44.31,0.1,5.31,63.56,0,0,.,.,.,0,15.96,0.01,8.79,0,0,0,.,0,0
14,"Sevilleta",34.2586573236,-106.883372761,2015-12-01,12,2015,41.62,0.01,14.54,28.39,0.08,0,.,.,.,0,12.64,0,11.69,0.01,0,0,.,0,0
14,"Sevilleta",34.2586573236,-106.883372761,2016-12-01,12,2016,87.87,0.19,6.51,39.92,0,0,.,.,.,0,22.58,0.02,38.03,0.02,0,0.01,.,0,0
14,"Sevilleta",34.2586573236,-106.883372761,2017-12-01,12,2017,27.92,0.01,3.7,10.46,0,0,.,.,.,0,5.98,0.03,3,0,0,0,0,0,0
14,"Sevilleta",34.2586573236,-106.883372761,2018-12-01,12,2018,62.39,0.09,8.93,26.71,0,0,.,.,.,0,13.58,0.01,5.04,0.17,0,0,0,0,0.02
14,"Sevilleta",34.2586573236,-106.883372761,2019-12-01,12,2019,68.15,0.02,9.34,6.03,0,0,.,.,.,0,11.57,0,4.71,0.03,0,0,0,0,0.01
14,"Sevilleta",34.2586573236,-106.883372761,2020-12-01,12,2020,12.16,0.02,5.25,2.43,0,0,.,.,.,0,2.98,0,1.32,0,0,0.69,0,0,0.09
14,"Sevilleta",34.2586573236,-106.883372761,2021-12-01,12,2021,27.38,0.01,8.25,10.02,1.39,0.01,.,.,.,0,7.62,0,10.5,0.01,0,0.09,0,0,0.01
14,"Sevilleta",34.2586573236,-106.883372761,2022-12-01,12,2022,16.85,0,11.85,8.18,0,0,.,.,.,0,4.95,0,0.66,0.01,0,0.01,0,0,0
14,"Sevilleta",34.2586573236,-106.883372761,2023-12-01,12,2023,33.32,0.01,8.48,10.64,0,0,0.01,0,0,0,7.55,0,3.96,0.04,0,0.38,0,0,0.06
14,"Sevilleta",34.2586573236,-106.883372761,2024-12-01,12,2024,20.85,.,4.62,4.32,0,0.01,0.08,0.01,0,0,8.09,0.01,32.12,0.02,0,0.01,0,0,0
15,"Valencia Cleared",34.6486505386211,-106.739180486447,2004-01-01,1,2004,1.29,0.01,0.05,0.03,0,0,.,.,.,0,0.72,0,1.39,.,.,.,.,.,0.36
15,"Valencia Cleared",34.6486505386211,-106.739180486447,2005-01-01,1,2005,1.85,0.08,0.24,0.09,0,0,.,.,.,0,0.76,0.01,0.86,.,.,.,.,.,0.31
15,"Valencia Cleared",34.6486505386211,-106.739180486447,2006-01-01,1,2006,2.84,0.01,0.02,0,0,0,.,.,.,0,0.61,0,0.8,.,.,.,.,.,0.07
15,"Valencia Cleared",34.6486505386211,-106.739180486447,2007-01-01,1,2007,5.62,0.48,0.63,0.02,0,0,.,.,.,0,1.36,0.06,3.34,.,.,.,.,.,0
15,"Valencia Cleared",34.6486505386211,-106.739180486447,2008-01-01,1,2008,6.77,0,0.72,0,0,0,.,.,.,0,1.56,0,1.62,0,0,0,.,0,0.29
15,"Valencia Cleared",34.6486505386211,-106.739180486447,2009-01-01,1,2009,2.31,0.01,0.02,0,0,0,.,.,.,0,0.77,0,0.38,0,0,0,.,0,0.01
15,"Valencia Cleared",34.6486505386211,-106.739180486447,2010-01-01,1,2010,0.78,0.01,0.01,0.01,0,0,.,.,.,0,106.06,0,0.71,0,0,0,.,0,0.39
15,"Valencia Cleared",34.6486505386211,-106.739180486447,2011-01-01,1,2011,7.86,0.02,0.03,0.32,0,0,.,.,.,0,9.98,0,0.54,0.01,0,0,.,0,8.57
15,"Valencia Cleared",34.6486505386211,-106.739180486447,2012-01-01,1,2012,4.63,0.01,0.79,1.12,0,0,.,.,.,0,0.99,0,0.24,0.01,0,0.01,.,0,0
15,"Valencia Cleared",34.6486505386211,-106.739180486447,2013-01-01,1,2013,5.46,0.08,0.09,0.02,0,0,.,.,.,0,1.34,0.01,0.69,0.01,0,0.01,.,0,0.37
15,"Valencia Cleared",34.6486505386211,-106.739180486447,2014-01-01,1,2014,5.24,0.02,0.01,0,0,0,.,.,.,0,1.54,0,1.32,0.17,0,0,.,0,0.07
15,"Valencia Cleared",34.6486505386211,-106.739180486447,2015-01-01,1,2015,3.31,0,0.01,0,0,0,.,.,.,0,0.62,0,0.12,0,0,0,.,0,0.16
15,"Valencia Cleared",34.6486505386211,-106.739180486447,2016-01-01,1,2016,1.33,0.2,0.03,0.02,0,0,.,.,.,0,0.58,0.03,0.12,0,0.09,0,.,0,0.01
15,"Valencia Cleared",34.6486505386211,-106.739180486447,2017-01-01,1,2017,3.77,0,0.17,0.01,0,0,.,.,.,0,1.63,0,0.34,0,0,0,0,0,0
15,"Valencia Cleared",34.6486505386211,-106.739180486447,2018-01-01,1,2018,8.46,0.02,0.31,0.01,0,0.01,.,.,.,0.02,1.49,0,0.21,0.01,0,0.01,0,0,0.03
15,"Valencia Cleared",34.6486505386211,-106.739180486447,2019-01-01,1,2019,19.85,0.41,0.55,0.46,0.01,0,.,.,.,0,3.21,0.05,0.19,0.01,0,0,0,0,0.02
15,"Valencia Cleared",34.6486505386211,-106.739180486447,2020-01-01,1,2020,8.95,0.02,0.16,0.69,0,0,.,.,.,0,1.43,0,0.02,0.01,0,0,0,0,0.02
15,"Valencia Cleared",34.6486505386211,-106.739180486447,2021-01-01,1,2021,6.17,0.02,0.15,0.48,0,0.01,.,.,.,0,1.8,0,3.62,0,0,0,0,0,0.09
15,"Valencia Cleared",34.6486505386211,-106.739180486447,2022-01-01,1,2022,8.55,0.41,0.18,0.95,0,0,.,.,.,0,1.83,0.05,1.73,0.11,0,0.01,0,0,0.12
15,"Valencia Cleared",34.6486505386211,-106.739180486447,2023-01-01,1,2023,6.31,.,0.56,0.55,0.01,0,.,.,0,0,2.57,0.03,11.34,0,0,0,0,0,0.03
15,"Valencia Cleared",34.6486505386211,-106.739180486447,2024-01-01,1,2024,6,.,0.54,1.85,0,0,0.16,0.02,0,0,1.4,0.02,0.96,0.02,0,0.09,0,0,0.03
15,"Valencia Cleared",34.6486505386211,-106.739180486447,2004-02-01,2,2004,3.54,0,0.02,0.07,0,0,.,.,.,0,0.85,0,2.85,.,.,.,.,.,0
15,"Valencia Cleared",34.6486505386211,-106.739180486447,2005-02-01,2,2005,1.23,0,0.01,0.02,0,0,.,.,.,0,0.3,0,0.32,.,.,.,.,.,0.08
15,"Valencia Cleared",34.6486505386211,-106.739180486447,2006-02-01,2,2006,3.24,0,0.46,0.16,0,0.08,.,.,.,0,2.67,0,9.39,.,.,.,.,.,0.91
15,"Valencia Cleared",34.6486505386211,-106.739180486447,2007-02-01,2,2007,2.79,0,0.1,0.01,0,0,.,.,.,0,0.58,0,0.42,.,.,.,.,.,0.08
15,"Valencia Cleared",34.6486505386211,-106.739180486447,2008-02-01,2,2008,6.79,0.02,0.08,0,0.01,0,.,.,.,0,16.67,0,120.79,0,0,0,.,0,0
15,"Valencia Cleared",34.6486505386211,-106.739180486447,2009-02-01,2,2009,0.94,0,0,0,0,0,.,.,.,0,0.56,0,1.97,0.51,0,0,.,0,0.07
15,"Valencia Cleared",34.6486505386211,-106.739180486447,2010-02-01,2,2010,5.47,0.12,0,2.02,0,0,.,.,.,0,2.08,0.02,3.79,0,0,0,.,0,0.12
15,"Valencia Cleared",34.6486505386211,-106.739180486447,2011-02-01,2,2011,5.71,0,0.09,0.15,0,0,.,.,.,0,1.73,0,0.17,0.02,0,0,.,0,0.14
15,"Valencia Cleared",34.6486505386211,-106.739180486447,2012-02-01,2,2012,4.62,0.08,0,1.23,0,0,.,.,.,0,0.88,0.01,0,0,0,0,.,0,0
15,"Valencia Cleared",34.6486505386211,-106.739180486447,2013-02-01,2,2013,1.64,0.01,0,0,0,0,.,.,.,0,3.77,0,20.09,0,0,0,.,0,0.25
15,"Valencia Cleared",34.6486505386211,-106.739180486447,2014-02-01,2,2014,1.86,0,0,0.01,0,0,.,.,.,0,0.67,0,0.7,0.01,0,0,.,0,0.06
15,"Valencia Cleared",34.6486505386211,-106.739180486447,2015-02-01,2,2015,2.4,0.02,0,0,0,0,.,.,.,0,5.44,0,2.01,0,0,0,.,0,0.18
15,"Valencia Cleared",34.6486505386211,-106.739180486447,2016-02-01,2,2016,0.87,0.04,0.01,0.15,0,0,.,.,.,0,0.23,0,0.04,0.17,0,0.01,.,0,0.01
15,"Valencia Cleared",34.6486505386211,-106.739180486447,2017-02-01,2,2017,2.12,0.02,0,0.86,0,0,.,.,.,0,1.14,0,2.05,0.01,0,0,0,0,0
15,"Valencia Cleared",34.6486505386211,-106.739180486447,2018-02-01,2,2018,7.62,0,0.32,0.24,0,0,.,.,.,0,3.28,0,0.86,0,0,0,0,0,1.48
15,"Valencia Cleared",34.6486505386211,-106.739180486447,2019-02-01,2,2019,2.56,0.27,0.02,0,0,0,.,.,.,0,1.18,0.04,1.78,0,0,0,0,0.01,0.12
15,"Valencia Cleared",34.6486505386211,-106.739180486447,2020-02-01,2,2020,5.7,0.04,0,0.01,0,0,.,.,.,0,1.46,0,0.41,0.04,3.39,0,0.01,0,0.45
15,"Valencia Cleared",34.6486505386211,-106.739180486447,2021-02-01,2,2021,1.25,0.19,0.03,0.18,0,0,.,.,.,0,1.08,0.02,4.35,0,0,0,0,0,0.02
15,"Valencia Cleared",34.6486505386211,-106.739180486447,2022-02-01,2,2022,2.48,0.03,0.04,0.6,0,0,.,.,.,0,0.5,0,0.19,0.01,0,0,0,0,0
15,"Valencia Cleared",34.6486505386211,-106.739180486447,2023-02-01,2,2023,7.36,0.09,0.2,1.13,0,0,0.09,0.01,0,0.01,1.83,0.01,2.25,0.27,0,0.01,0,0,0.06
15,"Valencia Cleared",34.6486505386211,-106.739180486447,2024-02-01,2,2024,2.55,.,0.09,0.85,0,0,0.08,0.01,0,0,0.7,0.01,1.18,0.01,0,0.08,0,0,0.03
15,"Valencia Cleared",34.6486505386211,-106.739180486447,2004-03-01,3,2004,2.01,0,0.15,0.08,0,0,.,.,.,0,0.43,0,1,.,.,.,.,.,0
15,"Valencia Cleared",34.6486505386211,-106.739180486447,2005-03-01,3,2005,1.32,0.02,0,0,0,0,.,.,.,0,0.44,0,1.79,.,.,.,.,.,0.03
15,"Valencia Cleared",34.6486505386211,-106.739180486447,2006-03-01,3,2006,0.46,0,0.23,0.01,0,0,.,.,.,0,1.48,0,3.69,.,.,.,.,.,0.74
15,"Valencia Cleared",34.6486505386211,-106.739180486447,2007-03-01,3,2007,10.34,0,0.02,0.56,0,0,.,.,.,0,2.19,0,2.18,.,.,.,.,.,0.03
15,"Valencia Cleared",34.6486505386211,-106.739180486447,2008-03-01,3,2008,0.68,0.1,0.87,0.01,0,0,.,.,.,0,0.92,0.01,1.05,0.02,0,0,.,0,0.15
15,"Valencia Cleared",34.6486505386211,-106.739180486447,2009-03-01,3,2009,0.77,0,0,0.01,0,0,.,.,.,0,0.46,0,1.46,0,0,0,.,0,0
15,"Valencia Cleared",34.6486505386211,-106.739180486447,2010-03-01,3,2010,0.24,0,0,0.01,0,0,.,.,.,0,0.32,0,0.71,0,0,0.08,.,0,0.06
15,"Valencia Cleared",34.6486505386211,-106.739180486447,2011-03-01,3,2011,4.93,0,0.02,0.71,0,0,.,.,.,0,2.13,0,0.39,0.02,0,0.01,.,0,0.58
15,"Valencia Cleared",34.6486505386211,-106.739180486447,2012-03-01,3,2012,1.09,0.01,0.01,0.02,0,0,.,.,.,0,4.59,0,3.64,0.09,0,0,.,0,0.01
15,"Valencia Cleared",34.6486505386211,-106.739180486447,2013-03-01,3,2013,0.47,0.03,0,0.01,0,0,.,.,.,0,2.39,0,16.4,0,0,0,.,0,0.14
15,"Valencia Cleared",34.6486505386211,-106.739180486447,2014-03-01,3,2014,1.46,0.02,0,0,0,0,.,.,.,0,0.62,0,0.79,0,0,0,.,0,0.1
15,"Valencia Cleared",34.6486505386211,-106.739180486447,2015-03-01,3,2015,1.93,0.03,0.01,0,0,0,.,.,.,0,0.5,0,0.49,0,0,0,.,0,0
15,"Valencia Cleared",34.6486505386211,-106.739180486447,2016-03-01,3,2016,0.94,0.01,0,0.09,0,0,.,.,.,0,0.35,0,1.4,0,0,0,.,0,0
15,"Valencia Cleared",34.6486505386211,-106.739180486447,2017-03-01,3,2017,0.27,1.01,0.01,0,0,0,.,.,.,0,1.12,0.13,1.34,0.54,0,0,0,0,0
15,"Valencia Cleared",34.6486505386211,-106.739180486447,2018-03-01,3,2018,2.64,0.01,0.03,0.02,0,0,.,.,.,0,2.88,0,4.09,0,0,0,0,0,0.19
15,"Valencia Cleared",34.6486505386211,-106.739180486447,2019-03-01,3,2019,0.48,0.4,0.03,0.16,0,0.02,.,.,.,0,3.55,0.05,6.38,0.1,0.02,0.01,0,0,0.02
15,"Valencia Cleared",34.6486505386211,-106.739180486447,2020-03-01,3,2020,1.31,0.02,0.01,0.01,0,0,.,.,.,0,0.35,0,0.02,0.01,0,0,0,0,0.01
15,"Valencia Cleared",34.6486505386211,-106.739180486447,2021-03-01,3,2021,1.39,0,0.02,0.32,0,0,.,.,.,0,1.64,0,8.25,0.09,0.01,0,0,0,0.12
15,"Valencia Cleared",34.6486505386211,-106.739180486447,2022-03-01,3,2022,4.46,0.35,0.04,0.78,0,0,.,.,.,0,1.06,0.05,1.39,0.09,0,0,0,0,0.01
15,"Valencia Cleared",34.6486505386211,-106.739180486447,2023-03-01,3,2023,2.15,.,0.11,0.03,0,0,.,.,0,0,1.47,0.01,7.52,0.02,0,0,0.01,0,0
15,"Valencia Cleared",34.6486505386211,-106.739180486447,2024-03-01,3,2024,0.32,.,0.02,0.31,0,0,0.08,0.01,0,0,1.4,0.01,3.04,0,0,0.78,0,0,0.41
15,"Valencia Cleared",34.6486505386211,-106.739180486447,2004-04-01,4,2004,0.94,0,0.02,0,0,0,.,.,.,0,2.02,0,2.26,.,.,.,.,.,1.56
15,"Valencia Cleared",34.6486505386211,-106.739180486447,2005-04-01,4,2005,1.48,0,0,0.01,0,0,.,.,.,0,2.01,0,6.1,.,.,.,.,.,0.99
15,"Valencia Cleared",34.6486505386211,-106.739180486447,2006-04-01,4,2006,0.26,0,0.01,0.08,0,0,.,.,.,0,1.26,0,0.18,.,.,.,.,.,1.12
15,"Valencia Cleared",34.6486505386211,-106.739180486447,2007-04-01,4,2007,1.26,0,0.02,0,0,0,.,.,.,0,1.85,0,8.35,1.96,0,0.08,.,0,0.27
15,"Valencia Cleared",34.6486505386211,-106.739180486447,2008-04-01,4,2008,0.46,0,0,0,0,0,.,.,.,0,0.74,0,1.63,0,0,0,.,0,0.36
15,"Valencia Cleared",34.6486505386211,-106.739180486447,2009-04-01,4,2009,0.95,0.09,0,0,0,0,.,.,.,0,1.23,0.01,4.89,0.61,0,0,.,0,0.12
15,"Valencia Cleared",34.6486505386211,-106.739180486447,2010-04-01,4,2010,0.92,0,0.01,0.02,0,0,.,.,.,0,1.09,0,1.55,1.25,0,0,.,0,0.26
15,"Valencia Cleared",34.6486505386211,-106.739180486447,2011-04-01,4,2011,3.62,0.08,0.01,0.69,0,0,.,.,.,0,5.43,0.01,2.69,19.92,0,0,.,0,3.36
15,"Valencia Cleared",34.6486505386211,-106.739180486447,2012-04-01,4,2012,12.86,0,0,0,0,0,.,.,.,0,3.17,0,1.09,9.54,0,0,.,0,1.24
15,"Valencia Cleared",34.6486505386211,-106.739180486447,2013-04-01,4,2013,0.92,0.01,0,0,0,0,.,.,.,0,1.67,0,2.8,5.77,0,0.01,.,0,0.96
15,"Valencia Cleared",34.6486505386211,-106.739180486447,2014-04-01,4,2014,1.56,0.03,0.01,0.01,0.01,0,.,.,.,0,2.55,0,4.79,9.46,0,0,.,0,1.23
15,"Valencia Cleared",34.6486505386211,-106.739180486447,2015-04-01,4,2015,.,.,.,.,.,.,.,.,.,.,.,.,.,.,.,.,.,.,.
15,"Valencia Cleared",34.6486505386211,-106.739180486447,2016-04-01,4,2016,0.71,0.01,0.02,0.01,0,0,.,.,.,0,1.52,0,2.06,7.18,0,0,.,0,0.11
15,"Valencia Cleared",34.6486505386211,-106.739180486447,2017-04-01,4,2017,0.7,2.01,0.01,0.01,0,0,.,.,.,0,2.52,0.26,2.48,5.46,0,0,0.01,0,0.02
15,"Valencia Cleared",34.6486505386211,-106.739180486447,2018-04-01,4,2018,0.64,0,0.02,0,0,0,.,.,.,0,2.55,0,2.02,14.78,0.01,0,0.05,0,1.93
15,"Valencia Cleared",34.6486505386211,-106.739180486447,2019-04-01,4,2019,0.08,0.02,0.02,0.02,0,0,.,.,.,0,1.49,0,1.88,7.93,0,0.02,0.05,0,1.09
15,"Valencia Cleared",34.6486505386211,-106.739180486447,2020-04-01,4,2020,0.33,0,0.27,0.24,0.01,0,.,.,.,0,2.11,0,0.66,11.08,0,0,0.08,0,1.45
15,"Valencia Cleared",34.6486505386211,-106.739180486447,2021-04-01,4,2021,2.22,0,0.02,0.17,0,0,.,.,.,0,1.36,0,0.55,5.16,0,0,0,0,0.72
15,"Valencia Cleared",34.6486505386211,-106.739180486447,2022-04-01,4,2022,3.79,0.02,0.05,0.68,0.01,0,.,.,.,0,1.66,0,0.48,6.44,0,0,0.07,0,0.85
15,"Valencia Cleared",34.6486505386211,-106.739180486447,2023-04-01,4,2023,0.19,0.02,0,0.09,0,0,0.02,0,0,0,0.47,0,0.21,2.83,0,0,0.06,0,0.34
15,"Valencia Cleared",34.6486505386211,-106.739180486447,2024-04-01,4,2024,0.72,.,0.05,0.62,0,0,0.08,0,0,0,1.89,0.01,1.94,9.78,0,0.16,0.06,0,1.3
15,"Valencia Cleared",34.6486505386211,-106.739180486447,2004-05-01,5,2004,0.87,0,0.02,0,0,0,.,.,.,0,1.07,0,0.45,.,.,.,.,.,0.85
15,"Valencia Cleared",34.6486505386211,-106.739180486447,2005-05-01,5,2005,0.47,0,0.39,0,0,0,.,.,.,0,1.67,0,1.02,.,.,.,.,.,1.4
15,"Valencia Cleared",34.6486505386211,-106.739180486447,2006-05-01,5,2006,2.72,0,0,0,0,0,.,.,.,0,6.39,0,31.48,.,.,.,.,.,1.83
15,"Valencia Cleared",34.6486505386211,-106.739180486447,2007-05-01,5,2007,1.19,0.01,0.02,0.01,0,0,.,.,.,0,2.32,0,2.33,9.23,1.94,0.03,.,0,1.48
15,"Valencia Cleared",34.6486505386211,-106.739180486447,2008-05-01,5,2008,0.5,0,0.02,0.02,0,0,.,.,.,0,23.01,0,120.54,16.39,0.32,0,.,0,2.17
15,"Valencia Cleared",34.6486505386211,-106.739180486447,2009-05-01,5,2009,0.03,0.01,0.01,0,0,0,.,.,.,0,0.89,0,0.05,5.32,0.95,0.01,.,0,0.81
15,"Valencia Cleared",34.6486505386211,-106.739180486447,2010-05-01,5,2010,0.72,0,0.03,0.16,0,0,.,.,.,0,2.65,0,0.18,13.38,1.71,0.02,.,0.01,2.16
15,"Valencia Cleared",34.6486505386211,-106.739180486447,2011-05-01,5,2011,1.18,0.11,0.41,1.54,0,0,.,.,.,0,3.16,0.01,1.18,10.16,1.87,0.56,.,0,1.74
15,"Valencia Cleared",34.6486505386211,-106.739180486447,2012-05-01,5,2012,2.54,0.38,0,0,0,0.01,.,.,.,0,2.45,0.05,10,3.86,1.47,0,.,0,0.69
15,"Valencia Cleared",34.6486505386211,-106.739180486447,2013-05-01,5,2013,0.86,0,0,0,0,0,.,.,.,0,9.21,0,31.71,27.08,0.08,0,.,0.01,3.53
15,"Valencia Cleared",34.6486505386211,-106.739180486447,2014-05-01,5,2014,1.11,0.09,0,0,0,0.18,.,.,.,0,3.86,0.01,4.63,17.61,3.72,0,.,0,2.83
15,"Valencia Cleared",34.6486505386211,-106.739180486447,2015-05-01,5,2015,0.63,0.24,0,0,0,0,.,.,.,0,2.73,0.03,2.39,13.39,2.23,0.02,.,0,2.06
15,"Valencia Cleared",34.6486505386211,-106.739180486447,2016-05-01,5,2016,0.5,0.02,0,0.02,0.1,0.62,.,.,.,0,1.76,0,1.42,9.79,0.01,0.15,0,0,0.04
15,"Valencia Cleared",34.6486505386211,-106.739180486447,2017-05-01,5,2017,1.1,1.17,0,0.01,0.01,0,.,.,.,0,0.98,0.15,0.94,2.87,0.49,0.16,0,0,0.08
15,"Valencia Cleared",34.6486505386211,-106.739180486447,2018-05-01,5,2018,0.63,0,0.01,0.01,0,0,.,.,.,0,2.34,0,1.31,11.08,1.71,0.78,0,0,1.85
15,"Valencia Cleared",34.6486505386211,-106.739180486447,2019-05-01,5,2019,1.09,0.54,0.15,0.23,0,0.08,.,.,.,0,1.37,0.07,1.7,3.38,0.62,0.92,0,0,0.65
15,"Valencia Cleared",34.6486505386211,-106.739180486447,2020-05-01,5,2020,0.87,0.93,0.31,0,0.15,0,.,.,.,0,1.77,0.12,1.34,3.72,0.26,2.55,0.18,0.01,1.08
15,"Valencia Cleared",34.6486505386211,-106.739180486447,2021-05-01,5,2021,1.41,0.2,0.11,0,0,0.02,.,.,.,0,2.06,0.03,1.35,9.46,0.79,1.03,0,0,1.47
15,"Valencia Cleared",34.6486505386211,-106.739180486447,2022-05-01,5,2022,2.09,1.3,0.22,0.02,0.51,0,.,.,.,0.01,3.72,0.17,1.14,18.98,0.1,1.5,0,0.68,2.49
15,"Valencia Cleared",34.6486505386211,-106.739180486447,2023-05-01,5,2023,0.79,0,0.03,0.34,0,0.09,0,0,0,0,3.31,0,3.86,18.63,0.45,0.61,0,0,2.3
15,"Valencia Cleared",34.6486505386211,-106.739180486447,2024-05-01,5,2024,0.06,.,1.63,1.69,0.01,0,0.31,0,0,0,2.57,0.04,0.93,8.16,0.64,2.27,0,0,1.44
15,"Valencia Cleared",34.6486505386211,-106.739180486447,2004-06-01,6,2004,1.85,0.32,0,0.08,0,0,.,.,.,0.02,2.83,0.04,1.11,.,.,.,.,.,2.28
15,"Valencia Cleared",34.6486505386211,-106.739180486447,2005-06-01,6,2005,1.1,0,0.55,0,0,0,.,.,.,0,1.32,0,0.49,.,.,.,.,.,0.91
15,"Valencia Cleared",34.6486505386211,-106.739180486447,2006-06-01,6,2006,0.5,0.01,0.31,0.01,0,0,.,.,.,0,10.25,0,10.12,.,.,.,.,.,2.27
15,"Valencia Cleared",34.6486505386211,-106.739180486447,2007-06-01,6,2007,5.08,2.19,1.78,0.01,0,0,.,.,.,0,4.26,0.28,1.81,10.08,1.16,0.78,.,0.01,2.38
15,"Valencia Cleared",34.6486505386211,-106.739180486447,2008-06-01,6,2008,0.8,0.36,0.01,0.02,0,0,.,.,.,0,1.02,0.05,0.88,3.08,1.46,0.09,.,0,0.6
15,"Valencia Cleared",34.6486505386211,-106.739180486447,2009-06-01,6,2009,0.02,0.01,0,0,0,0.08,.,.,.,0,0.88,0,1.46,3.15,1.08,0,.,0.01,0.55
15,"Valencia Cleared",34.6486505386211,-106.739180486447,2010-06-01,6,2010,1.18,0.02,0.01,0.01,0,0,.,.,.,0,2.35,0,3.94,2.94,2.01,0.16,.,0.15,0.72
15,"Valencia Cleared",34.6486505386211,-106.739180486447,2011-06-01,6,2011,2.63,0.39,0.18,0.23,0,0,.,.,.,0.02,2.71,0.05,1.26,7.62,0.46,0.02,.,3.46,1.55
15,"Valencia Cleared",34.6486505386211,-106.739180486447,2012-06-01,6,2012,1.95,0.04,0,0,0,0.54,.,.,.,0,2.13,0,0.79,9.41,0.72,0,.,0,1.32
15,"Valencia Cleared",34.6486505386211,-106.739180486447,2013-06-01,6,2013,1.41,0.03,0.01,0.01,0,0,.,.,.,0,1.02,0,0.7,2.26,0.49,0,.,0,0.37
15,"Valencia Cleared",34.6486505386211,-106.739180486447,2014-06-01,6,2014,1.65,0.02,0.02,0,0,0,.,.,.,0,2.5,0,0.02,8.78,1.92,0.01,.,0,1.39
15,"Valencia Cleared",34.6486505386211,-106.739180486447,2015-06-01,6,2015,1.64,0.09,0.01,0,0,0,.,.,.,0,1.62,0.01,1.54,1.18,3.25,0,.,0.15,0.72
15,"Valencia Cleared",34.6486505386211,-106.739180486447,2016-06-01,6,2016,0.79,0.1,0.31,0,3.31,3.16,.,.,.,0,1.79,0.01,0.39,4.63,0.93,0.01,0,0,0.12
15,"Valencia Cleared",34.6486505386211,-106.739180486447,2017-06-01,6,2017,1.49,0.32,0.02,0.01,0.01,0.09,.,.,.,0,2.14,0.04,1.85,1.44,0.08,0.08,0,1.92,0.51
15,"Valencia Cleared",34.6486505386211,-106.739180486447,2018-06-01,6,2018,0.02,0,0,0,0,0.08,.,.,.,0,2.73,0,3.16,7.92,0.01,0,0,0,1.04
15,"Valencia Cleared",34.6486505386211,-106.739180486447,2019-06-01,6,2019,1.42,1.34,0.41,0,0,0,.,.,.,0,1.45,0.23,0.24,2.73,0.4,0.01,0,0.01,0.49
15,"Valencia Cleared",34.6486505386211,-106.739180486447,2021-06-01,6,2021,0.96,0.2,1.35,0.64,0.01,5.32,.,.,.,0,3.31,0.03,3.89,5.47,0.97,1.89,0,0,1.45
15,"Valencia Cleared",34.6486505386211,-106.739180486447,2022-06-01,6,2022,1.81,0.09,1.52,0.27,0,0,.,.,.,0.2,3.33,0.01,1.39,7.96,1.83,1.24,0,1.62,1.77
15,"Valencia Cleared",34.6486505386211,-106.739180486447,2023-06-01,6,2023,3.47,0.02,1.48,0.69,0,0.46,0.02,0.09,0,0,4.51,0.01,7.34,3.62,1.95,1.28,0,0.62,1.24
15,"Valencia Cleared",34.6486505386211,-106.739180486447,2024-06-01,6,2024,0.54,.,0,0,0,0.23,0,6.31,0,0,2.26,0.82,0.77,5.92,0.85,0,0,0,0.88
15,"Valencia Cleared",34.6486505386211,-106.739180486447,2004-07-01,7,2004,1.17,0.02,0.1,0.03,0,0,.,.,.,0,1.52,0,0.62,.,.,.,.,.,0.76
15,"Valencia Cleared",34.6486505386211,-106.739180486447,2005-07-01,7,2005,5.81,0,0.18,0,0,0,.,.,.,0,1.78,0,1.03,.,.,.,.,.,0.81
15,"Valencia Cleared",34.6486505386211,-106.739180486447,2006-07-01,7,2006,0.58,0.09,0.78,0.02,0,0,.,.,.,0,1.71,0.01,5.79,.,.,.,.,.,0.69
15,"Valencia Cleared",34.6486505386211,-106.739180486447,2007-07-01,7,2007,0.39,0.23,0.01,0.55,0,0,.,.,.,0,1.64,0.03,0.4,3.93,0,0,.,0.01,0.96
15,"Valencia Cleared",34.6486505386211,-106.739180486447,2008-07-01,7,2008,0.63,0.4,0,0,0,0,.,.,.,0,1.66,0.05,1.72,9.01,0,0,.,0,1.18
15,"Valencia Cleared",34.6486505386211,-106.739180486447,2009-07-01,7,2009,0.55,0,0,0,0,0.16,.,.,.,0,0.8,0,1.85,0.32,0,0,.,0,0.04
15,"Valencia Cleared",34.6486505386211,-106.739180486447,2010-07-01,7,2010,1.7,0,0.15,1.46,0,0,.,.,.,0,2.22,0,2,11.08,0,0,.,0,1.44
15,"Valencia Cleared",34.6486505386211,-106.739180486447,2011-07-01,7,2011,2.5,0.02,0.15,1.85,0,0,.,.,.,0,16.35,0,118.42,0.83,0.04,0.01,.,0,0.14
15,"Valencia Cleared",34.6486505386211,-106.739180486447,2012-07-01,7,2012,1.18,0.17,0.01,0,0.01,0,.,.,.,0,2.22,0.02,9.64,1.8,0.09,0,.,0,0.26
15,"Valencia Cleared",34.6486505386211,-106.739180486447,2013-07-01,7,2013,2.16,0.26,0,0,0,0,.,.,.,0,2,0.03,6.4,2.79,0.23,0,.,0,0.39
15,"Valencia Cleared",34.6486505386211,-106.739180486447,2014-07-01,7,2014,3.57,0.18,0.01,0,0,0,.,.,.,0,1.92,0.02,1.58,7.32,0.02,0,.,0,0.98
15,"Valencia Cleared",34.6486505386211,-106.739180486447,2015-07-01,7,2015,2.77,4,0.01,0.01,0,0,.,.,.,0,39.87,0.52,294.46,2.79,0.32,0,.,0,0.44
15,"Valencia Cleared",34.6486505386211,-106.739180486447,2016-07-01,7,2016,0.42,0.55,0.01,0.02,0,5.78,.,.,.,0,2.95,0.07,1,14.54,0.01,0,0,0.01,0
15,"Valencia Cleared",34.6486505386211,-106.739180486447,2017-07-01,7,2017,0.8,0.27,0.01,3.59,0,13.68,.,.,.,0,3.2,0.03,0.3,1.62,0,0.17,0,0,0.07
15,"Valencia Cleared",34.6486505386211,-106.739180486447,2018-07-01,7,2018,1.42,2.7,0.31,0.01,0,5.62,.,.,.,0,2.67,0.35,0.79,6.02,0.01,0.01,0,0,0.81
15,"Valencia Cleared",34.6486505386211,-106.739180486447,2019-07-01,7,2019,1.31,0.09,1.7,0.31,0.01,0.78,.,.,.,0,2.7,0.14,3.63,3.57,0.01,0.54,0,2.69,0.91
15,"Valencia Cleared",34.6486505386211,-106.739180486447,2020-07-01,7,2020,2.87,0.01,0.49,1.39,0,0,.,.,.,0.01,4.64,2.03,0.32,6.17,0,4.24,0,0,1.35
15,"Valencia Cleared",34.6486505386211,-106.739180486447,2021-07-01,7,2021,2.02,0.33,1.25,0.56,0,0,.,.,.,0.02,6.05,0.04,2,15.01,0.66,0.31,0,1.92,2.33
15,"Valencia Cleared",34.6486505386211,-106.739180486447,2022-07-01,7,2022,1.48,0.1,1.16,0.16,0,0,.,.,.,0,4.1,0.01,0.54,3.26,0.26,0.85,0,1.92,1.07
15,"Valencia Cleared",34.6486505386211,-106.739180486447,2023-07-01,7,2023,2.99,0.45,1.37,0.27,0.01,0,0.45,0.1,0,0,5.78,0.06,1.21,10.96,0.18,2.14,0,4.19,2.07
15,"Valencia Cleared",34.6486505386211,-106.739180486447,2024-07-01,7,2024,0.49,.,0.71,0.02,0,0,0.01,0.08,0,0,6.2,0.01,3.49,11.17,0.02,1.24,0,1.08,2.15
15,"Valencia Cleared",34.6486505386211,-106.739180486447,2004-08-01,8,2004,1.32,0.16,0.01,0,0,0,.,.,.,0,2.35,0.02,15.7,.,.,.,.,.,0.02
15,"Valencia Cleared",34.6486505386211,-106.739180486447,2005-08-01,8,2005,0.02,0.01,0.31,0.08,0,0,.,.,.,0,0.35,0,0.48,.,.,.,.,.,0.12
15,"Valencia Cleared",34.6486505386211,-106.739180486447,2006-08-01,8,2006,0.79,0.02,0.01,1.08,0,0,.,.,.,0.01,1.8,0,10.48,.,.,.,.,.,0.04
15,"Valencia Cleared",34.6486505386211,-106.739180486447,2007-08-01,8,2007,0.65,0.62,0.24,0.08,0,0,.,.,.,0,0.97,0.08,0.93,0.02,0.01,0,.,0.08,0.36
15,"Valencia Cleared",34.6486505386211,-106.739180486447,2008-08-01,8,2008,40.31,1.08,0,0,0,0,.,.,.,0,15.44,0.14,28.62,0.71,0,0,.,0,1.28
15,"Valencia Cleared",34.6486505386211,-106.739180486447,2009-08-01,8,2009,0.02,0.19,0,0.03,0,0.01,.,.,.,0,0.54,0.02,0.21,0.36,0,0,.,0,0.31
15,"Valencia Cleared",34.6486505386211,-106.739180486447,2010-08-01,8,2010,0.16,0.15,0.01,0.02,0,0,.,.,.,0,1.1,0.02,0.47,0.25,0.01,0.01,.,0.54,0.74
15,"Valencia Cleared",34.6486505386211,-106.739180486447,2011-08-01,8,2011,1.01,0.09,0.02,1.69,0,0,.,.,.,0.01,1.08,0.01,0.16,0.09,0,0.01,.,0.54,0.43
15,"Valencia Cleared",34.6486505386211,-106.739180486447,2012-08-01,8,2012,0.04,0.24,0,0.01,0,0,.,.,.,0,0.61,0.03,0.78,0,0.01,0,.,0,0
15,"Valencia Cleared",34.6486505386211,-106.739180486447,2013-08-01,8,2013,1.03,0.27,0,0,0.02,0,.,.,.,0,1.63,0.04,7.78,0,0.95,0,.,0,0.12
15,"Valencia Cleared",34.6486505386211,-106.739180486447,2014-08-01,8,2014,0.06,0,0,0,0,0.01,.,.,.,0,14.24,0.02,0.26,0.08,0,0,.,0,0.05
15,"Valencia Cleared",34.6486505386211,-106.739180486447,2015-08-01,8,2015,3.86,0.45,0,0,0.01,0,.,.,.,0,1.09,0.06,0.27,0.43,0.01,0.01,.,0,0.08
15,"Valencia Cleared",34.6486505386211,-106.739180486447,2016-08-01,8,2016,1.41,2.33,0.09,0.78,0.02,0,.,.,.,0,1.04,0.3,1.62,0.49,0.02,0,0,0,0
15,"Valencia Cleared",34.6486505386211,-106.739180486447,2017-08-01,8,2017,0.66,2.55,0.01,0.39,0.15,0.01,.,.,.,0,1.24,0.33,0.48,0,0,0,0,0,0.35
15,"Valencia Cleared",34.6486505386211,-106.739180486447,2018-08-01,8,2018,2.26,1.01,0.01,0.16,0,0,.,.,.,0,1.45,0.13,0.86,0.18,0,0.01,0,0.01,0.03
15,"Valencia Cleared",34.6486505386211,-106.739180486447,2019-08-01,8,2019,1.49,0.03,0.02,0.1,0.01,0,.,.,.,0,4.13,0,1.26,0.09,0.01,0.38,0,0,0.14
15,"Valencia Cleared",34.6486505386211,-106.739180486447,2020-08-01,8,2020,2.01,0.11,0.16,0.17,0.01,0,.,.,.,0,2.71,0.01,7.63,0.03,0,3.39,0,0,0.66
15,"Valencia Cleared",34.6486505386211,-106.739180486447,2021-08-01,8,2021,2.16,0.39,1.26,0.78,0,0,.,.,.,0.01,2.11,0.05,0.63,3.87,0.01,0.23,0,0,0.59
15,"Valencia Cleared",34.6486505386211,-106.739180486447,2022-08-01,8,2022,1.09,0.31,0.94,2.62,0,0,.,.,.,0,2.95,0.04,0.86,0.46,0.08,3.7,0,0,0.67
15,"Valencia Cleared",34.6486505386211,-106.739180486447,2023-08-01,8,2023,0.68,0.02,0.01,3.3,0,0,0.02,0,0,0,2.59,0,0.02,0.89,0.02,0.01,0,0,0.12
15,"Valencia Cleared",34.6486505386211,-106.739180486447,2024-08-01,8,2024,1.39,.,0.77,2.23,0,0.17,0.16,0.46,0,0,3.4,0.08,2.47,1.23,0,1.46,0,0,0.62
15,"Valencia Cleared",34.6486505386211,-106.739180486447,2004-09-01,9,2004,2.32,0.27,0.17,0.01,0,0,.,.,.,0,1.07,0.03,4.7,.,.,.,.,.,0.03
15,"Valencia Cleared",34.6486505386211,-106.739180486447,2005-09-01,9,2005,0.36,0.1,0.34,0.02,0,0,.,.,.,0,1.15,0.01,3.35,.,.,.,.,.,0.51
15,"Valencia Cleared",34.6486505386211,-106.739180486447,2006-09-01,9,2006,1.08,0.17,0.08,0,0,0,.,.,.,0,1.22,0.02,3.47,.,.,.,.,.,0.27
15,"Valencia Cleared",34.6486505386211,-106.739180486447,2007-09-01,9,2007,1.26,0.77,0.71,0.62,0,0,.,.,.,0,0.96,0.1,1.24,0.01,0,0,.,0,0.01
15,"Valencia Cleared",34.6486505386211,-106.739180486447,2008-09-01,9,2008,1.02,3.39,0.01,0.08,0,0,.,.,.,0,1.05,0.44,1.93,0.01,0,0,.,0,0
15,"Valencia Cleared",34.6486505386211,-106.739180486447,2009-09-01,9,2009,0.47,0.92,0,0,0,0,.,.,.,0,0.82,0.12,1.24,0.01,0,0,.,0,0
15,"Valencia Cleared",34.6486505386211,-106.739180486447,2010-09-01,9,2010,0.78,0.38,0,0,0,0,.,.,.,0,1.2,0.05,0.92,0.01,0,0,.,0,0.53
15,"Valencia Cleared",34.6486505386211,-106.739180486447,2011-09-01,9,2011,3.03,0.39,0.02,3.46,0,0,.,.,.,0,1.81,0.05,1.78,0.08,0,0,.,0,0.35
15,"Valencia Cleared",34.6486505386211,-106.739180486447,2012-09-01,9,2012,0.46,0.09,0,0,0,0,.,.,.,0,0.86,0.01,0.01,0.01,0,0,.,0,0.09
15,"Valencia Cleared",34.6486505386211,-106.739180486447,2013-09-01,9,2013,3.48,0.49,0.16,0,0,0,.,.,.,0,1.5,0.06,1.73,0,0.15,0.02,.,0,0.03
15,"Valencia Cleared",34.6486505386211,-106.739180486447,2014-09-01,9,2014,1.1,0.78,0,0,0,0,.,.,.,0,1.4,0.1,3.81,0,0,0,.,0,0.14
15,"Valencia Cleared",34.6486505386211,-106.739180486447,2015-09-01,9,2015,4.09,0.79,0.01,1,0,0.01,.,.,.,0,1.22,0.22,0.02,0.02,0,0,.,0,0.06
15,"Valencia Cleared",34.6486505386211,-106.739180486447,2016-09-01,9,2016,1.33,1.31,0.01,0.01,0,0.08,.,.,.,0,1.61,0.17,1.19,0.02,0,0.01,0,0,0.06
15,"Valencia Cleared",34.6486505386211,-106.739180486447,2017-09-01,9,2017,1.56,2.94,0.16,0.69,0,0,.,.,.,0,1.17,0.38,2.39,0,0.15,0,0,0,0.02
15,"Valencia Cleared",34.6486505386211,-106.739180486447,2018-09-01,9,2018,1.25,0.16,0.01,0.01,0,0,.,.,.,1.85,4.04,0.02,0.02,1.24,0,0,0,0,0.55
15,"Valencia Cleared",34.6486505386211,-106.739180486447,2019-09-01,9,2019,0.25,0.09,0.08,0,0.78,0.23,.,.,.,0,4.26,0.01,1.09,0.02,0,0.02,0,1.31,1.54
15,"Valencia Cleared",34.6486505386211,-106.739180486447,2020-09-01,9,2020,20.48,1.4,0.26,0.02,0,1.54,.,.,.,0,5.97,0.53,11.42,3.48,0,0.38,0,0,0.5
15,"Valencia Cleared",34.6486505386211,-106.739180486447,2021-09-01,9,2021,2.02,1.16,2.41,1.49,0,0,.,.,.,0,3.25,0.15,1.18,0.33,0,0,0,0.01,0.11
15,"Valencia Cleared",34.6486505386211,-106.739180486447,2022-09-01,9,2022,0.85,1.55,0.79,4.38,0,0,.,.,.,0,2.52,0.2,0.34,0.02,0.01,1.46,0,0,0.24
15,"Valencia Cleared",34.6486505386211,-106.739180486447,2023-09-01,9,2023,1.04,1.29,0.79,0.68,0,0,1.29,0.35,0,0,3.08,0.19,0.43,0.1,1.03,0.35,0,2.74,0.57
15,"Valencia Cleared",34.6486505386211,-106.739180486447,2024-09-01,9,2024,1.7,.,12.32,1.46,0,0,1.46,0,0,0,4.34,0.19,5.92,0.02,0,0,0,0.15,0.1
15,"Valencia Cleared",34.6486505386211,-106.739180486447,2003-10-01,10,2003,2.06,0.03,0,0,0.94,0,.,.,.,0,0.46,0,0.38,.,.,.,.,.,0
15,"Valencia Cleared",34.6486505386211,-106.739180486447,2004-10-01,10,2004,7.86,2.55,0.15,0.02,0,0,.,.,.,0,3.98,0.33,11.77,.,.,.,.,.,0.81
15,"Valencia Cleared",34.6486505386211,-106.739180486447,2005-10-01,10,2005,1.03,0,1.61,0,0,0,.,.,.,0,0.81,0,1.47,.,.,.,.,.,0
15,"Valencia Cleared",34.6486505386211,-106.739180486447,2006-10-01,10,2006,7.26,4.09,3.41,0.01,0,0,.,.,.,0,3.23,0.53,0.06,.,.,.,.,.,0.43
15,"Valencia Cleared",34.6486505386211,-106.739180486447,2007-10-01,10,2007,0.85,1.63,1.16,0.08,0.01,0,.,.,.,0,0.88,0.21,0.17,0.02,0,0,.,0,0.08
15,"Valencia Cleared",34.6486505386211,-106.739180486447,2008-10-01,10,2008,1.77,2.39,0.01,0.01,0,0,.,.,.,0,1.3,0.31,5.33,0,0,0,.,0,0
15,"Valencia Cleared",34.6486505386211,-106.739180486447,2009-10-01,10,2009,6.86,2.62,0.09,0.01,0.09,0,.,.,.,0,2.63,0.34,0.18,0,0.01,0,.,0,0.31
15,"Valencia Cleared",34.6486505386211,-106.739180486447,2010-10-01,10,2010,0.33,0.39,0.08,0.08,0,0,.,.,.,0,0.92,0.05,0.02,0.01,0,0.01,.,0.01,0.32
15,"Valencia Cleared",34.6486505386211,-106.739180486447,2011-10-01,10,2011,3.62,1.94,0,0.46,0,0,.,.,.,0,1.59,0.25,5.17,0,0.01,0,.,0,0.01
15,"Valencia Cleared",34.6486505386211,-106.739180486447,2012-10-01,10,2012,2.09,4.08,0,0,0,0,.,.,.,0,1.93,0.53,0.55,0,0,0,.,0,0.71
15,"Valencia Cleared",34.6486505386211,-106.739180486447,2013-10-01,10,2013,10.27,5.83,0,0,0,0,.,.,.,0,3.35,0.76,3.69,0.43,0,0,.,0.01,0.54
15,"Valencia Cleared",34.6486505386211,-106.739180486447,2014-10-01,10,2014,10.23,6.63,0.54,0.32,0,0,.,.,.,0,3.16,0.86,2.24,0.02,0,0,.,0.01,0.41
15,"Valencia Cleared",34.6486505386211,-106.739180486447,2015-10-01,10,2015,14.55,4.08,0.02,0.01,0,0,.,.,.,0,3.46,0.53,0.85,0,0,0,.,0,0.74
15,"Valencia Cleared",34.6486505386211,-106.739180486447,2016-10-01,10,2016,2.47,4.62,0,0,0,0,.,.,.,0.15,2.6,0.6,0.32,0.02,0,0,0,0,0.25
15,"Valencia Cleared",34.6486505386211,-106.739180486447,2017-10-01,10,2017,0.86,0.27,0,0.34,7.69,0,.,.,.,0,2.04,0.03,0.02,1.2,0,0,0,0,0.07
15,"Valencia Cleared",34.6486505386211,-106.739180486447,2018-10-01,10,2018,4,0.56,0.33,0.54,7.31,0.01,.,.,.,0,2.68,0.07,0.47,0.02,0,0.32,0,0,0.07
15,"Valencia Cleared",34.6486505386211,-106.739180486447,2019-10-01,10,2019,2.54,2.81,0.93,2.39,0,0,.,.,.,0,3.7,0.36,0.4,0.01,0,0,0,0,0.04
15,"Valencia Cleared",34.6486505386211,-106.739180486447,2020-10-01,10,2020,7.61,4.45,4.03,0.34,0,3.16,.,.,.,0,5.78,0.58,2.59,0.03,0,0.01,0,0,0.03
15,"Valencia Cleared",34.6486505386211,-106.739180486447,2021-10-01,10,2021,5.47,7.18,2.34,1.79,0,0,.,.,.,0,4.93,0.93,1.13,0.24,0,5.69,0,0.01,0.77
15,"Valencia Cleared",34.6486505386211,-106.739180486447,2022-10-01,10,2022,1.62,4.7,1.25,4,0,0,.,.,.,0,3.83,0.61,3.79,0.09,0,0.15,0,0,0.03
15,"Valencia Cleared",34.6486505386211,-106.739180486447,2023-10-01,10,2023,3.71,2.56,3.03,1.46,0,0,2.56,0.31,0,0,4.63,0.37,1.94,0.17,0,0.46,0,0.15,0.24
15,"Valencia Cleared",34.6486505386211,-106.739180486447,2024-10-01,10,2024,1.39,.,2.1,0.62,0,0,1.93,0.08,0,0,6.22,0.26,0.63,0.09,0,0.08,0,0,1.36
15,"Valencia Cleared",34.6486505386211,-106.739180486447,2003-11-01,11,2003,20.4,0.01,1.52,1.59,1.31,0,.,.,.,0,3.76,0,3.39,.,.,.,.,.,0
15,"Valencia Cleared",34.6486505386211,-106.739180486447,2004-11-01,11,2004,30.92,3.66,8,0.01,0,0,.,.,.,0,6.81,0.48,6.95,.,.,.,.,.,0.09
15,"Valencia Cleared",34.6486505386211,-106.739180486447,2005-11-01,11,2005,20.39,5.32,4.69,3.48,0,0,.,.,.,0,5.5,0.69,0.42,.,.,.,.,.,0.51
15,"Valencia Cleared",34.6486505386211,-106.739180486447,2006-11-01,11,2006,65.47,5.65,11.46,8.32,0,0,.,.,.,0,14.14,0.73,10.36,.,.,.,.,.,0.27
15,"Valencia Cleared",34.6486505386211,-106.739180486447,2007-11-01,11,2007,8.78,5.09,3.7,1.25,0,0,.,.,.,0,3.28,0.74,1.26,0.01,0,0,.,0,0.26
15,"Valencia Cleared",34.6486505386211,-106.739180486447,2008-11-01,11,2008,20.31,1.48,0,0.01,0,0,.,.,.,0,4.52,0.19,3.64,0.26,0.16,0.01,.,2.69,0.74
15,"Valencia Cleared",34.6486505386211,-106.739180486447,2009-11-01,11,2009,30.85,5.92,0.85,7.38,0,0,.,.,.,0,6.75,0.77,0.02,0.02,0,0.01,.,0,0.53
15,"Valencia Cleared",34.6486505386211,-106.739180486447,2010-11-01,11,2010,24.31,1.85,0.92,12.54,0,0,.,.,.,0,9.86,0.72,4.54,0,0,0,.,0,0.85
15,"Valencia Cleared",34.6486505386211,-106.739180486447,2011-11-01,11,2011,37.85,2.16,5.08,25.48,0.24,0.31,.,.,.,0,10.13,0.28,1.66,1.54,0,0,.,0,0.34
15,"Valencia Cleared",34.6486505386211,-106.739180486447,2012-11-01,11,2012,33.68,10.69,0,0,0,0,.,.,.,0,8.6,1.39,15.98,0,0,0,.,0,0.45
15,"Valencia Cleared",34.6486505386211,-106.739180486447,2013-11-01,11,2013,84.77,14.11,0.23,0.01,0,0,.,.,.,0,14.86,1.83,7.11,0.02,0,0,.,0,0.61
15,"Valencia Cleared",34.6486505386211,-106.739180486447,2014-11-01,11,2014,51.38,14.12,0,0.02,0,0,.,.,.,0,9.02,1.83,0.42,0.02,0.01,0,.,0,0.2
15,"Valencia Cleared",34.6486505386211,-106.739180486447,2015-11-01,11,2015,46.92,9.54,0.62,7.15,0,0,.,.,.,0,10.03,1.24,6.31,0.01,0,0,.,0,0.21
15,"Valencia Cleared",34.6486505386211,-106.739180486447,2016-11-01,11,2016,7.62,5.63,0.31,0,0,0.01,.,.,.,0,6.74,0.73,27.39,0.01,0,0,0,0,0
15,"Valencia Cleared",34.6486505386211,-106.739180486447,2017-11-01,11,2017,37.16,6.62,1.69,5.69,4.69,0,.,.,.,0,9.3,0.86,5,2.08,0,0.08,0,0,0.01
15,"Valencia Cleared",34.6486505386211,-106.739180486447,2018-11-01,11,2018,20.46,4.72,2.94,10.55,0,2.93,.,.,.,0,6.94,0.61,2.78,0,0.85,0,0,0,0.37
15,"Valencia Cleared",34.6486505386211,-106.739180486447,2019-11-01,11,2019,44.23,10.72,5.44,19.18,0,0,.,.,.,0,11.65,1.39,1.78,0,0,0,0,0,0.06
15,"Valencia Cleared",34.6486505386211,-106.739180486447,2020-11-01,11,2020,65.56,11.73,6.58,20.56,0,0,.,.,.,0,16.89,1.57,14.04,0.78,0,0.52,0,0,0.22
15,"Valencia Cleared",34.6486505386211,-106.739180486447,2021-11-01,11,2021,28.62,10.94,11.26,7.02,0,0,.,.,.,0,8.55,1.42,1.5,0.46,0,0.69,0,0.01,0.15
15,"Valencia Cleared",34.6486505386211,-106.739180486447,2022-11-01,11,2022,85.46,20.92,5.18,11.54,0,0,.,.,.,0.01,19.95,2.72,10.79,0.04,0.01,0.85,0,0,0.12
15,"Valencia Cleared",34.6486505386211,-106.739180486447,2023-11-01,11,2023,64.08,9.1,12.09,22.19,0.15,0,9.1,3.09,0,0,17.88,1.58,5.11,0.48,0,0.09,0,0,0.16
15,"Valencia Cleared",34.6486505386211,-106.739180486447,2024-11-01,11,2024,29.38,.,5.92,16.16,0,0,9.47,3.88,0,0,13.44,1.73,8.09,0.09,0,0.08,0,0,0.66
15,"Valencia Cleared",34.6486505386211,-106.739180486447,2003-12-01,12,2003,11.86,0.02,1.24,3.62,0,0,.,.,.,0,2.46,0,1.77,.,.,.,.,.,0
15,"Valencia Cleared",34.6486505386211,-106.739180486447,2004-12-01,12,2004,22.08,0.38,2.78,0.85,0,0,.,.,.,0,3.44,0.05,0.16,.,.,.,.,.,0
15,"Valencia Cleared",34.6486505386211,-106.739180486447,2005-12-01,12,2005,21.08,0.25,4.71,3.79,0.01,0,.,.,.,0,36.23,0.03,1.02,.,.,.,.,.,0.19
15,"Valencia Cleared",34.6486505386211,-106.739180486447,2006-12-01,12,2006,3.32,0.25,2.39,0.02,0,0,.,.,.,0,1.01,0.03,0.26,.,.,.,.,.,0.1
15,"Valencia Cleared",34.6486505386211,-106.739180486447,2007-12-01,12,2007,35.15,4.72,13.78,6.33,0,0,.,.,.,0,8.3,0.61,2.42,0.02,0,0.08,.,0.01,0.08
15,"Valencia Cleared",34.6486505386211,-106.739180486447,2008-12-01,12,2008,26.08,0.7,0.02,0.78,0,0,.,.,.,0,3.93,0.09,2.31,0.15,0,0,.,0,0.02
15,"Valencia Cleared",34.6486505386211,-106.739180486447,2009-12-01,12,2009,61.39,1.23,0.63,2.26,0,0,.,.,.,0,10.41,0.16,0.15,0,0,0,.,0,0.87
15,"Valencia Cleared",34.6486505386211,-106.739180486447,2010-12-01,12,2010,16.75,0.98,1.64,1.47,0,0,.,.,.,0.01,6.57,0.13,0.02,0.01,0,0.01,.,0,1.32
15,"Valencia Cleared",34.6486505386211,-106.739180486447,2011-12-01,12,2011,43.23,1.78,1.25,7.88,0,0,.,.,.,0,7.84,0.23,3.7,0.09,0,0.08,.,0.01,0.1
15,"Valencia Cleared",34.6486505386211,-106.739180486447,2012-12-01,12,2012,70.54,2.01,0.09,0.01,0,0,.,.,.,0,10.59,0.26,2.26,0.24,0,0,.,0,0.39
15,"Valencia Cleared",34.6486505386211,-106.739180486447,2013-12-01,12,2013,6.69,0.78,0.01,0,0,0,.,.,.,0,1.54,0.1,0.18,0.01,0,0,.,0,0.27
15,"Valencia Cleared",34.6486505386211,-106.739180486447,2014-12-01,12,2014,22.39,1.73,0,0,0,0,.,.,.,0,4.06,0.22,0.02,0.49,2.93,0,.,0,0.44
15,"Valencia Cleared",34.6486505386211,-106.739180486447,2015-12-01,12,2015,11.23,1.33,0.38,1.19,0,0,.,.,.,0,2.1,0.17,0.02,0,0,0,.,0,0.05
15,"Valencia Cleared",34.6486505386211,-106.739180486447,2016-12-01,12,2016,28.27,7.52,0.49,12.24,0,0,.,.,.,0,7.92,0.98,1.75,0.04,0,0.01,0,0.01,0.36
15,"Valencia Cleared",34.6486505386211,-106.739180486447,2017-12-01,12,2017,14.32,0.09,0.85,0.01,0.01,0,.,.,.,0,3,0.01,5.24,0,0,0,0,0,0.07
15,"Valencia Cleared",34.6486505386211,-106.739180486447,2018-12-01,12,2018,44.87,1.33,6.62,10.73,0,0,.,.,.,0,9.44,0.17,2.93,0.03,0,0.01,0,0,0.13
15,"Valencia Cleared",34.6486505386211,-106.739180486447,2019-12-01,12,2019,32.32,2.49,2.79,8.18,0,0,.,.,.,0,7.48,0.32,4.32,0.02,0,0,0,0,0.6
15,"Valencia Cleared",34.6486505386211,-106.739180486447,2020-12-01,12,2020,11.54,1.63,2,2.16,0,0,.,.,.,0,3.03,0.21,0.37,0.01,0,0.01,0,0,0.13
15,"Valencia Cleared",34.6486505386211,-106.739180486447,2021-12-01,12,2021,75.31,4.85,5.64,15.51,0,0,.,.,.,0,15,0.63,5.96,0.78,0,3.93,0,0,0.62
15,"Valencia Cleared",34.6486505386211,-106.739180486447,2022-12-01,12,2022,19.77,1.39,5.17,5.19,0,0,.,.,.,0,4.74,0.18,0.64,0.01,0,0.08,0.01,0,0.01
15,"Valencia Cleared",34.6486505386211,-106.739180486447,2023-12-01,12,2023,25.16,0.93,2.4,8.89,0.01,0,0.93,0.4,0,0,6.02,0.17,2.64,0.19,0,0.01,0,0,0.15
15,"Valencia Cleared",34.6486505386211,-106.739180486447,2024-12-01,12,2024,24.15,.,2.88,3.02,0,0,1.17,0.72,0,0,4.97,0.24,0.12,0.02,0.08,0,0,0,0.01
16,"Valencia Forest",34.6472147233729,-106.738922864063,2004-01-01,1,2004,12.62,0,1.79,12.55,0,0,.,.,.,0,3.66,0,0.72,.,.,.,.,.,0.01
16,"Valencia Forest",34.6472147233729,-106.738922864063,2005-01-01,1,2005,15.9,0,0.54,15.81,0,0,.,.,.,0,4.48,0,1.56,.,.,.,.,.,0.06
16,"Valencia Forest",34.6472147233729,-106.738922864063,2006-01-01,1,2006,6.74,0,3.18,8.1,0,0,.,.,.,0,23.84,0,164.91,.,.,.,.,.,0.02
16,"Valencia Forest",34.6472147233729,-106.738922864063,2007-01-01,1,2007,8.98,0,5.48,23.42,0,0,.,.,.,0,6.36,0,8.55,.,.,.,.,.,0.02
16,"Valencia Forest",34.6472147233729,-106.738922864063,2008-01-01,1,2008,1,0,0.56,0,0,0,.,.,.,0,1.44,0,8.32,0,0,0,.,0,0.02
16,"Valencia Forest",34.6472147233729,-106.738922864063,2009-01-01,1,2009,0.94,0,2.56,0,0,0,.,.,.,0,3.94,0,19.41,0,0,0,.,0.96,0.96
16,"Valencia Forest",34.6472147233729,-106.738922864063,2010-01-01,1,2010,0,0.01,0,0.02,0,0,.,.,.,0,1,0,4.32,0,0,0.23,.,0,0.33
16,"Valencia Forest",34.6472147233729,-106.738922864063,2011-01-01,1,2011,0.55,0,0.01,0,0,0,.,.,.,0,3.52,0,0.15,0,0,0,.,0,2.08
16,"Valencia Forest",34.6472147233729,-106.738922864063,2012-01-01,1,2012,0.39,0.01,0.02,0.01,0,0,.,.,.,0,0.16,0,0.78,0,0,0,.,0,0.01
16,"Valencia Forest",34.6472147233729,-106.738922864063,2013-01-01,1,2013,0.16,0,0.01,0,0,0,.,.,.,0,1.87,0,1.23,0,0,0,.,0,1.65
16,"Valencia Forest",34.6472147233729,-106.738922864063,2014-01-01,1,2014,0.38,0.62,0.02,0,0,0,.,.,.,0,0.53,0.08,0.09,0,0,0,.,0,0.33
16,"Valencia Forest",34.6472147233729,-106.738922864063,2015-01-01,1,2015,.,.,.,.,.,.,.,.,.,.,.,.,.,.,.,.,.,.,.
16,"Valencia Forest",34.6472147233729,-106.738922864063,2016-01-01,1,2016,0.69,1.09,0.08,0,0,0,.,.,.,0,4.24,0.14,0.49,0,1.01,0,.,0,0.13
16,"Valencia Forest",34.6472147233729,-106.738922864063,2017-01-01,1,2017,0.09,0.02,0.02,0.01,0.01,0,.,.,.,0,1.5,0,1.48,0,0,0,0,0,0.14
16,"Valencia Forest",34.6472147233729,-106.738922864063,2018-01-01,1,2018,2.62,0,0,0.02,0,0,.,.,.,0,0.94,0,0.09,0,0,0,0,0,0.16
16,"Valencia Forest",34.6472147233729,-106.738922864063,2019-01-01,1,2019,4.86,0.31,0.63,0.01,0,0,.,.,.,0,2.07,0.04,0.02,0,0,0,0,0,0.8
16,"Valencia Forest",34.6472147233729,-106.738922864063,2020-01-01,1,2020,0.47,0.01,0.02,0,0,0,.,.,.,0,0.24,0,0,0,0,0,0,0,0
16,"Valencia Forest",34.6472147233729,-106.738922864063,2021-01-01,1,2021,2.01,0.09,0.24,0.02,0,0,.,.,.,0,1.03,0.01,0.33,0,0,0.15,0,0,0.34
16,"Valencia Forest",34.6472147233729,-106.738922864063,2022-01-01,1,2022,3.39,0.09,0.02,0.01,0,0,.,.,.,0,0.96,0.01,0.26,0,0,0.15,0,0,0.06
16,"Valencia Forest",34.6472147233729,-106.738922864063,2023-01-01,1,2023,0.69,.,0,0.01,0,0,.,.,0,0,0.53,0.04,0.01,0,0,0.01,0,0.02,0.15
16,"Valencia Forest",34.6472147233729,-106.738922864063,2024-01-01,1,2024,2.23,.,0.23,0,0.01,0,0,0,0,0,1.36,0,0.03,0,0,0.69,0,0,0.51
16,"Valencia Forest",34.6472147233729,-106.738922864063,2004-02-01,2,2004,5.54,0.08,0.49,2.8,0,0,.,.,.,0,1.28,0.01,0.62,.,.,.,.,.,0
16,"Valencia Forest",34.6472147233729,-106.738922864063,2005-02-01,2,2005,2.08,0.01,0.03,1.03,0,0,.,.,.,0,0.57,0,1.16,.,.,.,.,.,0
16,"Valencia Forest",34.6472147233729,-106.738922864063,2006-02-01,2,2006,19.84,0.04,3.09,16.44,0,0,.,.,.,0,5.48,0,1.74,.,.,.,.,.,0.11
16,"Valencia Forest",34.6472147233729,-106.738922864063,2007-02-01,2,2007,3.4,0,0.28,3.33,0,0,.,.,.,0,1.34,0,1.56,.,.,.,.,.,0.17
16,"Valencia Forest",34.6472147233729,-106.738922864063,2008-02-01,2,2008,0.25,0,0.11,0.63,0,0,.,.,.,0,0.33,0,0.79,0.08,0,0,.,0,0.04
16,"Valencia Forest",34.6472147233729,-106.738922864063,2009-02-01,2,2009,0.26,0,0.52,0,0,0,.,.,.,0,3.57,0,4.27,0,0,0,.,0,0
16,"Valencia Forest",34.6472147233729,-106.738922864063,2010-02-01,2,2010,0.31,0,0,0,0,0,.,.,.,0,88.97,0,658.4,0,0,0,.,0,2.6
16,"Valencia Forest",34.6472147233729,-106.738922864063,2011-02-01,2,2011,1,0,0,0,0,0,.,.,.,0,4.67,0,0.32,0.03,0,0,.,0,3.99
16,"Valencia Forest",34.6472147233729,-106.738922864063,2012-02-01,2,2012,0.38,0.01,0,0,0,0,.,.,.,0,0.38,0,0.02,0,0,0,.,0,0
16,"Valencia Forest",34.6472147233729,-106.738922864063,2013-02-01,2,2013,1.31,0,0,0,0,0,.,.,.,0,24.41,0,0.02,0,0,0,.,0,3.05
16,"Valencia Forest",34.6472147233729,-106.738922864063,2014-02-01,2,2014,0.01,0,0,0.01,0,0,.,.,.,0,0.4,0,0.02,0,0,0,.,0,0.04
16,"Valencia Forest",34.6472147233729,-106.738922864063,2015-02-01,2,2015,0.24,0,0,0,0,0,.,.,.,0,0.42,0,0.62,0,0,0,.,0,0.04
16,"Valencia Forest",34.6472147233729,-106.738922864063,2016-02-01,2,2016,0.03,0.02,0.02,0,0,0,.,.,.,0,0.5,0,0,0,0,0,.,0,0.01
16,"Valencia Forest",34.6472147233729,-106.738922864063,2017-02-01,2,2017,0.69,0,0,0,0,0,.,.,.,0,1.28,0,0,0,0,0,0,0,0
16,"Valencia Forest",34.6472147233729,-106.738922864063,2018-02-01,2,2018,2.49,0.42,0.02,0,0,0,.,.,.,0,2.01,0.06,2.24,0,0,0,0,0,0.03
16,"Valencia Forest",34.6472147233729,-106.738922864063,2019-02-01,2,2019,0.79,0.02,0.02,0.02,0,0,.,.,.,0,7.39,0.01,1.69,0,0,0,0,0,0.05
16,"Valencia Forest",34.6472147233729,-106.738922864063,2020-02-01,2,2020,0,0.01,0,0,0,0,.,.,.,0,0.14,0,0.01,0,0,0,0,0,0
16,"Valencia Forest",34.6472147233729,-106.738922864063,2021-02-01,2,2021,1.54,0.32,0.01,0,0,0,.,.,.,0,7.35,0.04,1.78,0,0,0.08,0,0,0.22
16,"Valencia Forest",34.6472147233729,-106.738922864063,2022-02-01,2,2022,0.23,0,0.01,0,0,0,.,.,.,0,0.3,0,0.04,0,0,0.54,0,0,0.1
16,"Valencia Forest",34.6472147233729,-106.738922864063,2023-02-01,2,2023,1.47,.,0.09,0.01,0,0,.,.,0,0,1.12,0,1.17,0,0,0.09,0,0,0.29
16,"Valencia Forest",34.6472147233729,-106.738922864063,2024-02-01,2,2024,0.95,.,0.01,0.02,0,0,0,0,0,0,1.6,0,0.01,0.01,0,0.31,0.01,0,0.54
16,"Valencia Forest",34.6472147233729,-106.738922864063,2004-03-01,3,2004,4.18,0,0.31,2.46,0,0,.,.,.,0,1.91,0,5.86,.,.,.,.,.,0.14
16,"Valencia Forest",34.6472147233729,-106.738922864063,2005-03-01,3,2005,5.32,0,0.58,6.47,0,0,.,.,.,0,2.52,0,5.77,.,.,.,.,.,0.06
16,"Valencia Forest",34.6472147233729,-106.738922864063,2006-03-01,3,2006,7.88,0,1.15,7.8,0,0,.,.,.,0,2.6,0,2.74,.,.,.,.,.,0.02
16,"Valencia Forest",34.6472147233729,-106.738922864063,2007-03-01,3,2007,.,.,.,.,.,.,.,.,.,.,.,.,.,.,.,.,.,.,.
16,"Valencia Forest",34.6472147233729,-106.738922864063,2008-03-01,3,2008,0.01,0,0.03,0.27,0,0,.,.,.,0,0.22,0,0.97,0,0,0,.,0,0
16,"Valencia Forest",34.6472147233729,-106.738922864063,2009-03-01,3,2009,0,0,0.02,0,0,0,.,.,.,0,0.11,0,0.16,0,0,0,.,0.01,0.04
16,"Valencia Forest",34.6472147233729,-106.738922864063,2010-03-01,3,2010,0,0,0,0,0,0,.,.,.,0,2.58,0,4.25,0,0,0.08,.,0,1.5
16,"Valencia Forest",34.6472147233729,-106.738922864063,2011-03-01,3,2011,0.08,0,0,0,0,0,.,.,.,0,10.35,0,0.15,0,0,0,.,0,4.05
16,"Valencia Forest",34.6472147233729,-106.738922864063,2012-03-01,3,2012,0.02,0,0,0,0,0,.,.,.,0,1.78,0,0.33,0.08,0,0,.,0,0.13
16,"Valencia Forest",34.6472147233729,-106.738922864063,2013-03-01,3,2013,1.23,0,0,0.01,0,0,.,.,.,0,10.29,0,0.01,0,0,0,.,0,0.52
16,"Valencia Forest",34.6472147233729,-106.738922864063,2014-03-01,3,2014,0.15,0,0,5.47,0,0,.,.,.,0,1.65,0,5.77,0,0,0,.,0,0.1
16,"Valencia Forest",34.6472147233729,-106.738922864063,2015-03-01,3,2015,0.23,0.01,0,0.01,0,0,.,.,.,0,1.68,0,0.02,0,0,0,.,0,0.06
16,"Valencia Forest",34.6472147233729,-106.738922864063,2016-03-01,3,2016,0,0,0,0,0,0,.,.,.,0,0.04,0,0,0,0,0,.,0,0.01
16,"Valencia Forest",34.6472147233729,-106.738922864063,2017-03-01,3,2017,0.46,0.02,0.01,0,0,0,.,.,.,0,5.87,0,1.31,0,0,0,0,0,0.01
16,"Valencia Forest",34.6472147233729,-106.738922864063,2018-03-01,3,2018,0.4,0,0.02,0,0,0,.,.,.,0,0.9,0,0.24,0,0,0,0,0,0.34
16,"Valencia Forest",34.6472147233729,-106.738922864063,2019-03-01,3,2019,0.01,0.04,0,0.01,0,0,.,.,.,0,0.8,0,2.08,0,0,0,0,0,0
16,"Valencia Forest",34.6472147233729,-106.738922864063,2020-03-01,3,2020,0.24,0,0.15,0,0,0,.,.,.,0,0.56,0,0.85,0.31,0,0,0,0,0.14
16,"Valencia Forest",34.6472147233729,-106.738922864063,2021-03-01,3,2021,0.47,0.09,0.01,0.01,0,0,.,.,.,0,0.29,0.01,0.23,0,0,0,0,0,0.02
16,"Valencia Forest",34.6472147233729,-106.738922864063,2022-03-01,3,2022,0.32,0.09,0.09,0.02,0,0,.,.,.,0,0.24,0.01,0.16,0,0,0.38,0,0,0.05
16,"Valencia Forest",34.6472147233729,-106.738922864063,2023-03-01,3,2023,1.27,.,0,0,0.01,0,.,.,0,0,2.95,0,17.4,0,0,0,0,0,0
16,"Valencia Forest",34.6472147233729,-106.738922864063,2024-03-01,3,2024,0.34,.,0.01,0,0,0,0.02,0,0,0,2.27,0,0.02,0,0,0,0.02,0,0.07
16,"Valencia Forest",34.6472147233729,-106.738922864063,2004-04-01,4,2004,4.63,0,1.27,7.41,0,0,.,.,.,0,6.56,0,22.4,.,.,.,.,.,1.77
16,"Valencia Forest",34.6472147233729,-106.738922864063,2005-04-01,4,2005,4.92,0,0.88,5.04,0,0,.,.,.,0,4.03,0,13.32,.,.,.,.,.,0.86
16,"Valencia Forest",34.6472147233729,-106.738922864063,2006-04-01,4,2006,2.25,0,0.89,4.49,0,0,.,.,.,0,2.61,0,1.94,.,.,.,.,.,1.28
16,"Valencia Forest",34.6472147233729,-106.738922864063,2007-04-01,4,2007,0.56,0.01,0.02,1.32,0,0,.,.,.,0,1.23,0,2.71,0.01,0,0,.,0,0
16,"Valencia Forest",34.6472147233729,-106.738922864063,2008-04-01,4,2008,0.02,0,0.24,0.03,0,0,.,.,.,0,0.3,0,1.69,0.15,0,0,.,0,0.05
16,"Valencia Forest",34.6472147233729,-106.738922864063,2009-04-01,4,2009,0,0.55,0.01,0.08,0,0,.,.,.,0,5.81,0.07,37.26,0,0,0.08,.,0,0.32
16,"Valencia Forest",34.6472147233729,-106.738922864063,2010-04-01,4,2010,0.02,0,0,0,0,0,.,.,.,0,15.62,0,97.16,0,0,0,.,0,0.59
16,"Valencia Forest",34.6472147233729,-106.738922864063,2011-04-01,4,2011,0.48,0,0,0,0,0,.,.,.,0,13.86,0,1.46,0.03,0,0,.,0,9.9
16,"Valencia Forest",34.6472147233729,-106.738922864063,2012-04-01,4,2012,0,0,0,0.01,0,0,.,.,.,0,2.77,0,0.01,0.17,0,0,.,0,0.05
16,"Valencia Forest",34.6472147233729,-106.738922864063,2013-04-01,4,2013,0.01,0,0,0,0,0,.,.,.,0,1.33,0,0.01,0,0,0,.,0,1.25
16,"Valencia Forest",34.6472147233729,-106.738922864063,2014-04-01,4,2014,0.01,0.01,0.01,0.01,0,0,.,.,.,0,0.16,0,0.01,0.02,0,0,.,0,0
16,"Valencia Forest",34.6472147233729,-106.738922864063,2015-04-01,4,2015,0.32,0,0,0,0,0,.,.,.,0,1.91,0,3,0.69,0,0,.,0,0.77
16,"Valencia Forest",34.6472147233729,-106.738922864063,2016-04-01,4,2016,0,0.19,0,0,0,0,.,.,.,0,0.37,0.02,0.36,0.68,0,0,.,0,0
16,"Valencia Forest",34.6472147233729,-106.738922864063,2017-04-01,4,2017,0.01,0.01,0,0,0,0,.,.,.,0,4.2,0,0.39,1.77,0,0,0,0,0
16,"Valencia Forest",34.6472147233729,-106.738922864063,2018-04-01,4,2018,0,0,0.01,0,0,0,.,.,.,0,0.79,0,1.39,0.31,0,0,0,0,0.06
16,"Valencia Forest",34.6472147233729,-106.738922864063,2019-04-01,4,2019,0.02,0.01,0,0,0,0,.,.,.,0,1.01,0,0,1.29,0,0,0,0,0.17
16,"Valencia Forest",34.6472147233729,-106.738922864063,2020-04-01,4,2020,0,0,0.01,0,0,0,.,.,.,0,1.95,0,2.15,5.56,0,0,0.02,0,0.72
16,"Valencia Forest",34.6472147233729,-106.738922864063,2021-04-01,4,2021,0.26,0.02,0,0.01,0,0,.,.,.,0,1.38,0,0.48,7.32,0.15,0,0,0,0.97
16,"Valencia Forest",34.6472147233729,-106.738922864063,2022-04-01,4,2022,0.32,0,0.03,0.05,0,0,.,.,.,0,0.47,0,0.11,1.72,0,0.31,0.02,0,0.32
16,"Valencia Forest",34.6472147233729,-106.738922864063,2023-04-01,4,2023,0.38,.,0.01,0,0,0,.,.,0,0,0.58,0,1.08,1.39,0,0,0.02,0,0.2
16,"Valencia Forest",34.6472147233729,-106.738922864063,2024-04-01,4,2024,0.56,.,0.01,0,0,0,0.01,0.01,0,0,7.53,0,35.02,4.93,0,0.15,0,0,0.73
16,"Valencia Forest",34.6472147233729,-106.738922864063,2004-05-01,5,2004,1.77,0,0.88,1.71,0,0,.,.,.,0,2.41,0,2.78,.,.,.,.,.,1.38
16,"Valencia Forest",34.6472147233729,-106.738922864063,2005-05-01,5,2005,2.55,0,2.48,1.02,0,0,.,.,.,0,9.83,0,57.47,.,.,.,.,.,1.49
16,"Valencia Forest",34.6472147233729,-106.738922864063,2006-05-01,5,2006,5.55,0,2.26,3.55,0,0,.,.,.,0,7.17,0,19.08,.,.,.,.,.,3.22
16,"Valencia Forest",34.6472147233729,-106.738922864063,2007-05-01,5,2007,0.4,0.01,0.01,0.27,0,0,.,.,.,0,1.02,0,5.8,0.95,0,0,.,0,0.16
16,"Valencia Forest",34.6472147233729,-106.738922864063,2008-05-01,5,2008,0.01,0,0.25,0.1,0,0,.,.,.,0,0.32,0,0.36,0.02,0,0.15,.,0,0.2
16,"Valencia Forest",34.6472147233729,-106.738922864063,2009-05-01,5,2009,0.01,0.01,0,0.02,0,0,.,.,.,0,0.18,0,0.64,0.03,0,0,.,0,0.06
16,"Valencia Forest",34.6472147233729,-106.738922864063,2010-05-01,5,2010,0,0,0,0,0,0,.,.,.,0,4.88,0,3.72,0.24,0,0,.,0,0.13
16,"Valencia Forest",34.6472147233729,-106.738922864063,2011-05-01,5,2011,0.09,0,0,0,0,0,.,.,.,0,5.7,0,0.54,0.23,0,0.01,.,0,2.95
16,"Valencia Forest",34.6472147233729,-106.738922864063,2012-05-01,5,2012,0.01,0,0,0,0,0,.,.,.,0,2.85,0,5.62,1.23,0,0,.,0,0.16
16,"Valencia Forest",34.6472147233729,-106.738922864063,2013-05-01,5,2013,0.39,0.01,0.01,0,0,0,.,.,.,0,3.88,0,0.39,0.01,0.01,0.01,.,0,3.31
16,"Valencia Forest",34.6472147233729,-106.738922864063,2014-05-01,5,2014,0,0.02,0.02,0,0,0,.,.,.,0,0.18,0,1.27,0.02,0,0,.,0,0
16,"Valencia Forest",34.6472147233729,-106.738922864063,2015-05-01,5,2015,0.01,0,0.02,0,0,0,.,.,.,0,0.29,0,0.64,0.32,0,0,.,0,0.21
16,"Valencia Forest",34.6472147233729,-106.738922864063,2016-05-01,5,2016,0.01,0.02,0,0,0,0,.,.,.,0,0.52,0,0.04,0.27,0.01,0.26,.,0,0.03
16,"Valencia Forest",34.6472147233729,-106.738922864063,2017-05-01,5,2017,0.02,0.18,0.01,0,0,0,.,.,.,0,0.57,0.02,0.85,0.94,0.02,1.15,0,0,0.15
16,"Valencia Forest",34.6472147233729,-106.738922864063,2018-05-01,5,2018,0,0,0,0,0,0.01,.,.,.,0,1,0,1.61,1.94,0.15,0.38,0,0,0.76
16,"Valencia Forest",34.6472147233729,-106.738922864063,2019-05-01,5,2019,0,0.02,0.42,0,0,0,.,.,.,0,0.68,0,0,0.04,0,3.27,0,0,0.46
16,"Valencia Forest",34.6472147233729,-106.738922864063,2020-05-01,5,2020,0.4,0.86,0.24,0,0,0,.,.,.,0,1.12,0.11,0.26,2.18,0.32,3.08,0,0,0.78
16,"Valencia Forest",34.6472147233729,-106.738922864063,2021-05-01,5,2021,0.03,0.09,0.02,0,0,0,.,.,.,0,1.4,0.01,0.96,5.41,0.32,0.63,0,0,1.03
16,"Valencia Forest",34.6472147233729,-106.738922864063,2022-05-01,5,2022,0.26,0,0.92,0,0.08,0.08,.,.,.,0,1.55,0,1.17,6.24,1.15,1.85,0,0,1.24
16,"Valencia Forest",34.6472147233729,-106.738922864063,2023-05-01,5,2023,0.79,0.02,0.22,0,0.1,0,0.02,0,0,0,2.01,0,3.29,8.28,2.02,0.4,0,0,1.11
16,"Valencia Forest",34.6472147233729,-106.738922864063,2024-05-01,5,2024,0,.,0.63,0.01,0,0,0.55,0,0,0,1.95,0.07,0.15,7.93,0,1.55,0,0,1.23
16,"Valencia Forest",34.6472147233729,-106.738922864063,2004-06-01,6,2004,1.31,0,1.49,0.95,0,0,.,.,.,0.01,3.46,0,1.41,.,.,.,.,.,2.73
16,"Valencia Forest",34.6472147233729,-106.738922864063,2005-06-01,6,2005,3.87,0,5.41,0.22,0,0,.,.,.,0,6.91,0,7.09,.,.,.,.,.,4.57
16,"Valencia Forest",34.6472147233729,-106.738922864063,2006-06-01,6,2006,6.48,0,2.49,2.92,0,0,.,.,.,0,10.03,0,13.54,.,.,.,.,.,6.53
16,"Valencia Forest",34.6472147233729,-106.738922864063,2007-06-01,6,2007,1.79,0.01,0.08,0.31,0,0,.,.,.,0,1.98,0,8.55,1.24,0,0.01,.,3.08,0.56
16,"Valencia Forest",34.6472147233729,-106.738922864063,2008-06-01,6,2008,0.24,0,0.25,0.01,0,0,.,.,.,0,1.69,0,11.1,0.63,0,0.09,.,0,0.11
16,"Valencia Forest",34.6472147233729,-106.738922864063,2009-06-01,6,2009,0,0,0.01,0,0,0,.,.,.,0,0.3,0,0.39,0.24,0,0,.,0,0.03
16,"Valencia Forest",34.6472147233729,-106.738922864063,2010-06-01,6,2010,0.4,0,0.09,0,0,0,.,.,.,0,0.52,0,1,0.25,0,0,.,0,0.1
16,"Valencia Forest",34.6472147233729,-106.738922864063,2011-06-01,6,2011,1.31,0,0,0.02,0,0,.,.,.,0,1.5,0,0.01,0.24,0,0,.,0,0.1
16,"Valencia Forest",34.6472147233729,-106.738922864063,2012-06-01,6,2012,0.15,0,0,0,0,0,.,.,.,0,0.25,0,0.42,1.24,0,0,.,0,0.18
16,"Valencia Forest",34.6472147233729,-106.738922864063,2013-06-01,6,2013,0.31,0,0,0.02,0,0,.,.,.,0,2.11,0,2.92,0.15,0,0,.,0,0.07
16,"Valencia Forest",34.6472147233729,-106.738922864063,2014-06-01,6,2014,0.01,0,0,0,0,0,.,.,.,0,0.3,0,0.57,1.63,0.15,0,.,0,0.23
16,"Valencia Forest",34.6472147233729,-106.738922864063,2015-06-01,6,2015,0.02,0.02,0.02,0,0,0,.,.,.,0,0.41,0,0.02,1.24,0.09,0,.,0,0.26
16,"Valencia Forest",34.6472147233729,-106.738922864063,2016-06-01,6,2016,0.35,0.68,1.71,0,0,0,.,.,.,0,0.59,0.09,0.02,0.01,0.27,0.34,.,0,0.07
16,"Valencia Forest",34.6472147233729,-106.738922864063,2017-06-01,6,2017,0.25,0.15,0.55,0,0,0.01,.,.,.,0,0.32,0.02,1.11,0.08,0.02,0.01,0,0,0
16,"Valencia Forest",34.6472147233729,-106.738922864063,2018-06-01,6,2018,0,0.32,1.01,0.01,0,0,.,.,.,0,1.23,0.04,1.32,0.72,0.38,1.55,0,0,0.54
16,"Valencia Forest",34.6472147233729,-106.738922864063,2019-06-01,6,2019,0.23,0,0.8,0,0,0,.,.,.,0,0.74,0,0,0.03,0,0.03,0,0,0.01
16,"Valencia Forest",34.6472147233729,-106.738922864063,2020-06-01,6,2020,0.26,0.17,1.16,0.02,0,0,.,.,.,0,0.91,0.02,0.09,2.18,0.01,0.15,0,0,0.41
16,"Valencia Forest",34.6472147233729,-106.738922864063,2021-06-01,6,2021,0.27,1.26,0.1,0.01,0,0,.,.,.,0,1.46,0.16,1.56,1.55,1.59,1.32,0,0,0.58
16,"Valencia Forest",34.6472147233729,-106.738922864063,2022-06-01,6,2022,1.39,0.42,1.01,0.01,0.01,0,.,.,.,0,1.03,0.05,0.95,1.69,0.8,0.77,0,0,0.45
16,"Valencia Forest",34.6472147233729,-106.738922864063,2023-06-01,6,2023,2.25,0.55,0.95,0,0,0,0.55,0,0,0,1.05,0.07,1.17,0.32,1.32,1.25,0,0,0.38
16,"Valencia Forest",34.6472147233729,-106.738922864063,2024-06-01,6,2024,0.31,.,0.7,0,0,0,0.32,0,0,0,0.84,0.04,0.57,2.03,0.02,0.02,0,0,0.27
16,"Valencia Forest",34.6472147233729,-106.738922864063,2004-07-01,7,2004,7.63,0,4.78,1.72,0,0,.,.,.,0,8.78,0,21.33,.,.,.,.,.,4.05
16,"Valencia Forest",34.6472147233729,-106.738922864063,2005-07-01,7,2005,5.02,0,5.55,4.03,0,0,.,.,.,0,10.02,0,25.93,.,.,.,.,.,4.56
16,"Valencia Forest",34.6472147233729,-106.738922864063,2006-07-01,7,2006,2.02,0,2.72,2.62,0,0,.,.,.,0,3.51,0,1.94,.,.,.,.,.,2.24
16,"Valencia Forest",34.6472147233729,-106.738922864063,2007-07-01,7,2007,0.02,0,0.71,0.23,0,0,.,.,.,0,2,0,2.57,0.32,0,0.62,.,9.38,1.34
16,"Valencia Forest",34.6472147233729,-106.738922864063,2008-07-01,7,2008,0,0,2.78,0.02,0,0,.,.,.,0,0.74,0,1.63,0.23,0,0,.,0.32,0.07
16,"Valencia Forest",34.6472147233729,-106.738922864063,2009-07-01,7,2009,0.02,0.01,0,0,0,0,.,.,.,0,9.68,0,73.16,0.01,0,0,.,0.62,0.08
16,"Valencia Forest",34.6472147233729,-106.738922864063,2010-07-01,7,2010,0.08,0.01,0,0,0,0,.,.,.,0,0.5,0,0.95,0.18,0.01,0,.,0,0.19
16,"Valencia Forest",34.6472147233729,-106.738922864063,2011-07-01,7,2011,0.08,0.01,0,0,0,0,.,.,.,0,1.24,0,0.25,0,0,0,.,0,0.07
16,"Valencia Forest",34.6472147233729,-106.738922864063,2012-07-01,7,2012,0.08,0.01,0,0,0,0,.,.,.,0,0.19,0,0.02,0.01,0.01,0,.,0,0.09
16,"Valencia Forest",34.6472147233729,-106.738922864063,2013-07-01,7,2013,0.78,0.01,0,0,0,0,.,.,.,0,4.26,0,2.24,0.15,0.15,0,.,0,0.04
16,"Valencia Forest",34.6472147233729,-106.738922864063,2014-07-01,7,2014,0.27,0.11,0,0,0,0,.,.,.,0,0.14,0.01,0,0.01,0,0,.,0,0
16,"Valencia Forest",34.6472147233729,-106.738922864063,2015-07-01,7,2015,0.72,0.15,0.01,0,0,0,.,.,.,0,0.65,0.02,0.02,0.02,0,0,.,0,0.02
16,"Valencia Forest",34.6472147233729,-106.738922864063,2016-07-01,7,2016,0.09,0.02,1,0,0,0,.,.,.,0,0.47,0,0.09,0,0,0.54,0,0,0.07
16,"Valencia Forest",34.6472147233729,-106.738922864063,2017-07-01,7,2017,0.02,1.01,3.23,0,0,0,.,.,.,0,1.26,0.13,0,0,0,0,0,0,0
16,"Valencia Forest",34.6472147233729,-106.738922864063,2018-07-01,7,2018,0.09,0.31,0.55,0.01,0,0,.,.,.,0,0.29,0.04,0.79,0.02,0.08,0.01,0,0,0.02
16,"Valencia Forest",34.6472147233729,-106.738922864063,2020-07-01,7,2020,0.85,0.34,0.64,0.02,0,0,.,.,.,0,0.68,0.04,0.62,0,0,0.15,0,0,0.04
16,"Valencia Forest",34.6472147233729,-106.738922864063,2021-07-01,7,2021,1.08,1.01,1.47,0.02,0,0,.,.,.,0.09,1.55,0.13,3.09,2.16,0.19,0.69,0,0,0.44
16,"Valencia Forest",34.6472147233729,-106.738922864063,2022-07-01,7,2022,0.78,0.24,0.78,0.02,0,0,.,.,.,0,0.69,0.03,0.26,0.33,0.09,0.69,0,0,0.33
16,"Valencia Forest",34.6472147233729,-106.738922864063,2023-07-01,7,2023,0.16,0.08,1.09,0,0,0.01,0.08,0.16,0,0,0.59,0.03,0.19,0.32,0.85,1.15,0,0,0.3
16,"Valencia Forest",34.6472147233729,-106.738922864063,2024-07-01,7,2024,0.93,.,0.88,0,0,0,0.23,0,0,0,0.86,0.03,1.02,1.12,0,0.02,0,0,0.15
16,"Valencia Forest",34.6472147233729,-106.738922864063,2004-08-01,8,2004,2.48,0.02,5.57,14.86,0,0,.,.,.,0,7.59,0,28.25,.,.,.,.,.,0.74
16,"Valencia Forest",34.6472147233729,-106.738922864063,2005-08-01,8,2005,7.78,0,5.26,7.78,0,0,.,.,.,0.01,4.43,0,10.39,.,.,.,.,.,0.24
16,"Valencia Forest",34.6472147233729,-106.738922864063,2006-08-01,8,2006,1.16,0.01,4.55,6.93,0,0,.,.,.,0,4.89,0,20.55,.,.,.,.,.,0.47
16,"Valencia Forest",34.6472147233729,-106.738922864063,2007-08-01,8,2007,0.02,0,0.23,1.25,0,0,.,.,.,0,0.69,0,0.42,0,0,0.15,.,2.47,0.34
16,"Valencia Forest",34.6472147233729,-106.738922864063,2008-08-01,8,2008,13.86,0,32.77,5.46,0,0,.,.,.,0,21.55,0,64.46,1.92,0,0.01,.,0,3.32
16,"Valencia Forest",34.6472147233729,-106.738922864063,2009-08-01,8,2009,0.15,0,0.01,0.02,0,0,.,.,.,0,1.31,0,0.4,0,0,0,.,0,0.2
16,"Valencia Forest",34.6472147233729,-106.738922864063,2010-08-01,8,2010,0.02,1.72,0,0,0,0,.,.,.,0,0.6,0.22,0.17,0,0,0,.,0,0
16,"Valencia Forest",34.6472147233729,-106.738922864063,2011-08-01,8,2011,0,0.01,0,0,0,0,.,.,.,0,0.44,0,0.16,0,0,0,.,0,0.28
16,"Valencia Forest",34.6472147233729,-106.738922864063,2012-08-01,8,2012,0,0.09,0,0,0,0,.,.,.,0,0.58,0.01,0.31,0,0,0.01,.,0,0.03
16,"Valencia Forest",34.6472147233729,-106.738922864063,2013-08-01,8,2013,0.08,0,0,0,0,0,.,.,.,0,1.73,0,0.08,0,0,0,.,0,0
16,"Valencia Forest",34.6472147233729,-106.738922864063,2014-08-01,8,2014,0.02,0,0,0,0,0,.,.,.,0,0.24,0,0.12,0.01,0.01,0.01,.,0,0.05
16,"Valencia Forest",34.6472147233729,-106.738922864063,2015-08-01,8,2015,4.86,0.32,0,0,0,0,.,.,.,0,3.6,0.04,0.02,0,0.01,0,.,0,1.6
16,"Valencia Forest",34.6472147233729,-106.738922864063,2016-08-01,8,2016,0.02,0.09,0.46,0,0,0,.,.,.,0,1.25,0.01,0.51,0.01,0,0.08,0,0,0.01
16,"Valencia Forest",34.6472147233729,-106.738922864063,2017-08-01,8,2017,0.25,3.35,2.08,0,0.02,0.01,.,.,.,0,1.16,0.44,0.29,0,0.02,0.01,0,0,0
16,"Valencia Forest",34.6472147233729,-106.738922864063,2018-08-01,8,2018,4.46,0.77,1.77,0,0,0.01,.,.,.,0,1.53,0.1,0.62,0.02,0.01,1.54,0,0,0.2
16,"Valencia Forest",34.6472147233729,-106.738922864063,2019-08-01,8,2019,0.38,0.09,0.86,0.04,0,0,.,.,.,0,1.41,0.22,2.32,0.25,0,0.15,0,0.01,0.29
16,"Valencia Forest",34.6472147233729,-106.738922864063,2020-08-01,8,2020,2.15,0.64,0.88,0,0,0.01,.,.,.,0,1.18,0.08,1.66,0.01,0.01,0.38,0,0,0.05
16,"Valencia Forest",34.6472147233729,-106.738922864063,2021-08-01,8,2021,0.72,0.77,1.26,0.04,0,0,.,.,.,0,0.67,0.1,0.17,0.24,0.02,0.01,0,0,0.04
16,"Valencia Forest",34.6472147233729,-106.738922864063,2022-08-01,8,2022,1.92,0.23,1.23,0,0,0,.,.,.,0,0.85,0.03,0.26,0.39,0.02,0.23,0,0,0.14
16,"Valencia Forest",34.6472147233729,-106.738922864063,2023-08-01,8,2023,0.08,0.02,0.69,0,0,0,0.02,0.24,0,0,0.69,0.03,0,0,0.02,0.77,0,0,0.15
16,"Valencia Forest",34.6472147233729,-106.738922864063,2024-08-01,8,2024,1.46,.,1.86,0,0.01,0,0.02,0.01,0.01,0,2.55,0,4.41,0.02,0,0.16,0,0,0.13
16,"Valencia Forest",34.6472147233729,-106.738922864063,2004-09-01,9,2004,4.25,0.69,10.85,7.16,0,0,.,.,.,0,5.21,0.09,15.78,.,.,.,.,.,0.1
16,"Valencia Forest",34.6472147233729,-106.738922864063,2005-09-01,9,2005,5.78,0.02,12.7,8.49,0,0,.,.,.,0,4.55,0,6.55,.,.,.,.,.,0.01
16,"Valencia Forest",34.6472147233729,-106.738922864063,2006-09-01,9,2006,4.24,0.02,3.26,3.17,0,0,.,.,.,0,2.17,0,2.02,.,.,.,.,.,0.32
16,"Valencia Forest",34.6472147233729,-106.738922864063,2007-09-01,9,2007,0.77,0,1.01,3.7,0,0,.,.,.,0,1.9,0,0.31,0,0,0,.,0,0
16,"Valencia Forest",34.6472147233729,-106.738922864063,2008-09-01,9,2008,0.47,0,0.62,3.62,0,0,.,.,.,0,1.84,0,2.34,0,0.01,6.09,.,0.01,0.79
16,"Valencia Forest",34.6472147233729,-106.738922864063,2009-09-01,9,2009,0,1.85,0.62,0.01,0,0,.,.,.,0,1.06,0.24,0.02,0,0,0,.,0,0
16,"Valencia Forest",34.6472147233729,-106.738922864063,2010-09-01,9,2010,0.01,0.01,0,0,0,0,.,.,.,0,3.02,0,0.09,0,0,0,.,0,1.13
16,"Valencia Forest",34.6472147233729,-106.738922864063,2011-09-01,9,2011,0.02,0.23,0,0,0,0,.,.,.,0,1.03,0.03,3.39,0,0.01,0,.,0,0.16
16,"Valencia Forest",34.6472147233729,-106.738922864063,2012-09-01,9,2012,0,0,0.02,0.01,0,0,.,.,.,0,0.4,0,2.68,0,0,0.09,.,0.02,0.02
16,"Valencia Forest",34.6472147233729,-106.738922864063,2013-09-01,9,2013,0.01,0.02,0,0,0,0,.,.,.,0,0.41,0,0.15,0,0.31,0,.,0,0.04
16,"Valencia Forest",34.6472147233729,-106.738922864063,2014-09-01,9,2014,0.01,0.56,0,0,0,0,.,.,.,0,1.24,0.09,0.03,0,6.19,0,.,0,0.82
16,"Valencia Forest",34.6472147233729,-106.738922864063,2015-09-01,9,2015,0.95,0.43,0,0,0.26,0,.,.,.,0,2.87,0.06,0.01,0,0,0,.,0,1.68
16,"Valencia Forest",34.6472147233729,-106.738922864063,2016-09-01,9,2016,0.55,0.39,2.08,0,0.08,0,.,.,.,0,2.82,0.05,0.02,4.85,0,0.08,0,0,0.01
16,"Valencia Forest",34.6472147233729,-106.738922864063,2017-09-01,9,2017,7.38,3.09,0,0,0,0,.,.,.,0,3.11,0.4,0.33,0.01,0,0,0,0,0.27
16,"Valencia Forest",34.6472147233729,-106.738922864063,2018-09-01,9,2018,0.24,1.95,2.15,0,0,0,.,.,.,0,1.58,0.25,1.64,0,0,0,0,0,0.47
16,"Valencia Forest",34.6472147233729,-106.738922864063,2019-09-01,9,2019,2.69,0.4,2.93,0,0,0,.,.,.,0,2.01,0.05,0,0,0,0.01,0,0,0.07
16,"Valencia Forest",34.6472147233729,-106.738922864063,2020-09-01,9,2020,1.72,1.88,2.51,0.01,0,0,.,.,.,0,1.38,0.24,0,0,0,0,0.94,0,0.13
16,"Valencia Forest",34.6472147233729,-106.738922864063,2021-09-01,9,2021,0.62,1,2.39,0.02,0,0,.,.,.,0,1.3,0.13,0.32,4.08,0,0.08,0,0,0.58
16,"Valencia Forest",34.6472147233729,-106.738922864063,2022-09-01,9,2022,1.7,0.25,3.39,0,0,0,.,.,.,0,2,0.03,0.02,0.23,0,0.02,0,0,0.95
16,"Valencia Forest",34.6472147233729,-106.738922864063,2023-09-01,9,2023,1.08,0.02,2.55,0.04,0,0,0.02,0.15,0,0,1.64,0.02,0.04,0.16,0,0.23,0,0,0.54
16,"Valencia Forest",34.6472147233729,-106.738922864063,2024-09-01,9,2024,0.79,.,2.4,0,0.01,0,0.16,0.32,0,0,1.8,0.06,0.12,0,0.01,0.09,0,0,0.34
16,"Valencia Forest",34.6472147233729,-106.738922864063,2003-10-01,10,2003,1.47,3.13,8.28,0.76,0,0,.,.,.,0,1.86,0.41,0.12,.,.,.,.,.,0
16,"Valencia Forest",34.6472147233729,-106.738922864063,2004-10-01,10,2004,13.39,0,9.25,26.23,0,0.01,.,.,.,0,9.52,0,20,.,.,.,.,.,0.37
16,"Valencia Forest",34.6472147233729,-106.738922864063,2005-10-01,10,2005,3,0.01,10.16,11.49,0,0,.,.,.,0,3.54,0,1.8,.,.,.,.,.,0.01
16,"Valencia Forest",34.6472147233729,-106.738922864063,2006-10-01,10,2006,18.77,0.25,9.79,10.47,0,0,.,.,.,0,5.45,0.03,0.73,.,.,.,.,.,0.11
16,"Valencia Forest",34.6472147233729,-106.738922864063,2007-10-01,10,2007,0.01,0,2.32,3.56,0,0,.,.,.,0,1.05,0,1.55,0,0,0,.,0.02,0
16,"Valencia Forest",34.6472147233729,-106.738922864063,2008-10-01,10,2008,0.47,0,6.63,0.02,0,0,.,.,.,0,25.25,0,183.16,0,0,0,.,0,0.12
16,"Valencia Forest",34.6472147233729,-106.738922864063,2009-10-01,10,2009,0.01,0.01,0,0.01,0.01,0,.,.,.,0,3.24,0,0.02,0,0,0,.,0,1.19
16,"Valencia Forest",34.6472147233729,-106.738922864063,2010-10-01,10,2010,0,0,0,0,0,0,.,.,.,0,0.66,0,0.02,0,0,0,.,0,0.31
16,"Valencia Forest",34.6472147233729,-106.738922864063,2011-10-01,10,2011,0.15,0.01,0,0,0,0,.,.,.,0,0.81,0,0.62,0,0.01,0,.,0,0.02
16,"Valencia Forest",34.6472147233729,-106.738922864063,2012-10-01,10,2012,0,0.01,0,0,0,0,.,.,.,0,1.71,0,0.01,0.01,0,0,.,0,1.34
16,"Valencia Forest",34.6472147233729,-106.738922864063,2013-10-01,10,2013,0.54,0.02,0,0,0,0,.,.,.,0,4.26,0,0.01,0,0,0,.,0,1.5
16,"Valencia Forest",34.6472147233729,-106.738922864063,2014-10-01,10,2014,0.08,1.57,0.01,0,0,0,.,.,.,0,1.15,0.2,0.73,0,3.86,0,.,0,0.55
16,"Valencia Forest",34.6472147233729,-106.738922864063,2015-10-01,10,2015,5.62,3.93,3.77,0,0,0,.,.,.,0,2.62,0.51,0.09,0,0,0.01,.,0,0.62
16,"Valencia Forest",34.6472147233729,-106.738922864063,2016-10-01,10,2016,0.15,2.32,0,0,0,0,.,.,.,0,2.25,0.3,0,0,0,0,0,0,0
16,"Valencia Forest",34.6472147233729,-106.738922864063,2017-10-01,10,2017,1.55,0.62,1.08,0,0,0,.,.,.,0,2.47,0.08,1.66,0,0.01,0.02,0,0.23,0.05
16,"Valencia Forest",34.6472147233729,-106.738922864063,2018-10-01,10,2018,1.77,1.39,1.69,0,0,0,.,.,.,0,2.5,0.18,1.48,0,0,0,0,0,1.5
16,"Valencia Forest",34.6472147233729,-106.738922864063,2019-10-01,10,2019,4.85,0.26,2.02,0,0,0,.,.,.,0,3.48,0.03,0.01,0.23,0,0,0,0,1.32
16,"Valencia Forest",34.6472147233729,-106.738922864063,2020-10-01,10,2020,7,2.55,2.01,0,0,0,.,.,.,0,1.87,0.33,0.15,0,0.01,0.01,0,0,0.12
16,"Valencia Forest",34.6472147233729,-106.738922864063,2021-10-01,10,2021,3.08,1.54,1.55,0,0,0,.,.,.,0,1.79,0.2,0.38,0.02,0,2,0,0,0.4
16,"Valencia Forest",34.6472147233729,-106.738922864063,2022-10-01,10,2022,18.23,2,2.08,0,0,0,.,.,.,0,5.73,0.26,15.85,0,0,0.15,0,0,0.09
16,"Valencia Forest",34.6472147233729,-106.738922864063,2023-10-01,10,2023,1.62,0.54,2.32,0,0.01,0,0.54,0.47,0,0,3.55,0.13,0.32,0.01,0,0,0.01,0,0.73
16,"Valencia Forest",34.6472147233729,-106.738922864063,2024-10-01,10,2024,7.24,.,3.86,0.01,0,0,0.7,1.15,0,0,5.68,0.24,0.55,0,0,0.08,0,0,2.19
16,"Valencia Forest",34.6472147233729,-106.738922864063,2003-11-01,11,2003,38.2,1.02,7.37,33.37,0,0,.,.,.,0,11.06,0.13,4.08,.,.,.,.,.,0.01
16,"Valencia Forest",34.6472147233729,-106.738922864063,2004-11-01,11,2004,47.86,0.01,5.84,92.91,0,1.04,.,.,.,0,19.68,0,0.88,.,.,.,.,.,0.05
16,"Valencia Forest",34.6472147233729,-106.738922864063,2005-11-01,11,2005,36.75,0.94,3.52,69.41,0,0,.,.,.,0,15.06,0.12,4.79,.,.,.,.,.,0.03
16,"Valencia Forest",34.6472147233729,-106.738922864063,2006-11-01,11,2006,111.92,0.17,11.48,102.39,0,0,.,.,.,0,30.82,0.02,8.09,.,.,.,.,.,0.07
16,"Valencia Forest",34.6472147233729,-106.738922864063,2007-11-01,11,2007,0.32,0,1.55,5.49,0,0,.,.,.,0,1.21,0,0.51,0,0,0,.,0.01,0.09
16,"Valencia Forest",34.6472147233729,-106.738922864063,2008-11-01,11,2008,0.96,0,15.3,12.14,0,0,.,.,.,0,43.97,0,285.82,0.09,0,0,.,1.11,0.68
16,"Valencia Forest",34.6472147233729,-106.738922864063,2009-11-01,11,2009,3.85,0,0.31,0,0,0,.,.,.,0,2.47,0,1.31,0.01,0,0,.,0,1.26
16,"Valencia Forest",34.6472147233729,-106.738922864063,2010-11-01,11,2010,0.54,0.02,0,0,0,0,.,.,.,0,2.03,0,0.15,0,0,0,.,0,1.72
16,"Valencia Forest",34.6472147233729,-106.738922864063,2011-11-01,11,2011,0.33,0.02,0,0.01,0,0,.,.,.,0,0.85,0,1.43,0,0,0,.,0,0.41
16,"Valencia Forest",34.6472147233729,-106.738922864063,2012-11-01,11,2012,3.31,0.01,0,0,0,0,.,.,.,0,1.93,0,1.7,0,0,0,.,0,1.22
16,"Valencia Forest",34.6472147233729,-106.738922864063,2013-11-01,11,2013,8.02,0.78,0,0,0,0,.,.,.,0,1.81,0.1,0.01,0,0,0,.,0,0.14
16,"Valencia Forest",34.6472147233729,-106.738922864063,2014-11-01,11,2014,5.23,6.26,0,0.01,0,0,.,.,.,0,2.76,0.81,0.01,0,9.48,0,.,0,1.23
16,"Valencia Forest",34.6472147233729,-106.738922864063,2015-11-01,11,2015,2.22,2.65,0.17,0,0,0,.,.,.,0,1.1,0.34,0.18,0,0,0,.,0,0.12
16,"Valencia Forest",34.6472147233729,-106.738922864063,2016-11-01,11,2016,9.71,3.86,1.77,0,0,0,.,.,.,0,3.17,0.5,0.32,0,0,0,0,0,0.83
16,"Valencia Forest",34.6472147233729,-106.738922864063,2017-11-01,11,2017,8.23,16.42,1.08,0,0.01,0,.,.,.,0,5.21,2.13,0.19,0,0,0,0,0,1.47
16,"Valencia Forest",34.6472147233729,-106.738922864063,2018-11-01,11,2018,18.46,3.65,0.96,0.02,0.01,0.01,.,.,.,0,4.04,0.5,0.04,0.1,0.01,0.02,0,0,0.82
16,"Valencia Forest",34.6472147233729,-106.738922864063,2019-11-01,11,2019,19.71,6.56,1.85,0.02,0.01,0,.,.,.,0,5.5,0.85,0.02,0.23,0,0,0,0,0.31
16,"Valencia Forest",34.6472147233729,-106.738922864063,2020-11-01,11,2020,17.1,4.18,3.09,0.06,0.08,0.01,.,.,.,0,7.02,0.54,5.29,0,0,0.08,0,0,1.94
16,"Valencia Forest",34.6472147233729,-106.738922864063,2021-11-01,11,2021,23.24,4.4,6.38,0.03,0.01,0,.,.,.,0,5.38,0.57,3.08,0.77,0,0.08,0,0,0.23
16,"Valencia Forest",34.6472147233729,-106.738922864063,2022-11-01,11,2022,20.09,6.71,5.86,0.02,7.92,0,.,.,.,0,14.16,0.87,13.24,1.23,0.01,0.54,0,0,6.47
16,"Valencia Forest",34.6472147233729,-106.738922864063,2023-11-01,11,2023,58.31,6.19,6.25,0.06,0.15,0,6.19,0.48,0,0,11.36,0.87,0.95,0.63,0.01,0.16,0,0,1.18
16,"Valencia Forest",34.6472147233729,-106.738922864063,2024-11-01,11,2024,29.46,.,4.04,0.02,0.15,0,7.16,3.31,0,0,10.42,1.36,6.25,0.69,0,0.01,0,0,2.82
16,"Valencia Forest",34.6472147233729,-106.738922864063,2003-12-01,12,2003,74.31,0.08,8,103.61,0,0,.,.,.,0,24.93,0.01,4.95,.,.,.,.,.,0.01
16,"Valencia Forest",34.6472147233729,-106.738922864063,2004-12-01,12,2004,25,0.15,10.01,50.02,0,0,.,.,.,0,12.17,0.02,7.65,.,.,.,.,.,0
16,"Valencia Forest",34.6472147233729,-106.738922864063,2005-12-01,12,2005,83.38,0.09,12.02,55.23,0,0,.,.,.,0,20.78,0.01,7.34,.,.,.,.,.,0.13
16,"Valencia Forest",34.6472147233729,-106.738922864063,2006-12-01,12,2006,4.31,0.01,5.02,20.02,0,0,.,.,.,0,4.19,0,1.79,.,.,.,.,.,0.01
16,"Valencia Forest",34.6472147233729,-106.738922864063,2007-12-01,12,2007,3.51,0.04,10.87,45.33,0,0,.,.,.,0,11.22,0,21.41,0,0,0.01,.,0,0.08
16,"Valencia Forest",34.6472147233729,-106.738922864063,2008-12-01,12,2008,1.13,0,1.45,0.8,0,0,.,.,.,0,6.12,0,37.95,0.43,0,0,.,0,0.4
16,"Valencia Forest",34.6472147233729,-106.738922864063,2009-12-01,12,2009,1.32,0.01,1.16,0,0,0,.,.,.,0,2.52,0,0.32,0,0,0.09,.,0,1.57
16,"Valencia Forest",34.6472147233729,-106.738922864063,2010-12-01,12,2010,2.85,0,0.01,0,0,0,.,.,.,0,5.26,0,3.46,0.01,0,0.01,.,0,2.46
16,"Valencia Forest",34.6472147233729,-106.738922864063,2011-12-01,12,2011,0.34,0,0.02,0.01,0,0,.,.,.,0,0.69,0,1.65,0.01,0,0,.,0,0.01
16,"Valencia Forest",34.6472147233729,-106.738922864063,2012-12-01,12,2012,10.31,0.15,0.09,0,0,0,.,.,.,0,3.35,0.02,0.09,0,0,0,.,0,0.61
16,"Valencia Forest",34.6472147233729,-106.738922864063,2013-12-01,12,2013,0.86,0.11,0,0,0,0,.,.,.,0,0.41,0.01,0.39,0,0,0,.,0,0.04
16,"Valencia Forest",34.6472147233729,-106.738922864063,2014-12-01,12,2014,.,.,.,.,.,.,.,.,.,.,.,.,.,.,.,.,.,.,.
16,"Valencia Forest",34.6472147233729,-106.738922864063,2015-12-01,12,2015,1.01,0.19,1.32,0,0,0,.,.,.,0,0.55,0.02,0.02,0,0,0,.,0,0.13
16,"Valencia Forest",34.6472147233729,-106.738922864063,2016-12-01,12,2016,2.92,0.42,0.85,0.02,0,0,.,.,.,0,0.55,0.06,0,0,0,0,0,0,0
16,"Valencia Forest",34.6472147233729,-106.738922864063,2017-12-01,12,2017,3.32,0.01,0.38,0,0.08,0,.,.,.,0,0.57,0,0,0,0,0,0,0,0.03
16,"Valencia Forest",34.6472147233729,-106.738922864063,2018-12-01,12,2018,12.7,0.12,0.48,0.48,0,0,.,.,.,0,3.39,0.02,0.41,0.01,0,0,0,0,0.93
16,"Valencia Forest",34.6472147233729,-106.738922864063,2019-12-01,12,2019,3.78,0.66,1.5,0.02,0,0,.,.,.,0,1.86,0.09,0,0.23,0,0,0,0,0.78
16,"Valencia Forest",34.6472147233729,-106.738922864063,2020-12-01,12,2020,3.39,0.19,1.24,0.01,0,0,.,.,.,0,1.4,0.03,0.34,0.01,0,1,0,0,0.39
16,"Valencia Forest",34.6472147233729,-106.738922864063,2021-12-01,12,2021,6.23,0.71,1.31,0.13,0,0,.,.,.,0,1.61,0.09,0.04,0,0,0.23,0,0,0.22
16,"Valencia Forest",34.6472147233729,-106.738922864063,2022-12-01,12,2022,1.39,0.19,3.78,0.04,0,0,.,.,.,0,1.36,0.02,0.08,0,0,0.24,0,0,0.51
16,"Valencia Forest",34.6472147233729,-106.738922864063,2023-12-01,12,2023,4.77,0.48,1.41,0.02,0,0,0.48,0.08,0,0,3.49,0.07,0.71,0.01,0,0.31,0,0,1.22
16,"Valencia Forest",34.6472147233729,-106.738922864063,2024-12-01,12,2024,10.55,.,3.55,0.09,0.08,0,0.48,0.47,0,0,2.61,0.12,0.02,0,0,0,0,0,0.13
17,"Montano",35.1452628545,-106.680332705,2005-01-01,1,2005,4.69,0,1.85,0,0,0,.,.,.,0,9.23,0,64.46,.,.,.,.,.,0
17,"Montano",35.1452628545,-106.680332705,2006-01-01,1,2006,.,.,.,.,.,.,.,.,.,.,.,.,.,.,.,.,.,.,.
17,"Montano",35.1452628545,-106.680332705,2007-01-01,1,2007,3.23,0,0,0.01,0,0,.,.,.,0,0.62,0,0.32,.,.,.,.,.,0.01
17,"Montano",35.1452628545,-106.680332705,2008-01-01,1,2008,1.4,0,0.01,0.01,0,0,.,.,.,0,1.33,0,7.32,0,0,0,.,0,0.02
17,"Montano",35.1452628545,-106.680332705,2009-01-01,1,2009,1.93,0.23,0.23,0.01,0,0,.,.,.,0,0.57,0.03,0.09,0.03,0,0,.,0,0
17,"Montano",35.1452628545,-106.680332705,2010-01-01,1,2010,2,0.01,1.03,0,0,0,.,.,.,0,0.55,0,0.28,0.01,0,0,.,0,0.03
17,"Montano",35.1452628545,-106.680332705,2011-01-01,1,2011,4.26,0.01,0.7,0,0,0,.,.,.,0,1.44,0,3.87,0.09,0,0,.,0,0.16
17,"Montano",35.1452628545,-106.680332705,2012-01-01,1,2012,4.47,0,2.54,0,0,0,.,.,.,0,1.55,0,0.64,0,0,0,.,0,0.12
17,"Montano",35.1452628545,-106.680332705,2013-01-01,1,2013,0.87,0,1,0,0,0.47,.,.,.,0,0.74,0,2.03,0,0,0,.,0,0
17,"Montano",35.1452628545,-106.680332705,2014-01-01,1,2014,6.17,0,2.01,0.01,0,0,.,.,.,0,1.89,0,5.33,0,0,0,.,0,0
17,"Montano",35.1452628545,-106.680332705,2015-01-01,1,2015,15.92,0.15,2.16,0,0,0,.,.,.,0,9.05,0.02,48.25,0.01,0,0,.,0,0.16
17,"Montano",35.1452628545,-106.680332705,2016-01-01,1,2016,4.02,0.85,4.71,0.02,0,0.02,.,.,.,0,1.48,0.14,0.42,0,0.08,0,.,0,0.01
17,"Montano",35.1452628545,-106.680332705,2017-01-01,1,2017,1.63,0.01,2.08,0.01,0,0,.,.,.,0,0.86,0,0.25,0.01,0,0,0,0,0
17,"Montano",35.1452628545,-106.680332705,2018-01-01,1,2018,2.77,0,6.15,0.01,0,0,.,.,.,0,5.34,0,30.86,0,0,0.15,0,0,0.02
17,"Montano",35.1452628545,-106.680332705,2019-01-01,1,2019,32.31,0,2.63,0.08,0,0,.,.,.,0,17.08,0,73.19,5.08,0,0,0,0,0.76
17,"Montano",35.1452628545,-106.680332705,2020-01-01,1,2020,5.31,1.62,2.16,0,0,0.01,.,.,.,0,4.69,0.21,13.55,0.08,3.39,0,0,0,0.54
17,"Montano",35.1452628545,-106.680332705,2021-01-01,1,2021,5.23,0,0.7,0,0,0,.,.,.,0,1.04,0,0.17,0,0,0.02,0,0,0.04
17,"Montano",35.1452628545,-106.680332705,2022-01-01,1,2022,6.08,0.01,0.31,0.03,0,0,.,.,.,0,1.05,0,0.86,0.02,0,0,0,0,0.01
17,"Montano",35.1452628545,-106.680332705,2023-01-01,1,2023,6.85,.,2.08,0.04,0,0,.,.,0,0,1.94,0,1.94,0.01,0,0,0,0,0.36
17,"Montano",35.1452628545,-106.680332705,2024-01-01,1,2024,12.25,.,3.79,0.02,0,0,0.62,0,0.02,0,2.78,0.08,1.41,0.02,0,0,0,0,0.08
17,"Montano",35.1452628545,-106.680332705,2005-02-01,2,2005,1.31,0,0.02,0,0,0,.,.,.,0,0.56,0,0.27,.,.,.,.,.,0.26
17,"Montano",35.1452628545,-106.680332705,2006-02-01,2,2006,1.72,0,1.29,0,0,0,.,.,.,0,1.06,0,0.79,.,.,.,.,.,0.03
17,"Montano",35.1452628545,-106.680332705,2007-02-01,2,2007,1.32,0,0,0.01,0,0,.,.,.,0,0.19,0,0.17,.,.,.,.,.,0
17,"Montano",35.1452628545,-106.680332705,2008-02-01,2,2008,4.39,0.08,0.02,0,0,0,.,.,.,0,1.05,0.01,1.18,0.02,0,0,.,0,0
17,"Montano",35.1452628545,-106.680332705,2009-02-01,2,2009,2.62,0,1.15,0,0,0,.,.,.,0,4.69,0,28.09,0,0,0,.,0,0
17,"Montano",35.1452628545,-106.680332705,2010-02-01,2,2010,1.63,0.02,0.38,0,0,0,.,.,.,0,1.15,0,1.79,0.02,0,0.01,.,0,0.03
17,"Montano",35.1452628545,-106.680332705,2011-02-01,2,2011,1.55,0,0.02,0,0,0,.,.,.,0,0.65,0,1.41,0.01,0,0,.,0,0.1
17,"Montano",35.1452628545,-106.680332705,2012-02-01,2,2012,1.08,0,0.18,0.01,0.01,0,.,.,.,0,2.96,0,20.94,0.01,0,0,.,0,0.01
17,"Montano",35.1452628545,-106.680332705,2013-02-01,2,2013,2.01,0.08,0,0.78,0,0,.,.,.,0,1.2,0.01,1.02,0.02,0,0.01,.,0,0
17,"Montano",35.1452628545,-106.680332705,2014-02-01,2,2014,3.54,0,0.02,0,0,0,.,.,.,0,1.82,0,9.34,0.01,0,0,.,0,0
17,"Montano",35.1452628545,-106.680332705,2015-02-01,2,2015,5.02,0.01,0.46,0.01,0,0,.,.,.,0,3.19,0,16.66,0,0,0,.,0,0.13
17,"Montano",35.1452628545,-106.680332705,2016-02-01,2,2016,3.39,0.01,0.47,0,0,0,.,.,.,0,0.68,0,0.35,0.01,0,0,.,0,0.01
17,"Montano",35.1452628545,-106.680332705,2017-02-01,2,2017,0.86,0,1.08,0,0,0,.,.,.,0,2.44,0,16.23,0.01,0,0,0,0,0
17,"Montano",35.1452628545,-106.680332705,2018-02-01,2,2018,3.41,0,0.66,0,0,0,.,.,.,0,1.5,0,3.63,0.02,0,0.01,0,0,0
17,"Montano",35.1452628545,-106.680332705,2019-02-01,2,2019,2.78,0.23,0.85,0.01,0,0,.,.,.,0,1.02,0.03,3.16,0,0,0,0,0,0
17,"Montano",35.1452628545,-106.680332705,2020-02-01,2,2020,2.32,0.63,0.54,0.01,0,0.01,.,.,.,0,0.85,0.08,1.94,0.01,0.24,0,0,0.23,0.08
17,"Montano",35.1452628545,-106.680332705,2021-02-01,2,2021,1.81,0.02,0.35,0.01,0,0,.,.,.,0,0.81,0,3.53,0.17,0,0,0,0,0.02
17,"Montano",35.1452628545,-106.680332705,2022-02-01,2,2022,2.66,0,0.27,0.01,0,0,.,.,.,0,0.57,0,0,0.01,0,0,0,0,0.04
17,"Montano",35.1452628545,-106.680332705,2023-02-01,2,2023,7.93,.,2.17,0,0,0.08,.,.,0,0,2.74,0.05,3.64,0.08,0,0.01,0,0,0.77
17,"Montano",35.1452628545,-106.680332705,2024-02-01,2,2024,3.45,.,0.94,0.01,0,0,0.17,0,0,0,0.88,0.02,1.83,0,0,0,0,0,0.02
17,"Montano",35.1452628545,-106.680332705,2005-03-01,3,2005,1.01,0,0.39,0,0,0,.,.,.,0,9.7,0,66.62,.,.,.,.,.,0.45
17,"Montano",35.1452628545,-106.680332705,2006-03-01,3,2006,1.65,0,1,0,0,0,.,.,.,0,1.84,0,5.17,.,.,.,.,.,0
17,"Montano",35.1452628545,-106.680332705,2007-03-01,3,2007,0.01,0,0,0,0,0,.,.,.,0,0.14,0,0.56,.,.,.,.,.,0.01
17,"Montano",35.1452628545,-106.680332705,2008-03-01,3,2008,0.78,0.01,0,0.41,0,0,.,.,.,0,0.44,0,0.36,0.16,0,0,.,0.01,0.03
17,"Montano",35.1452628545,-106.680332705,2009-03-01,3,2009,1.55,0,0,0.01,0,0,.,.,.,0,5.67,0,24.71,0,0,0,.,0,0.01
17,"Montano",35.1452628545,-106.680332705,2010-03-01,3,2010,1.08,0.02,0.32,0.02,0.08,0,.,.,.,0,0.64,0,0.58,0.01,0,0,.,0,0
17,"Montano",35.1452628545,-106.680332705,2011-03-01,3,2011,0.62,0,0.08,0,0,0,.,.,.,0,1.09,0,1.92,0,0,0,.,0,0.21
17,"Montano",35.1452628545,-106.680332705,2012-03-01,3,2012,12.69,0,0.69,0,0,0,.,.,.,0,3.43,0,11.4,0.02,0,0,.,0,0
17,"Montano",35.1452628545,-106.680332705,2013-03-01,3,2013,1.56,0,0.92,0,0,0,.,.,.,0,1.24,0,5.56,0,0,0.01,.,0,0.07
17,"Montano",35.1452628545,-106.680332705,2014-03-01,3,2014,3.7,0.01,0.17,0,0,0,.,.,.,0,2.95,0,15.12,0,0,0,.,0,0
17,"Montano",35.1452628545,-106.680332705,2015-03-01,3,2015,3.01,0,0.09,0.01,0,0,.,.,.,0,0.55,0,0.02,0.01,0,0,.,0,0.1
17,"Montano",35.1452628545,-106.680332705,2016-03-01,3,2016,0.78,0,0,0,0,0,.,.,.,0,1.02,0,1.5,0,0,0.09,.,0,0.01
17,"Montano",35.1452628545,-106.680332705,2017-03-01,3,2017,0.16,0,0.02,0,0,0,.,.,.,0,1.21,0,5.72,0.01,0,0,0,0,0.01
17,"Montano",35.1452628545,-106.680332705,2018-03-01,3,2018,1.09,0.01,0.4,0.01,0,0,.,.,.,0,1.1,0,1.02,0,0,0.23,0,0,0.04
17,"Montano",35.1452628545,-106.680332705,2019-03-01,3,2019,1.48,0.18,0,0,0,0,.,.,.,0,0.99,0.02,0.8,0.01,0,0.01,0,0,0
17,"Montano",35.1452628545,-106.680332705,2020-03-01,3,2020,2.32,0.01,0.62,0,0.01,0,.,.,.,0,0.7,0,0.85,0,0,0,0,0,0
17,"Montano",35.1452628545,-106.680332705,2021-03-01,3,2021,3.18,0.02,1.37,0.02,0,0,.,.,.,0,2.65,0,14.06,0.27,0,0,0,0.01,0.06
17,"Montano",35.1452628545,-106.680332705,2022-03-01,3,2022,1.16,0.09,0.48,0.02,0,0,.,.,.,0,0.7,0.01,1.81,0.39,0.01,0,0.01,0,0.08
17,"Montano",35.1452628545,-106.680332705,2023-03-01,3,2023,3.32,.,1.54,0.02,0,0,.,.,0,0,1.54,0.01,5.25,0.02,0,0,0,0,0.11
17,"Montano",35.1452628545,-106.680332705,2024-03-01,3,2024,2.85,.,0.71,0.56,0,0,0,0.23,0,0,1.93,0.03,9.49,0.01,0,0.01,0,0,0
17,"Montano",35.1452628545,-106.680332705,2005-04-01,4,2005,0.64,0,0.01,0,0,0,.,.,.,0,11.96,0,61.92,.,.,.,.,.,0.22
17,"Montano",35.1452628545,-106.680332705,2006-04-01,4,2006,0.17,0.19,0.01,0.17,0,0.19,.,.,.,0,0.91,0.02,2.17,.,.,.,.,.,0.16
17,"Montano",35.1452628545,-106.680332705,2007-04-01,4,2007,0.01,0,0,0,0,0,.,.,.,0,0.46,0,1.26,1.95,0,0,.,0,0.26
17,"Montano",35.1452628545,-106.680332705,2008-04-01,4,2008,0,0.01,0.02,0,0,0,.,.,.,0,85.26,0,649.94,0.18,0,0,.,0,0.02
17,"Montano",35.1452628545,-106.680332705,2009-04-01,4,2009,1.69,0,0.02,0.02,0,0,.,.,.,0,4.14,0,14.69,0.7,0,0,.,0,0.1
17,"Montano",35.1452628545,-106.680332705,2010-04-01,4,2010,2.49,0.09,0.17,0.03,0,0,.,.,.,0,2.95,0.01,9.93,2.67,0,0,.,0,0.44
17,"Montano",35.1452628545,-106.680332705,2011-04-01,4,2011,0.61,0,0.85,8.55,0,0,.,.,.,0,15.39,0,101.2,2.91,0,0,.,0,0.71
17,"Montano",35.1452628545,-106.680332705,2012-04-01,4,2012,0.86,0.01,0.32,0,0,0,.,.,.,0,0.82,0,2.18,2.19,0,0,.,0,0.29
17,"Montano",35.1452628545,-106.680332705,2013-04-01,4,2013,2.23,0,0.02,0,0,0,.,.,.,0,1.19,0,5.16,0.56,0,0,.,0,0.09
17,"Montano",35.1452628545,-106.680332705,2014-04-01,4,2014,1.1,0,0.33,0,0,0,.,.,.,0,1.02,0,3.72,1.64,0,0,.,0.09,0.24
17,"Montano",35.1452628545,-106.680332705,2015-04-01,4,2015,0.71,0,0.08,0,0,0.08,.,.,.,0,1.89,0,5.69,2.32,0,0.15,.,0,0.58
17,"Montano",35.1452628545,-106.680332705,2016-04-01,4,2016,1.09,0.01,0.16,0.01,0,0,.,.,.,0,4.78,0,21.78,6.33,0,0,.,0,0
17,"Montano",35.1452628545,-106.680332705,2017-04-01,4,2017,0,0.32,0,0,0,0,.,.,.,0,1.48,0.04,1.85,5.41,0,0.01,0,0,0.17
17,"Montano",35.1452628545,-106.680332705,2018-04-01,4,2018,0,0,0.25,0,0,0,.,.,.,0,1.49,0,2.46,4.1,0,0,0.01,0,0.54
17,"Montano",35.1452628545,-106.680332705,2019-04-01,4,2019,0.26,0.01,0.56,0,0,0,.,.,.,0.01,0.64,0,1.78,1.35,0,0.02,0,0,0.19
17,"Montano",35.1452628545,-106.680332705,2020-04-01,4,2020,1.08,0.02,0.23,0,0,0,.,.,.,0.01,1.73,0,0.32,10.16,0,0.01,0,0,1.32
17,"Montano",35.1452628545,-106.680332705,2021-04-01,4,2021,0.5,0,0,0,0,0.01,.,.,.,0,1.94,0,6.66,4.62,0,0,0,0,0.61
17,"Montano",35.1452628545,-106.680332705,2022-04-01,4,2022,1.12,0,0,0,0,0,.,.,.,0,0.51,0,1.3,0.9,0.01,0,0.01,0,0.11
17,"Montano",35.1452628545,-106.680332705,2023-04-01,4,2023,0.38,.,0.7,0,0,0,.,.,0,0,0.64,0,1.49,0.57,0,0,0,0,0.09
17,"Montano",35.1452628545,-106.680332705,2024-04-01,4,2024,1.56,.,1.39,0.01,0.01,0,0,0,0,0,2.06,0,6.4,4.1,0,0.02,0.01,0,0.54
17,"Montano",35.1452628545,-106.680332705,2005-05-01,5,2005,0.72,0,1.77,0,0,0,.,.,.,0,1.27,0,4.16,.,.,.,.,.,0.34
17,"Montano",35.1452628545,-106.680332705,2006-05-01,5,2006,0.78,0,0.26,0,0,0,.,.,.,0,6.57,0,21.2,.,.,.,.,.,0.66
17,"Montano",35.1452628545,-106.680332705,2007-05-01,5,2007,0.01,0,0,0,0.01,0,.,.,.,0,0.55,0,0.38,0.94,0,0,.,0,0.16
17,"Montano",35.1452628545,-106.680332705,2008-05-01,5,2008,0.02,0.16,0,0.01,0,0,.,.,.,0,0.99,0.02,4.32,1.71,0.01,0,.,0,0.22
17,"Montano",35.1452628545,-106.680332705,2009-05-01,5,2009,0.48,0.23,1.08,0,0,0,.,.,.,0,1.14,0.03,4.86,1.16,0,0.16,.,0,0.17
17,"Montano",35.1452628545,-106.680332705,2010-05-01,5,2010,1.56,0,2.62,0.01,0,0,.,.,.,0,2.52,0,7.16,2.56,0,0,.,0,0.44
17,"Montano",35.1452628545,-106.680332705,2011-05-01,5,2011,1.34,0.02,0.39,0,0,0,.,.,.,0,3.1,0,9.48,3.24,0,2.31,.,0,0.96
17,"Montano",35.1452628545,-106.680332705,2012-05-01,5,2012,1.39,0,4,0,0,0,.,.,.,0,1.61,0,2.71,3.34,0,0.31,.,0,0.5
17,"Montano",35.1452628545,-106.680332705,2013-05-01,5,2013,2.01,0.23,1.48,0,0,0,.,.,.,0,3.88,0.03,13.56,4.86,0,2.15,.,1.08,1.18
17,"Montano",35.1452628545,-106.680332705,2014-05-01,5,2014,2.92,1.83,1.73,0,0,0,.,.,.,0,4.38,0.24,19.33,3.94,0.77,2.12,.,0,0.98
17,"Montano",35.1452628545,-106.680332705,2015-05-01,5,2015,1.17,0,0.09,0,0,0,.,.,.,0,1.19,0,2.09,1.64,0.24,3.23,.,0,0.66
17,"Montano",35.1452628545,-106.680332705,2016-05-01,5,2016,0.72,0.01,0.78,0,0,0,.,.,.,0.01,2.06,0,3.26,3.88,0.01,3.92,.,0,0.51
17,"Montano",35.1452628545,-106.680332705,2017-05-01,5,2017,0.95,1.69,0.69,0,0,0,.,.,.,0,2.65,0.22,4.02,3.72,0.01,6.77,0,0,0.88
17,"Montano",35.1452628545,-106.680332705,2018-05-01,5,2018,0.32,0.01,1,0.69,0.01,0,.,.,.,0.01,4.04,0,11.73,12.08,0.01,2.85,0,0,1.94
17,"Montano",35.1452628545,-106.680332705,2019-05-01,5,2019,2.49,1,4.38,0,0,0.09,.,.,.,0,3.68,0.13,3.72,4.25,3.23,3.46,0,0,1.83
17,"Montano",35.1452628545,-106.680332705,2020-05-01,5,2020,1.86,0.27,3.23,0,0,0.17,.,.,.,0,3.43,0.03,5.02,12.25,1.24,1.69,0,0,1.98
17,"Montano",35.1452628545,-106.680332705,2021-05-01,5,2021,0.88,0.08,1.16,0,0,0,.,.,.,0,2.51,0.01,5.87,7.25,1.23,0.54,0,0,1.17
17,"Montano",35.1452628545,-106.680332705,2022-05-01,5,2022,2.26,0.68,0.68,0,0,0,.,.,.,0,3.38,0.09,5.04,12.4,0.17,3.17,0,0,1.84
17,"Montano",35.1452628545,-106.680332705,2023-05-01,5,2023,1.32,.,1.61,0,0,0,.,.,0,0,2.35,0,1.08,12.46,0.09,0,0,0,1.63
17,"Montano",35.1452628545,-106.680332705,2024-05-01,5,2024,1.2,.,3.59,0,0,0,0.43,0,0,0,3.44,0.05,1.21,8.29,4.7,5.04,0,0,2.11
17,"Montano",35.1452628545,-106.680332705,2004-06-01,6,2004,0.63,0,0.43,0,0,0,.,.,.,0,0.77,0,1.03,.,.,.,.,.,0.46
17,"Montano",35.1452628545,-106.680332705,2005-06-01,6,2005,0.26,0,2.85,0,0,0,.,.,.,0,2.37,0,7.62,.,.,.,.,.,0.66
17,"Montano",35.1452628545,-106.680332705,2006-06-01,6,2006,0.32,0.09,0.47,0,0,0,.,.,.,0,5.52,0.01,35.7,.,.,.,.,.,0.73
17,"Montano",35.1452628545,-106.680332705,2007-06-01,6,2007,0.37,0.01,0.01,0,0,0,.,.,.,0,0.94,0,0.22,4.03,0,0,.,0,0.64
17,"Montano",35.1452628545,-106.680332705,2008-06-01,6,2008,0.4,0.77,0.08,0,0,0,.,.,.,0,1.45,0.1,2.85,5.34,0,0,.,0,0.69
17,"Montano",35.1452628545,-106.680332705,2009-06-01,6,2009,1.03,0,0,0,0.03,0.03,.,.,.,0,4.87,0,0.77,34.36,0,0,.,0,4.47
17,"Montano",35.1452628545,-106.680332705,2010-06-01,6,2010,0.02,0.01,4.92,0,0,0,.,.,.,0,2.86,0,11.02,3.72,1.92,0,.,0,0.73
17,"Montano",35.1452628545,-106.680332705,2011-06-01,6,2011,0.03,1.12,2.15,0,0.01,0,.,.,.,0,1.49,0.15,2.75,3.34,0.77,0,.,0,0.53
17,"Montano",35.1452628545,-106.680332705,2012-06-01,6,2012,2.48,0,7,0,0,0,.,.,.,0.23,3.19,0,1.72,7.23,5.32,0,.,0,1.63
17,"Montano",35.1452628545,-106.680332705,2013-06-01,6,2013,1.99,0,2.91,0.01,0,1.03,.,.,.,0,2.53,0,2.41,4.54,0,0.6,.,0,1.29
17,"Montano",35.1452628545,-106.680332705,2014-06-01,6,2014,.,.,.,.,.,.,.,.,.,.,.,.,.,.,.,.,.,.,.
17,"Montano",35.1452628545,-106.680332705,2015-06-01,6,2015,0.39,0.69,5.08,0,0,0,.,.,.,0,2.32,0.09,3.26,6.15,1.69,0.38,.,0,1.07
17,"Montano",35.1452628545,-106.680332705,2016-06-01,6,2016,1.28,0.17,0,6.55,0,0,.,.,.,0,11.11,0.02,61.94,12.56,0,0.7,0,0,0.09
17,"Montano",35.1452628545,-106.680332705,2017-06-01,6,2017,1.32,0.01,3.92,0,0.02,0.01,.,.,.,0,1.88,0,2.38,3.39,0.08,0.24,0,0,0.11
17,"Montano",35.1452628545,-106.680332705,2018-06-01,6,2018,2.48,0,9.42,0.15,0,0.15,.,.,.,0.15,4.42,0,5.72,15.62,0,0,0,0,2.03
17,"Montano",35.1452628545,-106.680332705,2019-06-01,6,2019,0.87,0,4.79,0,0,0.15,.,.,.,0.01,3.27,0,2.47,9.79,0.16,0.79,0.01,0,1.67
17,"Montano",35.1452628545,-106.680332705,2020-06-01,6,2020,2.68,0.96,0,0,0,0.43,.,.,.,0,3.43,0.12,6.93,7.96,2.74,3.76,0,0,1.88
17,"Montano",35.1452628545,-106.680332705,2021-06-01,6,2021,10.38,0.5,13.56,0,0,0.01,.,.,.,0,9,0.06,16.94,21.93,0.01,2.4,0,0,3.17
17,"Montano",35.1452628545,-106.680332705,2022-06-01,6,2022,1.25,0.16,3.85,0,0,0,.,.,.,0.01,1.54,0.02,1.79,3.86,0.09,0.23,0,0,0.54
17,"Montano",35.1452628545,-106.680332705,2023-06-01,6,2023,1.63,0.55,6.08,0.01,0,0,0.55,0,0,0,3.64,0.07,4.93,6.17,1.72,4.39,0,0,1.6
17,"Montano",35.1452628545,-106.680332705,2024-06-01,6,2024,0.47,.,2.31,0,0,0,0,0,0,0,1.91,0,1.85,8.48,0,0,0,0,1.12
17,"Montano",35.1452628545,-106.680332705,2004-07-01,7,2004,.,.,.,.,.,.,.,.,.,.,.,.,.,.,.,.,.,.,.
17,"Montano",35.1452628545,-106.680332705,2005-07-01,7,2005,0.16,0,2.08,0,0,0,.,.,.,0,1.58,0,2.92,.,.,.,.,.,0.35
17,"Montano",35.1452628545,-106.680332705,2006-07-01,7,2006,0.46,0.23,0.01,0,0,0,.,.,.,0,4.69,0.03,23.09,.,.,.,.,.,0.44
17,"Montano",35.1452628545,-106.680332705,2007-07-01,7,2007,0.99,0.02,0,0,0.01,0,.,.,.,0,0.98,0,0.01,5.19,0,0.01,.,0,0.78
17,"Montano",35.1452628545,-106.680332705,2008-07-01,7,2008,0.09,0.01,0.23,0,0,0,.,.,.,0,0.89,0,1.16,5.24,0,0,.,0.01,0.69
17,"Montano",35.1452628545,-106.680332705,2009-07-01,7,2009,1.25,0,0.48,0,0,0.77,.,.,.,0,0.78,0,0.11,1.07,0,0,.,0,0.14
17,"Montano",35.1452628545,-106.680332705,2010-07-01,7,2010,0.27,0.03,2.22,0.17,0.01,0.26,.,.,.,0,2.62,0,2.93,12.22,0.01,0,.,0,1.68
17,"Montano",35.1452628545,-106.680332705,2011-07-01,7,2011,0.24,0,0.01,0,0,0.38,.,.,.,0,0.72,0,1.48,0.62,0,1.01,.,0,0.38
17,"Montano",35.1452628545,-106.680332705,2012-07-01,7,2012,0.03,0.23,0.54,0,0,0,.,.,.,0,0.39,0.03,0.64,0.65,0.46,0.01,.,0,0.15
17,"Montano",35.1452628545,-106.680332705,2013-07-01,7,2013,1.4,0,1.62,0,0.01,0,.,.,.,0,2.04,0,4.29,0,0,0,.,0.31,0.04
17,"Montano",35.1452628545,-106.680332705,2014-07-01,7,2014,0.26,1,7.15,0.01,0,0,.,.,.,0,3.38,0.13,4.47,9.47,3.31,0,.,0,1.66
17,"Montano",35.1452628545,-106.680332705,2015-07-01,7,2015,0.62,0.55,3.15,0,0,0,.,.,.,0,1.98,0.07,0.41,6.85,1.92,0.15,.,0,1.16
17,"Montano",35.1452628545,-106.680332705,2016-07-01,7,2016,0.19,0.23,4.69,0.01,0,0,.,.,.,0,2.15,0.03,1.18,7.79,2.08,0.01,0,0,0.27
17,"Montano",35.1452628545,-106.680332705,2017-07-01,7,2017,0.27,0,4.44,0,0,0.6,.,.,.,0,1.95,0,2.24,4.22,0,0.43,0,0.01,0.06
17,"Montano",35.1452628545,-106.680332705,2018-07-01,7,2018,0.72,0,0.93,1.31,0,0.02,.,.,.,0,1.73,0.04,2.55,6.31,0,0.01,0,0,0.82
17,"Montano",35.1452628545,-106.680332705,2019-07-01,7,2019,0.89,0.01,3.85,0.01,0.02,0.08,.,.,.,0,2.13,0,1.18,6.39,0.38,0.01,0,0,0.92
17,"Montano",35.1452628545,-106.680332705,2020-07-01,7,2020,0.48,0.47,3.92,0.02,0,0.01,.,.,.,0.23,1.87,0.06,5.62,2.15,0.47,0.01,0,0,0.34
17,"Montano",35.1452628545,-106.680332705,2021-07-01,7,2021,3.27,0.36,3.42,0.01,0,0.34,.,.,.,0.09,5.23,0.05,7.63,21.54,1.39,0.01,0,0,2.7
17,"Montano",35.1452628545,-106.680332705,2022-07-01,7,2022,0.41,0.31,1.61,0,0,0.09,.,.,.,0.01,1.09,0.04,3.87,1.42,0.02,0.46,0,0,0.25
17,"Montano",35.1452628545,-106.680332705,2023-07-01,7,2023,0.6,0,3.85,0.01,0,0,0,0,0,0,2.65,0,1.93,12.9,0,0,0,0,1.34
17,"Montano",35.1452628545,-106.680332705,2024-07-01,7,2024,0.79,.,3.08,0.02,0,0,0.16,0,0,0,4.19,0.02,8.7,14.47,0.15,0.23,0,0,1.98
17,"Montano",35.1452628545,-106.680332705,2004-08-01,8,2004,1.02,0,1.17,0,0,0,.,.,.,0,1.39,0,8.11,.,.,.,.,.,0.02
17,"Montano",35.1452628545,-106.680332705,2005-08-01,8,2005,0.38,0,3.69,0,0,0,.,.,.,0,7.14,0,15.01,.,.,.,.,.,0.07
17,"Montano",35.1452628545,-106.680332705,2006-08-01,8,2006,0,0.46,1.77,0,0.01,0,.,.,.,0,14.33,0.06,103.09,.,.,.,.,.,0.03
17,"Montano",35.1452628545,-106.680332705,2007-08-01,8,2007,1.55,0.01,0,0,0,0,.,.,.,0,0.28,0,0.48,0.01,0,0,.,0,0
17,"Montano",35.1452628545,-106.680332705,2008-08-01,8,2008,0.09,0.08,0.01,0,0,0,.,.,.,0,2.2,0.01,13.62,0.71,0,0,.,0,0.09
17,"Montano",35.1452628545,-106.680332705,2009-08-01,8,2009,12.38,1,0.92,0,0,0,.,.,.,0,8.76,0.13,21.64,6.38,0.01,0,.,0,1.68
17,"Montano",35.1452628545,-106.680332705,2010-08-01,8,2010,0.01,0,0.85,0,0,0,.,.,.,0,0.56,0,0.39,0.23,0,0.08,.,0,0.04
17,"Montano",35.1452628545,-106.680332705,2011-08-01,8,2011,0.02,0,1.4,0.01,0,0,.,.,.,0,0.76,0,3.64,0.02,0,1.08,.,0,0.16
17,"Montano",35.1452628545,-106.680332705,2012-08-01,8,2012,1.87,0.23,5.62,0,0,0,.,.,.,0,1.47,0.03,2.79,0.01,0,0.47,.,0,0.08
17,"Montano",35.1452628545,-106.680332705,2013-08-01,8,2013,0.48,0.15,1.7,0.02,0,0,.,.,.,0,5,0.02,34.8,0.04,0,0,.,0,0.01
17,"Montano",35.1452628545,-106.680332705,2014-08-01,8,2014,0.16,0,1.85,0,0,0.08,.,.,.,0,1.17,0.02,0.09,0,0,0,.,0,0
17,"Montano",35.1452628545,-106.680332705,2015-08-01,8,2015,0.03,14,3.23,0.01,0,1.31,.,.,.,0,3.95,1.82,3.82,0.64,0,0.01,.,0,0.1
17,"Montano",35.1452628545,-106.680332705,2016-08-01,8,2016,0.17,1.31,4.17,0.02,0,0,.,.,.,0,3.36,0.17,19.35,0.11,0,0.01,.,0,0.01
17,"Montano",35.1452628545,-106.680332705,2017-08-01,8,2017,0.09,0.23,6.62,0.02,0,0,.,.,.,0,1.39,0.03,2.95,0,0,0.16,0,0,0.03
17,"Montano",35.1452628545,-106.680332705,2018-08-01,8,2018,0.65,0,5.46,0.01,0,0,.,.,.,0,1.21,0,2.15,0.02,0,0,0,0,0.01
17,"Montano",35.1452628545,-106.680332705,2019-08-01,8,2019,0.19,0.62,6.7,0.01,0,0,.,.,.,0,2.42,0.19,7.23,1.02,0,0,0,0,0.25
17,"Montano",35.1452628545,-106.680332705,2020-08-01,8,2020,0.35,0.4,3.15,0.01,0,0,.,.,.,0,1.05,0.05,3.18,0.01,0,0,0,0,0.01
17,"Montano",35.1452628545,-106.680332705,2021-08-01,8,2021,1.11,0.16,4.46,0.02,0,0.01,.,.,.,0,1.18,0.02,1.94,1.19,0.15,0,0,0,0.19
17,"Montano",35.1452628545,-106.680332705,2022-08-01,8,2022,0.03,0.19,4.87,0.03,0,0.01,.,.,.,0,0.87,0.02,0.22,0.36,0.01,0.01,0,0,0.05
17,"Montano",35.1452628545,-106.680332705,2023-08-01,8,2023,1.49,0.47,4.69,0.02,0,0.01,0.47,0,0,0,1.24,0.06,0.63,0.56,0.01,0.23,0,0,0.1
17,"Montano",35.1452628545,-106.680332705,2024-08-01,8,2024,5.01,.,0,0,0,0,0.15,0,0,0,1.24,0.02,0.27,0.88,0,0.62,0,0,0.23
17,"Montano",35.1452628545,-106.680332705,2004-09-01,9,2004,0.32,0,1.46,0,0,0,.,.,.,0,0.52,0,1.31,.,.,.,.,.,0.02
17,"Montano",35.1452628545,-106.680332705,2005-09-01,9,2005,0.17,0,3.95,0.01,0,0,.,.,.,0,0.95,0,1.62,.,.,.,.,.,0.06
17,"Montano",35.1452628545,-106.680332705,2006-09-01,9,2006,0.46,0,3.78,0,0,0,.,.,.,0,5.4,0,10.32,.,.,.,.,.,0.05
17,"Montano",35.1452628545,-106.680332705,2007-09-01,9,2007,0.39,0.01,0,0,0,0,.,.,.,0,0.18,0,0.15,0.03,0.01,0,.,0,0.04
17,"Montano",35.1452628545,-106.680332705,2008-09-01,9,2008,0.16,0.01,0,0,0.01,0,.,.,.,0,2.2,0,3.94,0.01,0,0,.,0,0.04
17,"Montano",35.1452628545,-106.680332705,2009-09-01,9,2009,0.24,9.77,0.39,0,0,0,.,.,.,0,1.49,1.27,0.26,0,0,0,.,0,0
17,"Montano",35.1452628545,-106.680332705,2010-09-01,9,2010,0.56,3.61,0.62,0,0,0,.,.,.,0,0.68,0.47,0.23,0.02,0.01,0,.,0.02,0.01
17,"Montano",35.1452628545,-106.680332705,2011-09-01,9,2011,0.23,0.92,0.02,0.01,0,0,.,.,.,0,0.36,0.12,0.89,0.16,0,0,.,0,0.03
17,"Montano",35.1452628545,-106.680332705,2012-09-01,9,2012,0.17,0.69,2.47,0,0,0,.,.,.,0,0.51,0.09,0.32,0,0,0,.,0,0
17,"Montano",35.1452628545,-106.680332705,2013-09-01,9,2013,0.32,0.24,4.17,0,0,0,.,.,.,0,0.92,0.03,2.22,0.02,0,0.01,.,0,0
17,"Montano",35.1452628545,-106.680332705,2014-09-01,9,2014,0.46,12.24,2.32,0,0.08,0,.,.,.,0,2.27,1.59,0.49,0.01,1,0.01,.,0,0.13
17,"Montano",35.1452628545,-106.680332705,2015-09-01,9,2015,1.03,8.7,5.77,0,0,0,.,.,.,0,2.19,1.13,0.1,0,0.08,0,.,0,0.02
17,"Montano",35.1452628545,-106.680332705,2016-09-01,9,2016,0.02,2.69,5.69,0,0,0,.,.,.,0,1.33,0.35,0.72,0.03,0.01,0.01,0,0,0
17,"Montano",35.1452628545,-106.680332705,2017-09-01,9,2017,0.62,0.69,14.08,0.01,0.01,0,.,.,.,0,2.12,0.09,0.59,0.01,0,0.01,0,0,0
17,"Montano",35.1452628545,-106.680332705,2018-09-01,9,2018,1.33,0,10.46,0,0.01,0.31,.,.,.,0,1.84,0,1.1,0.02,0.01,0,0,0,0
17,"Montano",35.1452628545,-106.680332705,2019-09-01,9,2019,1.62,0.02,5.31,0.01,0,0,.,.,.,0,1.08,0,0.09,0,0.01,0,0,0,0
17,"Montano",35.1452628545,-106.680332705,2020-09-01,9,2020,4.32,0.15,5.78,0.02,0,0,.,.,.,0,2.74,0.02,4.18,0.1,0,0.01,0,0,0.19
17,"Montano",35.1452628545,-106.680332705,2021-09-01,9,2021,1.17,0.55,4.92,0.01,0,0,.,.,.,0,1.49,0.07,2.09,1.25,0.01,0.01,0,0,0.23
17,"Montano",35.1452628545,-106.680332705,2022-09-01,9,2022,3.25,0.54,5.62,0,0,0,.,.,.,0,1.61,0.07,1.32,0.17,0,0.08,0,0.01,0.06
17,"Montano",35.1452628545,-106.680332705,2023-09-01,9,2023,1.87,0.24,8.55,0.02,0,0,0.24,0,0,0,1.85,0.03,1.11,0.25,0.01,0.46,0,0.01,0.17
17,"Montano",35.1452628545,-106.680332705,2024-09-01,9,2024,1.22,.,0,0.03,0.01,0,0.34,0.01,0,0,0.78,0.04,1.74,0.27,0.01,0,0,0,0.08
17,"Montano",35.1452628545,-106.680332705,2004-10-01,10,2004,1.86,0,1.7,0.01,0,0,.,.,.,0,2.24,0,4.48,.,.,.,.,.,1.14
17,"Montano",35.1452628545,-106.680332705,2005-10-01,10,2005,0.86,0.01,2.47,0,0,0,.,.,.,0,1.29,0,0.77,.,.,.,.,.,0.01
17,"Montano",35.1452628545,-106.680332705,2006-10-01,10,2006,1.98,0,0,0,0,1.03,.,.,.,0,1.02,0,3.51,.,.,.,.,.,0.01
17,"Montano",35.1452628545,-106.680332705,2007-10-01,10,2007,3.15,0.09,0,0,0,0,.,.,.,0,2.43,0.15,12.03,0,0,0,.,0,0
17,"Montano",35.1452628545,-106.680332705,2008-10-01,10,2008,0.56,2.62,0.02,0.02,0.08,0,.,.,.,0,6.28,0.34,10.86,0.01,0,0,.,0,0.31
17,"Montano",35.1452628545,-106.680332705,2009-10-01,10,2009,3.61,2.89,0.85,0,0.16,0,.,.,.,0,2.96,0.38,5.94,0.24,2.39,0,.,0,0.34
17,"Montano",35.1452628545,-106.680332705,2010-10-01,10,2010,0.54,0.23,0.23,0,0.08,9.93,.,.,.,0,2.19,0.03,1.27,0.02,0.01,0,.,0,0.01
17,"Montano",35.1452628545,-106.680332705,2011-10-01,10,2011,0.7,17.77,6,0,0,0,.,.,.,0,4.52,2.31,7.47,0,0,0,.,0,0.28
17,"Montano",35.1452628545,-106.680332705,2012-10-01,10,2012,28.98,0,18.13,0,0,0,.,.,.,0,8.11,0,0.53,0.01,0.01,0.01,.,0,0.45
17,"Montano",35.1452628545,-106.680332705,2013-10-01,10,2013,3.95,8.77,2.32,0.02,0.31,0.02,.,.,.,0,8.45,1.14,49.1,0,0.02,0,.,0,0
17,"Montano",35.1452628545,-106.680332705,2014-10-01,10,2014,16.55,0,5.24,0,0,0,.,.,.,0,4.46,0,4.48,0.38,1.7,0.01,.,0,0.31
17,"Montano",35.1452628545,-106.680332705,2015-10-01,10,2015,4.25,0.71,8.08,0,0,0,.,.,.,0,2.05,0.09,0.03,0,0,0,.,0,0
17,"Montano",35.1452628545,-106.680332705,2016-10-01,10,2016,7.02,11.47,12.09,0,0,0,.,.,.,0,8.25,1.49,29.33,0.77,0,0,0,0,0.09
17,"Montano",35.1452628545,-106.680332705,2017-10-01,10,2017,0.25,14.4,7.54,0,0,0,.,.,.,0,3.12,1.87,1.17,0.01,0,0,0,0,0.01
17,"Montano",35.1452628545,-106.680332705,2018-10-01,10,2018,2.56,5.7,10.01,0,0,0,.,.,.,0,2.65,0.74,0.47,0.04,0.01,0.01,0,0,0.03
17,"Montano",35.1452628545,-106.680332705,2019-10-01,10,2019,3.34,4.32,9.23,0.01,0,0,.,.,.,0,4.08,0.56,0.64,0.02,0,0.01,0,0,1.11
17,"Montano",35.1452628545,-106.680332705,2020-10-01,10,2020,7.77,9.23,9.93,0.18,0,0.08,.,.,.,0,4.18,1.2,1.41,0,0,0.23,0,0,0.24
17,"Montano",35.1452628545,-106.680332705,2021-10-01,10,2021,2.86,6.63,9.92,0.09,0,0.08,.,.,.,0,3.8,0.86,3.26,0.25,0.01,0.15,0,0,0.33
17,"Montano",35.1452628545,-106.680332705,2022-10-01,10,2022,13.77,4,0,0.01,0,0,.,.,.,0,2.94,0.52,2.86,0.02,0.01,0,0,0,0.04
17,"Montano",35.1452628545,-106.680332705,2023-10-01,10,2023,3.54,2,8.54,0,0,0,2,0,0,0,3.27,0.26,0.26,0.24,0.01,0.08,0,0,0.46
17,"Montano",35.1452628545,-106.680332705,2024-10-01,10,2024,7.32,.,8.31,0,0,0,2.55,0,0,0,3.09,0.33,2.92,0,0,0.01,0,0,0
17,"Montano",35.1452628545,-106.680332705,2004-11-01,11,2004,18.92,0,2.78,0,0,0,.,.,.,0,4.36,0,0.92,.,.,.,.,.,1.33
17,"Montano",35.1452628545,-106.680332705,2005-11-01,11,2005,.,.,.,.,.,.,.,.,.,.,.,.,.,.,.,.,.,.,.
17,"Montano",35.1452628545,-106.680332705,2006-11-01,11,2006,13.77,0,3.32,1.18,0.01,0,.,.,.,0,5.53,0.04,20.88,.,.,.,.,.,0.33
17,"Montano",35.1452628545,-106.680332705,2007-11-01,11,2007,18.92,2.39,0.34,0,0,0,.,.,.,0,3.28,0.31,0.02,0,0,0,.,0,0
17,"Montano",35.1452628545,-106.680332705,2008-11-01,11,2008,12.7,1.55,3.54,5.15,0.01,0,.,.,.,0,4.78,0.2,2.49,0.01,0,0.01,.,0.01,0.6
17,"Montano",35.1452628545,-106.680332705,2009-11-01,11,2009,16.85,0,10.39,0.01,0,0,.,.,.,0,4.38,0,1.56,0,0,0,.,0,0
17,"Montano",35.1452628545,-106.680332705,2010-11-01,11,2010,16.75,0,7.26,0,0,0.02,.,.,.,0,5.31,0.06,3.35,0.01,0,0,.,0,1.09
17,"Montano",35.1452628545,-106.680332705,2011-11-01,11,2011,22.62,7.77,18.93,0.01,0,0,.,.,.,0,9.51,1.01,14.85,0.09,0,0,.,0,0.71
17,"Montano",35.1452628545,-106.680332705,2012-11-01,11,2012,14.15,3.85,18.85,0,0,0,.,.,.,0,5.54,0.5,2.62,0.01,0,0,.,0,0.35
17,"Montano",35.1452628545,-106.680332705,2013-11-01,11,2013,25.55,0.01,17.78,0,0,0,.,.,.,0,6.12,0,1.8,1.47,0,0,.,0,0.19
17,"Montano",35.1452628545,-106.680332705,2014-11-01,11,2014,33.31,0.31,16.48,0,0,0,.,.,.,0,9.47,0.04,18.72,0,0,0,.,0,0.27
17,"Montano",35.1452628545,-106.680332705,2015-11-01,11,2015,31.39,1.93,9.85,0.01,0,0.01,.,.,.,0,5.94,0.25,1.09,0.01,0.23,0,.,0,0.03
17,"Montano",35.1452628545,-106.680332705,2016-11-01,11,2016,36.39,2,10.79,0.01,0,0.01,.,.,.,0,7.4,0.26,1.32,0,0,0,0,0,0.19
17,"Montano",35.1452628545,-106.680332705,2017-11-01,11,2017,62.08,22.32,0,0,0,0,.,.,.,0,12.82,2.9,6.69,0,0,0,0,0,0.02
17,"Montano",35.1452628545,-106.680332705,2018-11-01,11,2018,57.85,8.86,9.17,0.85,0,0,.,.,.,0,10.72,1.15,2.56,0.02,0,0,0,0,0.17
17,"Montano",35.1452628545,-106.680332705,2019-11-01,11,2019,55.15,13.86,8.78,0.02,0,0,.,.,.,0,13.98,1.8,0.87,0.02,0,0,0,0,1.05
17,"Montano",35.1452628545,-106.680332705,2020-11-01,11,2020,96.92,6.63,17.25,0.11,0,0,.,.,.,0,16.99,0.86,6.04,0.01,0.01,0,0,0,0.16
17,"Montano",35.1452628545,-106.680332705,2021-11-01,11,2021,40.08,3.48,6.01,0.02,0,0.23,.,.,.,0,7.27,0.45,2.19,0.09,0.01,0.01,0,0,0.16
17,"Montano",35.1452628545,-106.680332705,2022-11-01,11,2022,77.54,5.7,9.47,0.02,0,0.39,.,.,.,0,14,0.74,6.09,0.54,0,0,0,0,0.34
17,"Montano",35.1452628545,-106.680332705,2023-11-01,11,2023,83.92,3.25,9.33,0.02,0,0.38,3.25,0,0,0,13.44,0.42,2.62,0.03,0,0,0,0,0.01
17,"Montano",35.1452628545,-106.680332705,2004-12-01,12,2004,7.92,0,2.08,0,0,0,.,.,.,0,1.98,0,0.01,.,.,.,.,.,0.18
17,"Montano",35.1452628545,-106.680332705,2005-12-01,12,2005,18.38,0,6.62,0.31,0,0,.,.,.,0,5.7,0,7.46,.,.,.,.,.,0.33
17,"Montano",35.1452628545,-106.680332705,2006-12-01,12,2006,3.62,1.54,0.01,0,0,0,.,.,.,0,2.31,0.2,12.08,.,.,.,.,.,0.07
17,"Montano",35.1452628545,-106.680332705,2007-12-01,12,2007,18.62,0.02,1.39,0,0.08,0,.,.,.,0,3.15,0,0.55,0,0,0,.,0,0.29
17,"Montano",35.1452628545,-106.680332705,2008-12-01,12,2008,15.31,0.08,2.46,0,0,2.31,.,.,.,0,3.33,0.01,0,0,0,0,.,0,0
17,"Montano",35.1452628545,-106.680332705,2009-12-01,12,2009,21.64,0.01,10.38,0,0,0,.,.,.,0,4.64,0,0.1,0.02,0,0,.,0.96,0.18
17,"Montano",35.1452628545,-106.680332705,2010-12-01,12,2010,12.09,0.18,8.39,0.02,0.01,0.02,.,.,.,0,4.22,0.02,4.71,0.02,0.01,0,.,0,0.01
17,"Montano",35.1452628545,-106.680332705,2011-12-01,12,2011,32.79,0,0,0,0,2.08,.,.,.,0,7.19,0,1.4,0.01,0,7.24,.,0.02,1.27
17,"Montano",35.1452628545,-106.680332705,2012-12-01,12,2012,18.46,1.12,12.74,0,0,0,.,.,.,0,5.61,0.15,1.04,0.02,0,0,.,0,1.05
17,"Montano",35.1452628545,-106.680332705,2013-12-01,12,2013,29.31,0,6.69,0,0,0,.,.,.,0,7.02,0,1.18,0.02,0,0,.,0,0
17,"Montano",35.1452628545,-106.680332705,2014-12-01,12,2014,17.54,1.01,10.32,0,0,0,.,.,.,0,6.27,0.13,4.56,0.01,0,0,.,0,1.01
17,"Montano",35.1452628545,-106.680332705,2015-12-01,12,2015,16.46,0.01,6.38,0,0,0,.,.,.,0,3.32,0,1.49,0,0,0,.,0,0
17,"Montano",35.1452628545,-106.680332705,2016-12-01,12,2016,14.26,1.32,14.47,0.01,0,0,.,.,.,0,5.39,0.17,6.4,0.17,0,0,0,0,0.28
17,"Montano",35.1452628545,-106.680332705,2017-12-01,12,2017,12.91,0.01,2.49,0,0,0,.,.,.,0,2.47,0,0.78,0,0,0,0,0,0
17,"Montano",35.1452628545,-106.680332705,2018-12-01,12,2018,46.71,0.47,12.72,0.26,0,0.01,.,.,.,0,8.9,0.06,0.65,0.02,0,0.02,0,0,0.36
17,"Montano",35.1452628545,-106.680332705,2019-12-01,12,2019,55.16,1.79,12.87,0.04,0,0,.,.,.,0.01,11.59,0.23,1.65,0.78,0,0,0,0,0.89
17,"Montano",35.1452628545,-106.680332705,2020-12-01,12,2020,24.15,0.63,4.7,0.01,0,0,.,.,.,0,4.42,0.08,2.49,0.01,0,0,0,0,0.14
17,"Montano",35.1452628545,-106.680332705,2022-12-01,12,2022,13.27,0.03,9.4,0.04,0,0.17,.,.,.,0,4.54,0,5.74,0.03,0.94,0,0,0,0.59
17,"Montano",35.1452628545,-106.680332705,2023-12-01,12,2023,39.15,0.85,7.63,0.03,0,0,0.85,0,0,0,7,0.11,2.31,0.02,0,0.15,0,0,0.23
17,"Montano",35.1452628545,-106.680332705,2024-12-01,12,2024,49.77,.,4.93,0.02,0,0.15,0.56,0,0,0,7.82,0.07,0.56,0.15,0.01,0,0,0,0.26
18,"Reynolds Cleared",34.6567454384498,-106.738602216398,2005-01-01,1,2005,96.83,0,0.01,0,0,0,.,.,.,0,12.74,0,0,.,.,.,.,.,0
18,"Reynolds Cleared",34.6567454384498,-106.738602216398,2006-01-01,1,2006,30.32,0.01,0.24,0.32,0,0,.,.,.,0,4.53,0,3.15,.,.,.,.,.,0.09
18,"Reynolds Cleared",34.6567454384498,-106.738602216398,2007-01-01,1,2007,8.24,0,0,0.87,0,0,.,.,.,0,1.54,0,0.01,.,.,.,.,.,0.1
18,"Reynolds Cleared",34.6567454384498,-106.738602216398,2008-01-01,1,2008,8.98,0,0,0,0,0,.,.,.,0,1.56,0,0.77,0,0,0,.,0,0.19
18,"Reynolds Cleared",34.6567454384498,-106.738602216398,2009-01-01,1,2009,19.69,0.15,0,0.16,0,0,.,.,.,0,6.14,0.02,25,0,0,0,.,0,0
18,"Reynolds Cleared",34.6567454384498,-106.738602216398,2010-01-01,1,2010,18.62,0.09,0.01,0,0,0,.,.,.,0,4.43,0.01,2.62,0,0,0,.,0,1.61
18,"Reynolds Cleared",34.6567454384498,-106.738602216398,2011-01-01,1,2011,30.69,0.02,0,0.09,0,0,.,.,.,0,4.33,0,1.78,0.01,0.01,0.01,.,0,0.03
18,"Reynolds Cleared",34.6567454384498,-106.738602216398,2012-01-01,1,2012,17.31,0.08,0.15,0,0,0,.,.,.,0,3.29,0.01,7.31,0,0,0,.,0,0
18,"Reynolds Cleared",34.6567454384498,-106.738602216398,2013-01-01,1,2013,22.31,0.01,0,0.01,0,0,.,.,.,0,3.27,0,0.69,0,0,0,.,0,0.22
18,"Reynolds Cleared",34.6567454384498,-106.738602216398,2014-01-01,1,2014,10.47,0.03,0.01,0.01,0,0,.,.,.,0,1.77,0,0,0.01,0,0,.,0,0.26
18,"Reynolds Cleared",34.6567454384498,-106.738602216398,2015-01-01,1,2015,7.62,0.01,0,0.32,0,0.01,.,.,.,0,1.06,0,0.24,0,0,0,.,0,0
18,"Reynolds Cleared",34.6567454384498,-106.738602216398,2016-01-01,1,2016,9.46,0.08,0.01,0.17,0.01,0,.,.,.,0,2.38,0.01,7.03,0,0,0,.,0,0
18,"Reynolds Cleared",34.6567454384498,-106.738602216398,2017-01-01,1,2017,6.55,0.01,0.01,0.02,0,0,.,.,.,0,1.09,0,0.86,0.01,0,0,0,0.01,0.01
18,"Reynolds Cleared",34.6567454384498,-106.738602216398,2018-01-01,1,2018,15,0.08,0.01,1.41,0.01,0,.,.,.,0,2.28,0.01,0.16,0.17,0,0,0,0,0.04
18,"Reynolds Cleared",34.6567454384498,-106.738602216398,2019-01-01,1,2019,31.77,0.01,0.01,0.48,0,0,.,.,.,0,4.36,0,0.57,0.02,0,0.01,0,0,0.01
18,"Reynolds Cleared",34.6567454384498,-106.738602216398,2020-01-01,1,2020,23.75,0.04,0.01,0.38,0,0.02,.,.,.,0,3.22,0,0.02,0,0,0,0,0,0
18,"Reynolds Cleared",34.6567454384498,-106.738602216398,2021-01-01,1,2021,34.93,0,0.02,0.08,0.08,0,.,.,.,0,4.8,0,0.18,0.02,0,0,0,0,0.08
18,"Reynolds Cleared",34.6567454384498,-106.738602216398,2023-01-01,1,2023,30,.,0.01,1.65,0,0,.,.,0,0,5.03,0,5.28,0.04,0,0,0,0,0.06
18,"Reynolds Cleared",34.6567454384498,-106.738602216398,2024-01-01,1,2024,37.38,.,0,0.95,0,0.01,0.08,0,0,0,11.44,0.01,47.95,0,0,0,0,0,0.06
18,"Reynolds Cleared",34.6567454384498,-106.738602216398,2005-02-01,2,2005,5.02,0,0.01,0.02,0,0,.,.,.,0,0.67,0,0.15,.,.,.,.,.,0
18,"Reynolds Cleared",34.6567454384498,-106.738602216398,2006-02-01,2,2006,12.5,0,0.02,1.39,0,0,.,.,.,0,2.28,0,2.52,.,.,.,.,.,0
18,"Reynolds Cleared",34.6567454384498,-106.738602216398,2007-02-01,2,2007,2.01,0.02,0,0.03,0.01,0,.,.,.,0,0.28,0,0.15,.,.,.,.,.,0
18,"Reynolds Cleared",34.6567454384498,-106.738602216398,2008-02-01,2,2008,13.46,0.02,0,0.01,0,0,.,.,.,0,4.27,0,5.94,0,0,0,.,0,1.15
18,"Reynolds Cleared",34.6567454384498,-106.738602216398,2009-02-01,2,2009,4.92,0,0,0,0,0,.,.,.,0,1.48,0,3.31,0,0,0,.,0,0.14
18,"Reynolds Cleared",34.6567454384498,-106.738602216398,2010-02-01,2,2010,5.04,0.01,0,0,0,0,.,.,.,0,1.06,0,0.01,0,0,0,.,0,0.02
18,"Reynolds Cleared",34.6567454384498,-106.738602216398,2011-02-01,2,2011,15.08,0,0,0.02,0,0,.,.,.,0,2.27,0,0.77,0,0,0,.,0,0.1
18,"Reynolds Cleared",34.6567454384498,-106.738602216398,2012-02-01,2,2012,17.39,0.08,0,0.32,0,0,.,.,.,0,2.41,0.01,0.08,0,0,0,.,0,0.04
18,"Reynolds Cleared",34.6567454384498,-106.738602216398,2013-02-01,2,2013,37.09,0,0,0,0,0.01,.,.,.,0,6.6,0,2.16,0.01,0,0,.,0,0.18
18,"Reynolds Cleared",34.6567454384498,-106.738602216398,2014-02-01,2,2014,4.39,0,0,0,0,0,.,.,.,0,0.9,0,1.4,0,0.01,0,.,0,0.07
18,"Reynolds Cleared",34.6567454384498,-106.738602216398,2015-02-01,2,2015,2.4,0,0,0.02,0,0,.,.,.,0,0.34,0,0.03,0,0,0.01,.,0,0
18,"Reynolds Cleared",34.6567454384498,-106.738602216398,2016-02-01,2,2016,4.25,0,0.01,0.17,0,0,.,.,.,0,3.05,0,1.26,0,0,0,.,0,0
18,"Reynolds Cleared",34.6567454384498,-106.738602216398,2017-02-01,2,2017,11.62,0,0.01,0.69,0,0,.,.,.,0,1.8,0,0.85,0,0,0.01,0,0,0
18,"Reynolds Cleared",34.6567454384498,-106.738602216398,2018-02-01,2,2018,34.31,0,0,0,0,0,.,.,.,0,6.95,0,14.18,0,0,0,0,0,0.1
18,"Reynolds Cleared",34.6567454384498,-106.738602216398,2019-02-01,2,2019,33,0,0.02,0.4,0.01,0.15,.,.,.,0,5.15,0,4.93,0.08,0,0,0,0,0.02
18,"Reynolds Cleared",34.6567454384498,-106.738602216398,2020-02-01,2,2020,24.31,0.08,0,0.16,0,0,.,.,.,0,3.33,0.01,0,0,0,0,0,0,0.03
18,"Reynolds Cleared",34.6567454384498,-106.738602216398,2021-02-01,2,2021,52.39,0,0,0.17,0.01,0.01,.,.,.,0,8.39,0,8.49,0.02,0,0,0,0,0.24
18,"Reynolds Cleared",34.6567454384498,-106.738602216398,2023-02-01,2,2023,78.03,.,0.01,2.4,0.01,0.26,.,.,0,0,16.96,0,37.97,0.3,0,0,0,0,0.2
18,"Reynolds Cleared",34.6567454384498,-106.738602216398,2024-02-01,2,2024,48.89,.,0,1.29,0,0.01,0,0,0,0,6.89,0,1.13,0.09,0,0.01,0.01,0,0.02
18,"Reynolds Cleared",34.6567454384498,-106.738602216398,2005-03-01,3,2005,24.23,0.02,0.01,0.01,0,0,.,.,.,0,3.24,0,0.18,.,.,.,.,.,0.01
18,"Reynolds Cleared",34.6567454384498,-106.738602216398,2006-03-01,3,2006,2.02,0,0,0,0,0,.,.,.,0,0.29,0,0.17,.,.,.,.,.,0
18,"Reynolds Cleared",34.6567454384498,-106.738602216398,2007-03-01,3,2007,5.63,0.02,0,0.03,0,0,.,.,.,0,0.94,0,0.34,.,.,.,.,.,0
18,"Reynolds Cleared",34.6567454384498,-106.738602216398,2008-03-01,3,2008,13.09,0.01,0,0,0,0,.,.,.,0,6.5,0,4.02,0,0,0,.,0,1.14
18,"Reynolds Cleared",34.6567454384498,-106.738602216398,2009-03-01,3,2009,3.86,0.08,0,0.01,0,0,.,.,.,0,0.66,0.01,0.46,0,0,0,.,0,0
18,"Reynolds Cleared",34.6567454384498,-106.738602216398,2010-03-01,3,2010,16.1,0.01,0,0,0,0,.,.,.,0,2.3,0,0.1,0.01,0.01,0,.,0,0.05
18,"Reynolds Cleared",34.6567454384498,-106.738602216398,2011-03-01,3,2011,28.54,0.08,0.01,0.02,0,0,.,.,.,0,6.68,0.01,2.85,0.01,0,0.08,.,0,0.45
18,"Reynolds Cleared",34.6567454384498,-106.738602216398,2012-03-01,3,2012,4.08,0,0,1.16,0,0,.,.,.,0,2.47,0,11.69,0,0,0,.,0,0
18,"Reynolds Cleared",34.6567454384498,-106.738602216398,2013-03-01,3,2013,7,0,0,0.03,0,0,.,.,.,0,1.42,0,1.39,0.01,0,0,.,0,0.18
18,"Reynolds Cleared",34.6567454384498,-106.738602216398,2014-03-01,3,2014,10.55,0.01,0,0.7,0,0,.,.,.,0,1.7,0,0.8,0,0,0,.,0,0.11
18,"Reynolds Cleared",34.6567454384498,-106.738602216398,2015-03-01,3,2015,10.93,0,0,0.01,0,0,.,.,.,0,2.34,0,5.85,0,0,0,.,0,0
18,"Reynolds Cleared",34.6567454384498,-106.738602216398,2016-03-01,3,2016,4.71,0.01,0.01,0.01,0,0,.,.,.,0.01,1,0,0.02,0.02,0,0,.,0,0
18,"Reynolds Cleared",34.6567454384498,-106.738602216398,2017-03-01,3,2017,45.77,0.01,0,0.01,0.01,0,.,.,.,0,8.71,0,5.88,0.17,0,0,0,0,0.03
18,"Reynolds Cleared",34.6567454384498,-106.738602216398,2018-03-01,3,2018,19.06,0,0.17,0,0,0,.,.,.,0,10,0,6.34,0.09,0,0,0,0,0.6
18,"Reynolds Cleared",34.6567454384498,-106.738602216398,2019-03-01,3,2019,30.35,0.01,0.01,0.17,0,0,.,.,.,0,4.79,0,5.65,0.01,0,0.01,0,0,0
18,"Reynolds Cleared",34.6567454384498,-106.738602216398,2020-03-01,3,2020,17.92,0.02,0,0.02,0,0,.,.,.,0,3.67,0,9.01,0.03,0,0,0,0,0.05
18,"Reynolds Cleared",34.6567454384498,-106.738602216398,2021-03-01,3,2021,25.7,0,0.01,0.02,0,0,.,.,.,0,3.89,0,0.95,0.04,0,0,0,0,0.15
18,"Reynolds Cleared",34.6567454384498,-106.738602216398,2023-03-01,3,2023,32.15,.,0.01,0.33,0.08,0,.,.,0,0,11.61,0,49.26,0.4,0,0,0,0,0.16
18,"Reynolds Cleared",34.6567454384498,-106.738602216398,2024-03-01,3,2024,52.55,.,0.01,0.85,0,0,0.02,0,0,0,9.2,0,6.63,0.33,0,0,0,0,0.05
18,"Reynolds Cleared",34.6567454384498,-106.738602216398,2005-04-01,4,2005,21.62,0,0,0,0,0,.,.,.,0,4.02,0,5.93,.,.,.,.,.,0.42
18,"Reynolds Cleared",34.6567454384498,-106.738602216398,2006-04-01,4,2006,2.55,0,0,0.01,0,0,.,.,.,0,2.14,0,2.47,.,.,.,.,.,1.34
18,"Reynolds Cleared",34.6567454384498,-106.738602216398,2007-04-01,4,2007,0.38,0,0,0,0,0,.,.,.,0,0.4,0,0.15,2.39,0,0,.,0,0.31
18,"Reynolds Cleared",34.6567454384498,-106.738602216398,2008-04-01,4,2008,0.78,0,0,0.01,0,0,.,.,.,0,2.81,0,13.19,0.71,0.01,0,.,0.01,0.87
18,"Reynolds Cleared",34.6567454384498,-106.738602216398,2009-04-01,4,2009,2.16,0.02,0,0.01,0.01,0,.,.,.,0,0.46,0,0.18,0.78,0,0,.,0,0.14
18,"Reynolds Cleared",34.6567454384498,-106.738602216398,2010-04-01,4,2010,13.32,0,0,0,0,0,.,.,.,0,2.43,0,0.33,2.88,0,0,.,0,0.38
18,"Reynolds Cleared",34.6567454384498,-106.738602216398,2011-04-01,4,2011,9.24,0,0,0,0,0,.,.,.,0,2.66,0,2,6.25,0,0,.,0,0.81
18,"Reynolds Cleared",34.6567454384498,-106.738602216398,2012-04-01,4,2012,0.85,0,0,0,0,0,.,.,.,0,1.05,0,0,6.92,0,0,.,0.03,0.9
18,"Reynolds Cleared",34.6567454384498,-106.738602216398,2013-04-01,4,2013,8.02,0,0,0,0,0,.,.,.,0,3.67,0,3.56,4.86,0,0,.,0,0.65
18,"Reynolds Cleared",34.6567454384498,-106.738602216398,2014-04-01,4,2014,7.33,0.02,0,1.17,0,0,.,.,.,0,3.52,0,2.7,15.29,0,0,.,0,1.99
18,"Reynolds Cleared",34.6567454384498,-106.738602216398,2015-04-01,4,2015,37.26,0,0,0.01,0,0,.,.,.,0,7.72,0,1.9,10.77,0,0,.,0,1.49
18,"Reynolds Cleared",34.6567454384498,-106.738602216398,2016-04-01,4,2016,11.54,0,0.01,0.08,0,0.01,.,.,.,0,3.35,0,0.64,7.89,0,0,.,0,0.09
18,"Reynolds Cleared",34.6567454384498,-106.738602216398,2017-04-01,4,2017,0.72,0,0,0,0.01,0,.,.,.,0,1.48,0,0.65,0,0,0,0,0,1.06
18,"Reynolds Cleared",34.6567454384498,-106.738602216398,2018-04-01,4,2018,0.01,0,0,0.24,0,0,.,.,.,0,3.37,0,1.23,8.54,0,0,0,0,1.11
18,"Reynolds Cleared",34.6567454384498,-106.738602216398,2019-04-01,4,2019,9.7,0.01,0.01,0.09,0.01,0.01,.,.,.,0,3.82,0,12.32,6.69,0,0,0.03,0,0.88
18,"Reynolds Cleared",34.6567454384498,-106.738602216398,2020-04-01,4,2020,46.58,0,0.01,0.35,0,0,.,.,.,0,9.51,0,0.62,22.82,0,0.01,0.04,0,3.08
18,"Reynolds Cleared",34.6567454384498,-106.738602216398,2021-04-01,4,2021,19,0,0,0.16,0,0,.,.,.,0,4.82,0,7.78,9.78,0.01,0,0,0,1.27
18,"Reynolds Cleared",34.6567454384498,-106.738602216398,2023-04-01,4,2023,24.57,.,0.02,0.11,0.01,0.01,.,.,0,0,7.9,0,16.96,5.78,0.01,0,0.03,0,1.24
18,"Reynolds Cleared",34.6567454384498,-106.738602216398,2005-05-01,5,2005,4.03,0,0,0,0,0,.,.,.,0,1.3,0,3.01,.,.,.,.,.,0.33
18,"Reynolds Cleared",34.6567454384498,-106.738602216398,2006-05-01,5,2006,5.4,0,0,0.01,0,0,.,.,.,0,2.32,0,7.02,.,.,.,.,.,0.64
18,"Reynolds Cleared",34.6567454384498,-106.738602216398,2007-05-01,5,2007,3.77,0,0.01,0.02,0,0,.,.,.,0,1.34,0,0.64,4.72,0,0.01,.,0,0.66
18,"Reynolds Cleared",34.6567454384498,-106.738602216398,2008-05-01,5,2008,1.57,0,0.01,0.01,0,0,.,.,.,0,1.92,0,0.94,6.78,0,0,.,0,0.88
18,"Reynolds Cleared",34.6567454384498,-106.738602216398,2009-05-01,5,2009,2.1,0,0,0.02,0,0,.,.,.,0,1.16,0,3.47,2.71,0.15,0,.,0,0.37
18,"Reynolds Cleared",34.6567454384498,-106.738602216398,2010-05-01,5,2010,5.32,0,0,0,0,0,.,.,.,0,3.43,0,11.17,9.09,0,0.01,.,0,1.18
18,"Reynolds Cleared",34.6567454384498,-106.738602216398,2011-05-01,5,2011,14.31,0.01,0,0.15,0,0,.,.,.,0,3.6,0,4.77,6.08,0.31,0,.,0,0.84
18,"Reynolds Cleared",34.6567454384498,-106.738602216398,2012-05-01,5,2012,7.4,0,0,0.02,0,0.01,.,.,.,0,2.18,0,4.33,2.87,0.23,0,.,0,0.41
18,"Reynolds Cleared",34.6567454384498,-106.738602216398,2013-05-01,5,2013,5.85,0,0,0,0,0,.,.,.,0,2.87,0,1.43,13.46,0,0,.,0,1.75
18,"Reynolds Cleared",34.6567454384498,-106.738602216398,2014-05-01,5,2014,3.61,0,0,0.01,0,0,.,.,.,0,2.5,0,4.28,10.51,0,0,.,0,1.37
18,"Reynolds Cleared",34.6567454384498,-106.738602216398,2015-05-01,5,2015,7.78,0,0,0.02,0,0,.,.,.,0,2.56,0,3.93,3.79,0.38,0,.,0,0.95
18,"Reynolds Cleared",34.6567454384498,-106.738602216398,2016-05-01,5,2016,12.39,0,0,0.01,0,0,.,.,.,0,3.76,0,7.31,8.55,0.01,0.01,0,0,0
18,"Reynolds Cleared",34.6567454384498,-106.738602216398,2017-05-01,5,2017,6.48,0.01,0,0.01,0,0,.,.,.,0,2.92,0,5.23,6.66,0.08,0,0,0,0.01
18,"Reynolds Cleared",34.6567454384498,-106.738602216398,2018-05-01,5,2018,11.08,0.01,0,0.09,0,0,.,.,.,0,4.06,0,5.78,8.02,0,0,0.01,0,1.05
18,"Reynolds Cleared",34.6567454384498,-106.738602216398,2019-05-01,5,2019,1.26,0.01,0.08,0,0,0.08,.,.,.,0,1.77,0,4.41,5.18,0.02,0.01,0,0.01,0.68
18,"Reynolds Cleared",34.6567454384498,-106.738602216398,2020-05-01,5,2020,3.86,0,0.01,0.62,0,0,.,.,.,0,1.54,0,0.78,5.63,0,0,0,0,0.74
18,"Reynolds Cleared",34.6567454384498,-106.738602216398,2021-05-01,5,2021,4.08,0.01,0,0.02,0,0,.,.,.,0,2.01,0,0.72,10.32,0.01,0,0,0,1.34
18,"Reynolds Cleared",34.6567454384498,-106.738602216398,2023-05-01,5,2023,5.32,0.02,0.01,0.46,0.01,0.08,0.02,0,0,0,9.28,0,22.32,14.31,0.08,0,0.02,0,2.1
18,"Reynolds Cleared",34.6567454384498,-106.738602216398,2005-06-01,6,2005,1.4,0.01,0,0.01,0,0,.,.,.,0,1.33,0,6.94,.,.,.,.,.,0.22
18,"Reynolds Cleared",34.6567454384498,-106.738602216398,2006-06-01,6,2006,4.57,0,0,0.38,0,0,.,.,.,0,4,0,20.27,.,.,.,.,.,0.68
18,"Reynolds Cleared",34.6567454384498,-106.738602216398,2007-06-01,6,2007,5.47,0,0,1.55,0,0,.,.,.,0,2.69,0,4.88,5.94,0,0,.,0,0.77
18,"Reynolds Cleared",34.6567454384498,-106.738602216398,2008-06-01,6,2008,2.25,0.01,0,0,0,0,.,.,.,0,3.64,0,20.09,3.24,0.01,0,.,0,0.55
18,"Reynolds Cleared",34.6567454384498,-106.738602216398,2009-06-01,6,2009,1.24,0,0,0,0,0.01,.,.,.,0,0.74,0,2.62,1.16,0,0,.,0,0.15
18,"Reynolds Cleared",34.6567454384498,-106.738602216398,2010-06-01,6,2010,3.38,0.01,0.01,0.01,0,0,.,.,.,0,2.15,0,1.16,0.41,0.02,0,.,0,0.06
18,"Reynolds Cleared",34.6567454384498,-106.738602216398,2011-06-01,6,2011,9.24,0.02,0,0.01,0,0,.,.,.,0,2.45,0,0.47,7.94,0,0,.,0.31,1.09
18,"Reynolds Cleared",34.6567454384498,-106.738602216398,2012-06-01,6,2012,2.39,0,0,0,0,0.02,.,.,.,0,1.48,0,2.74,6.15,0,0,.,0,0.8
18,"Reynolds Cleared",34.6567454384498,-106.738602216398,2013-06-01,6,2013,11.23,0,0,0,0,0,.,.,.,0,1.79,0,0.02,2.16,0,0,.,0,0.28
18,"Reynolds Cleared",34.6567454384498,-106.738602216398,2014-06-01,6,2014,2.71,0.01,0,0.08,0,0,.,.,.,0,1.71,0,0.03,6.25,0.62,0,.,0,0.89
18,"Reynolds Cleared",34.6567454384498,-106.738602216398,2015-06-01,6,2015,6.68,0,0,0,0,0,.,.,.,0,1.97,0,6.26,1.58,0.01,0,.,0,0.21
18,"Reynolds Cleared",34.6567454384498,-106.738602216398,2016-06-01,6,2016,9.01,0.02,0.01,0.02,0,0.01,.,.,.,0,4.22,0,4.54,11.71,0.32,0,0,0,0.04
18,"Reynolds Cleared",34.6567454384498,-106.738602216398,2017-06-01,6,2017,9.55,0.01,0,0.01,0,0,.,.,.,0,2,0,3.38,0.49,0.01,0.01,0,0,0.01
18,"Reynolds Cleared",34.6567454384498,-106.738602216398,2018-06-01,6,2018,4.23,0,0,0.01,0,0.31,.,.,.,0,1.59,0,3.57,3.93,0,0,0,0,0.51
18,"Reynolds Cleared",34.6567454384498,-106.738602216398,2019-06-01,6,2019,10.55,0,0.17,0,0,0,.,.,.,0,3.61,0,14.32,1.85,0,0,0,0.38,0.29
18,"Reynolds Cleared",34.6567454384498,-106.738602216398,2020-06-01,6,2020,16.46,0.02,0.01,0.33,0.01,0.01,.,.,.,0,5.41,0,5.31,13.24,0.15,0,0,0,1.89
18,"Reynolds Cleared",34.6567454384498,-106.738602216398,2021-06-01,6,2021,11.62,0.1,0.03,0.09,0.01,0.01,.,.,.,0,2.87,0.01,5.96,2.56,0.01,0,0,0,0.37
18,"Reynolds Cleared",34.6567454384498,-106.738602216398,2022-06-01,6,2022,10.15,0,0,0.02,0,0.02,.,.,.,0,3.99,0,10.65,9.23,0,0,0,0,1.21
18,"Reynolds Cleared",34.6567454384498,-106.738602216398,2023-06-01,6,2023,4.09,0,0.02,1.24,0.02,0.16,0,0.01,0,0,3.04,0,4.26,6.15,0,0.01,0,0.85,1.02
18,"Reynolds Cleared",34.6567454384498,-106.738602216398,2005-07-01,7,2005,2.01,0.01,0,0,0,0,.,.,.,0,0.5,0,0.87,.,.,.,.,.,0.1
18,"Reynolds Cleared",34.6567454384498,-106.738602216398,2006-07-01,7,2006,4.25,0,0,0.03,0,0,.,.,.,0,2.03,0,7.46,.,.,.,.,.,0.46
18,"Reynolds Cleared",34.6567454384498,-106.738602216398,2007-07-01,7,2007,2.23,0.01,0,0.08,0.02,0,.,.,.,0,2.48,0,10.25,4.02,0,0.01,.,0,0.52
18,"Reynolds Cleared",34.6567454384498,-106.738602216398,2008-07-01,7,2008,2.16,0,0,0,0,0,.,.,.,0,1.33,0,1.46,5.85,0,0,.,0,0.83
18,"Reynolds Cleared",34.6567454384498,-106.738602216398,2009-07-01,7,2009,2.89,0,0,2.98,0,0,.,.,.,0,2.96,0,15.88,0.68,0.19,0,.,0,0.11
18,"Reynolds Cleared",34.6567454384498,-106.738602216398,2010-07-01,7,2010,9.86,0.01,0,0.01,0,0,.,.,.,0,5.58,0,13.23,18.77,0,0,.,0,2.46
18,"Reynolds Cleared",34.6567454384498,-106.738602216398,2011-07-01,7,2011,10.95,0.01,0,0.01,0,0,.,.,.,0.02,3.26,0,13.18,0.72,0,0,.,0,0.09
18,"Reynolds Cleared",34.6567454384498,-106.738602216398,2012-07-01,7,2012,1.57,0,0.01,0.02,0,0,.,.,.,0.01,0.66,0,2.04,0.71,0,0.1,.,0,0.11
18,"Reynolds Cleared",34.6567454384498,-106.738602216398,2013-07-01,7,2013,17.32,0,0,0,0,0,.,.,.,0,2.93,0,0,4.16,0,0,.,0,0.54
18,"Reynolds Cleared",34.6567454384498,-106.738602216398,2014-07-01,7,2014,10.49,0,0,0,0,0,.,.,.,0,3.58,0,0.02,8.66,0,0,.,0,1.13
18,"Reynolds Cleared",34.6567454384498,-106.738602216398,2015-07-01,7,2015,12.21,0,0.01,0,0,0,.,.,.,0,2.02,0,1.55,1.56,0,0,.,0.01,0.21
18,"Reynolds Cleared",34.6567454384498,-106.738602216398,2016-07-01,7,2016,10.08,0.01,0,0.02,0,0,.,.,.,0,24.32,0,151.17,25,0,0,0,0,0
18,"Reynolds Cleared",34.6567454384498,-106.738602216398,2017-07-01,7,2017,5.17,0.01,0.01,0.01,0.02,0,.,.,.,0,1.1,0,1.63,0.66,0.01,0,0,0.01,0
18,"Reynolds Cleared",34.6567454384498,-106.738602216398,2018-07-01,7,2018,2.79,0,0,0,0,0,.,.,.,0,8.21,0,55.08,3.58,0,0,0,0,0.46
18,"Reynolds Cleared",34.6567454384498,-106.738602216398,2019-07-01,7,2019,5.32,0,0,0.02,0,0.09,.,.,.,0,1.41,0,0.5,3.09,0,0.01,0,0.23,0.5
18,"Reynolds Cleared",34.6567454384498,-106.738602216398,2020-07-01,7,2020,27.31,0.01,0.01,0.09,0,0.46,.,.,.,0,6.05,0,3.15,12.62,0,0.01,0,0,1.67
18,"Reynolds Cleared",34.6567454384498,-106.738602216398,2021-07-01,7,2021,11.32,0,0.02,0.17,0.01,0.02,.,.,.,0,4.53,0,2.49,19.92,0,0,0,0.01,2.59
18,"Reynolds Cleared",34.6567454384498,-106.738602216398,2022-07-01,7,2022,5.55,0.08,0.09,0.15,0,0,.,.,.,0,3.63,0.01,8.19,12.47,0.01,0,0,0.01,1.72
18,"Reynolds Cleared",34.6567454384498,-106.738602216398,2023-07-01,7,2023,3.24,0.01,0.09,0.02,0.01,0,0.01,0,0,0,2.37,0,1.01,11.77,0,0.01,0,0.08,1.62
18,"Reynolds Cleared",34.6567454384498,-106.738602216398,2005-08-01,8,2005,4.85,0,0,0,0,0,.,.,.,0,0.98,0,2.69,.,.,.,.,.,0
18,"Reynolds Cleared",34.6567454384498,-106.738602216398,2006-08-01,8,2006,1.17,0,0.01,4.02,0,0,.,.,.,0,1.37,0,0.16,.,.,.,.,.,0.64
18,"Reynolds Cleared",34.6567454384498,-106.738602216398,2007-08-01,8,2007,2.47,0.31,0,0.86,0,0,.,.,.,0,0.88,0.04,0.24,1.85,0,0,.,0,0.26
18,"Reynolds Cleared",34.6567454384498,-106.738602216398,2008-08-01,8,2008,129.01,0.01,0,12,0,0,.,.,.,0,29.38,0,80.77,1.01,0,0,.,0,0.14
18,"Reynolds Cleared",34.6567454384498,-106.738602216398,2009-08-01,8,2009,1.14,0,0.09,0.69,0,0,.,.,.,0,1.54,0,7.62,0.01,1.97,0,.,0,0.26
18,"Reynolds Cleared",34.6567454384498,-106.738602216398,2010-08-01,8,2010,3.16,0,0,1.89,0,0,.,.,.,0,0.89,0,1.03,0.03,0,0,.,0,0.07
18,"Reynolds Cleared",34.6567454384498,-106.738602216398,2011-08-01,8,2011,3.32,0,0,0.38,0,0,.,.,.,0,0.58,0,0.02,0.11,0,0,.,0,0.03
18,"Reynolds Cleared",34.6567454384498,-106.738602216398,2012-08-01,8,2012,8.34,0,0.01,0.01,0,0.01,.,.,.,0,14.61,0,103.41,0.09,0,0,.,0.01,0.01
18,"Reynolds Cleared",34.6567454384498,-106.738602216398,2013-08-01,8,2013,3.02,0,0,0.01,0,0,.,.,.,0,1.57,0,0.02,0.02,0,0,.,0,0
18,"Reynolds Cleared",34.6567454384498,-106.738602216398,2014-08-01,8,2014,1.19,0,0,0.01,0,0,.,.,.,0,0.3,0,0.02,0.38,0,0,.,0,0.05
18,"Reynolds Cleared",34.6567454384498,-106.738602216398,2015-08-01,8,2015,81.08,0,0,0,0,0,.,.,.,0,10.73,0,0.32,0.79,0,0,.,0,0.1
18,"Reynolds Cleared",34.6567454384498,-106.738602216398,2016-08-01,8,2016,4.03,0,0.01,0.17,0.01,0,.,.,.,0,1.25,0,2.19,2.55,0,0.55,0,0,0.07
18,"Reynolds Cleared",34.6567454384498,-106.738602216398,2017-08-01,8,2017,2.18,0.32,0,0.02,0.01,0.01,.,.,.,0,3.28,0.04,20.64,0.02,0.02,0,0,0,0.01
18,"Reynolds Cleared",34.6567454384498,-106.738602216398,2018-08-01,8,2018,4.86,0.01,0.01,0.15,0,0.01,.,.,.,0,1.42,0,3.56,0.81,0,0,0,0,0.17
18,"Reynolds Cleared",34.6567454384498,-106.738602216398,2019-08-01,8,2019,3.27,0,0,1.02,0,0.08,.,.,.,0,0.88,0,0.89,0.19,0,0.01,0,0.01,0.11
18,"Reynolds Cleared",34.6567454384498,-106.738602216398,2020-08-01,8,2020,11.01,0.02,0.02,0.26,0.02,0.23,.,.,.,0,3.01,0,7.63,0.21,0,0,0,0,0.22
18,"Reynolds Cleared",34.6567454384498,-106.738602216398,2021-08-01,8,2021,2.11,0.01,0,0.03,0,0.01,.,.,.,0,0.63,0,0.19,1.96,0,0,0,0,0.27
18,"Reynolds Cleared",34.6567454384498,-106.738602216398,2022-08-01,8,2022,14.47,0.01,0.02,0.33,0,0.02,.,.,.,1,2.77,0,2.73,1.64,0,0,0,0.08,0.3
18,"Reynolds Cleared",34.6567454384498,-106.738602216398,2023-08-01,8,2023,4.43,0,0,0.01,0,0.31,0,0,0,1.06,1.74,0,3.3,2.7,0,0,0,0.01,0.37
18,"Reynolds Cleared",34.6567454384498,-106.738602216398,2004-09-01,9,2004,4.24,0,0.01,0,0,0,.,.,.,0,0.9,0,2.4,.,.,.,.,.,0
18,"Reynolds Cleared",34.6567454384498,-106.738602216398,2005-09-01,9,2005,7.86,0.01,0,0.44,0,0,.,.,.,0,1.61,0,1.64,.,.,.,.,.,0.1
18,"Reynolds Cleared",34.6567454384498,-106.738602216398,2006-09-01,9,2006,0.8,0.02,0.01,0.63,0,0,.,.,.,0,0.31,0,0.64,.,.,.,.,.,0.02
18,"Reynolds Cleared",34.6567454384498,-106.738602216398,2007-09-01,9,2007,6.16,0.09,0.09,0.38,0,0,.,.,.,0,1.02,0.02,0.32,0.55,0,0,.,0,0.07
18,"Reynolds Cleared",34.6567454384498,-106.738602216398,2008-09-01,9,2008,14,0.23,0,0.69,0,0,.,.,.,0,2.69,0.03,6.08,0,0,0,.,0,0
18,"Reynolds Cleared",34.6567454384498,-106.738602216398,2009-09-01,9,2009,1.88,1.97,0,1.62,0,0,.,.,.,0,0.89,0.26,1.37,0.01,0,0,.,0,0
18,"Reynolds Cleared",34.6567454384498,-106.738602216398,2010-09-01,9,2010,9.32,0,0,1.54,0,0,.,.,.,0,1.5,0,0.55,0.01,0,0,.,0,0
18,"Reynolds Cleared",34.6567454384498,-106.738602216398,2011-09-01,9,2011,2.69,0.01,0,1.08,0,0,.,.,.,0,0.8,0,1.86,0.19,0,0,.,0,0.02
18,"Reynolds Cleared",34.6567454384498,-106.738602216398,2012-09-01,9,2012,3.39,0,0,0,0,0,.,.,.,0,0.52,0,0.17,0,0,0,.,0,0.04
18,"Reynolds Cleared",34.6567454384498,-106.738602216398,2013-09-01,9,2013,3.67,0,0,0,0,0,.,.,.,0,1.19,0,0.8,0.04,0,0,.,0,0.05
18,"Reynolds Cleared",34.6567454384498,-106.738602216398,2014-09-01,9,2014,3.77,0.01,0,0.01,0.01,0,.,.,.,0,0.61,0,0,0.02,0,0,.,0,0.01
18,"Reynolds Cleared",34.6567454384498,-106.738602216398,2015-09-01,9,2015,74,0,0,0,0,0,.,.,.,0,9.83,0,0.16,0.02,0,0,.,0,0.01
18,"Reynolds Cleared",34.6567454384498,-106.738602216398,2016-09-01,9,2016,4.79,0.77,0.08,0.39,0,0,.,.,.,0,1.17,0.1,1.72,0.63,0.01,0.01,0,0,0.08
18,"Reynolds Cleared",34.6567454384498,-106.738602216398,2017-09-01,9,2017,33.46,0.01,0,0.15,0,0.16,.,.,.,0,7.97,0,26.79,0.01,0,0,0,0,0
18,"Reynolds Cleared",34.6567454384498,-106.738602216398,2018-09-01,9,2018,4.31,0,0.02,0.16,0,0,.,.,.,0,0.73,0,0.26,0.08,0,0,0,0,0.01
18,"Reynolds Cleared",34.6567454384498,-106.738602216398,2019-09-01,9,2019,9,0.02,0.01,1.85,0,0.23,.,.,.,0,1.6,0,0.47,0.01,0,0,0,0,0
18,"Reynolds Cleared",34.6567454384498,-106.738602216398,2020-09-01,9,2020,10.86,0,0.01,1.55,0,3.39,.,.,.,0,2.69,0,1.63,0.05,0.01,0,0,0,0.01
18,"Reynolds Cleared",34.6567454384498,-106.738602216398,2021-09-01,9,2021,7.01,0.02,0.08,1.08,0.01,0.01,.,.,.,0,3.49,0,1.02,0.26,0,0,0.01,0,0.04
18,"Reynolds Cleared",34.6567454384498,-106.738602216398,2022-09-01,9,2022,20.94,0,0.01,0.7,0,0.09,.,.,.,0,3.68,0,2.25,0.04,0,0,0,0,0.1
18,"Reynolds Cleared",34.6567454384498,-106.738602216398,2023-09-01,9,2023,9.05,0,0.01,0.02,0,0.38,0,0.58,0,0,2.06,0.06,2.9,0.04,0,0,0,0.19,0.04
18,"Reynolds Cleared",34.6567454384498,-106.738602216398,2004-10-01,10,2004,23.69,0.16,0.49,2.88,0,0,.,.,.,0,9.99,0.02,48.31,.,.,.,.,.,0.04
18,"Reynolds Cleared",34.6567454384498,-106.738602216398,2005-10-01,10,2005,13.08,0.01,0,0.02,0,0,.,.,.,0,2.4,0,4.17,.,.,.,.,.,0.12
18,"Reynolds Cleared",34.6567454384498,-106.738602216398,2006-10-01,10,2006,22.69,0.01,0.01,0.17,0,0,.,.,.,0,3.39,0,2.61,.,.,.,.,.,0
18,"Reynolds Cleared",34.6567454384498,-106.738602216398,2007-10-01,10,2007,9.16,0,0,0.32,0,0,.,.,.,0,2.49,0,1.63,0.01,0,0,.,0,0.02
18,"Reynolds Cleared",34.6567454384498,-106.738602216398,2008-10-01,10,2008,10.47,0.12,0,0.02,0.01,0,.,.,.,0,3.62,0.02,16.25,0.02,0.02,0,.,0,0.01
18,"Reynolds Cleared",34.6567454384498,-106.738602216398,2009-10-01,10,2009,68.46,0,0,1.28,0,0,.,.,.,0,10.67,0,11.75,0,0,0,.,0,0
18,"Reynolds Cleared",34.6567454384498,-106.738602216398,2010-10-01,10,2010,18.32,0.02,0.08,1.15,0,0,.,.,.,0,2.8,0,0.03,0.02,0,0.01,.,0,0.1
18,"Reynolds Cleared",34.6567454384498,-106.738602216398,2011-10-01,10,2011,8.4,0.08,0.01,0.47,0,0.01,.,.,.,0,5.3,0.01,31.54,0.02,0,0,.,0,0.02
18,"Reynolds Cleared",34.6567454384498,-106.738602216398,2012-10-01,10,2012,10.26,0,0.01,0,0,1.61,.,.,.,0,1.7,0,0.39,0.01,0,0,.,0,0.04
18,"Reynolds Cleared",34.6567454384498,-106.738602216398,2013-10-01,10,2013,17.53,0,0,0,0,0,.,.,.,0,4.57,0,16.92,0.01,0,0,.,0,0
18,"Reynolds Cleared",34.6567454384498,-106.738602216398,2014-10-01,10,2014,127.15,0.08,0,0.01,0,0.23,.,.,.,0,17.09,0.01,0.25,0.09,0.01,0,.,0,0.01
18,"Reynolds Cleared",34.6567454384498,-106.738602216398,2015-10-01,10,2015,151.92,0.54,0,0.08,0,2.61,.,.,.,0,22.38,0.07,11.46,0.08,0,0,.,0,0.11
18,"Reynolds Cleared",34.6567454384498,-106.738602216398,2016-10-01,10,2016,28.46,12.06,0.09,0.01,0.02,0,.,.,.,0,5.79,1.57,1.8,0,0,0.01,0,0,0.02
18,"Reynolds Cleared",34.6567454384498,-106.738602216398,2017-10-01,10,2017,77.46,0,0,0,0,0,.,.,.,0,11.27,0,8.38,0,0,0,0,0,0
18,"Reynolds Cleared",34.6567454384498,-106.738602216398,2018-10-01,10,2018,21.08,0,0.01,0.77,0,2.85,.,.,.,0,3.43,0,0.25,0,0,0,0,0,0.04
18,"Reynolds Cleared",34.6567454384498,-106.738602216398,2019-10-01,10,2019,29.32,0,0.02,0.85,0,1.47,.,.,.,0,4.53,0,0.87,0.02,0,0,0,0.01,0.21
18,"Reynolds Cleared",34.6567454384498,-106.738602216398,2020-10-01,10,2020,51.38,0,0,0.01,0,14.62,.,.,.,0,9.17,0,4.02,0.02,0,0,0.01,0,0.02
18,"Reynolds Cleared",34.6567454384498,-106.738602216398,2021-10-01,10,2021,42.69,0,0.02,0.39,0.15,6,.,.,.,0,6.88,0,3.26,0.04,0,0,0,0.02,0.27
18,"Reynolds Cleared",34.6567454384498,-106.738602216398,2022-10-01,10,2022,75.31,0,0.01,0.39,0.01,5,.,.,.,1.08,11.31,0,1.04,0.02,0,0.01,0,0,0.36
18,"Reynolds Cleared",34.6567454384498,-106.738602216398,2023-10-01,10,2023,16.45,0,0.19,0.01,0.3,11.83,0,0,0,0,4.84,0,2.32,0.11,0,0,0,0.01,0.4
18,"Reynolds Cleared",34.6567454384498,-106.738602216398,2004-11-01,11,2004,74.77,0.55,0.03,0.16,0,0,.,.,.,0,10.38,0.07,3.41,.,.,.,.,.,0
18,"Reynolds Cleared",34.6567454384498,-106.738602216398,2005-11-01,11,2005,27.47,1.44,0.11,1.21,0,0,.,.,.,0,4.6,0.19,2.53,.,.,.,.,.,0.26
18,"Reynolds Cleared",34.6567454384498,-106.738602216398,2006-11-01,11,2006,116.92,0.61,0.01,0.6,0,0,.,.,.,0,17.3,0.08,3.09,.,.,.,.,.,0.69
18,"Reynolds Cleared",34.6567454384498,-106.738602216398,2007-11-01,11,2007,34.62,0.11,0,0.01,0,0,.,.,.,0,6.69,0.01,8.03,0,0,0,.,0,0
18,"Reynolds Cleared",34.6567454384498,-106.738602216398,2008-11-01,11,2008,50.62,0.26,0,0.01,0,0,.,.,.,0,7.19,0.03,3.34,0,0.01,0,.,0,0
18,"Reynolds Cleared",34.6567454384498,-106.738602216398,2009-11-01,11,2009,115.84,0.17,0,1.17,0,0,.,.,.,0,15.54,0.02,1.24,0.01,0,0,.,0,0.06
18,"Reynolds Cleared",34.6567454384498,-106.738602216398,2010-11-01,11,2010,55.86,0.02,0,6.64,0,0,.,.,.,0,8.64,0,0.88,0.02,0,0,.,0,0.12
18,"Reynolds Cleared",34.6567454384498,-106.738602216398,2011-11-01,11,2011,189.31,0,0,0.62,0,0,.,.,.,0.02,25.82,0,4.92,0.01,0,0,.,0,0
18,"Reynolds Cleared",34.6567454384498,-106.738602216398,2012-11-01,11,2012,86.73,0.31,0,0,0,0,.,.,.,0,11.49,0.04,0.58,0,0,0,.,0,0.08
18,"Reynolds Cleared",34.6567454384498,-106.738602216398,2013-11-01,11,2013,168.47,0.86,0.01,0.02,0,0,.,.,.,0.08,22.43,0.11,2.77,0.01,0,0,.,0,0
18,"Reynolds Cleared",34.6567454384498,-106.738602216398,2014-11-01,11,2014,121.16,3.43,0.02,0.18,0,0,.,.,.,0,16.49,0.45,0.03,0,0,0,.,0,0
18,"Reynolds Cleared",34.6567454384498,-106.738602216398,2015-11-01,11,2015,48.23,0.24,0.01,3.02,0,4.85,.,.,.,0,8.04,0.03,3.38,0.24,0,0,.,0,0.05
18,"Reynolds Cleared",34.6567454384498,-106.738602216398,2016-11-01,11,2016,177.26,0.43,0.7,3.27,0.01,0,.,.,.,0,25.49,0.11,9.23,0.57,0,0,0,0,0.31
18,"Reynolds Cleared",34.6567454384498,-106.738602216398,2017-11-01,11,2017,160.62,8.31,0.01,0.23,0,0.01,.,.,.,0,22.89,1.08,4.09,0.01,0,0,0,0,0.2
18,"Reynolds Cleared",34.6567454384498,-106.738602216398,2018-11-01,11,2018,102.46,0.4,0.02,0.09,0.16,9.08,.,.,.,0,15.17,0.05,2.7,0.02,0,0.08,0,0,0.01
18,"Reynolds Cleared",34.6567454384498,-106.738602216398,2020-11-01,11,2020,289,0.34,0.32,11.72,0.32,0.55,.,.,.,0,40.27,0.04,4.57,0.18,0,0,0,0.08,0.08
18,"Reynolds Cleared",34.6567454384498,-106.738602216398,2021-11-01,11,2021,180.46,0.4,0.23,1.03,0.31,0.16,.,.,.,0,25.62,0.05,1.49,0.23,0,0.01,0,0,0.27
18,"Reynolds Cleared",34.6567454384498,-106.738602216398,2022-11-01,11,2022,158.54,0.18,0.39,7.47,0.32,10.94,.,.,.,0,28.97,0.02,15.09,3.95,0,0,0,0,0.89
18,"Reynolds Cleared",34.6567454384498,-106.738602216398,2023-11-01,11,2023,145.17,.,0.23,7.69,2.32,17.58,.,.,0.01,0,28.51,0,38.25,0.07,0,0.01,0,0,0.2
18,"Reynolds Cleared",34.6567454384498,-106.738602216398,2004-12-01,12,2004,94.38,0.02,0.03,0.16,0,0,.,.,.,0,12.6,0,1.55,.,.,.,.,.,0
18,"Reynolds Cleared",34.6567454384498,-106.738602216398,2005-12-01,12,2005,113.98,0.01,0.51,1.79,0,0,.,.,.,0,17.05,0,7.56,.,.,.,.,.,0.07
18,"Reynolds Cleared",34.6567454384498,-106.738602216398,2006-12-01,12,2006,4.62,0.15,0,0.55,0,0,.,.,.,0,0.76,0.02,0.39,.,.,.,.,.,0
18,"Reynolds Cleared",34.6567454384498,-106.738602216398,2007-12-01,12,2007,39.46,0.62,0,0,0,0,.,.,.,0,6.31,0.08,2.32,0,0,0,.,0,0
18,"Reynolds Cleared",34.6567454384498,-106.738602216398,2008-12-01,12,2008,8.69,0.16,0,0.02,0,0,.,.,.,0,1.31,0.02,0.39,0.15,0,0,.,0,0.06
18,"Reynolds Cleared",34.6567454384498,-106.738602216398,2009-12-01,12,2009,113.31,0.32,0,4.64,0,0,.,.,.,0,15.69,0.04,0.18,0.47,0,0,.,0,0.2
18,"Reynolds Cleared",34.6567454384498,-106.738602216398,2010-12-01,12,2010,77.69,0.67,0,0.02,0,0,.,.,.,0,10.85,0.09,0.88,0.01,0,0,.,0,0.3
18,"Reynolds Cleared",34.6567454384498,-106.738602216398,2011-12-01,12,2011,106.46,0.25,0.09,3.7,0,0.01,.,.,.,0.01,17.52,0.03,5.19,0.01,0,0,.,0,0.09
18,"Reynolds Cleared",34.6567454384498,-106.738602216398,2012-12-01,12,2012,108.54,0.31,0,0.01,0,0,.,.,.,0,16.55,0.04,1.15,0.09,0,0,.,0,0.45
18,"Reynolds Cleared",34.6567454384498,-106.738602216398,2013-12-01,12,2013,22.23,0.02,0,0.18,0,0,.,.,.,0,3.25,0,1.64,0.01,0,0,.,0,0
18,"Reynolds Cleared",34.6567454384498,-106.738602216398,2014-12-01,12,2014,40.15,0.16,0.08,0.55,0,0.01,.,.,.,0,6.18,0.02,4.38,0.02,0,0,.,0,0.05
18,"Reynolds Cleared",34.6567454384498,-106.738602216398,2015-12-01,12,2015,14.85,0.02,0,1.48,0.01,0,.,.,.,0,2.19,0,0.16,0.01,0,0,.,0,0
18,"Reynolds Cleared",34.6567454384498,-106.738602216398,2016-12-01,12,2016,32.77,0.01,0.02,2.87,0.03,0,.,.,.,0,5.14,0,2.34,0.06,0,0,0,0,0.04
18,"Reynolds Cleared",34.6567454384498,-106.738602216398,2017-12-01,12,2017,16.23,0,0,1.39,0,0.02,.,.,.,0,3.69,0,9.85,0,0,0,0,0,0.01
18,"Reynolds Cleared",34.6567454384498,-106.738602216398,2018-12-01,12,2018,105,0.32,0.38,4.43,0.01,0.62,.,.,.,0,15.07,0.04,1.62,0.03,0,0.01,0,0.01,0.04
18,"Reynolds Cleared",34.6567454384498,-106.738602216398,2019-12-01,12,2019,100.46,0.08,0.15,3.32,0,0.01,.,.,.,0,17.19,0.01,0.4,0.01,0,0,0,0.01,0
18,"Reynolds Cleared",34.6567454384498,-106.738602216398,2020-12-01,12,2020,29,0.39,0.15,0.79,0.01,0,.,.,.,0,4.4,0.05,2.49,0.04,0,0,0,0,0.01
18,"Reynolds Cleared",34.6567454384498,-106.738602216398,2021-12-01,12,2021,225.38,0.45,0,10.46,0.01,0.04,.,.,.,0,32.02,0.06,7.56,0.27,0,0,0,0,0.05
18,"Reynolds Cleared",34.6567454384498,-106.738602216398,2022-12-01,12,2022,21.15,0.15,0.01,5.94,0.08,0.01,.,.,.,0,3.98,0.02,0.47,0.02,0,0,0,0,0.05
18,"Reynolds Cleared",34.6567454384498,-106.738602216398,2023-12-01,12,2023,56.16,0.77,0.01,8.81,0.01,0.11,0.77,0,0,0,9.21,0.07,3.55,0.35,0.01,0,0.01,0,0.11
19,"Reynolds Forest",34.6576114622675,-106.739436295579,2005-01-01,1,2005,20,0.01,1.72,8.57,0,0,.,.,.,0,6.48,0,18.73,.,.,.,.,.,0
19,"Reynolds Forest",34.6576114622675,-106.739436295579,2006-01-01,1,2006,23.46,1.58,0,0,0,0,.,.,.,0,4.19,0.21,6.66,.,.,.,.,.,0.04
19,"Reynolds Forest",34.6576114622675,-106.739436295579,2007-01-01,1,2007,10.54,0.08,1.62,12.15,0,0,.,.,.,0,3.58,0.01,1.85,.,.,.,.,.,0.05
19,"Reynolds Forest",34.6576114622675,-106.739436295579,2008-01-01,1,2008,12.16,0.01,1.03,16,0,0,.,.,.,0,4.71,0,0.24,0.01,0,0,.,0,0
19,"Reynolds Forest",34.6576114622675,-106.739436295579,2009-01-01,1,2009,9.32,0.08,1.26,6.24,0,0,.,.,.,0,7.23,0.01,34.32,3.61,0,0,.,0,0.5
19,"Reynolds Forest",34.6576114622675,-106.739436295579,2010-01-01,1,2010,31.55,0.09,1.57,2.66,0,0,.,.,.,0,4.91,0.01,1.13,0.01,0,0,.,0,0.01
19,"Reynolds Forest",34.6576114622675,-106.739436295579,2011-01-01,1,2011,35.92,0.02,2.71,8.03,0,0,.,.,.,0,6.2,0,0.48,0.02,0,0,.,0,0
19,"Reynolds Forest",34.6576114622675,-106.739436295579,2012-01-01,1,2012,13.31,0.23,1.39,0,0,0,.,.,.,0,4.48,0.03,16.38,0,0,0,.,0,0
19,"Reynolds Forest",34.6576114622675,-106.739436295579,2013-01-01,1,2013,13.47,0,0,0.23,0,0,.,.,.,0,2.42,0,4.79,0.02,0,0,.,0,0
19,"Reynolds Forest",34.6576114622675,-106.739436295579,2014-01-01,1,2014,14.78,0.01,0.11,4.71,0,0,.,.,.,0,3.14,0,3.96,0.26,0,0,.,0,0.04
19,"Reynolds Forest",34.6576114622675,-106.739436295579,2015-01-01,1,2015,11.09,0.01,0.17,1.61,0,0,.,.,.,0,2.51,0,2.56,3.03,0,0,.,0,0.4
19,"Reynolds Forest",34.6576114622675,-106.739436295579,2016-01-01,1,2016,25.41,0,0.02,2.85,0.01,0,.,.,.,0,3.83,0,0.04,0,0,0,.,0.01,0
19,"Reynolds Forest",34.6576114622675,-106.739436295579,2017-01-01,1,2017,8.15,0.02,0.02,0,0,0,.,.,.,0,6.89,0,43.62,0.02,0,0,0,0.54,0.08
19,"Reynolds Forest",34.6576114622675,-106.739436295579,2018-01-01,1,2018,23.31,0.01,0.32,1.94,0,0,.,.,.,0,3.89,0,3.7,0.15,0,0.01,0,0,0.02
19,"Reynolds Forest",34.6576114622675,-106.739436295579,2019-01-01,1,2019,55.46,0.19,0,0.17,0,0,.,.,.,0,8.03,0.03,5.71,0.02,0,0,0,0,0
19,"Reynolds Forest",34.6576114622675,-106.739436295579,2020-01-01,1,2020,23.85,0.15,0.01,1.55,0.01,0,.,.,.,0,4.69,0.02,8.55,0.32,0,0,0,0,0.11
19,"Reynolds Forest",34.6576114622675,-106.739436295579,2021-01-01,1,2021,41.63,0.01,0,0.03,0,0,.,.,.,0,6.11,0,3.96,0,0,0,0,0,0.05
19,"Reynolds Forest",34.6576114622675,-106.739436295579,2022-01-01,1,2022,31.69,0.08,0.08,3.42,0,0,.,.,.,0,5.81,0.01,6.41,0.16,0,0,0,0.01,0.02
19,"Reynolds Forest",34.6576114622675,-106.739436295579,2023-01-01,1,2023,61.54,.,0.1,1.4,0,0,.,.,0,0,9.2,0.06,3.11,0.1,0,0,0,0.01,0.02
19,"Reynolds Forest",34.6576114622675,-106.739436295579,2024-01-01,1,2024,4.24,.,0.46,0.7,0,0,0.01,0,0,0,2.96,0,0.33,0.09,0,0,0,0,1.78
19,"Reynolds Forest",34.6576114622675,-106.739436295579,2005-02-01,2,2005,3.26,0,0.02,4.66,0,0,.,.,.,0,1.23,0,0.56,.,.,.,.,.,0.05
19,"Reynolds Forest",34.6576114622675,-106.739436295579,2006-02-01,2,2006,21.72,0.04,0,0,0,0,.,.,.,0,6.79,0,22.99,.,.,.,.,.,0.86
19,"Reynolds Forest",34.6576114622675,-106.739436295579,2007-02-01,2,2007,5.46,0,0.03,1.72,0,0,.,.,.,0,1.23,0,1.42,.,.,.,.,.,0
19,"Reynolds Forest",34.6576114622675,-106.739436295579,2008-02-01,2,2008,16.15,0,0.42,7.32,0,0,.,.,.,0,4.65,0,11.09,0,0,0,.,0,0
19,"Reynolds Forest",34.6576114622675,-106.739436295579,2009-02-01,2,2009,8.02,0,0.08,0,0.01,0,.,.,.,0,1.4,0,1.69,0,0,0.1,.,0.7,0.1
19,"Reynolds Forest",34.6576114622675,-106.739436295579,2010-02-01,2,2010,11.71,0.01,0.03,0.89,0,0,.,.,.,0,1.77,0,0.28,0.02,0,0.09,.,0,0.01
19,"Reynolds Forest",34.6576114622675,-106.739436295579,2011-02-01,2,2011,17.31,0,0.25,7.93,0,0,.,.,.,0,3.35,0,0.02,0.04,0,0,.,0,0
19,"Reynolds Forest",34.6576114622675,-106.739436295579,2012-02-01,2,2012,10.46,0,0.66,2.54,0,0,.,.,.,0,1.84,0,0.02,0.03,0,0,.,0,0
19,"Reynolds Forest",34.6576114622675,-106.739436295579,2013-02-01,2,2013,31.25,0,0.02,0.19,0,0,.,.,.,0,4.15,0,0.25,0.01,0,0.01,.,0,0
19,"Reynolds Forest",34.6576114622675,-106.739436295579,2014-02-01,2,2014,8.08,0.02,0,0.4,0,0,.,.,.,0,1.14,0,0.02,0,0,0,.,0,0
19,"Reynolds Forest",34.6576114622675,-106.739436295579,2015-02-01,2,2015,1.51,0.02,0.01,1,0,0,.,.,.,0,0.46,0,0.43,0.11,0,0,.,0,0.02
19,"Reynolds Forest",34.6576114622675,-106.739436295579,2016-02-01,2,2016,6.77,0,0,1.46,0,0,.,.,.,0,2.25,0,5.77,0,0,0,.,0,0
19,"Reynolds Forest",34.6576114622675,-106.739436295579,2017-02-01,2,2017,11.09,0.03,0.01,1.08,0,0,.,.,.,0,2.31,0,4.57,0.01,0.01,0,0,0,0
19,"Reynolds Forest",34.6576114622675,-106.739436295579,2018-02-01,2,2018,71.31,0.02,0.01,1.39,0,0,.,.,.,0,12.3,0,19.71,0.7,0,0.01,0,0,0.09
19,"Reynolds Forest",34.6576114622675,-106.739436295579,2019-02-01,2,2019,87.25,0.01,0.04,0.69,0,0,.,.,.,0,12.04,0,2.79,0.25,0,0.01,0,0,0.03
19,"Reynolds Forest",34.6576114622675,-106.739436295579,2020-02-01,2,2020,15.93,0.02,0.09,0.16,0,0,.,.,.,0,2.43,0,0.77,0.01,0,0,0,0.08,0.18
19,"Reynolds Forest",34.6576114622675,-106.739436295579,2021-02-01,2,2021,42.93,0.02,0.1,0.56,0,0,.,.,.,0,7.37,0,7.7,0.18,0,0,0,0.01,0.19
19,"Reynolds Forest",34.6576114622675,-106.739436295579,2022-02-01,2,2022,19.39,0.01,0.04,1.57,0,0,.,.,.,0,2.99,0,0.11,0.03,0,0,0,0,0.07
19,"Reynolds Forest",34.6576114622675,-106.739436295579,2023-02-01,2,2023,154.7,.,0.26,3.97,0,0,.,.,0,0,189.67,0.14,1277.54,3.71,0,0,0,0,0.68
19,"Reynolds Forest",34.6576114622675,-106.739436295579,2024-02-01,2,2024,3.18,.,0,1.31,0,0,0.01,0,0,0,3.77,0,3.02,0.04,0,0.15,0.01,0,1.8
19,"Reynolds Forest",34.6576114622675,-106.739436295579,2005-03-01,3,2005,5.62,0,0.06,3.62,0,0,.,.,.,0,2.01,0,5.17,.,.,.,.,.,0
19,"Reynolds Forest",34.6576114622675,-106.739436295579,2006-03-01,3,2006,.,.,.,.,.,.,.,.,.,.,.,.,.,.,.,.,.,.,.
19,"Reynolds Forest",34.6576114622675,-106.739436295579,2007-03-01,3,2007,13.38,0,0.27,4.94,0,0,.,.,.,0,10.34,0,59.65,.,.,.,.,.,0
19,"Reynolds Forest",34.6576114622675,-106.739436295579,2008-03-01,3,2008,12.62,0,0.39,4.71,0,0,.,.,.,0,3.12,0,4.62,1.09,0,0,.,0,0.14
19,"Reynolds Forest",34.6576114622675,-106.739436295579,2009-03-01,3,2009,4.32,0.08,0,2.33,0,0,.,.,.,0,1.32,0.01,1.31,0,0,0,.,0,0
19,"Reynolds Forest",34.6576114622675,-106.739436295579,2010-03-01,3,2010,14.37,0,0.1,1.06,0,0,.,.,.,0,2.12,0,0.18,0,0,0,.,0,0.02
19,"Reynolds Forest",34.6576114622675,-106.739436295579,2011-03-01,3,2011,53.51,0.03,0.06,7.64,0,0,.,.,.,0,8.69,0,5.56,0.1,0,0,.,0,0.01
19,"Reynolds Forest",34.6576114622675,-106.739436295579,2012-03-01,3,2012,53.08,0,0.77,19.23,0,0,.,.,.,0,14.9,0,40.77,0,0,0,.,0,0
19,"Reynolds Forest",34.6576114622675,-106.739436295579,2013-03-01,3,2013,5.41,0,0,0.01,0,0,.,.,.,0,0.98,0,2.15,0,0,0,.,0,0
19,"Reynolds Forest",34.6576114622675,-106.739436295579,2014-03-01,3,2014,10.55,0,0.01,0.96,0,0,.,.,.,0,1.66,0,0.59,0,0,0,.,0,0.03
19,"Reynolds Forest",34.6576114622675,-106.739436295579,2015-03-01,3,2015,12.08,0,0.01,0.62,0,0,.,.,.,0,3.3,0,11.39,0.02,0,0,.,0,0.02
19,"Reynolds Forest",34.6576114622675,-106.739436295579,2016-03-01,3,2016,8.16,0,0.02,0.69,0,0,.,.,.,0,1.72,0,0.94,0.01,0,0,.,0,0.26
19,"Reynolds Forest",34.6576114622675,-106.739436295579,2017-03-01,3,2017,7.49,0.01,0,0,0,0,.,.,.,0,2.9,0,12.48,0.02,0,0,0,0,0
19,"Reynolds Forest",34.6576114622675,-106.739436295579,2018-03-01,3,2018,53.92,0,0.01,0.69,0,0.01,.,.,.,0,13.05,0,23.33,1.23,0,0,0,0,0.16
19,"Reynolds Forest",34.6576114622675,-106.739436295579,2019-03-01,3,2019,60.7,0.03,0.23,1.58,0,0,.,.,.,0,12.84,0.02,32.48,0.86,0,0,0.01,0,0.11
19,"Reynolds Forest",34.6576114622675,-106.739436295579,2020-03-01,3,2020,20.56,0.02,0.01,1.08,0,0,.,.,.,0,3.05,0,0.79,0.04,0,0,0,0,0
19,"Reynolds Forest",34.6576114622675,-106.739436295579,2021-03-01,3,2021,30.55,0.01,0.01,0.71,0,0,.,.,.,0,4.39,0,1.71,0.02,0,0,0,0,0.01
19,"Reynolds Forest",34.6576114622675,-106.739436295579,2022-03-01,3,2022,33.4,0.08,0.09,3.02,0,0,.,.,.,0,5.84,0.01,5.17,0.57,0,0,0,0,0.14
19,"Reynolds Forest",34.6576114622675,-106.739436295579,2023-03-01,3,2023,6.88,.,0.01,0.02,0.02,0,.,.,0,0,5.67,0.01,35.55,0.41,0,0,0,0,0.06
19,"Reynolds Forest",34.6576114622675,-106.739436295579,2024-03-01,3,2024,1.26,.,0.23,0.69,0,0,0,0,0,0,19.04,0,122.39,0.16,0,0,0.01,0,1.31
19,"Reynolds Forest",34.6576114622675,-106.739436295579,2005-04-01,4,2005,7.85,0,5.39,0.01,0,0,.,.,.,0,3.95,0,4.25,.,.,.,.,.,1.67
19,"Reynolds Forest",34.6576114622675,-106.739436295579,2006-04-01,4,2006,7,0.02,0.03,3.02,0,0,.,.,.,0,4.18,0,0.82,.,.,.,.,.,2.61
19,"Reynolds Forest",34.6576114622675,-106.739436295579,2007-04-01,4,2007,5.38,0.01,0.01,4.32,0,0,.,.,.,0,3.01,0,2.79,10.31,0,0,.,0,1.34
19,"Reynolds Forest",34.6576114622675,-106.739436295579,2008-04-01,4,2008,9.55,0.31,0.32,2.55,0,0,.,.,.,0,2.49,0.04,1.57,4.39,0,0,.,0,0.57
19,"Reynolds Forest",34.6576114622675,-106.739436295579,2009-04-01,4,2009,9.77,0,0.22,2.17,0,0,.,.,.,0,2.88,0,6.42,2.63,0,0.01,.,0,0.34
19,"Reynolds Forest",34.6576114622675,-106.739436295579,2010-04-01,4,2010,56.76,0.01,0.55,1.82,0,0,.,.,.,0,9.76,0,6.58,8.03,0,0,.,0,1.04
19,"Reynolds Forest",34.6576114622675,-106.739436295579,2011-04-01,4,2011,32.15,0.01,0.12,2.94,0,0,.,.,.,0,9.5,0,5.02,31.92,0,0,.,0,4.15
19,"Reynolds Forest",34.6576114622675,-106.739436295579,2012-04-01,4,2012,1.02,0,0.01,0.15,0,0,.,.,.,0,3.44,0,1.03,24.15,0,0,.,0,3.14
19,"Reynolds Forest",34.6576114622675,-106.739436295579,2013-04-01,4,2013,4.03,0,0,0,0,0,.,.,.,0,43.35,0,308.24,20.62,0,0,.,0,2.68
19,"Reynolds Forest",34.6576114622675,-106.739436295579,2014-04-01,4,2014,2.07,0,0,0,0,0,.,.,.,0,1.48,0,0.02,7.27,0,0,.,0,0.95
19,"Reynolds Forest",34.6576114622675,-106.739436295579,2015-04-01,4,2015,10.01,0.02,0,0,0,0,.,.,.,0,8.81,0,24.62,32.78,0,0,.,0,4.26
19,"Reynolds Forest",34.6576114622675,-106.739436295579,2016-04-01,4,2016,11.54,0.01,0,0.23,0,0,.,.,.,0,5.97,0,10.71,20.85,0,0,.,0,0
19,"Reynolds Forest",34.6576114622675,-106.739436295579,2017-04-01,4,2017,2.32,0.02,0,0.23,0.01,0,.,.,.,0,3.41,0,3.02,19.7,0,0,0.01,0,0
19,"Reynolds Forest",34.6576114622675,-106.739436295579,2018-04-01,4,2018,16.63,0,0,0.23,0,0,.,.,.,0,7.91,0,14.01,25.62,0,0,0.01,0,3.33
19,"Reynolds Forest",34.6576114622675,-106.739436295579,2019-04-01,4,2019,1.02,0,0.02,0.01,0,0,.,.,.,0,3.24,0,0.11,20.93,0,0,0.02,0,2.8
19,"Reynolds Forest",34.6576114622675,-106.739436295579,2020-04-01,4,2020,16.39,0.01,0.02,1.94,0,0,.,.,.,0,9.82,0,11.7,43.92,0,0,0.03,0,5.71
19,"Reynolds Forest",34.6576114622675,-106.739436295579,2021-04-01,4,2021,18.55,0.08,0.01,0.62,0,0,.,.,.,0,6.24,0.01,0.42,22.47,0,0,0.02,0,2.92
19,"Reynolds Forest",34.6576114622675,-106.739436295579,2023-04-01,4,2023,3.8,0,0,0.02,0.02,0,0,0,0,0,1.9,0,3.63,6.72,0,0,0.02,0,0.88
19,"Reynolds Forest",34.6576114622675,-106.739436295579,2024-04-01,4,2024,0,.,0.31,0.62,0,0,0,0,0,0,3.64,0,3.42,9.19,0,0,0,0,1.19
19,"Reynolds Forest",34.6576114622675,-106.739436295579,2005-05-01,5,2005,1.95,0.01,0.02,0.63,0,0,.,.,.,0,4.4,0,13.33,.,.,.,.,.,2.23
19,"Reynolds Forest",34.6576114622675,-106.739436295579,2006-05-01,5,2006,8.31,0,0.05,1.25,0,0,.,.,.,0,6.76,0,7.09,.,.,.,.,.,4.44
19,"Reynolds Forest",34.6576114622675,-106.739436295579,2007-05-01,5,2007,35.23,0.01,0.02,0,0,0,.,.,.,0,8.07,0,6.08,18.24,0.31,0.02,.,0.8,2.54
19,"Reynolds Forest",34.6576114622675,-106.739436295579,2008-05-01,5,2008,5.92,0,0.28,4.32,0,0,.,.,.,0,7.06,0,4.49,38.31,0.15,0.01,.,0.02,5
19,"Reynolds Forest",34.6576114622675,-106.739436295579,2009-05-01,5,2009,2.78,0.02,0.04,0.12,0,0,.,.,.,0,2.58,0,6,9.47,0.02,0.01,.,0,1.23
19,"Reynolds Forest",34.6576114622675,-106.739436295579,2010-05-01,5,2010,26.08,0,0.08,2.38,0,0,.,.,.,0,16.23,0,61.08,27.08,7.15,0.46,.,0,4.51
19,"Reynolds Forest",34.6576114622675,-106.739436295579,2011-05-01,5,2011,12.93,0.01,0.18,1.32,0,0,.,.,.,0,6.73,0,12.93,23.46,0.09,0.02,.,0,3.06
19,"Reynolds Forest",34.6576114622675,-106.739436295579,2012-05-01,5,2012,5.16,0.02,0.02,2.33,0,0.01,.,.,.,0,4.28,0,14.78,9.55,0.32,0,.,0,1.28
19,"Reynolds Forest",34.6576114622675,-106.739436295579,2013-05-01,5,2013,24.71,0,0,0,0,0,.,.,.,0,21.65,0,101.88,39.23,0.16,0,.,0,5.12
19,"Reynolds Forest",34.6576114622675,-106.739436295579,2014-05-01,5,2014,6.86,0,0,1,0,0.01,.,.,.,0,4.72,0,7.85,20.31,0.02,0,.,0.01,2.64
19,"Reynolds Forest",34.6576114622675,-106.739436295579,2015-05-01,5,2015,7.02,0,0.02,0.62,0,0,.,.,.,0,4.14,0,4.43,17.85,0,0,.,0,2.34
19,"Reynolds Forest",34.6576114622675,-106.739436295579,2016-05-01,5,2016,24.85,0.02,0.01,0.47,0,0,.,.,.,0,8.47,0,11.15,21.77,0.32,0,.,0,0.05
19,"Reynolds Forest",34.6576114622675,-106.739436295579,2017-05-01,5,2017,17.7,0.02,0.01,0,0,0,.,.,.,0,5.35,0,14.08,7.23,0.01,0.01,0,0.02,0.04
19,"Reynolds Forest",34.6576114622675,-106.739436295579,2018-05-01,5,2018,11,2,0.01,0.01,0,0,.,.,.,0,5.78,0.26,3.39,20.47,0.01,0,0,0,3.1
19,"Reynolds Forest",34.6576114622675,-106.739436295579,2019-05-01,5,2019,8.63,0,0.02,0.24,0,0,.,.,.,0.09,5.01,0,11.64,16.78,0.02,0.01,0,0,2.21
19,"Reynolds Forest",34.6576114622675,-106.739436295579,2020-05-01,5,2020,5.93,0.03,0.02,0.79,0,0.01,.,.,.,0,3.21,0,5.09,10.48,0.38,0.01,0.23,1.24,1.6
19,"Reynolds Forest",34.6576114622675,-106.739436295579,2021-05-01,5,2021,7.85,0.02,0.01,0.39,0,0,.,.,.,0,4.8,0,3.17,20.15,0,0,0,0.08,2.64
19,"Reynolds Forest",34.6576114622675,-106.739436295579,2023-05-01,5,2023,3.19,0,0,0.02,0,0,0,0,0,0.01,983.92,0,7553.88,7.63,0,0,0.01,0,1.04
19,"Reynolds Forest",34.6576114622675,-106.739436295579,2024-05-01,5,2024,0.4,.,0.01,1.01,0,0,0.01,0,0,0.01,4.77,0,21.11,6.86,0.02,0,0,0,0.91
19,"Reynolds Forest",34.6576114622675,-106.739436295579,2005-06-01,6,2005,4.15,0.54,0.16,0.49,0,0.01,.,.,.,0,7.2,0.07,29.54,.,.,.,.,.,2.47
19,"Reynolds Forest",34.6576114622675,-106.739436295579,2006-06-01,6,2006,5.9,0,0.27,0.95,0,0,.,.,.,0,5.93,0,7.27,.,.,.,.,.,3.92
19,"Reynolds Forest",34.6576114622675,-106.739436295579,2007-06-01,6,2007,26.62,1.02,0.52,1.02,0,0,.,.,.,0,7.79,0.13,5.25,21.23,0.09,0.11,.,0,3.04
19,"Reynolds Forest",34.6576114622675,-106.739436295579,2008-06-01,6,2008,18.54,0.01,0.02,1.79,0,0,.,.,.,0,4.59,0,5.41,9.02,0.01,0.01,.,0.01,1.18
19,"Reynolds Forest",34.6576114622675,-106.739436295579,2009-06-01,6,2009,4.08,0.08,0.19,0.92,0.03,0,.,.,.,0,1.89,0.01,1.63,2.86,0,0,.,1.92,0.62
19,"Reynolds Forest",34.6576114622675,-106.739436295579,2010-06-01,6,2010,10.54,0.02,0.26,1.03,0,0,.,.,.,0,4.62,0,4.65,14.77,0.02,0.26,.,2.55,2.29
19,"Reynolds Forest",34.6576114622675,-106.739436295579,2011-06-01,6,2011,17.69,0.17,0.12,1.46,0,0,.,.,.,0.09,6.23,0.02,3.64,23.08,0.09,0,.,0.92,3.13
19,"Reynolds Forest",34.6576114622675,-106.739436295579,2012-06-01,6,2012,3.46,0,0,0,0,0,.,.,.,0,3.43,0,5,18.39,0,0,.,0,2.39
19,"Reynolds Forest",34.6576114622675,-106.739436295579,2013-06-01,6,2013,11.32,0,0,0,0,0,.,.,.,0,2.71,0,0.93,8.15,0,0,.,0,1.06
19,"Reynolds Forest",34.6576114622675,-106.739436295579,2014-06-01,6,2014,3.16,0.02,0.01,0.23,0.01,0,.,.,.,0,3.61,0,2.87,20.23,0.08,0,.,0,2.64
19,"Reynolds Forest",34.6576114622675,-106.739436295579,2015-06-01,6,2015,9.7,0,0.01,0.77,0,0,.,.,.,0,2.96,0,5.16,5.48,0,0,.,0,0.71
19,"Reynolds Forest",34.6576114622675,-106.739436295579,2016-06-01,6,2016,13.7,0.49,0,0.01,0,0,.,.,.,0,6.75,0.06,4.54,32.54,0,0,0.01,0,0
19,"Reynolds Forest",34.6576114622675,-106.739436295579,2017-06-01,6,2017,13.7,0.02,0,0.77,0,0,.,.,.,0,8.35,0,45.18,2.87,0.01,0,0,0,0
19,"Reynolds Forest",34.6576114622675,-106.739436295579,2018-06-01,6,2018,6.09,0,0.03,0.02,0,0,.,.,.,0,3.99,0,4.29,18.47,0,0,0,0,2.21
19,"Reynolds Forest",34.6576114622675,-106.739436295579,2019-06-01,6,2019,9.09,0.03,0.15,0.46,0.01,0.02,.,.,.,0,6.55,0,23.32,16.4,0,0,0,0,2.13
19,"Reynolds Forest",34.6576114622675,-106.739436295579,2021-06-01,6,2021,12.55,0.17,0.01,0.18,0,0,.,.,.,0,5.66,0.02,6.17,20.85,0.04,0.08,0,0,2.72
19,"Reynolds Forest",34.6576114622675,-106.739436295579,2022-06-01,6,2022,45.31,0,0,0.18,0,0,.,.,.,0,9.21,0,3.93,20,0,0,0,0,2.34
19,"Reynolds Forest",34.6576114622675,-106.739436295579,2023-06-01,6,2023,2.69,0.01,0,0.01,0,0.01,0.01,0,0,0,3.12,0,6.03,12.02,0,0,0,0,1.57
19,"Reynolds Forest",34.6576114622675,-106.739436295579,2024-06-01,6,2024,0.04,.,0.01,0.34,0,0,0,0,0,0,18.14,0,124.28,8.05,0.02,0,0,0,1.03
19,"Reynolds Forest",34.6576114622675,-106.739436295579,2005-07-01,7,2005,4.92,0.16,0.24,1.17,0,0,.,.,.,0,4.07,0.02,16.92,.,.,.,.,.,1.06
19,"Reynolds Forest",34.6576114622675,-106.739436295579,2006-07-01,7,2006,3.39,0.16,0.1,0.5,0,0,.,.,.,0,3.25,0.02,2.62,.,.,.,.,.,2.34
19,"Reynolds Forest",34.6576114622675,-106.739436295579,2007-07-01,7,2007,9.78,0.02,0.86,3.78,0,0,.,.,.,0,9.33,0,40.85,9.54,0,0.01,.,0.09,1.7
19,"Reynolds Forest",34.6576114622675,-106.739436295579,2008-07-01,7,2008,14.24,0.15,0.09,1.94,0,0,.,.,.,0,9.43,0.02,42.48,10.08,0,0,.,0.85,1.53
19,"Reynolds Forest",34.6576114622675,-106.739436295579,2009-07-01,7,2009,3.68,0,1.48,0,0,0,.,.,.,0,2.37,0,3.08,1.46,0,0,.,8.21,1.26
19,"Reynolds Forest",34.6576114622675,-106.739436295579,2010-07-01,7,2010,10.39,0.01,0.03,2.28,0,0,.,.,.,0.01,8.16,0,2.86,46.38,0,0,.,0.04,6.04
19,"Reynolds Forest",34.6576114622675,-106.739436295579,2011-07-01,7,2011,10.46,0.55,0.19,1.16,0,0.01,.,.,.,0,2.35,0.07,0.57,2.86,0,0,.,1.78,0.6
19,"Reynolds Forest",34.6576114622675,-106.739436295579,2012-07-01,7,2012,33.55,0.02,0.02,0.02,0,0,.,.,.,0,17.38,0,95.02,4.69,0,0,.,0,0.61
19,"Reynolds Forest",34.6576114622675,-106.739436295579,2013-07-01,7,2013,42.32,0,0,0,0,0,.,.,.,0,8,0,18.16,1.23,0,0,.,0,0.16
19,"Reynolds Forest",34.6576114622675,-106.739436295579,2014-07-01,7,2014,4.78,0.09,0,0.01,0,0,.,.,.,0,4.04,0.01,0,22.32,0.01,0,.,0,3.03
19,"Reynolds Forest",34.6576114622675,-106.739436295579,2015-07-01,7,2015,15.46,0.01,0.01,0.38,0,0,.,.,.,0,2.99,0,5.47,1.1,0,0,.,0,0.14
19,"Reynolds Forest",34.6576114622675,-106.739436295579,2016-07-01,7,2016,8.77,0,0,0.23,0,0.02,.,.,.,0,6.77,0,5.79,33.7,0,0,0,2.31,0.31
19,"Reynolds Forest",34.6576114622675,-106.739436295579,2017-07-01,7,2017,5.62,0,0,0.01,0,0,.,.,.,0,1.42,0,4.38,0.93,0,0,0,0,0
19,"Reynolds Forest",34.6576114622675,-106.739436295579,2018-07-01,7,2018,6.95,0,0.26,0.94,0,0,.,.,.,0,4.82,0,5.86,21.26,0,0,0,0,2.76
19,"Reynolds Forest",34.6576114622675,-106.739436295579,2019-07-01,7,2019,11.31,0,0.01,0.24,0,0.01,.,.,.,0,5.94,0,19.11,13.71,0,0,0,0.17,1.8
19,"Reynolds Forest",34.6576114622675,-106.739436295579,2020-07-01,7,2020,35.62,0.16,0.11,0.25,0,0,.,.,.,0.02,6.99,0.02,2.86,14.1,0,0.02,0,0,1.83
19,"Reynolds Forest",34.6576114622675,-106.739436295579,2021-07-01,7,2021,21.31,0.03,0.03,0.28,0,0,.,.,.,0,9.28,0,3.86,43.78,0.03,0,0,0.62,5.78
19,"Reynolds Forest",34.6576114622675,-106.739436295579,2022-07-01,7,2022,27.63,0,0,0.01,0,0,.,.,.,0.01,4.36,0,3.85,1.39,0,0,0,0,0.16
19,"Reynolds Forest",34.6576114622675,-106.739436295579,2023-07-01,7,2023,13.09,0,0.03,0.01,0,0,0,0,0,0,7.26,0,27.87,7.71,0.01,0,0,0,1.58
19,"Reynolds Forest",34.6576114622675,-106.739436295579,2024-07-01,7,2024,0.46,.,0.26,0.01,0,0.01,0,0,0,0.01,2.11,0,12.24,1.73,0,0,0,0.01,0.2
19,"Reynolds Forest",34.6576114622675,-106.739436295579,2005-08-01,8,2005,11.77,0,0.71,16.39,0,0,.,.,.,0,5.72,0,12.62,.,.,.,.,.,0.17
19,"Reynolds Forest",34.6576114622675,-106.739436295579,2006-08-01,8,2006,5.46,0.1,0.17,2.95,0,0,.,.,.,0,7.63,0.01,47.08,.,.,.,.,.,0.25
19,"Reynolds Forest",34.6576114622675,-106.739436295579,2007-08-01,8,2007,9.69,1.63,0.16,6.93,0,0,.,.,.,0,4.67,0.21,7.85,3.39,0,0,.,2.94,0.88
19,"Reynolds Forest",34.6576114622675,-106.739436295579,2008-08-01,8,2008,238,12.69,20.08,191.62,0,0,.,.,.,0,105.15,1.65,340.62,2.16,0,0.01,.,0.01,0.58
19,"Reynolds Forest",34.6576114622675,-106.739436295579,2009-08-01,8,2009,3.25,0,3.27,8.55,0,0,.,.,.,0,3.45,0,10.17,0.02,0,0,.,0.47,0.06
19,"Reynolds Forest",34.6576114622675,-106.739436295579,2010-08-01,8,2010,9.09,0,0.62,3.78,0,0,.,.,.,0,2.59,0,4.08,0.88,0,0,.,0.01,0.12
19,"Reynolds Forest",34.6576114622675,-106.739436295579,2011-08-01,8,2011,7.78,0.09,0.78,0.26,0,0,.,.,.,0,1.78,0.01,3.18,0.8,0,0,.,0.02,0.11
19,"Reynolds Forest",34.6576114622675,-106.739436295579,2012-08-01,8,2012,0.88,0.01,0.09,0.09,0,0,.,.,.,0,0.44,0,0.94,0.01,0,0,.,0,0
19,"Reynolds Forest",34.6576114622675,-106.739436295579,2013-08-01,8,2013,6.48,0,0,0.16,0,0,.,.,.,0.08,2.47,0,11.93,0.26,0,0,.,0,0.03
19,"Reynolds Forest",34.6576114622675,-106.739436295579,2014-08-01,8,2014,2.8,0.01,0,0.23,0,0,.,.,.,0,0.65,0,0.02,0.19,0,0,.,0,0.05
19,"Reynolds Forest",34.6576114622675,-106.739436295579,2015-08-01,8,2015,33.54,0.01,0,0.38,0,0,.,.,.,0,36.44,0,237.7,0.04,0,0,.,0,0.58
19,"Reynolds Forest",34.6576114622675,-106.739436295579,2016-08-01,8,2016,4.71,0.01,0.01,7.87,0,0.02,.,.,.,0,2.48,0,3.19,2.34,0,0.01,0,0,0.32
19,"Reynolds Forest",34.6576114622675,-106.739436295579,2017-08-01,8,2017,4.32,0,0.01,2.16,0,0,.,.,.,0,1.62,0,5.33,0.01,0,0,0,0,0.02
19,"Reynolds Forest",34.6576114622675,-106.739436295579,2018-08-01,8,2018,9.94,0,0.04,1.7,0,0,.,.,.,0,2.5,0,3.85,0.05,0,0.02,0,0.01,0.01
19,"Reynolds Forest",34.6576114622675,-106.739436295579,2019-08-01,8,2019,11.16,0.01,0.16,1.65,0,0,.,.,.,0,2.78,0,5.12,1.63,0,0,0,0.32,0.3
19,"Reynolds Forest",34.6576114622675,-106.739436295579,2020-08-01,8,2020,14.16,0.02,0.04,1.33,0.01,0.02,.,.,.,0,47.51,0,346.48,1.4,0,0,0,0.23,0.31
19,"Reynolds Forest",34.6576114622675,-106.739436295579,2021-08-01,8,2021,1.25,0,0.03,5.33,0,0,.,.,.,0,1.57,0,2.08,3.1,0,0,0,0,0.4
19,"Reynolds Forest",34.6576114622675,-106.739436295579,2022-08-01,8,2022,46.01,0,0,1.92,0.01,0,.,.,.,0,10.48,0,32.02,0.11,0,0.01,0,0,0.02
19,"Reynolds Forest",34.6576114622675,-106.739436295579,2023-08-01,8,2023,1.08,0,0.08,0.02,0,0,0,0,0,0,2.92,0,15.85,0.03,0,0,0,0.01,0.32
19,"Reynolds Forest",34.6576114622675,-106.739436295579,2024-08-01,8,2024,0.86,.,1.71,0.53,0,0,0.51,0,0,0,1.66,0.06,2.25,0.27,0,0,0.01,0,0.42
19,"Reynolds Forest",34.6576114622675,-106.739436295579,2004-09-01,9,2004,6.32,0.62,2.01,2.41,0.01,0,.,.,.,0,2.35,0.08,4.95,.,.,.,.,.,0.21
19,"Reynolds Forest",34.6576114622675,-106.739436295579,2005-09-01,9,2005,7.88,0,3.58,19.91,0,0,.,.,.,0,15.85,0,89.81,.,.,.,.,.,0.03
19,"Reynolds Forest",34.6576114622675,-106.739436295579,2006-09-01,9,2006,4.08,3.47,0.02,2.09,0,0,.,.,.,0,1.93,0.45,4.03,.,.,.,.,.,0.08
19,"Reynolds Forest",34.6576114622675,-106.739436295579,2007-09-01,9,2007,7.77,0.09,3.24,9.08,0,0,.,.,.,0,5.18,0.01,4.87,1.34,0,0,.,5.77,0.92
19,"Reynolds Forest",34.6576114622675,-106.739436295579,2008-09-01,9,2008,25.3,0.17,4.64,5.82,0,0,.,.,.,0,5.5,0.02,6.17,0.01,0,0,.,0,0.01
19,"Reynolds Forest",34.6576114622675,-106.739436295579,2009-09-01,9,2009,2.93,0,3.8,21.38,0,0,.,.,.,0,5.77,0,6.78,0,0,0,.,0,1.14
19,"Reynolds Forest",34.6576114622675,-106.739436295579,2010-09-01,9,2010,8.09,0,1.94,6.77,0,0,.,.,.,0,3.23,0,6.31,1.03,0,0,.,0,0.13
19,"Reynolds Forest",34.6576114622675,-106.739436295579,2011-09-01,9,2011,6.15,0.09,0.78,2.62,0,0,.,.,.,0,2.61,0.01,9,0.7,0,0,.,0.03,0.22
19,"Reynolds Forest",34.6576114622675,-106.739436295579,2012-09-01,9,2012,1.95,0.17,0.01,0.24,0,0,.,.,.,0,6.6,0.02,47.95,0.17,0,0,.,0,0.02
19,"Reynolds Forest",34.6576114622675,-106.739436295579,2013-09-01,9,2013,4.31,0,0.01,0.54,0,0,.,.,.,0.01,0.96,0,1.69,0.01,0,0,.,0,0
19,"Reynolds Forest",34.6576114622675,-106.739436295579,2014-09-01,9,2014,4.7,0.09,0,0.23,0,0,.,.,.,0.01,0.77,0.01,0.02,0.03,0.01,0,.,0,0.01
19,"Reynolds Forest",34.6576114622675,-106.739436295579,2015-09-01,9,2015,49.77,0.01,0,0,0.23,0,.,.,.,0,7.76,0,2.86,0.02,0,0,.,2.31,0.3
19,"Reynolds Forest",34.6576114622675,-106.739436295579,2016-09-01,9,2016,4.23,0.01,0.01,2.92,0,0,.,.,.,0,2.3,0,6.09,0.03,0,0,0,0,0.1
19,"Reynolds Forest",34.6576114622675,-106.739436295579,2017-09-01,9,2017,15.47,0,0.02,0.32,0,0,.,.,.,0,5.42,0,24.95,0,0,0,0,0,0
19,"Reynolds Forest",34.6576114622675,-106.739436295579,2018-09-01,9,2018,1.25,0,0,0.01,0,0,.,.,.,0,5.09,0,37.54,0,0,0,0,0,0
19,"Reynolds Forest",34.6576114622675,-106.739436295579,2019-09-01,9,2019,13.16,0.02,0.02,0.78,0,0,.,.,.,0,2.4,0,2.63,0.12,0,0,0,0.01,0.02
19,"Reynolds Forest",34.6576114622675,-106.739436295579,2020-09-01,9,2020,19.01,0.62,0.04,4.56,0,0,.,.,.,0,6.53,0.12,23.39,0.34,0,0,0,0.01,0.06
19,"Reynolds Forest",34.6576114622675,-106.739436295579,2021-09-01,9,2021,5.48,0.02,0.09,2.26,0,0,.,.,.,0,1.22,0,0.12,0.11,0,0,0,0.23,0.05
19,"Reynolds Forest",34.6576114622675,-106.739436295579,2022-09-01,9,2022,19.78,0.02,0,1.61,0,0,.,.,.,0,3.64,0,4.32,0.02,0,0.23,0,0,0.04
19,"Reynolds Forest",34.6576114622675,-106.739436295579,2023-09-01,9,2023,2.7,0,0.31,0.38,0,0,0,0,0,0,0.88,0,1.77,0.02,0,0,0,0,0
19,"Reynolds Forest",34.6576114622675,-106.739436295579,2024-09-01,9,2024,1.7,.,0.46,0.64,0,0,0.01,0,2.01,0,35.14,0,259.08,0.09,0,0,0,0,0.48
19,"Reynolds Forest",34.6576114622675,-106.739436295579,2004-10-01,10,2004,92.69,0,4.94,72.15,0,0,.,.,.,0,37.94,0,108.31,.,.,.,.,.,1.69
19,"Reynolds Forest",34.6576114622675,-106.739436295579,2005-10-01,10,2005,10.38,0.31,5,14.15,0,0,.,.,.,0,4.3,0.04,3.69,.,.,.,.,.,0
19,"Reynolds Forest",34.6576114622675,-106.739436295579,2006-10-01,10,2006,.,.,.,.,.,.,.,.,.,.,.,.,.,.,.,.,.,.,.
19,"Reynolds Forest",34.6576114622675,-106.739436295579,2007-10-01,10,2007,17.01,0.24,3.55,8.7,0,0,.,.,.,0,4.37,0.03,2.62,0.33,0,0,.,0,0.05
19,"Reynolds Forest",34.6576114622675,-106.739436295579,2008-10-01,10,2008,17.93,1.17,1.48,3.41,0,0,.,.,.,0.01,10.85,0.15,58.24,0,0.08,0,.,0,0.09
19,"Reynolds Forest",34.6576114622675,-106.739436295579,2009-10-01,10,2009,35.08,3.32,4.03,4.54,0,0,.,.,.,0,7.41,0.43,8.57,0,0,0,.,0,0
19,"Reynolds Forest",34.6576114622675,-106.739436295579,2010-10-01,10,2010,14.23,0.85,1.94,3.32,0,0.08,.,.,.,0.01,2.92,0.11,1.03,0.1,0,0,.,0.01,0.01
19,"Reynolds Forest",34.6576114622675,-106.739436295579,2011-10-01,10,2011,6.93,0.24,1.31,2.38,0,0,.,.,.,0,5.83,0.03,30.23,0.01,0,0,.,0,0.01
19,"Reynolds Forest",34.6576114622675,-106.739436295579,2012-10-01,10,2012,7.78,0.02,0.2,0.85,0,0,.,.,.,0,1.76,0,3.77,0.38,0,0,.,0,0.05
19,"Reynolds Forest",34.6576114622675,-106.739436295579,2013-10-01,10,2013,13.23,0.31,0.09,0.7,0,0,.,.,.,0,3.65,0.04,13.16,0.11,0,0,.,0,0.01
19,"Reynolds Forest",34.6576114622675,-106.739436295579,2014-10-01,10,2014,37.39,0.23,0.32,1.15,0,0.01,.,.,.,0.01,6.35,0.03,0.01,0.03,0,0,.,0,0.34
19,"Reynolds Forest",34.6576114622675,-106.739436295579,2015-10-01,10,2015,252,0.93,0.08,3.77,0,0,.,.,.,0,36.29,0.12,5.7,0.01,0,0,.,0,0.64
19,"Reynolds Forest",34.6576114622675,-106.739436295579,2016-10-01,10,2016,10.08,0.02,0.01,1.54,0,0,.,.,.,0,2.11,0,3.11,0.42,0,0.01,0,0,0.09
19,"Reynolds Forest",34.6576114622675,-106.739436295579,2017-10-01,10,2017,66.23,0.24,0,7.08,0,0,.,.,.,0,13.02,0.03,24.55,0.01,0,0,0,0,0.05
19,"Reynolds Forest",34.6576114622675,-106.739436295579,2018-10-01,10,2018,15.31,0.55,0.71,0.54,0,0,.,.,.,0.01,3.34,0.07,7.4,0.13,0,0.01,0,0,0.02
19,"Reynolds Forest",34.6576114622675,-106.739436295579,2019-10-01,10,2019,16.18,0.02,0.17,1.09,0,0,.,.,.,0,2.53,0,0.05,0.1,0,0,0,0.02,0.06
19,"Reynolds Forest",34.6576114622675,-106.739436295579,2020-10-01,10,2020,25.69,0.01,0.15,0,0,0.01,.,.,.,0,3.7,0,0.62,0,0.01,0.01,0,0,0.07
19,"Reynolds Forest",34.6576114622675,-106.739436295579,2021-10-01,10,2021,14.08,0.02,0.1,1.09,0,0,.,.,.,0,3.58,0,10.42,0.56,0,0,0.01,0.01,0.08
19,"Reynolds Forest",34.6576114622675,-106.739436295579,2022-10-01,10,2022,21.92,0.01,0,0.85,0,0,.,.,.,0,3.92,0,5.18,0.73,0,0,0,0,0.1
19,"Reynolds Forest",34.6576114622675,-106.739436295579,2023-10-01,10,2023,2.48,0,0.09,3.08,0,0,0,0,0,0,5.18,0,10.71,0.04,0,0,0,0.01,1.28
19,"Reynolds Forest",34.6576114622675,-106.739436295579,2024-10-01,10,2024,9.78,.,0.78,2.09,0,0,1.15,0,0,0,113.22,0.15,848.62,0,0,0,0,0,0.19
19,"Reynolds Forest",34.6576114622675,-106.739436295579,2004-11-01,11,2004,124.08,3.15,1.63,34.4,0,0,.,.,.,0,29.04,0.41,56.7,.,.,.,.,.,0.21
19,"Reynolds Forest",34.6576114622675,-106.739436295579,2005-11-01,11,2005,78.97,12.74,0.52,23.33,0,0,.,.,.,0,17.22,1.87,10.18,.,.,.,.,.,0
19,"Reynolds Forest",34.6576114622675,-106.739436295579,2006-11-01,11,2006,138.39,2.49,5.71,89.63,0,0,.,.,.,0,32.23,0.32,8.47,.,.,.,.,.,0.01
19,"Reynolds Forest",34.6576114622675,-106.739436295579,2007-11-01,11,2007,55.38,4.51,1.25,15.09,0,0,.,.,.,0,11.11,0.59,7.87,0,0,0,.,0,0
19,"Reynolds Forest",34.6576114622675,-106.739436295579,2008-11-01,11,2008,77.69,1.17,1.32,8.85,0,0,.,.,.,0,12.68,0.15,6.62,0.01,0,0,.,0,0
19,"Reynolds Forest",34.6576114622675,-106.739436295579,2009-11-01,11,2009,169.54,0.39,2.16,33.64,0,0,.,.,.,0,27.08,0.05,1.8,0.01,0,0.01,.,0,0
19,"Reynolds Forest",34.6576114622675,-106.739436295579,2010-11-01,11,2010,125.23,1.17,2.86,49.78,0,0,.,.,.,0,24.21,0.15,5.74,0.43,0,0.08,.,0.19,0.09
19,"Reynolds Forest",34.6576114622675,-106.739436295579,2011-11-01,11,2011,160.46,1.79,1.78,11.7,0,0,.,.,.,0,23.6,0.23,4.85,0.08,0,0,.,0,0.01
19,"Reynolds Forest",34.6576114622675,-106.739436295579,2012-11-01,11,2012,121.69,0.96,0,2.15,0,0,.,.,.,0,16.64,0.12,2.85,0,0,0,.,0,0.01
19,"Reynolds Forest",34.6576114622675,-106.739436295579,2013-11-01,11,2013,298.08,1.85,0.01,10.69,0,0,.,.,.,0,41.55,0.24,8.62,0,0,0,.,0,0
19,"Reynolds Forest",34.6576114622675,-106.739436295579,2014-11-01,11,2014,202.54,3.25,0.01,5.23,0,0,.,.,.,0,28.3,0.42,6.09,0.24,0,0,.,0,0.03
19,"Reynolds Forest",34.6576114622675,-106.739436295579,2015-11-01,11,2015,104.54,0.48,0.01,8.46,0,0.01,.,.,.,0,16.96,0.06,8.02,1.18,0,0,.,0,0.66
19,"Reynolds Forest",34.6576114622675,-106.739436295579,2016-11-01,11,2016,197.38,0.03,0.24,4.25,0,0,.,.,.,0,26.87,0.03,3.18,0.17,0.77,0,0,0,0.1
19,"Reynolds Forest",34.6576114622675,-106.739436295579,2017-11-01,11,2017,223.31,0,0.42,4.16,0,0,.,.,.,0,31.35,0,7,0,0,0,0,0,0.5
19,"Reynolds Forest",34.6576114622675,-106.739436295579,2018-11-01,11,2018,100.92,0.78,0.02,1.32,0,0,.,.,.,0,13.87,0.1,2.66,0.06,0,0,0,0,0.01
19,"Reynolds Forest",34.6576114622675,-106.739436295579,2019-11-01,11,2019,190,1.55,0.26,6.96,0,0,.,.,.,0,27.84,0.2,10.71,0.64,0,0,0,0,0.39
19,"Reynolds Forest",34.6576114622675,-106.739436295579,2020-11-01,11,2020,300.38,1.56,0.62,19.88,0,0,.,.,.,0,43.04,0.2,5.4,0.01,0,0,0,0,0.2
19,"Reynolds Forest",34.6576114622675,-106.739436295579,2021-11-01,11,2021,100.08,1.56,0.78,9.78,0,0,.,.,.,0,15.15,0.2,2.41,0.72,0,0,0,0.02,0.15
19,"Reynolds Forest",34.6576114622675,-106.739436295579,2022-11-01,11,2022,190.77,0.32,0.01,14.35,0,0,.,.,.,0,30.64,0.04,12.86,0.36,0,0,0,0.01,1.64
19,"Reynolds Forest",34.6576114622675,-106.739436295579,2023-11-01,11,2023,52.32,.,1.71,10.57,0,0,.,.,0,0,10.48,0.01,4.02,0.26,0,0,0,0,0.66
19,"Reynolds Forest",34.6576114622675,-106.739436295579,2024-11-01,11,2024,36,.,0,0.47,0,0,0.31,0,19.47,0,14.95,0.04,33.31,0,0,4.46,0,0,1.7
19,"Reynolds Forest",34.6576114622675,-106.739436295579,2004-12-01,12,2004,33.42,0.36,2.23,27.95,0,0,.,.,.,0,8.99,0.05,3.79,.,.,.,.,.,0.02
19,"Reynolds Forest",34.6576114622675,-106.739436295579,2005-12-01,12,2005,136.32,0.69,4.3,74.7,0,0,.,.,.,0,29.13,0.09,6.33,.,.,.,.,.,0.07
19,"Reynolds Forest",34.6576114622675,-106.739436295579,2006-12-01,12,2006,11,0,1.79,11.46,0,0,.,.,.,0,3.21,0,0.24,.,.,.,.,.,0.02
19,"Reynolds Forest",34.6576114622675,-106.739436295579,2007-12-01,12,2007,127.95,0.99,9.67,89.49,0,0,.,.,.,0,34.51,0.13,35.57,0.02,0,0,.,0,0
19,"Reynolds Forest",34.6576114622675,-106.739436295579,2008-12-01,12,2008,24.54,0.19,3.94,22.78,0,0,.,.,.,0,7.63,0.03,6.62,0,0,0,.,0,0
19,"Reynolds Forest",34.6576114622675,-106.739436295579,2009-12-01,12,2009,171.92,0.25,4.96,72.63,0,1,.,.,.,0,33.82,0.03,4.39,0.15,0,0,.,0,0.02
19,"Reynolds Forest",34.6576114622675,-106.739436295579,2010-12-01,12,2010,79.15,0.17,4.93,41.08,0,0,.,.,.,0,18.02,0.05,10.78,1.18,0,0,.,0,0.15
19,"Reynolds Forest",34.6576114622675,-106.739436295579,2011-12-01,12,2011,82.69,0.71,4.02,37.78,0,0,.,.,.,0,16.64,0.09,2.16,0.25,0,0,.,0,0.03
19,"Reynolds Forest",34.6576114622675,-106.739436295579,2012-12-01,12,2012,247.18,0.27,0.45,6.16,0,0,.,.,.,0,35.11,0.04,15.04,0.27,0,0,.,0,0.04
19,"Reynolds Forest",34.6576114622675,-106.739436295579,2013-12-01,12,2013,93.59,0,0.43,8.92,0,0,.,.,.,0,14.19,0.02,5.06,0.45,0,0,.,0,0.06
19,"Reynolds Forest",34.6576114622675,-106.739436295579,2014-12-01,12,2014,46.5,0.03,0.01,4.87,0,0,.,.,.,0,6.86,0,0.62,0.04,0,0,.,0,0.04
19,"Reynolds Forest",34.6576114622675,-106.739436295579,2015-12-01,12,2015,15.32,0.24,0.03,0,0,0,.,.,.,0,4.71,0.03,8.81,0.01,0,0,.,0,0.02
19,"Reynolds Forest",34.6576114622675,-106.739436295579,2016-12-01,12,2016,83.33,0.2,0.02,5.98,0,0,.,.,.,0,12.87,0.03,9.32,0.34,0,0,0,0,0.04
19,"Reynolds Forest",34.6576114622675,-106.739436295579,2017-12-01,12,2017,22.92,0,0,0,0,0,.,.,.,0,3.27,0,0.69,0,0,0,0,0,0
19,"Reynolds Forest",34.6576114622675,-106.739436295579,2018-12-01,12,2018,186.31,0.24,0.48,6.57,0,0,.,.,.,0,26.05,0.03,3.62,1.17,0,0,0,0,0.15
19,"Reynolds Forest",34.6576114622675,-106.739436295579,2019-12-01,12,2019,186.32,0.12,0.71,17.36,0,0,.,.,.,0,31.63,0.02,35.95,0.02,0,0,0,0,0.26
19,"Reynolds Forest",34.6576114622675,-106.739436295579,2020-12-01,12,2020,41.62,0.32,0.55,4.34,0,0,.,.,.,0,6.76,0.04,4.1,0.12,0.01,0.01,0,0.01,0.04
19,"Reynolds Forest",34.6576114622675,-106.739436295579,2021-12-01,12,2021,228.72,0.54,1.81,12.09,0.01,0,.,.,.,0,33.16,0.07,7.8,0.45,0,0,0,0.09,0.27
19,"Reynolds Forest",34.6576114622675,-106.739436295579,2022-12-01,12,2022,90.71,0.18,0.17,10.49,0,0,.,.,.,0,14.94,0.02,7.25,0.12,0.01,0,0,0,0.69
19,"Reynolds Forest",34.6576114622675,-106.739436295579,2023-12-01,12,2023,23.85,0.62,0.85,8.7,0,0,0.62,0,0,0,9.55,0.08,11.79,0.15,0,0,0,0,2.29
19,"Reynolds Forest",34.6576114622675,-106.739436295579,2024-12-01,12,2024,11.69,.,0.54,10.72,0,0,0.38,0,0,0,8.46,0.05,34.02,0.02,0,0,0,0,0.6
20,"Route 66",35.1006512603,-106.691932797,2005-01-01,1,2005,3.74,0.33,0,0.33,0.45,0,.,.,.,0,1.03,0.04,0,.,.,.,.,.,0.27
20,"Route 66",35.1006512603,-106.691932797,2006-01-01,1,2006,3.77,0.69,0.24,0.01,0.85,0,.,.,.,0,0.96,0.09,1.24,.,.,.,.,.,0
20,"Route 66",35.1006512603,-106.691932797,2007-01-01,1,2007,13.92,1.77,0,0.01,0.16,0,.,.,.,0,2.43,0.23,0.87,.,.,.,.,.,0.03
20,"Route 66",35.1006512603,-106.691932797,2008-01-01,1,2008,11.39,0.09,0.34,0.02,0.41,0,.,.,.,0,1.93,0.04,0.93,0,0,0.01,.,0,0.02
20,"Route 66",35.1006512603,-106.691932797,2009-01-01,1,2009,5.54,0.31,8.71,0.01,0.47,0,.,.,.,0,5,0.04,22.85,0,0,0,.,0,0
20,"Route 66",35.1006512603,-106.691932797,2010-01-01,1,2010,17.78,0.32,2.03,0.02,1.54,0,.,.,.,0,3.24,0.04,0.77,0.01,0,0.02,.,0.01,0.02
20,"Route 66",35.1006512603,-106.691932797,2011-01-01,1,2011,11.54,0.09,0.08,0,0.01,0,.,.,.,0,1.79,0.01,1.31,0.01,0,0.25,.,0,0.04
20,"Route 66",35.1006512603,-106.691932797,2012-01-01,1,2012,4.36,0.28,5.64,0.03,0.03,0,.,.,.,0,1.63,0.04,0.03,0.03,0,0.03,.,0,0.14
20,"Route 66",35.1006512603,-106.691932797,2013-01-01,1,2013,26.84,1.72,1.02,0.32,3.7,0,.,.,.,0,5.21,0.22,2.02,0.01,0,0.56,.,0,0.17
20,"Route 66",35.1006512603,-106.691932797,2014-01-01,1,2014,17.85,0.08,2.24,0.01,0.94,0,.,.,.,0,3.86,0.01,7.62,0,0,0,.,0,0
20,"Route 66",35.1006512603,-106.691932797,2015-01-01,1,2015,18.15,1.08,6.39,0.12,2.55,0,.,.,.,0,4.62,0.14,3.63,0.17,0,0.09,.,0,0.04
20,"Route 66",35.1006512603,-106.691932797,2016-01-01,1,2016,15.09,0.31,1.64,1.1,2.24,0.15,.,.,.,0,3.59,0.04,4.09,0.02,0.01,0.86,.,0.01,0.12
20,"Route 66",35.1006512603,-106.691932797,2017-01-01,1,2017,11.69,0.17,6.64,0.26,3.86,0,.,.,.,0,4.56,0.02,3.42,0.01,0,2.32,0,0,0.3
20,"Route 66",35.1006512603,-106.691932797,2018-01-01,1,2018,16.15,0.31,3.85,0.15,3.09,0.16,.,.,.,0,3.77,0.04,4.32,0,0,0,0,0,0.02
20,"Route 66",35.1006512603,-106.691932797,2019-01-01,1,2019,22.23,0.64,2.24,1.19,4.09,0,.,.,.,0,5.21,0.08,7.81,0.17,0.01,0.33,0.01,0,0.07
20,"Route 66",35.1006512603,-106.691932797,2020-01-01,1,2020,22.93,0.24,3.64,0.2,0.5,0,.,.,.,0,5.23,0.03,8.71,1.23,0,0.01,0,0,0.16
20,"Route 66",35.1006512603,-106.691932797,2021-01-01,1,2021,26.39,1.17,7.48,0.19,0.93,0,.,.,.,0,6.68,0.15,11.33,0.02,0.01,0.63,0.15,0,0.23
20,"Route 66",35.1006512603,-106.691932797,2022-01-01,1,2022,7.77,0.48,3.8,0.42,1.18,0,.,.,.,0,2.29,0.06,1.95,0.01,0,1.08,0.01,0,0.14
20,"Route 66",35.1006512603,-106.691932797,2023-01-01,1,2023,9.31,.,3.64,0.36,1.15,0,.,.,0,0,3.38,0.06,8.79,0.17,0.01,0.79,0.09,0,0.14
20,"Route 66",35.1006512603,-106.691932797,2024-01-01,1,2024,19.62,.,3.4,0.5,2.32,0,0,0.18,0,0,4.14,0.02,2.58,0.01,0,1.77,0,0,0.24
20,"Route 66",35.1006512603,-106.691932797,2005-02-01,2,2005,.,.,.,.,.,.,.,.,.,.,.,.,.,.,.,.,.,.,.
20,"Route 66",35.1006512603,-106.691932797,2006-02-01,2,2006,1.62,0.35,0.04,0.01,0,0,.,.,.,0,0.85,0.05,1.63,.,.,.,.,.,0.05
20,"Route 66",35.1006512603,-106.691932797,2007-02-01,2,2007,.,.,.,.,.,.,.,.,.,.,.,.,.,.,.,.,.,.,.
20,"Route 66",35.1006512603,-106.691932797,2008-02-01,2,2008,23.16,0.18,0.27,0.09,10.68,0,.,.,.,0.09,19.89,0.02,106.33,0.09,0,0,.,0,0.01
20,"Route 66",35.1006512603,-106.691932797,2009-02-01,2,2009,6.09,0.44,0.01,0,1.72,0,.,.,.,0,1.57,0.07,0.79,0.26,0.26,0,.,0,0.22
20,"Route 66",35.1006512603,-106.691932797,2010-02-01,2,2010,10.79,0.09,0.09,0.01,0.79,0,.,.,.,0,1.78,0.01,1.31,0,0,0,.,0,0.04
20,"Route 66",35.1006512603,-106.691932797,2011-02-01,2,2011,10.63,0.25,1.72,0.49,0.42,0,.,.,.,0,2.16,0.03,1.08,0,0,1,.,0,0.17
20,"Route 66",35.1006512603,-106.691932797,2012-02-01,2,2012,2.01,0.17,0.01,0.01,0.08,0,.,.,.,0,0.86,0.02,2.47,0,0,0,.,0,0.2
20,"Route 66",35.1006512603,-106.691932797,2013-02-01,2,2013,17.08,0.93,0.48,0.04,1.93,0,.,.,.,0,3.63,0.12,2.1,0.02,0,3.95,.,0,0.56
20,"Route 66",35.1006512603,-106.691932797,2014-02-01,2,2014,12.16,0.09,0.71,0.02,0.72,0,.,.,.,0,2.79,0.01,1.86,0,0,0.01,.,0,0.18
20,"Route 66",35.1006512603,-106.691932797,2015-02-01,2,2015,6.48,0.27,0.11,0.05,1.15,0,.,.,.,0,1.6,0.03,1.03,0.01,0,0.01,.,0,0.28
20,"Route 66",35.1006512603,-106.691932797,2016-02-01,2,2016,9.16,0.02,0.2,0.04,0.62,0,.,.,.,0,4.1,0,18.03,0,0,0.02,.,0,0.23
20,"Route 66",35.1006512603,-106.691932797,2017-02-01,2,2017,19.31,0.17,1.72,0.27,2.39,0,.,.,.,0,4.76,0.02,9.18,0.01,0,0.17,1.4,0,0.2
20,"Route 66",35.1006512603,-106.691932797,2018-02-01,2,2018,25.39,0.17,1.79,0,4.08,0,.,.,.,0,7.27,0.02,12.25,6,0,0.24,0,0,1.23
20,"Route 66",35.1006512603,-106.691932797,2019-02-01,2,2019,36.31,0.33,6.87,0.35,5.93,0,.,.,.,0,7.77,0.04,3.16,0.25,0,1.56,0,0,0.56
20,"Route 66",35.1006512603,-106.691932797,2020-02-01,2,2020,35.62,0.79,0.56,0.06,0.12,0,.,.,.,0,265.38,0.1,1999.48,3.27,0,0,0,0.01,0.43
20,"Route 66",35.1006512603,-106.691932797,2021-02-01,2,2021,4.39,0.4,0.64,0.29,0.09,0,.,.,.,0,1.9,0.05,6.85,0.02,0,0.46,0,0.01,0.13
20,"Route 66",35.1006512603,-106.691932797,2022-02-01,2,2022,14.77,0.42,1.63,0.43,1.32,0,.,.,.,0,5.33,0.05,15.25,0.01,0.01,2.33,0.38,0,0.36
20,"Route 66",35.1006512603,-106.691932797,2023-02-01,2,2023,29.08,.,6.32,1.49,2.39,0.01,.,.,0,0,7.07,0.07,8.7,0.02,0,0.63,0.41,0,0.26
20,"Route 66",35.1006512603,-106.691932797,2024-02-01,2,2024,9.23,.,0.54,0.12,1.01,0.01,0.01,0.09,0,0,2.2,0.01,1.74,0,0,0.19,2.55,0.01,0.36
20,"Route 66",35.1006512603,-106.691932797,2005-03-01,3,2005,.,.,.,.,.,.,.,.,.,.,.,.,.,.,.,.,.,.,.
20,"Route 66",35.1006512603,-106.691932797,2006-03-01,3,2006,2.93,0.23,0.24,0.01,0.62,0.01,.,.,.,0,1.05,0.03,0.96,.,.,.,.,.,0.4
20,"Route 66",35.1006512603,-106.691932797,2007-03-01,3,2007,3.33,0.01,0,0.01,0.41,0,.,.,.,0,1.44,0,0.8,.,.,.,.,.,0.19
20,"Route 66",35.1006512603,-106.691932797,2008-03-01,3,2008,3.85,0,0,0,0.23,0,.,.,.,0,2.01,0,7.46,2.92,0,0,.,0,0.38
20,"Route 66",35.1006512603,-106.691932797,2009-03-01,3,2009,4.19,0.17,0,0,0.35,0,.,.,.,0,2.2,0.02,4.62,0,0,0,.,0,0
20,"Route 66",35.1006512603,-106.691932797,2010-03-01,3,2010,11.37,0.18,0,0.19,0.86,0,.,.,.,0,3.07,0.02,2.82,0.1,0,0.43,.,0,0.94
20,"Route 66",35.1006512603,-106.691932797,2011-03-01,3,2011,15.4,0.02,1.39,0.18,3,0,.,.,.,0,3.66,0,4.8,0.01,0.01,0.17,.,0,0.3
20,"Route 66",35.1006512603,-106.691932797,2012-03-01,3,2012,6.02,0.09,0.71,0.17,0.33,0,.,.,.,0,9.41,0.01,60.62,0.09,0,0.08,.,0,0.43
20,"Route 66",35.1006512603,-106.691932797,2013-03-01,3,2013,10.23,0.02,0.12,0,0.95,0,.,.,.,0,4.66,0,19.63,0.01,0,1.55,.,0,0.36
20,"Route 66",35.1006512603,-106.691932797,2014-03-01,3,2014,6.78,0.02,0.35,0.18,0.33,0,.,.,.,0,2.3,0,5.12,0.15,0.4,0.01,.,0.01,0.29
20,"Route 66",35.1006512603,-106.691932797,2015-03-01,3,2015,7.47,0.09,0.1,0.05,1.15,0,.,.,.,0,1.66,0.01,0.65,0.08,0,0.02,.,0,0.31
20,"Route 66",35.1006512603,-106.691932797,2016-03-01,3,2016,4.39,0.03,0.12,0.05,0.7,0,.,.,.,0,1.95,0,2.65,0.02,0,0,.,0,0.63
20,"Route 66",35.1006512603,-106.691932797,2017-03-01,3,2017,11.16,0.11,0.18,0.1,0.57,0,.,.,.,0.01,2.88,0.01,5.56,0.02,0,0,0.04,0,0.3
20,"Route 66",35.1006512603,-106.691932797,2018-03-01,3,2018,17.15,0.26,0.33,0.12,0.64,0.02,.,.,.,0,5.74,0.03,20.71,3.25,0,0,0,0,0.42
20,"Route 66",35.1006512603,-106.691932797,2019-03-01,3,2019,18.61,0.35,1.99,0.38,2.31,0,.,.,.,0,5.36,0.04,6.59,3.18,0,0.27,0,0,0.4
20,"Route 66",35.1006512603,-106.691932797,2020-03-01,3,2020,11.77,0.02,1.42,0.43,0.11,0,.,.,.,0,3.09,0,4.71,3.78,0,0,0,0,0.49
20,"Route 66",35.1006512603,-106.691932797,2021-03-01,3,2021,9.23,0.09,0.41,0.32,0.23,0,.,.,.,0,2.24,0.01,2.26,0.09,0,0.02,0.02,0,0.35
20,"Route 66",35.1006512603,-106.691932797,2022-03-01,3,2022,13.62,0.55,2.39,0.42,0.85,0.01,.,.,.,0,4.19,0.07,8.77,0.02,0,2,1.62,0,0.47
20,"Route 66",35.1006512603,-106.691932797,2023-03-01,3,2023,9.23,.,0.62,0.45,0.97,0,.,.,0,0,6.62,0,35.39,0.01,0,0,3.28,0,0.41
20,"Route 66",35.1006512603,-106.691932797,2024-03-01,3,2024,32.94,.,0.71,0.19,1.69,0,0,0.48,0,0,6.76,0.06,9.86,0.09,0,1.54,2.78,0,0.58
20,"Route 66",35.1006512603,-106.691932797,2005-04-01,4,2005,0.58,0.08,0.15,5.46,0.15,0,.,.,.,0,6.58,0.01,33.08,.,.,.,.,.,1.39
20,"Route 66",35.1006512603,-106.691932797,2006-04-01,4,2006,2.56,0.02,0.01,0.02,0.18,0,.,.,.,0,2.86,0,0.81,.,.,.,.,.,2.26
20,"Route 66",35.1006512603,-106.691932797,2007-04-01,4,2007,1.78,0.01,0.02,0.02,0.04,0,.,.,.,0,3.9,0,12.71,3.7,0,0.01,.,0,1.8
20,"Route 66",35.1006512603,-106.691932797,2008-04-01,4,2008,.,.,.,.,.,.,.,.,.,.,.,.,.,.,.,.,.,.,.
20,"Route 66",35.1006512603,-106.691932797,2009-04-01,4,2009,3.55,0.02,0.32,0.01,0.24,0,.,.,.,0,2.8,0,4.49,3.17,0,0,.,0,0.96
20,"Route 66",35.1006512603,-106.691932797,2010-04-01,4,2010,8.46,0.01,0.27,0.3,4.63,0,.,.,.,0,6.18,0,3.49,9.37,0,0,.,0,3.22
20,"Route 66",35.1006512603,-106.691932797,2011-04-01,4,2011,12.4,0.03,0.49,0.02,1.87,0,.,.,.,0,4.15,0,2.96,8.46,0,0.08,.,0,1.61
20,"Route 66",35.1006512603,-106.691932797,2012-04-01,4,2012,1.25,0.03,0.46,0.05,0.34,0,.,.,.,0,3.56,0,2.19,9.69,0,0,.,0,2.96
20,"Route 66",35.1006512603,-106.691932797,2013-04-01,4,2013,11.46,0.17,1.02,0.05,1.26,0,.,.,.,0,4.14,0.02,3.79,6.72,0,0.15,.,0,1.56
20,"Route 66",35.1006512603,-106.691932797,2014-04-01,4,2014,7.16,0.35,0.01,0.03,0.56,0,.,.,.,0,4.04,0.05,4.25,9.24,0,0,.,0,2.02
20,"Route 66",35.1006512603,-106.691932797,2015-04-01,4,2015,10.16,0.01,0.85,0.03,0.02,0,.,.,.,0,5.72,0,6.01,10.72,0,0,.,0,3.17
20,"Route 66",35.1006512603,-106.691932797,2016-04-01,4,2016,18.78,0.02,1.19,0.11,0.42,0,.,.,.,0,10.36,0,12.24,17.86,0,0.01,.,0,2.62
20,"Route 66",35.1006512603,-106.691932797,2017-04-01,4,2017,0,0,2.69,0.02,0.41,0,.,.,.,0,2.57,0,5.21,2.52,0,0.02,8.65,0,1.13
20,"Route 66",35.1006512603,-106.691932797,2018-04-01,4,2018,8.08,0.17,0.02,0.1,0.86,0,.,.,.,0,14.64,0.02,78.7,13.94,0.01,0,8.62,0,2.98
20,"Route 66",35.1006512603,-106.691932797,2019-04-01,4,2019,10.16,0.02,0.4,0.06,1.26,0.01,.,.,.,0,4.37,0,8.17,7.86,0,0.08,1.19,0,1.24
20,"Route 66",35.1006512603,-106.691932797,2020-04-01,4,2020,10.69,0.02,1.02,0.59,0.96,0,.,.,.,0,6.59,0.03,6.86,18.92,0,0.49,9.24,0,3.72
20,"Route 66",35.1006512603,-106.691932797,2021-04-01,4,2021,11.7,0.72,1.19,0.19,0.31,0,.,.,.,0,3.69,0.09,2.32,7.16,0,0.02,2.18,0,1.22
20,"Route 66",35.1006512603,-106.691932797,2022-04-01,4,2022,11.09,0.24,1.18,0.28,0.26,0,.,.,.,0,4.16,0.03,5.7,5.32,0,1.16,5.39,0,1.54
20,"Route 66",35.1006512603,-106.691932797,2023-04-01,4,2023,3.49,.,0.92,0.17,1.04,0,.,.,0,0,5.93,0,34.49,0.78,0,0.14,2.46,0,0.27
20,"Route 66",35.1006512603,-106.691932797,2024-04-01,4,2024,5.85,.,0.64,0.2,0.79,0,0,0.02,0,0,3.29,0,6.7,7.09,0,0.33,2.17,0,1.25
20,"Route 66",35.1006512603,-106.691932797,2005-05-01,5,2005,.,.,.,.,.,.,.,.,.,.,.,.,.,.,.,.,.,.,.
20,"Route 66",35.1006512603,-106.691932797,2006-05-01,5,2006,9.79,0.16,0.1,0.01,2.48,0,.,.,.,0,10.03,0.02,43.08,.,.,.,.,.,2.03
20,"Route 66",35.1006512603,-106.691932797,2007-05-01,5,2007,1.86,0.01,0.1,0,0.01,0,.,.,.,0,5.46,0,29.94,5.1,0.02,2.55,.,0,1.01
20,"Route 66",35.1006512603,-106.691932797,2008-05-01,5,2008,.,.,.,.,.,.,.,.,.,.,.,.,.,.,.,.,.,.,.
20,"Route 66",35.1006512603,-106.691932797,2009-05-01,5,2009,1.54,0,0,0,0.2,0,.,.,.,0,2.44,0,1.09,0.46,0,13.38,.,0,1.8
20,"Route 66",35.1006512603,-106.691932797,2010-05-01,5,2010,23.59,0,0,0,0.26,0,.,.,.,0,3.27,0,1.03,0,0,0,.,0,0
20,"Route 66",35.1006512603,-106.691932797,2011-05-01,5,2011,6,0,1.69,0.1,0.47,0,.,.,.,0,2.43,0,4.32,2.16,0.02,1.25,.,0,0.58
20,"Route 66",35.1006512603,-106.691932797,2012-05-01,5,2012,1.7,0.01,0.78,0.02,2.09,0,.,.,.,0,5.35,0,13.78,4.16,0.17,12.16,.,0,2.3
20,"Route 66",35.1006512603,-106.691932797,2013-05-01,5,2013,11.32,0.32,0.01,0,0,0.01,.,.,.,0,6.05,0.04,9.62,6.32,0,10,.,0,2.12
20,"Route 66",35.1006512603,-106.691932797,2014-05-01,5,2014,6.56,0.04,0.49,0.7,4.1,0,.,.,.,0,6.43,0,13.24,6.42,0.04,14.94,.,0.23,2.82
20,"Route 66",35.1006512603,-106.691932797,2015-05-01,5,2015,3.7,0.17,0.79,0.02,2.02,0,.,.,.,0.01,4.09,0.02,9.02,5.94,0.09,7.86,.,0,1.82
20,"Route 66",35.1006512603,-106.691932797,2016-05-01,5,2016,11.09,0.02,0.78,0.02,1.4,0,.,.,.,0,4.24,0,4.48,4.24,0.02,8.92,0.42,0.01,1.77
20,"Route 66",35.1006512603,-106.691932797,2017-05-01,5,2017,0.49,0.02,0.48,0.01,3.47,0,.,.,.,0,2.39,0,2.55,0.49,0.01,9.69,0.85,0,1.37
20,"Route 66",35.1006512603,-106.691932797,2018-05-01,5,2018,3.71,0.09,2.03,0.01,3.02,0.01,.,.,.,0,6.47,0.01,9.01,14.54,0.03,10.31,0.03,0,3.26
20,"Route 66",35.1006512603,-106.691932797,2019-05-01,5,2019,1.39,0,4.31,0,8,0,.,.,.,0,7.2,0,7.25,2.49,0,27.39,2,0.19,4.17
20,"Route 66",35.1006512603,-106.691932797,2020-05-01,5,2020,11.32,0.04,4.62,0.03,5.4,0,.,.,.,0,6.47,0,8.78,4.24,0.48,12.08,0.66,0,2.27
20,"Route 66",35.1006512603,-106.691932797,2021-05-01,5,2021,3.69,0.02,1.4,0.01,1.42,0,.,.,.,0,4.68,0,3.1,7.78,0.01,8.93,0.04,0.01,2.82
20,"Route 66",35.1006512603,-106.691932797,2022-05-01,5,2022,21.61,0.32,1.85,0,1.62,0,.,.,.,0,7.66,0.04,10.85,11.38,0.09,8.16,0.48,0,2.61
20,"Route 66",35.1006512603,-106.691932797,2023-05-01,5,2023,2.34,0,3.71,0.19,5.25,0,0,0,0,0,4.18,0,6,4.31,0.02,6,1.59,0,0.84
20,"Route 66",35.1006512603,-106.691932797,2024-05-01,5,2024,25.47,.,5.32,0.4,3.42,0,0.01,0.85,0,0,26.7,0.11,125.92,14.71,0.19,7.39,0.44,0,2.98
20,"Route 66",35.1006512603,-106.691932797,2005-06-01,6,2005,1.02,0.01,4.02,0.08,3.69,0,.,.,.,0,37.28,0,265.92,.,.,.,.,.,1.34
20,"Route 66",35.1006512603,-106.691932797,2006-06-01,6,2006,5.31,0.02,1.26,1.87,2.02,0,.,.,.,0,9.25,0,6.86,.,.,.,.,.,6.66
20,"Route 66",35.1006512603,-106.691932797,2007-06-01,6,2007,4.95,0.02,2.1,0.02,2.71,0,.,.,.,0,55.13,0,400.02,7.19,0.78,2.01,.,0,1.72
20,"Route 66",35.1006512603,-106.691932797,2008-06-01,6,2008,0.77,0.04,6.58,0.04,1.16,0,.,.,.,0,5.5,0,3.46,5.81,0.04,16.58,.,0,3.11
20,"Route 66",35.1006512603,-106.691932797,2009-06-01,6,2009,6.69,0.31,1.85,0,0.08,0,.,.,.,0,12.9,0.04,71.32,10.62,0.08,1.55,.,0,2.3
20,"Route 66",35.1006512603,-106.691932797,2010-06-01,6,2010,0.03,0,14.1,0,1.03,0,.,.,.,0,9.97,0,4.62,4.87,0,51.03,.,0,7.27
20,"Route 66",35.1006512603,-106.691932797,2011-06-01,6,2011,7.09,0.02,6.62,0.09,6.39,0,.,.,.,0.09,9.51,0,11.63,21.08,2.23,16.92,.,0,5.25
20,"Route 66",35.1006512603,-106.691932797,2012-06-01,6,2012,5.86,0.01,3.4,0.55,13.49,0,.,.,.,0,9.73,0,4.93,12.46,2.08,7.78,.,0,5.83
20,"Route 66",35.1006512603,-106.691932797,2013-06-01,6,2013,10.15,0.11,6.23,0.02,13.54,0,.,.,.,0.01,4.98,0.02,3.08,2.32,0.77,1.39,.,0,0.58
20,"Route 66",35.1006512603,-106.691932797,2014-06-01,6,2014,2.32,0.09,4.63,0.57,1.79,0,.,.,.,0,4.37,0.01,0,11.55,2,6.08,.,0,2.66
20,"Route 66",35.1006512603,-106.691932797,2015-06-01,6,2015,5.56,0.09,4.46,0.04,3.26,0,.,.,.,0,5.81,0.01,8.74,3.79,0.78,8.56,.,0,2.79
20,"Route 66",35.1006512603,-106.691932797,2016-06-01,6,2016,47.09,0.02,4.47,0.03,6.01,0,.,.,.,0,33.66,0,187.93,6.18,0.01,5.63,0,0,0.77
20,"Route 66",35.1006512603,-106.691932797,2017-06-01,6,2017,2.64,0.01,4.1,0.19,7.09,0,.,.,.,0,4.43,0,7.71,5.24,0,2.26,0.01,0,0.29
20,"Route 66",35.1006512603,-106.691932797,2018-06-01,6,2018,9.25,0.01,0,0.01,0.23,0,.,.,.,0.01,6.76,0,7.7,13.01,0.46,0.31,0,0,3.4
20,"Route 66",35.1006512603,-106.691932797,2019-06-01,6,2019,2.38,0,2.31,0,4.85,0,.,.,.,0,2.44,0,5.15,1.31,0.69,0.77,0.23,0.18,0.41
20,"Route 66",35.1006512603,-106.691932797,2020-06-01,6,2020,5.41,0.09,6.24,0.19,3.33,0,.,.,.,0,6.92,0.01,20.86,10.01,0.03,0.94,0.16,0,1.46
20,"Route 66",35.1006512603,-106.691932797,2021-06-01,6,2021,10.47,0.72,4.41,0.12,5.62,0,.,.,.,0.01,8.59,0.09,14.38,16.01,0.25,9.86,0.15,0,3.71
20,"Route 66",35.1006512603,-106.691932797,2022-06-01,6,2022,13.69,0.48,8.24,0.03,4.95,0,.,.,.,0,5.7,0.06,11.69,3.02,0.17,0.55,0,0,0.48
20,"Route 66",35.1006512603,-106.691932797,2023-06-01,6,2023,2.48,0,12.61,0.99,9.86,0,0,0.02,0,0,8.84,0,19.54,1.73,0.02,17.84,0.65,1.54,1.44
20,"Route 66",35.1006512603,-106.691932797,2024-06-01,6,2024,6.25,.,2.56,0.24,6.17,0,0,0.02,0,0,5.29,0,7.31,9.62,0.41,0.62,0.02,1.02,1.7
20,"Route 66",35.1006512603,-106.691932797,2005-07-01,7,2005,1.19,0.55,2.18,0.46,5.39,0,.,.,.,0,2.82,0.07,2.69,.,.,.,.,.,0.94
20,"Route 66",35.1006512603,-106.691932797,2006-07-01,7,2006,2.18,0.01,1.09,0.02,0.49,0,.,.,.,0,2.86,0,4.64,.,.,.,.,.,1.61
20,"Route 66",35.1006512603,-106.691932797,2007-07-01,7,2007,1.04,0.09,1.92,0.01,0.03,0,.,.,.,0,2,0.01,2.86,3.55,2.31,0.39,.,0,0.89
20,"Route 66",35.1006512603,-106.691932797,2008-07-01,7,2008,2.7,0,2.31,0,0,0,.,.,.,0,4.7,0,6.54,22.91,0,0.38,.,0,3.03
20,"Route 66",35.1006512603,-106.691932797,2009-07-01,7,2009,1.39,0.02,10.09,0.03,0.33,0,.,.,.,0,5.35,0,4.01,20.39,0,4.16,.,0.01,3.19
20,"Route 66",35.1006512603,-106.691932797,2010-07-01,7,2010,9.39,0,8.69,0.09,0,0.15,.,.,.,0,7.89,0,4.85,32.16,0,3.15,.,0,4.59
20,"Route 66",35.1006512603,-106.691932797,2011-07-01,7,2011,4.09,0.02,3.94,0.03,2.49,0,.,.,.,0.01,2.95,0,4.32,4.47,0.32,1.54,.,0.55,0.9
20,"Route 66",35.1006512603,-106.691932797,2012-07-01,7,2012,13.86,0.09,3.16,0.04,12.38,0,.,.,.,0,5.65,0.01,3.86,2.93,0.55,3.69,.,0,1.11
20,"Route 66",35.1006512603,-106.691932797,2013-07-01,7,2013,5.25,0.08,2.46,0.02,1.41,0,.,.,.,0,3.41,0.05,5.24,2.15,5.38,2.15,.,0,1.26
20,"Route 66",35.1006512603,-106.691932797,2014-07-01,7,2014,3.86,0.15,4.69,0,0.02,0,.,.,.,0,2.92,0.02,0,4.17,1.85,1.02,.,0,0.92
20,"Route 66",35.1006512603,-106.691932797,2015-07-01,7,2015,4.18,0.01,2.86,0.01,1.23,0,.,.,.,0,4.27,0,4.31,13.39,1,4.92,.,0.62,2.64
20,"Route 66",35.1006512603,-106.691932797,2016-07-01,7,2016,2.85,0.02,4.62,0.39,0.26,0,.,.,.,0,7.74,0,6.55,26.15,0.09,2.7,0.01,0,0.55
20,"Route 66",35.1006512603,-106.691932797,2017-07-01,7,2017,2.08,0.03,2.47,2.72,1.11,0,.,.,.,0,7.47,0,25.39,9.93,0.01,5.16,0.01,0,0.7
20,"Route 66",35.1006512603,-106.691932797,2018-07-01,7,2018,6.15,0.01,1.98,0.87,0.94,0.09,.,.,.,0.17,3.77,0.03,2.91,7.87,0,0.53,0.01,0,1.24
20,"Route 66",35.1006512603,-106.691932797,2019-07-01,7,2019,0.17,0,12.22,0.9,2.44,0,.,.,.,0,4.71,0,6.74,0.69,0.02,11.21,0.01,0.01,1.64
20,"Route 66",35.1006512603,-106.691932797,2020-07-01,7,2020,5.32,0.36,4.62,0.63,2.63,0,.,.,.,0,4.46,0.05,7.69,10.09,0.26,1.56,0.03,0.01,1.55
20,"Route 66",35.1006512603,-106.691932797,2021-07-01,7,2021,4.85,0.03,3.17,0.26,2.32,0.01,.,.,.,0,7.45,0,8.31,33.54,0.32,0.56,0,0,4.72
20,"Route 66",35.1006512603,-106.691932797,2022-07-01,7,2022,3.65,0.03,1.32,0.12,0.56,0,.,.,.,0,1.89,0,3.18,1.1,0.09,3.33,0.02,0.48,0.66
20,"Route 66",35.1006512603,-106.691932797,2023-07-01,7,2023,1.71,0,4.78,0.49,2.65,0,0,0,0,0,3.88,0,3.08,3.54,0.02,4.66,0.02,7.72,1.04
20,"Route 66",35.1006512603,-106.691932797,2024-07-01,7,2024,4.7,.,3.38,0.56,1.78,0.01,0,0.09,0,0,4.24,0.01,8.17,5.02,0,1.7,0,0.63,1.07
20,"Route 66",35.1006512603,-106.691932797,2005-08-01,8,2005,0.18,0.55,1.18,1.65,4.48,0,.,.,.,0,1.41,0.07,2.03,.,.,.,.,.,0.03
20,"Route 66",35.1006512603,-106.691932797,2006-08-01,8,2006,0.79,0.63,0.01,0.02,1.12,0.17,.,.,.,0,0.86,0.08,0.79,.,.,.,.,.,0.21
20,"Route 66",35.1006512603,-106.691932797,2007-08-01,8,2007,.,.,.,.,.,.,.,.,.,.,.,.,.,.,.,.,.,.,.
20,"Route 66",35.1006512603,-106.691932797,2008-08-01,8,2008,0.87,0,7.78,0,0.05,0,.,.,.,0,8.55,0,50.08,5.08,0,1.15,.,0,0.81
20,"Route 66",35.1006512603,-106.691932797,2009-08-01,8,2009,1.78,0.04,6.69,0.02,0.03,0,.,.,.,0,2.58,0,5.09,3.32,0.01,2.15,.,0,0.71
20,"Route 66",35.1006512603,-106.691932797,2010-08-01,8,2010,2.24,0.02,2.77,0.02,0.12,0,.,.,.,0,2.35,0,2.09,5.41,0,2.54,.,0,1.03
20,"Route 66",35.1006512603,-106.691932797,2011-08-01,8,2011,2.01,0.03,3.62,0.02,6.16,0,.,.,.,0,4.01,0,13.69,3.28,0.02,1.38,.,0,0.61
20,"Route 66",35.1006512603,-106.691932797,2012-08-01,8,2012,5.02,0,5.31,0,0,0,.,.,.,0,5.06,0,5.4,6.78,0,2.55,.,0,1.24
20,"Route 66",35.1006512603,-106.691932797,2013-08-01,8,2013,9.86,0.15,2.08,0.01,3.46,0,.,.,.,0,10.23,0.15,56.46,2.62,0.08,2.69,.,0,0.7
20,"Route 66",35.1006512603,-106.691932797,2014-08-01,8,2014,2.7,0.02,3.93,1.4,0.92,0,.,.,.,0,11.67,0,0.17,1.69,0.01,15,.,0,2.17
20,"Route 66",35.1006512603,-106.691932797,2015-08-01,8,2015,2.85,0.69,8.62,0.32,0.69,0,.,.,.,0,2.98,0.09,1.79,5.17,0.01,2.31,.,0,0.97
20,"Route 66",35.1006512603,-106.691932797,2016-08-01,8,2016,3.32,0.39,4.39,0.06,0.87,0,.,.,.,0,3.93,0.05,6.17,8.32,0.01,1.09,0.02,0,0.14
20,"Route 66",35.1006512603,-106.691932797,2017-08-01,8,2017,0.56,0.49,5.25,0.09,1.85,0,.,.,.,0,7.13,0.06,34.88,10.31,0.15,1.17,0,0,0.17
20,"Route 66",35.1006512603,-106.691932797,2018-08-01,8,2018,3,0.08,4.39,0.01,2.25,0,.,.,.,0,6.57,0.01,28.16,7.94,0,1.55,0,0,1.23
20,"Route 66",35.1006512603,-106.691932797,2019-08-01,8,2019,3.94,0.48,7.23,0,2.17,0,.,.,.,0,3.94,0.06,5.86,4.48,0.01,3.32,0.55,0.92,1.21
20,"Route 66",35.1006512603,-106.691932797,2020-08-01,8,2020,4.32,0.19,5.56,0.27,3.47,0,.,.,.,0,4.02,0.02,9.08,5.72,0.01,1.55,0.01,0,0.95
20,"Route 66",35.1006512603,-106.691932797,2021-08-01,8,2021,6.78,0.48,7.23,0.76,5.18,0,.,.,.,0,6.13,0.06,11.08,13.26,0.01,1.39,0.09,0,1.92
20,"Route 66",35.1006512603,-106.691932797,2022-08-01,8,2022,3.93,0.32,3.85,0.42,1.19,0,.,.,.,0,3.94,0.04,13.93,0.89,0.18,4.78,0.02,0.02,0.78
20,"Route 66",35.1006512603,-106.691932797,2023-08-01,8,2023,3.7,0.01,3.23,0.87,2.08,0,0.01,0.1,0,0,3.86,0.01,5.24,3.03,0.24,10.16,0.01,0.09,1.76
20,"Route 66",35.1006512603,-106.691932797,2024-08-01,8,2024,2.33,.,5.79,0.04,1.49,0,0,0.01,0,0,2.45,0,5.95,2,0.01,0.02,0,0.01,0.26
20,"Route 66",35.1006512603,-106.691932797,2005-09-01,9,2005,6.92,0.55,0.34,0,0,0,.,.,.,0.11,2.03,0.07,6.37,.,.,.,.,.,0.06
20,"Route 66",35.1006512603,-106.691932797,2006-09-01,9,2006,1.32,1.15,0,0.15,1.56,0,.,.,.,0,2.59,0.15,14.96,.,.,.,.,.,0
20,"Route 66",35.1006512603,-106.691932797,2007-09-01,9,2007,.,.,.,.,.,.,.,.,.,.,.,.,.,.,.,.,.,.,.
20,"Route 66",35.1006512603,-106.691932797,2008-09-01,9,2008,0.48,0.01,3.02,0.02,0.56,0,.,.,.,0,1.14,0,3.04,0.02,0,0.01,.,0,0.06
20,"Route 66",35.1006512603,-106.691932797,2009-09-01,9,2009,1.32,0.16,5.85,0.02,0.26,0,.,.,.,0,1.18,0.02,0.26,0.7,0,0,.,0,0.09
20,"Route 66",35.1006512603,-106.691932797,2010-09-01,9,2010,0.86,0.1,7.78,0.02,0.86,0,.,.,.,0,1.81,0.01,1.77,1.24,0,0.62,.,0,0.24
20,"Route 66",35.1006512603,-106.691932797,2011-09-01,9,2011,0.62,0.09,4.95,0.02,2.16,0,.,.,.,0,1.42,0.01,2.17,0.4,0,0.01,.,0.01,0.05
20,"Route 66",35.1006512603,-106.691932797,2012-09-01,9,2012,1.09,0.09,8.38,0.02,6,0,.,.,.,0,2.9,0.01,3.94,0.23,0,1.77,.,0.01,0.26
20,"Route 66",35.1006512603,-106.691932797,2013-09-01,9,2013,0.77,1.15,4.47,0.02,0.09,0,.,.,.,0,29.55,0.15,220.35,0.03,0,0,.,0,0
20,"Route 66",35.1006512603,-106.691932797,2014-09-01,9,2014,1.25,0.26,7.16,0.19,1.03,0,.,.,.,0.01,1.4,0.03,0.03,0.02,0,0.01,.,0,0.01
20,"Route 66",35.1006512603,-106.691932797,2015-09-01,9,2015,5.25,0.38,7.48,0.12,1.54,0,.,.,.,0,9.32,0.05,53.55,0.55,0.01,0.54,.,0,0.27
20,"Route 66",35.1006512603,-106.691932797,2016-09-01,9,2016,0.48,0.47,3.24,0.01,1.78,0,.,.,.,0,3.32,0.06,19.09,0.25,0.01,0.09,0.02,0,0.02
20,"Route 66",35.1006512603,-106.691932797,2017-09-01,9,2017,2.79,0.08,17.39,0.39,3.86,0,.,.,.,0,4.34,0.06,5.34,1.25,0.01,1.02,0,0,0.13
20,"Route 66",35.1006512603,-106.691932797,2018-09-01,9,2018,2.39,0,0,0.01,0.55,0.01,.,.,.,0,2.79,0,2.02,1.7,0,7.31,1.7,0.1,1.56
20,"Route 66",35.1006512603,-106.691932797,2019-09-01,9,2019,1.19,0.32,5.24,0.03,3.62,0,.,.,.,0,1.89,0.04,0.03,0.55,0,0.23,0,0,0.1
20,"Route 66",35.1006512603,-106.691932797,2020-09-01,9,2020,9.09,0.42,6.78,0.26,4.32,0,.,.,.,0,5.62,0.06,17.46,0.27,0.01,1.46,0,0,0.23
20,"Route 66",35.1006512603,-106.691932797,2021-09-01,9,2021,5.72,0.64,11.48,0.36,5.93,0,.,.,.,0,5.18,0.08,7.48,2.18,0.02,4.09,0.02,0.01,0.82
20,"Route 66",35.1006512603,-106.691932797,2022-09-01,9,2022,2.64,0.03,5.39,0.05,1.86,3.31,.,.,.,0,2.24,0,2.18,0.16,0,0.08,0,0,0.04
20,"Route 66",35.1006512603,-106.691932797,2023-09-01,9,2023,19.78,0,12.86,1.49,14.08,0,0,0.62,0,0,15.03,0.08,34.84,2.26,0.01,20,0.48,0.01,2.96
20,"Route 66",35.1006512603,-106.691932797,2024-09-01,9,2024,1.39,.,7.33,0.2,3.71,0,0,0.11,0,0,2.48,0.01,3.62,0.77,0.01,0.38,0,0.01,0.15
20,"Route 66",35.1006512603,-106.691932797,2005-10-01,10,2005,0.95,0.33,0.02,0,0.49,0.23,.,.,.,0,0.4,0.04,0.24,.,.,.,.,.,0.05
20,"Route 66",35.1006512603,-106.691932797,2006-10-01,10,2006,8.93,1.87,0.93,0.01,4.39,0,.,.,.,0,2.87,0.24,0.72,.,.,.,.,.,0.05
20,"Route 66",35.1006512603,-106.691932797,2007-10-01,10,2007,.,.,.,.,.,.,.,.,.,.,.,.,.,.,.,.,.,.,.
20,"Route 66",35.1006512603,-106.691932797,2008-10-01,10,2008,7.31,0.67,0.97,0.01,3.19,0,.,.,.,0,2.38,0.09,1.67,0.01,0,0,.,0,0
20,"Route 66",35.1006512603,-106.691932797,2009-10-01,10,2009,10.54,5.16,10.86,0.64,4.93,0,.,.,.,0,5.24,0.67,2.7,0.11,0,0.16,.,0,0.04
20,"Route 66",35.1006512603,-106.691932797,2010-10-01,10,2010,9.84,2.08,8.56,0.01,1.82,0,.,.,.,0,3.24,0.27,0.28,0,0,1.2,.,0,0.16
20,"Route 66",35.1006512603,-106.691932797,2011-10-01,10,2011,5.62,0.46,1.4,0,2.17,0,.,.,.,0.01,9.19,0.11,56.39,0,0,0,.,0,0.02
20,"Route 66",35.1006512603,-106.691932797,2012-10-01,10,2012,9.62,1.62,12.86,0.09,15.31,0,.,.,.,0,7.11,0.21,2.4,0,0,9.54,.,0,1.24
20,"Route 66",35.1006512603,-106.691932797,2013-10-01,10,2013,6.38,0,11.25,0.02,4.12,0,.,.,.,0,3.67,0.33,2.03,0,0,0,.,0,0.01
20,"Route 66",35.1006512603,-106.691932797,2014-10-01,10,2014,8.54,2.08,9.17,0.32,5.46,0.01,.,.,.,0,3.67,0.27,0,0.02,0,0,.,0,0
20,"Route 66",35.1006512603,-106.691932797,2015-10-01,10,2015,22.25,5.02,17.01,0.04,2.86,0,.,.,.,0,8.31,0.65,5.41,0.57,0.01,0.47,.,0,1.05
20,"Route 66",35.1006512603,-106.691932797,2016-10-01,10,2016,5.77,1.86,10.32,0.09,9.16,0.01,.,.,.,0,4.7,0.24,3.24,0.02,0,4.38,0,0,0.57
20,"Route 66",35.1006512603,-106.691932797,2017-10-01,10,2017,7.85,0.87,15.77,1.47,21.54,0,.,.,.,0,52.76,0.11,342.01,4.31,0.01,11.85,0.01,0,1.54
20,"Route 66",35.1006512603,-106.691932797,2018-10-01,10,2018,10.01,5.39,2.16,0.01,2.62,4.32,.,.,.,0,7.02,0.7,9.46,0.02,1.18,1.34,0.47,0,1.71
20,"Route 66",35.1006512603,-106.691932797,2019-10-01,10,2019,9.56,0.18,2.47,0.17,5.31,0,.,.,.,0,3.39,0.02,1.47,0.25,0,5.32,0,0.23,0.8
20,"Route 66",35.1006512603,-106.691932797,2020-10-01,10,2020,25.38,0.78,15.01,0.49,17.47,0,.,.,.,0,8.39,0.17,1.2,0.17,0,0.34,0.01,0,0.07
20,"Route 66",35.1006512603,-106.691932797,2021-10-01,10,2021,11.4,1.25,10.95,1.42,12.48,0,.,.,.,0,7.08,0.16,8.39,0.89,0,4.31,0.02,0,0.68
20,"Route 66",35.1006512603,-106.691932797,2022-10-01,10,2022,13.69,1.02,9.17,0.03,6.39,0,.,.,.,0,5.06,0.13,3.32,0.17,0,0.79,0,0,0.12
20,"Route 66",35.1006512603,-106.691932797,2023-10-01,10,2023,11.11,0,11.14,0.28,18.08,0,0,0.96,0,0,6.34,0.11,7.63,0.18,0.01,0.77,0.01,0,0.11
20,"Route 66",35.1006512603,-106.691932797,2024-10-01,10,2024,3.38,.,10.32,0.1,7.79,0,0,0.32,0,0,4.41,0.04,8.86,0.32,0,0.56,0,0,0.12
20,"Route 66",35.1006512603,-106.691932797,2005-11-01,11,2005,61.31,3.85,2.46,0,19.15,0,.,.,.,0,13.01,0.5,5.54,.,.,.,.,.,0.08
20,"Route 66",35.1006512603,-106.691932797,2006-11-01,11,2006,42.08,13.39,8.54,3.01,33.46,0,.,.,.,0,15.68,1.74,7.39,.,.,.,.,.,0.01
20,"Route 66",35.1006512603,-106.691932797,2007-11-01,11,2007,35.16,12.46,13.85,0,30.85,0,.,.,.,0,14.12,1.62,0.64,0.08,0,0.17,.,0.02,0.04
20,"Route 66",35.1006512603,-106.691932797,2008-11-01,11,2008,82.39,10.08,1.78,2.39,26.62,0,.,.,.,0,17.38,1.31,3.18,0.15,0,0.24,.,0,0.05
20,"Route 66",35.1006512603,-106.691932797,2009-11-01,11,2009,44,12.46,9.46,1.48,48.62,0,.,.,.,0,17.3,1.62,0,0,0,0.08,.,0,0.01
20,"Route 66",35.1006512603,-106.691932797,2010-11-01,11,2010,59,9.34,2.08,1.49,41.39,0,.,.,.,0,17.1,1.21,2.64,0.15,0,0.01,.,0,0.02
20,"Route 66",35.1006512603,-106.691932797,2011-11-01,11,2011,69.15,8.29,9.23,2.32,23.09,0,.,.,.,0,17.41,1.08,8.15,0,1.54,0,.,0,0.26
20,"Route 66",35.1006512603,-106.691932797,2012-11-01,11,2012,56.31,12.55,9.85,7.62,50.15,0,.,.,.,0,21.47,1.63,5.02,0.01,0,3.7,.,0,0.48
20,"Route 66",35.1006512603,-106.691932797,2013-11-01,11,2013,65.54,19.31,18.17,0.78,65.54,0,.,.,.,0,23.58,2.51,4.92,0.01,0,0,.,0,0.02
20,"Route 66",35.1006512603,-106.691932797,2014-11-01,11,2014,79.38,4.94,12.77,1.61,50.46,0,.,.,.,0,19.92,0.64,1.25,0.01,0,0,.,0.02,0
20,"Route 66",35.1006512603,-106.691932797,2015-11-01,11,2015,85.69,11.85,13.17,3.7,50.62,0,.,.,.,0,24.41,1.54,7.85,0,0,0.48,.,0,0.06
20,"Route 66",35.1006512603,-106.691932797,2016-11-01,11,2016,63.08,9.15,18.38,0.85,27.86,0,.,.,.,0,18.24,1.19,3.69,0.62,0.01,1.69,0,0,0.3
20,"Route 66",35.1006512603,-106.691932797,2017-11-01,11,2017,155.54,13.16,12.79,17.69,81.85,0.01,.,.,.,0,39.58,1.71,6.01,0.18,0,0,7.47,0,1.01
20,"Route 66",35.1006512603,-106.691932797,2018-11-01,11,2018,59.08,0,10.72,11.19,51,0,.,.,.,0.01,22.05,0,2.02,0.32,0.01,0.17,0,0,0.06
20,"Route 66",35.1006512603,-106.691932797,2019-11-01,11,2019,55.77,6.85,16.71,5.02,52,0,.,.,.,0,20.79,0.89,1.16,0,0,0.38,0,0,0.05
20,"Route 66",35.1006512603,-106.691932797,2020-11-01,11,2020,155.31,7.18,27.19,10.19,63.46,0,.,.,.,0,36.84,0.93,8.17,0.02,0.01,2.09,0.08,0,0.35
20,"Route 66",35.1006512603,-106.691932797,2021-11-01,11,2021,49.92,5.31,21.54,5.43,65.26,0,.,.,.,0,24.33,0.69,10.56,0.02,0.01,7.7,0.01,0,1.06
20,"Route 66",35.1006512603,-106.691932797,2022-11-01,11,2022,78.23,6.01,15.88,8.11,56,0,.,.,.,0,28.57,0.78,8.77,0.17,0.01,1.31,0.02,0.01,0.2
20,"Route 66",35.1006512603,-106.691932797,2023-11-01,11,2023,51.38,0,10.64,2.32,44.87,0,0,0,0,0,17.1,0.67,2.55,0.02,0.01,0.4,0,0,0.06
20,"Route 66",35.1006512603,-106.691932797,2024-11-01,11,2024,34.39,.,23.63,2.94,37.38,0,0,3.09,0,0,20.15,0.4,20,0.01,0,0,0,0,0
20,"Route 66",35.1006512603,-106.691932797,2005-12-01,12,2005,42.46,5.31,1.79,0.09,8.55,11.31,.,.,.,0,9.76,0.85,1.32,.,.,.,.,.,0
20,"Route 66",35.1006512603,-106.691932797,2006-12-01,12,2006,9.77,3.08,1.92,0.01,2.32,0,.,.,.,0,2.5,0.4,0.7,.,.,.,.,.,0
20,"Route 66",35.1006512603,-106.691932797,2007-12-01,12,2007,35,4.15,3.39,0.09,5.92,0,.,.,.,0,6.8,0.54,1.77,0,0,0,.,0,0
20,"Route 66",35.1006512603,-106.691932797,2008-12-01,12,2008,26.92,3.09,2.01,0.17,2,0,.,.,.,0,5.31,0.4,6.01,0.08,0,0,.,0,0.01
20,"Route 66",35.1006512603,-106.691932797,2009-12-01,12,2009,58.98,5.24,10.27,0.38,17.36,2.49,.,.,.,0,12.89,0.68,0.43,0,0,0.02,.,0.18,0.03
20,"Route 66",35.1006512603,-106.691932797,2010-12-01,12,2010,47.84,11.55,21.63,2.55,19.08,0,.,.,.,0,14.89,1.5,4.63,0.01,0,0.46,.,0,0.81
20,"Route 66",35.1006512603,-106.691932797,2011-12-01,12,2011,127.08,17.48,4.79,2.72,34.54,0,.,.,.,0,28.11,2.27,10.08,0.55,0,0.77,.,0,0.17
20,"Route 66",35.1006512603,-106.691932797,2012-12-01,12,2012,79.39,7.56,6.65,5.25,9.32,0,.,.,.,0,16.6,0.98,14.62,0,0,1.56,.,0,0.2
20,"Route 66",35.1006512603,-106.691932797,2013-12-01,12,2013,33.67,3.52,8.14,3.19,5.47,0,.,.,.,0,8.74,0.46,5.42,0,0,0,.,0,0.06
20,"Route 66",35.1006512603,-106.691932797,2014-12-01,12,2014,22.62,14,0,2.63,36.46,0.79,.,.,.,0.39,10.83,1.82,4.79,0.03,0.01,0.02,.,0,0.03
20,"Route 66",35.1006512603,-106.691932797,2015-12-01,12,2015,33.77,2.24,17.92,3.32,60.32,0,.,.,.,0,17.52,0.29,14.93,0.01,0,0.23,.,0,0.03
20,"Route 66",35.1006512603,-106.691932797,2016-12-01,12,2016,89.85,7.72,14.41,10.55,77.24,0,.,.,.,0,29.11,1.44,10.09,0.03,0.01,4.17,0.01,0,0.55
20,"Route 66",35.1006512603,-106.691932797,2017-12-01,12,2017,28.08,1.85,5.01,0.62,17.23,1.85,.,.,.,0,7.31,0.24,0.62,0,0,0,0,0,0
20,"Route 66",35.1006512603,-106.691932797,2018-12-01,12,2018,63.69,3.71,16.33,4.72,36.01,0,.,.,.,0,18.76,0.48,8,0.38,0,2.16,0,0,0.33
20,"Route 66",35.1006512603,-106.691932797,2019-12-01,12,2019,72.93,4.26,35.69,7.03,3.17,0,.,.,.,0,17.03,0.55,2.85,0.24,0.01,0.47,0,0,0.1
20,"Route 66",35.1006512603,-106.691932797,2020-12-01,12,2020,55.73,4.3,7.87,0.22,8.21,0,.,.,.,0,11.01,0.56,2.68,0.01,0.01,0.04,0,0,0.08
20,"Route 66",35.1006512603,-106.691932797,2021-12-01,12,2021,47.54,3.79,19.4,6.41,25.86,0,.,.,.,0,14.41,0.49,4.33,0.08,0,0.94,0,0,0.13
20,"Route 66",35.1006512603,-106.691932797,2022-12-01,12,2022,20.84,1.62,11.1,5.57,15.54,0,.,.,.,0,7.48,0.21,1.87,0,0.01,0.24,0.01,0,0.03
20,"Route 66",35.1006512603,-106.691932797,2023-12-01,12,2023,55.54,0.01,12.55,8.79,24.54,0,0.01,2.7,0,0,14.9,0.35,6.12,0.02,0,1.78,0,0,0.24
20,"Route 66",35.1006512603,-106.691932797,2024-12-01,12,2024,48.77,.,6.71,9.17,43.16,0,0.01,2.08,0,0,16.55,0.27,11.39,0.03,0,0.01,0.02,0,0.01
21,"Badger",35.1955715759,-106.641632737,2007-01-01,1,2007,55.38,0,0,0,0,0,.,.,.,0,11.77,0,33.92,.,.,.,.,.,0.09
21,"Badger",35.1955715759,-106.641632737,2008-01-01,1,2008,27.01,0.24,0.01,0,0,0,.,.,.,0,14.88,0.03,87.25,0.01,0,0,.,0,0
21,"Badger",35.1955715759,-106.641632737,2009-01-01,1,2009,55.78,0.02,0.01,0.01,0.03,0,.,.,.,0,8.12,0,4.86,0.02,0,0,.,0,0
21,"Badger",35.1955715759,-106.641632737,2010-01-01,1,2010,21.77,0.09,0,0,0.08,0,.,.,.,0.16,3.04,0.01,1.09,0.01,0,0,.,0,0
21,"Badger",35.1955715759,-106.641632737,2011-01-01,1,2011,55.23,0.02,0,0,0.56,0,.,.,.,0.31,7.83,0,3.47,0.02,0.01,0,.,0,0
21,"Badger",35.1955715759,-106.641632737,2012-01-01,1,2012,34.92,0.01,0,0,0.92,0,.,.,.,0.06,4.78,0,0.25,0.02,0,0,.,0,0
21,"Badger",35.1955715759,-106.641632737,2013-01-01,1,2013,71.46,2.92,0,0.31,4.69,0,.,.,.,0,11.74,0.38,10.38,0,0.08,0,.,0,0.01
21,"Badger",35.1955715759,-106.641632737,2014-01-01,1,2014,76.46,0.26,0,0,0.36,0,.,.,.,0.02,10.66,0.03,3.18,0.05,0,0,.,0,0.01
21,"Badger",35.1955715759,-106.641632737,2015-01-01,1,2015,29,0.02,0.01,0.01,0.33,0,.,.,.,0,4.72,0,5.86,0.42,0,0,.,0,0.06
21,"Badger",35.1955715759,-106.641632737,2016-01-01,1,2016,62.77,0.48,0,0,4.19,0,.,.,.,0,9.06,0.06,1.56,0.01,0.01,0,.,0,0
21,"Badger",35.1955715759,-106.641632737,2017-01-01,1,2017,18.55,0,0,0,0.2,0,.,.,.,0.01,2.64,0,0.77,0.01,0,0,0,0,0
21,"Badger",35.1955715759,-106.641632737,2018-01-01,1,2018,45.16,0.33,0,0,0.47,0,.,.,.,0,6.98,0.04,6.31,0.32,0,0,0,0,0.04
21,"Badger",35.1955715759,-106.641632737,2019-01-01,1,2019,6.94,0.24,0,0,0,0,.,.,.,0.01,0.95,0.03,0.01,0.17,0,0,0,0,0.02
21,"Badger",35.1955715759,-106.641632737,2020-01-01,1,2020,85.64,21.47,0,0,0.09,0.79,.,.,.,0.52,23.32,2.79,63.16,0.63,0.52,0,0,0,0.13
21,"Badger",35.1955715759,-106.641632737,2021-01-01,1,2021,40.23,1.24,0,0,0.24,0,.,.,.,0.01,5.99,0.16,2.96,0.01,0.15,0,0,0,0.09
21,"Badger",35.1955715759,-106.641632737,2022-01-01,1,2022,16.16,0.51,0,0,0.01,0,.,.,.,0,2.56,0.07,0.32,0.02,0.01,0,0,0,0.23
21,"Badger",35.1955715759,-106.641632737,2023-01-01,1,2023,33,.,0,0.09,0.02,0,.,.,0,0,5.97,0.1,10.85,0.11,0.09,0.15,0,0,0.08
21,"Badger",35.1955715759,-106.641632737,2024-01-01,1,2024,36.54,.,0,0.01,0,0,0,0.62,0,0.48,5.14,0.08,0.79,0.2,0.15,0,0,0,0.05
21,"Badger",35.1955715759,-106.641632737,2007-02-01,2,2007,31,0.08,0,0,0,0,.,.,.,0,4.21,0.01,0.86,.,.,.,.,.,0
21,"Badger",35.1955715759,-106.641632737,2008-02-01,2,2008,44.93,0.09,0.32,0,0,0,.,.,.,0,7.09,0.01,8.82,0.03,0,0.01,.,0,0
21,"Badger",35.1955715759,-106.641632737,2009-02-01,2,2009,89.84,0.04,1.06,0,0.37,0,.,.,.,0,12.28,0.01,2.15,0.17,0,0,.,0,0.03
21,"Badger",35.1955715759,-106.641632737,2010-02-01,2,2010,163.92,0.4,0.02,0,2.71,0,.,.,.,0.03,22.04,0.05,1.1,0.08,0,0,.,0,0.02
21,"Badger",35.1955715759,-106.641632737,2011-02-01,2,2011,34.08,0.02,0,0,0.1,0,.,.,.,0.01,4.51,0,0.32,0.02,0,0,.,0,0
21,"Badger",35.1955715759,-106.641632737,2012-02-01,2,2012,29.92,0.03,0,0,0.79,0,.,.,.,0,4.14,0,0.25,0.01,0.01,0,.,0,0.04
21,"Badger",35.1955715759,-106.641632737,2013-02-01,2,2013,77.85,0.15,0,0.01,3.08,0,.,.,.,0,11.64,0.07,6.46,0,0,0,.,0,0
21,"Badger",35.1955715759,-106.641632737,2014-02-01,2,2014,48.93,0.33,0.02,0,0.27,0,.,.,.,0.01,8.18,0.04,12.87,0.01,0,0,.,0,0.01
21,"Badger",35.1955715759,-106.641632737,2015-02-01,2,2015,32.15,0.05,0,0.01,0.39,0,.,.,.,0,4.46,0.01,1.25,0.06,0,0,.,0,0.01
21,"Badger",35.1955715759,-106.641632737,2016-02-01,2,2016,85.23,0.03,0.02,0,5.95,0,.,.,.,0,20.27,0,63.39,0.02,0,0,.,0,0.03
21,"Badger",35.1955715759,-106.641632737,2017-02-01,2,2017,20.34,0,0,0,0.03,0,.,.,.,0,3.03,0,2.58,0.01,0,0,0,0,0
21,"Badger",35.1955715759,-106.641632737,2018-02-01,2,2018,71.93,0.94,0.02,0,0.03,0,.,.,.,0,11.54,0.12,15.25,0.01,0,0,0,0,0
21,"Badger",35.1955715759,-106.641632737,2019-02-01,2,2019,9.4,0.16,0,0,0.01,0,.,.,.,0,1.34,0.02,0.57,0.02,0,0,0,0,0
21,"Badger",35.1955715759,-106.641632737,2020-02-01,2,2020,11.78,0.86,0,0,0,0.17,.,.,.,0,1.96,0.11,0.78,0.19,0.4,0,0,0,0.13
21,"Badger",35.1955715759,-106.641632737,2021-02-01,2,2021,13.08,0.78,0,0,0,0,.,.,.,0.01,2.54,0.1,5.23,0.01,0,0,0,0,0
21,"Badger",35.1955715759,-106.641632737,2022-02-01,2,2022,25.08,0.96,0,0,0.01,0,.,.,.,0,36.43,0.12,251.66,0.02,0,0,0.01,0,0.1
21,"Badger",35.1955715759,-106.641632737,2023-02-01,2,2023,11.15,.,0,0,0.16,0,.,.,0,0.01,2.52,0,7.08,0.23,0.01,0,0,0,0.09
21,"Badger",35.1955715759,-106.641632737,2024-02-01,2,2024,9.31,.,0.01,0,0.08,0,0,0.94,0,0.02,1.91,0.12,3.08,0.05,0.01,0.01,0,0,0.01
21,"Badger",35.1955715759,-106.641632737,2007-03-01,3,2007,20,0.02,0,0,0.02,0.02,.,.,.,0,13.02,0,79.85,.,.,.,.,.,0
21,"Badger",35.1955715759,-106.641632737,2008-03-01,3,2008,43.78,0.11,0.09,0.01,0.09,0,.,.,.,0,6.7,0.01,5.09,0.92,0,0,.,0,0.12
21,"Badger",35.1955715759,-106.641632737,2009-03-01,3,2009,51.31,0.02,0.01,0,0,0,.,.,.,0,7.22,0,3.24,0,0,0,.,0,0
21,"Badger",35.1955715759,-106.641632737,2010-03-01,3,2010,61,0.09,0.01,0,0.18,0,.,.,.,0.4,8.33,0.01,1.4,0.01,0,0,.,0,0.07
21,"Badger",35.1955715759,-106.641632737,2011-03-01,3,2011,115.39,0.04,0,0,1.1,0,.,.,.,0.1,16.38,0,8.64,0.02,0,0,.,0,0
21,"Badger",35.1955715759,-106.641632737,2012-03-01,3,2012,32.16,1.79,0.01,0,0.39,0,.,.,.,0,5.46,0.23,5.72,0.17,0,0,.,0,0.14
21,"Badger",35.1955715759,-106.641632737,2013-03-01,3,2013,32.08,0.02,0,0,1.15,0,.,.,.,0,4.43,0,0.01,0.01,0,0,.,0,0.04
21,"Badger",35.1955715759,-106.641632737,2014-03-01,3,2014,45.56,0.03,0.02,0,0.38,0,.,.,.,0.01,8.01,0,13.8,0.11,0,0,.,0,0.07
21,"Badger",35.1955715759,-106.641632737,2015-03-01,3,2015,47.69,0.51,0.01,0,0.5,0,.,.,.,0,7.31,0.07,3.4,0.88,0,0,.,0,0.41
21,"Badger",35.1955715759,-106.641632737,2016-03-01,3,2016,37.7,0.02,0,0,0.05,0,.,.,.,0,5.24,0,0.72,0.02,0,0,.,0,0.17
21,"Badger",35.1955715759,-106.641632737,2017-03-01,3,2017,22.61,0.02,0.1,0,0.03,0,.,.,.,0,4.01,0,5.04,0.38,0,0,0.03,0,0.1
21,"Badger",35.1955715759,-106.641632737,2018-03-01,3,2018,8.46,0.15,0,0,0,0,.,.,.,0,3.27,0.02,14.39,0.09,0,0,0,0,0.01
21,"Badger",35.1955715759,-106.641632737,2019-03-01,3,2019,4.1,0.31,0.01,0.02,0.01,0,.,.,.,0,1.69,0.04,7.85,0.24,0,0.15,0,0,0.05
21,"Badger",35.1955715759,-106.641632737,2020-03-01,3,2020,2.4,1.32,0,0,0,0,.,.,.,0.02,1.44,0.17,0.02,0.12,0.01,0,0,0,0.13
21,"Badger",35.1955715759,-106.641632737,2021-03-01,3,2021,15.47,0.62,0,0,0,0,.,.,.,0.01,2.32,0.08,0.62,0.02,0.01,0,0,0,0.01
21,"Badger",35.1955715759,-106.641632737,2022-03-01,3,2022,22.87,0.39,0,0,0.01,0,.,.,.,0,4.23,0.05,4.49,0.03,0.01,0,0.02,0,0.04
21,"Badger",35.1955715759,-106.641632737,2023-03-01,3,2023,11,.,0.08,0,0.15,0,.,.,0,0.09,2.79,0.03,3.55,0.48,0.15,0,0.02,0,0.44
21,"Badger",35.1955715759,-106.641632737,2024-03-01,3,2024,14.96,.,0,0,0,0,0.01,1.32,0,0.09,2.69,0.17,2.09,0.48,0.38,0,0.02,0,0.13
21,"Badger",35.1955715759,-106.641632737,2007-04-01,4,2007,8.31,0.02,0.02,0,0.01,0,.,.,.,0,3.01,0,9.02,5.39,0,0,.,0,0.74
21,"Badger",35.1955715759,-106.641632737,2008-04-01,4,2008,9.31,0.02,0.02,0,0,0,.,.,.,0,1.24,0,0.01,0.04,0,0,.,0,0.01
21,"Badger",35.1955715759,-106.641632737,2009-04-01,4,2009,106.93,0,0.01,0.01,0.03,0,.,.,.,0,28.07,0,107.78,0.44,0,0,.,0,0.07
21,"Badger",35.1955715759,-106.641632737,2010-04-01,4,2010,117,0.16,0,0,1.72,0.71,.,.,.,0,18.51,0.02,3.02,15.38,0,0,.,0,2.49
21,"Badger",35.1955715759,-106.641632737,2011-04-01,4,2011,64.96,0,0.04,0,0,0,.,.,.,0,11.22,0,2.41,16.5,0.43,0,.,0,2.29
21,"Badger",35.1955715759,-106.641632737,2012-04-01,4,2012,4.55,0.02,0,0,0.12,0,.,.,.,0,2.82,0,2.56,8.62,0.01,0,.,0,1.8
21,"Badger",35.1955715759,-106.641632737,2013-04-01,4,2013,23.61,0.02,0,0,0.26,0.02,.,.,.,0,4.43,0,3.32,2.96,0,0,.,0,0.7
21,"Badger",35.1955715759,-106.641632737,2014-04-01,4,2014,19.46,0.02,0,0,0.04,0,.,.,.,0,5.27,0,4.02,4.17,0,0,.,0,1.87
21,"Badger",35.1955715759,-106.641632737,2015-04-01,4,2015,53.08,0.09,0.01,0,0.03,0.02,.,.,.,0,11.06,0.01,1.4,10,0,0.01,.,0,3.82
21,"Badger",35.1955715759,-106.641632737,2016-04-01,4,2016,103.69,0.16,0.31,0,0.43,0,.,.,.,0,18.8,0.02,3.56,16.92,0.38,0,.,0,2.31
21,"Badger",35.1955715759,-106.641632737,2017-04-01,4,2017,8.98,0.03,0,0,0.28,0,.,.,.,0,3.62,0,4.21,9.33,0,0,3.16,0,0.41
21,"Badger",35.1955715759,-106.641632737,2018-04-01,4,2018,0.01,0.01,0.01,0.01,0.01,0,.,.,.,0,2.86,0,11.02,2.02,0,0,0,0,0.26
21,"Badger",35.1955715759,-106.641632737,2019-04-01,4,2019,2.62,0.02,0.01,0,0.01,0,.,.,.,0,1.61,0,5.56,3.64,0,0,0.02,0,0.48
21,"Badger",35.1955715759,-106.641632737,2020-04-01,4,2020,16.46,0.03,0,0,0,0.01,.,.,.,0.01,6.29,0,0.95,29.31,0,0,0.07,0,3.82
21,"Badger",35.1955715759,-106.641632737,2021-04-01,4,2021,11.69,0.02,0,0.02,0,0,.,.,.,0,1.83,0,0.28,1.17,0.09,0,0.03,0,0.17
21,"Badger",35.1955715759,-106.641632737,2022-04-01,4,2022,9.49,0.63,0.09,0,0.09,0,.,.,.,0,3,0.08,3.02,7,0.01,0,0.1,0,0.94
21,"Badger",35.1955715759,-106.641632737,2023-04-01,4,2023,5.1,.,0,0,0.24,0,.,.,0,0,1.51,0.09,1.03,1.55,0.01,0,0.04,0,0.26
21,"Badger",35.1955715759,-106.641632737,2024-04-01,4,2024,4.81,.,0,0,0.04,0,0,0.62,0,0.02,1.59,0.08,2.02,3.62,0.08,0,0.18,0,0.51
21,"Badger",35.1955715759,-106.641632737,2007-05-01,5,2007,19.93,0.26,0,0,0.02,0,.,.,.,0,4.98,0.03,2.01,12.1,0,0,.,0,1.64
21,"Badger",35.1955715759,-106.641632737,2008-05-01,5,2008,10.77,0.01,0,0,0.09,0.01,.,.,.,0,11.06,0,19.49,10.34,0.09,0,.,0,4.46
21,"Badger",35.1955715759,-106.641632737,2009-05-01,5,2009,197.18,0.03,0,0,6.05,0.01,.,.,.,0,42.68,0,37.07,36.67,0,0,.,0,6.89
21,"Badger",35.1955715759,-106.641632737,2010-05-01,5,2010,48.39,0.62,0,0,0.36,0,.,.,.,0,11.68,0.08,13.77,20.77,0.86,0,.,0,3.06
21,"Badger",35.1955715759,-106.641632737,2011-05-01,5,2011,24.54,0.71,0.01,0,0.02,0,.,.,.,0.02,6.58,0.09,3.87,20.54,0.23,0,.,0,2.7
21,"Badger",35.1955715759,-106.641632737,2012-05-01,5,2012,10.46,0.02,0.02,0,0.26,0,.,.,.,0,16.99,0,100.87,16.85,0.94,0,.,0,2.34
21,"Badger",35.1955715759,-106.641632737,2013-05-01,5,2013,45.01,0.25,0,0,1.4,0.01,.,.,.,0,11.34,0.03,4.17,32.85,0.47,0,.,0,4.41
21,"Badger",35.1955715759,-106.641632737,2014-05-01,5,2014,3.33,0.11,0,0,2.48,0,.,.,.,0,8.27,0.01,34.39,21.46,0.09,0,.,0,2.85
21,"Badger",35.1955715759,-106.641632737,2015-05-01,5,2015,133.46,3.09,0,0,0.02,0,.,.,.,0,107.11,0.4,665.86,16.31,0.63,0,.,0,2.26
21,"Badger",35.1955715759,-106.641632737,2016-05-01,5,2016,42.69,0.01,0.09,0.01,0.64,0,.,.,.,0,9.5,0,7.02,19,0.16,0,.,0,0.29
21,"Badger",35.1955715759,-106.641632737,2017-05-01,5,2017,8.39,0,0.12,0,0.58,0,.,.,.,0,5.39,0,9.02,20.31,0.17,0.31,0.07,0,0.07
21,"Badger",35.1955715759,-106.641632737,2018-05-01,5,2018,0.19,0.01,0.01,0,0,0,.,.,.,0,5.39,0,5.16,26.85,0.55,0,0.01,0,3.56
21,"Badger",35.1955715759,-106.641632737,2019-05-01,5,2019,1.37,0.35,0,0,0,0,.,.,.,0,3.76,0.05,4.86,15.16,0.57,0,0.02,0,2.25
21,"Badger",35.1955715759,-106.641632737,2020-05-01,5,2020,4.86,0.57,0,0,0.02,0,.,.,.,0,6.02,0.07,18.79,18.31,2.08,0,0.02,0,2.69
21,"Badger",35.1955715759,-106.641632737,2021-05-01,5,2021,4.08,0.09,0.01,0.02,0.02,0,.,.,.,0,5.35,0.01,1.42,34.92,0.15,0,0.01,0,4.56
21,"Badger",35.1955715759,-106.641632737,2022-05-01,5,2022,7.31,0.4,0,0.01,0.02,0,.,.,.,0,6.11,0.05,4.85,32.62,1.15,0,0,0,4.39
21,"Badger",35.1955715759,-106.641632737,2023-05-01,5,2023,6.92,0,0.01,0,0.28,0.01,0,0,0,0,8.11,0,8.16,45.23,0,0,0.2,0,5.91
21,"Badger",35.1955715759,-106.641632737,2024-05-01,5,2024,3.15,.,0,0,0.05,0.01,0,0.55,0,0,7.72,0.07,20.63,20.31,3.02,0,0.05,7.31,3.99
21,"Badger",35.1955715759,-106.641632737,2007-06-01,6,2007,20.31,0,0.01,0,0.01,0,.,.,.,0,11.15,0,35.69,20.69,1.85,0,.,0,3.87
21,"Badger",35.1955715759,-106.641632737,2008-06-01,6,2008,15.08,0.01,0.08,0,0,0.01,.,.,.,0,3.61,0,1.65,6.48,3.15,0,.,0,1.34
21,"Badger",35.1955715759,-106.641632737,2009-06-01,6,2009,9.1,0,0.01,0.01,0,0,.,.,.,0,3.69,0,4.71,11.79,1.15,0,.,0,1.69
21,"Badger",35.1955715759,-106.641632737,2010-06-01,6,2010,17.54,0.02,0,0,0.06,0,.,.,.,0,4.41,0,2.57,8.7,3.71,0,.,0,1.62
21,"Badger",35.1955715759,-106.641632737,2011-06-01,6,2011,12.85,0,0,0,0.01,0,.,.,.,0,5.6,0,1.09,28.69,0,0,.,0,3.73
21,"Badger",35.1955715759,-106.641632737,2012-06-01,6,2012,8.85,0,0.02,0.02,0.73,0.01,.,.,.,0,4.18,0,0.01,20.77,0,0,.,0,2.73
21,"Badger",35.1955715759,-106.641632737,2013-06-01,6,2013,12.99,0.95,0,0.01,0.72,0,.,.,.,0,4.73,0.12,3.88,15.47,0,0,.,0,2.01
21,"Badger",35.1955715759,-106.641632737,2014-06-01,6,2014,16.47,0,0,0,0.01,0,.,.,.,0,4.46,0,0.01,15.24,0,0.01,.,0,1.98
21,"Badger",35.1955715759,-106.641632737,2015-06-01,6,2015,7.39,0.03,0,0,0.19,0,.,.,.,0.08,3.07,0,6.32,5.78,1.31,0,.,0,0.92
21,"Badger",35.1955715759,-106.641632737,2016-06-01,6,2016,9,0.02,0,0,1.96,0,.,.,.,0,4.99,0,8.93,17.15,0.39,0,0.01,0,0.08
21,"Badger",35.1955715759,-106.641632737,2017-06-01,6,2017,8.46,0.02,0,0,0.88,0.01,.,.,.,0,3.4,0,3.96,10.08,1.17,0,0.02,0,0.19
21,"Badger",35.1955715759,-106.641632737,2018-06-01,6,2018,0,0.11,0,0.01,0,0,.,.,.,0,2.81,0.01,6.69,6.47,2.23,0,0.01,0,1.14
21,"Badger",35.1955715759,-106.641632737,2019-06-01,6,2019,0.13,0.03,0,0,0.09,0,.,.,.,0,1.1,0,1.55,4.79,0.1,0,0,0,0.78
21,"Badger",35.1955715759,-106.641632737,2020-06-01,6,2020,8.56,0.33,0,0.01,0,0,.,.,.,0,7.5,0.04,22.09,15.46,6.09,0,0,0,3.17
21,"Badger",35.1955715759,-106.641632737,2021-06-01,6,2021,76.54,9.48,0,0.01,0.42,0,.,.,.,0.08,25.33,1.23,76.23,24.08,5.24,0,0,0,3.83
21,"Badger",35.1955715759,-106.641632737,2022-06-01,6,2022,4.25,0.78,0,0.01,0.1,0,.,.,.,0.01,2.69,0.1,1.85,8,4.85,0,0,0,1.67
21,"Badger",35.1955715759,-106.641632737,2023-06-01,6,2023,7.01,0,0,0,0.12,0,0,0.1,0,0,11.23,0.01,62.94,12.62,3.08,0,0,0,2.04
21,"Badger",35.1955715759,-106.641632737,2024-06-01,6,2024,7.85,.,0,0,0.62,0,0.01,0.17,0,0,6.33,0.02,4.7,28.08,6.32,0,0,0,4.47
21,"Badger",35.1955715759,-106.641632737,2007-07-01,7,2007,19.46,0.71,0,0,0,0.69,.,.,.,0,5.46,0.09,4.25,4.54,0,0,.,0,0.74
21,"Badger",35.1955715759,-106.641632737,2008-07-01,7,2008,10.46,0.09,0,0,0.01,0,.,.,.,0,3.55,0.01,1.32,10,0,0,.,0,1.78
21,"Badger",35.1955715759,-106.641632737,2009-07-01,7,2009,3.02,0.02,0,0,0.01,0,.,.,.,0,5.14,0,1.42,34.15,0,0,.,0,4.44
21,"Badger",35.1955715759,-106.641632737,2010-07-01,7,2010,22.31,0.03,0,0,0.03,0,.,.,.,0,7.71,0,5.15,26.07,0,0,.,0,3.62
21,"Badger",35.1955715759,-106.641632737,2011-07-01,7,2011,6.08,0,0.02,0,0.26,0,.,.,.,0,3.29,0,1.25,17.15,0,0,.,0,2.23
21,"Badger",35.1955715759,-106.641632737,2012-07-01,7,2012,2.86,0.55,0,0,0.22,0,.,.,.,0,2.73,0.07,0.39,10,1.17,0,.,0,1.65
21,"Badger",35.1955715759,-106.641632737,2013-07-01,7,2013,7.62,0.16,0,0,0.1,0,.,.,.,0,3.43,0.04,0.85,10.62,6.77,0,.,0,2.26
21,"Badger",35.1955715759,-106.641632737,2014-07-01,7,2014,4.4,0.11,0,0.01,0.05,0,.,.,.,0,2.78,0.01,0,15.46,0,0,.,0,2.01
21,"Badger",35.1955715759,-106.641632737,2015-07-01,7,2015,19.69,0,0,0,0.42,0,.,.,.,0,16.15,0,49.86,37,0,0,.,0,6.9
21,"Badger",35.1955715759,-106.641632737,2016-07-01,7,2016,3.85,0.08,0,0,1.54,0.04,.,.,.,0,6.75,0.01,2.35,24.62,0.77,0,0,0,1.2
21,"Badger",35.1955715759,-106.641632737,2017-07-01,7,2017,9.62,0.34,0.56,0,0.09,0,.,.,.,0,3.65,0.04,4.24,11.63,0.24,0,0,0,0.03
21,"Badger",35.1955715759,-106.641632737,2018-07-01,7,2018,1.64,0.32,0,0,0,0.01,.,.,.,0.01,3.09,0.04,7.77,12.62,0.02,0,0,0,1.67
21,"Badger",35.1955715759,-106.641632737,2019-07-01,7,2019,1.51,1.02,0.01,0.01,0.01,0,.,.,.,0,1.62,0.16,2.04,3.81,1.25,0,0,0,0.76
21,"Badger",35.1955715759,-106.641632737,2020-07-01,7,2020,3.03,1.41,0,0,0.01,0,.,.,.,0.01,2.69,0.18,7.5,5.86,1.62,0,0,0,1
21,"Badger",35.1955715759,-106.641632737,2021-07-01,7,2021,10.39,2.95,0,0,0.02,0,.,.,.,0,17.19,0.38,92.55,24,1.7,0,0,0,3.34
21,"Badger",35.1955715759,-106.641632737,2022-07-01,7,2022,2.24,0.77,0.01,0,0,0,.,.,.,0.01,2.85,0.1,2.62,4.16,0.71,0,0,0,0.63
21,"Badger",35.1955715759,-106.641632737,2023-07-01,7,2023,6.19,0,0,0,0.02,0,0,0.04,0,0,7.65,0,0.5,49.07,1.41,0,0,0,6.56
21,"Badger",35.1955715759,-106.641632737,2024-07-01,7,2024,1.15,.,0.17,0,0.02,0,0,0.94,0,0,3.84,0.11,2.5,23.33,0.95,0,0,0,2.84
21,"Badger",35.1955715759,-106.641632737,2007-08-01,8,2007,2.01,0.25,0.08,0,0.02,0.01,.,.,.,0,1.31,0.03,0.4,6.32,0.85,0,.,0,0.93
21,"Badger",35.1955715759,-106.641632737,2008-08-01,8,2008,6.85,0.08,0.38,0,0.25,0,.,.,.,0,1.38,0.01,1.24,0.16,0.15,0,.,0,0.09
21,"Badger",35.1955715759,-106.641632737,2009-08-01,8,2009,1.86,0.32,0.01,0,0.11,0,.,.,.,0,0.67,0.04,1.03,1.1,0.09,0,.,0,0.18
21,"Badger",35.1955715759,-106.641632737,2010-08-01,8,2010,1.96,0.77,0.01,0,0.26,0,.,.,.,0,0.91,0.1,1.27,0.94,0.78,0,.,0,0.29
21,"Badger",35.1955715759,-106.641632737,2011-08-01,8,2011,1.72,0.32,0.02,0.01,0.49,0,.,.,.,0,0.8,0.04,0.36,0.65,0.09,0,.,0.46,0.26
21,"Badger",35.1955715759,-106.641632737,2012-08-01,8,2012,2.71,1.32,0,0,0.71,0,.,.,.,0,2.86,0.17,13,0.47,1.01,0,.,0,0.49
21,"Badger",35.1955715759,-106.641632737,2013-08-01,8,2013,15.31,1.57,0,0,0,0,.,.,.,0,7.24,0.2,29.54,5.31,0,0,.,0,0.69
21,"Badger",35.1955715759,-106.641632737,2014-08-01,8,2014,0.35,0.17,0.01,0,0.05,0.01,.,.,.,0,0.39,0.02,0.09,1.39,0.01,0,.,0,0.18
21,"Badger",35.1955715759,-106.641632737,2015-08-01,8,2015,2.77,0.1,0,0,2.02,0,.,.,.,0,2.35,0.01,3.88,6.94,0,0,.,0,1.12
21,"Badger",35.1955715759,-106.641632737,2016-08-01,8,2016,3.1,0.93,0,0,6.62,0,.,.,.,0,1.82,0.12,0.19,2.26,0.7,0,0.01,0,0.09
21,"Badger",35.1955715759,-106.641632737,2017-08-01,8,2017,10.24,1,0.02,0,0,0,.,.,.,0,1.95,0.13,1.63,0.4,0.09,0,0,0,0.01
21,"Badger",35.1955715759,-106.641632737,2018-08-01,8,2018,2.25,2.01,0,0,0.02,0,.,.,.,0,1.61,0.26,6.15,0.05,0,0,0,0,0.01
21,"Badger",35.1955715759,-106.641632737,2019-08-01,8,2019,2.11,1.25,0.01,0,0,0,.,.,.,0.02,0.72,0.16,0.3,0.36,0.39,0,0,0,0.1
21,"Badger",35.1955715759,-106.641632737,2020-08-01,8,2020,2.41,0.85,0,0,0.02,0,.,.,.,0,1.57,0.11,5.09,0.01,0.38,0,0.01,0,0.11
21,"Badger",35.1955715759,-106.641632737,2021-08-01,8,2021,1.77,1.01,0.01,0,0.04,0,.,.,.,0,1.03,0.13,1.09,3.4,0.16,0,0,0,0.47
21,"Badger",35.1955715759,-106.641632737,2022-08-01,8,2022,1.55,1.02,0,0,0,0,.,.,.,0,0.68,0.13,1.04,0.51,0.46,0,0,0,0.15
21,"Badger",35.1955715759,-106.641632737,2023-08-01,8,2023,2.55,0.01,0,0,0.2,0,0.01,1.01,0,0.01,2.87,0.13,1.27,15.62,1.08,0,0,0,2.18
21,"Badger",35.1955715759,-106.641632737,2024-08-01,8,2024,0.31,.,0,0,0,0,0,3.54,0,0,1.01,0.46,0.77,1.16,0.62,0,0,0.08,0.24
21,"Badger",35.1955715759,-106.641632737,2007-09-01,9,2007,1.18,0.19,0,0,0.02,0,.,.,.,0,0.63,0.02,1.02,0.09,0.02,0.01,.,0,0.06
21,"Badger",35.1955715759,-106.641632737,2008-09-01,9,2008,4.86,0.02,0.15,0,0.02,0,.,.,.,0,1.56,0,2.39,0.01,0,0,.,0,0
21,"Badger",35.1955715759,-106.641632737,2009-09-01,9,2009,2.86,0.38,0.01,0.02,1.02,0,.,.,.,0,1.12,0.05,0.88,0.1,0.01,0,.,0,0.39
21,"Badger",35.1955715759,-106.641632737,2010-09-01,9,2010,1.17,1.08,0,0.01,0.79,0,.,.,.,0,0.59,0.14,0.17,0.33,0.71,0,.,0,0.14
21,"Badger",35.1955715759,-106.641632737,2011-09-01,9,2011,15.24,2.94,0,0,2.79,0,.,.,.,0,2.96,0.38,1.03,0.19,0.02,0,.,0,0.03
21,"Badger",35.1955715759,-106.641632737,2012-09-01,9,2012,1.33,0.01,0.17,0,1.94,0.01,.,.,.,0,0.84,0.16,1.06,0.01,0.08,0.01,.,0,0.01
21,"Badger",35.1955715759,-106.641632737,2013-09-01,9,2013,0.89,1.33,0,0,0,0,.,.,.,0,0.47,0.17,0.59,0.01,0,0,.,0,0
21,"Badger",35.1955715759,-106.641632737,2014-09-01,9,2014,0.8,0.32,0.16,0,0.36,0,.,.,.,0,0.3,0.04,0.04,0.03,0.01,0,.,0,0
21,"Badger",35.1955715759,-106.641632737,2015-09-01,9,2015,1.96,0.02,0,0.01,0.37,0,.,.,.,0,0.43,0,0.05,0.36,0,0,.,0,0.05
21,"Badger",35.1955715759,-106.641632737,2016-09-01,9,2016,0.72,0.88,0,0,1.03,0.46,.,.,.,0,0.57,0.11,0.27,0.55,0.01,0,0,0,0.07
21,"Badger",35.1955715759,-106.641632737,2017-09-01,9,2017,1.48,0.01,0,0,4.47,0,.,.,.,0,5.26,0.13,33.26,0.02,0.02,0,0,0,0
21,"Badger",35.1955715759,-106.641632737,2018-09-01,9,2018,3.32,1.85,0,0,0.01,0,.,.,.,0.02,0.74,0.24,0.04,0.02,0,0,0,0,0
21,"Badger",35.1955715759,-106.641632737,2019-09-01,9,2019,0.72,1.25,0,0,0,0,.,.,.,0,0.49,0.16,0.42,0.15,0,0,0,0,0.02
21,"Badger",35.1955715759,-106.641632737,2021-09-01,9,2021,1.71,2.02,0.23,0,0.02,0,.,.,.,0.01,0.82,0.26,1.39,0.09,0.02,0,0,0,0.02
21,"Badger",35.1955715759,-106.641632737,2022-09-01,9,2022,1.8,1.46,0,0,0.08,0,.,.,.,0.01,4.29,0.19,28.01,0.33,0.09,0,0,0,0.13
21,"Badger",35.1955715759,-106.641632737,2023-09-01,9,2023,0.93,0,0,0.01,0.35,0,0,1.38,0,0,0.68,0.18,0.43,1.32,0.55,0,0,0,0.24
21,"Badger",35.1955715759,-106.641632737,2024-09-01,9,2024,5.49,.,0.7,0,0.02,0,2.85,0,0,0,1.37,0.37,0.42,0.32,0,0,0,0,0.06
21,"Badger",35.1955715759,-106.641632737,2007-10-01,10,2007,8.23,2.78,1.49,0,0.64,0,.,.,.,0,2.53,0.36,1.31,0.64,0,0,.,0,0.08
21,"Badger",35.1955715759,-106.641632737,2008-10-01,10,2008,11.16,1.23,0.09,2,1.41,0.02,.,.,.,0,2.72,0.16,2.71,1.39,0.01,0,.,0.01,0.2
21,"Badger",35.1955715759,-106.641632737,2009-10-01,10,2009,17.77,8.26,0.19,0,6.39,0,.,.,.,2.26,5.73,1.07,0.88,0.4,0.09,0,.,0,0.3
21,"Badger",35.1955715759,-106.641632737,2010-10-01,10,2010,4.46,3.24,0,0,2.64,0,.,.,.,0.03,1.49,0.42,0.33,0.01,0.04,0,.,0,0.01
21,"Badger",35.1955715759,-106.641632737,2011-10-01,10,2011,7.52,2.66,0.02,0,4.97,0,.,.,.,0.01,2.79,0.35,1.62,0,0,0,.,0,0.03
21,"Badger",35.1955715759,-106.641632737,2012-10-01,10,2012,9.09,4.48,0,0,8.08,0,.,.,.,0,3.14,0.58,0.86,0.02,0.02,0,.,0,0
21,"Badger",35.1955715759,-106.641632737,2013-10-01,10,2013,19.4,2.77,0,0,2.02,0,.,.,.,0,25.5,0.36,169.57,0.31,0.01,0,.,0,0.04
21,"Badger",35.1955715759,-106.641632737,2014-10-01,10,2014,3.63,2.64,1.09,0.01,3.26,0,.,.,.,0,2.25,0.34,0,0.42,0.47,0,.,0,0.18
21,"Badger",35.1955715759,-106.641632737,2015-10-01,10,2015,36.23,3.16,0,0,6.93,0,.,.,.,0.31,7.48,0.41,8.02,1.56,0.02,0,.,0,0.2
21,"Badger",35.1955715759,-106.641632737,2016-10-01,10,2016,7.39,1.96,0,0,6.16,0.38,.,.,.,0,2.47,0.26,1.11,0.4,0.08,0,0,0,0.01
21,"Badger",35.1955715759,-106.641632737,2017-10-01,10,2017,2.49,0.41,0,0,9.32,0.02,.,.,.,0,1.86,0.08,0.8,0.1,0.01,0,0.02,0,0
21,"Badger",35.1955715759,-106.641632737,2018-10-01,10,2018,29.23,0,0,0,0,0.19,.,.,.,0,6.45,0,12.01,0.01,0,0,0,0,0.86
21,"Badger",35.1955715759,-106.641632737,2019-10-01,10,2019,5.48,2.49,0,0,0.01,0,.,.,.,0,1.41,0.32,0.19,0.49,0.01,0,0,0,0.09
21,"Badger",35.1955715759,-106.641632737,2020-10-01,10,2020,15.47,2.72,0,0.01,0.17,0,.,.,.,0.33,2.86,0.35,0.48,0,0.01,0,0,0,0
21,"Badger",35.1955715759,-106.641632737,2021-10-01,10,2021,5.63,5.93,0.23,0,0.25,0.01,.,.,.,0.4,5.26,0.77,24.1,0.63,0.24,0,0,0,0.16
21,"Badger",35.1955715759,-106.641632737,2022-10-01,10,2022,7.01,2.57,0.02,0,0.04,0,.,.,.,0.09,1.59,0.33,0.71,0.15,0.02,0.01,0,0,0.03
21,"Badger",35.1955715759,-106.641632737,2023-10-01,10,2023,4.78,0,0,0,0.57,0,0,4.4,0,0.32,1.9,0.57,1.79,0.12,0.25,0,0.01,0,0.05
21,"Badger",35.1955715759,-106.641632737,2024-10-01,10,2024,6.79,.,0.01,0,1.55,0.01,0,7.38,0,0.15,13.53,0.96,85.26,0.42,0.32,0,0,0,0.11
21,"Badger",35.1955715759,-106.641632737,2006-11-01,11,2006,78.23,3.08,27.31,0,0,3.46,.,.,.,0,15.43,0.4,4.32,.,.,.,.,.,0.04
21,"Badger",35.1955715759,-106.641632737,2007-11-01,11,2007,26.85,7.02,0.02,0,4.86,0.03,.,.,.,0,6.53,0.91,0.81,6.02,0.02,0,.,0,0.79
21,"Badger",35.1955715759,-106.641632737,2008-11-01,11,2008,64.92,9.95,0.31,0.01,6.09,6.32,.,.,.,0,13.53,1.49,4.55,0.78,0.01,0,.,0,0.1
21,"Badger",35.1955715759,-106.641632737,2009-11-01,11,2009,66.31,9.77,0.24,0,17.92,0.47,.,.,.,0,13.95,1.27,4.47,0.01,1.54,0,.,0,0.2
21,"Badger",35.1955715759,-106.641632737,2010-11-01,11,2010,65.08,17.42,0.02,0,23.46,0,.,.,.,4.71,14.97,2.26,1.34,0.17,0.08,0,.,0,0.03
21,"Badger",35.1955715759,-106.641632737,2011-11-01,11,2011,48.62,5.92,4.08,0,11.31,0,.,.,.,2,9.47,0.77,0.86,0,0,0,.,0,0
21,"Badger",35.1955715759,-106.641632737,2012-11-01,11,2012,41.83,18.4,0,0,47.79,0,.,.,.,1.56,14.94,2.39,2.24,0.02,0.02,0,.,0,0.01
21,"Badger",35.1955715759,-106.641632737,2013-11-01,11,2013,70.92,14.95,0,0,36.92,0,.,.,.,4.32,19.63,1.94,21.03,0.01,0,0,.,0,0
21,"Badger",35.1955715759,-106.641632737,2014-11-01,11,2014,149.15,18.79,0,0,36.08,0.01,.,.,.,1.24,47.93,2.44,0.09,0.34,0.08,0,.,0,0.06
21,"Badger",35.1955715759,-106.641632737,2015-11-01,11,2015,69.16,8.18,0.01,0,22.77,0,.,.,.,2.88,19.95,1.06,48.56,0.02,0.01,0,.,0,0.03
21,"Badger",35.1955715759,-106.641632737,2016-11-01,11,2016,45.85,8.86,0.38,0,17.01,0.03,.,.,.,0,11.47,1.15,10.42,2.72,0,0,0,0,0
21,"Badger",35.1955715759,-106.641632737,2017-11-01,11,2017,108.23,0.32,0,0,37,0,.,.,.,0,33.19,2.22,90.39,0.24,0,0.01,0,0,0
21,"Badger",35.1955715759,-106.641632737,2018-11-01,11,2018,28.31,16.79,0,0,0.09,0.02,.,.,.,0.25,7.05,2.18,2.55,0.32,0.01,0,0.02,0,0.05
21,"Badger",35.1955715759,-106.641632737,2019-11-01,11,2019,43.32,25.94,0,0,0.77,0.18,.,.,.,0,10.17,3.37,1.63,0.01,0.08,0,0,0,0.12
21,"Badger",35.1955715759,-106.641632737,2020-11-01,11,2020,119.23,29.17,0.02,0,1.4,0,.,.,.,1.19,20.76,3.79,3.95,0.71,0.01,0,0,0,0.14
21,"Badger",35.1955715759,-106.641632737,2021-11-01,11,2021,39.13,36.1,0.01,0,1.38,0.19,.,.,.,0.02,12.06,4.69,8.01,0.01,0.19,0,0,0,0.08
21,"Badger",35.1955715759,-106.641632737,2022-11-01,11,2022,86.92,9.08,0,0,6.09,0,.,.,.,27.72,18.6,1.18,4.78,1.87,0.62,0,0,0,0.33
21,"Badger",35.1955715759,-106.641632737,2023-11-01,11,2023,35.77,0,0,0,4.86,0,0,13.31,0,1.39,7.88,1.73,1.32,0.1,0.23,0,0.01,0,0.05
21,"Badger",35.1955715759,-106.641632737,2024-11-01,11,2024,29.08,.,0.09,0,10.39,0.23,0,23.7,0,1.1,9.37,3.08,3.39,0.02,0.15,0,0,0,0.17
21,"Badger",35.1955715759,-106.641632737,2006-12-01,12,2006,10.85,1.02,0,0,0,0.08,.,.,.,0,1.66,0.2,0.26,.,.,.,.,.,0
21,"Badger",35.1955715759,-106.641632737,2007-12-01,12,2007,106.46,9.03,0.01,0,0.25,0,.,.,.,0.92,15.76,1.17,2.94,0.02,0,0,.,0,0
21,"Badger",35.1955715759,-106.641632737,2008-12-01,12,2008,93.7,6.73,0,0,8.78,1,.,.,.,0,14.41,0.87,0,0,0.01,0,.,0,0
21,"Badger",35.1955715759,-106.641632737,2009-12-01,12,2009,163,4.26,0.32,0,0.71,0,.,.,.,3.39,23.51,0.55,4.94,0.41,0,0,.,0,0.05
21,"Badger",35.1955715759,-106.641632737,2010-12-01,12,2010,105,4.04,0.02,0.01,24.38,0,.,.,.,2.47,18.22,0.52,2.85,0.18,0.01,0,.,0,0.02
21,"Badger",35.1955715759,-106.641632737,2011-12-01,12,2011,206,9.73,0.02,0.02,79.23,0,.,.,.,1.59,40.3,1.26,4.92,1.42,0.03,0,.,0,0.19
21,"Badger",35.1955715759,-106.641632737,2012-12-01,12,2012,95.31,4.39,0,0.01,10,0,.,.,.,0.02,14.69,0.63,2.24,0,0.23,0,.,0,0.07
21,"Badger",35.1955715759,-106.641632737,2013-12-01,12,2013,106,3.65,0,0.01,6.02,0.02,.,.,.,0,15.56,0.47,2.62,0.02,0,0,.,0,0
21,"Badger",35.1955715759,-106.641632737,2014-12-01,12,2014,58.38,4.72,0.01,0,48.16,0.01,.,.,.,0.09,16.01,0.61,9.63,0.64,0.08,0,.,0,0.09
21,"Badger",35.1955715759,-106.641632737,2015-12-01,12,2015,65.23,0.86,0,0,40.61,0,.,.,.,0,14.47,0.11,3.71,0.25,0,0,.,0,0.03
21,"Badger",35.1955715759,-106.641632737,2016-12-01,12,2016,165.08,15.49,0.54,0,48.46,0,.,.,.,0,31.33,2.01,9.16,0.06,0.01,0,0,0,0.01
21,"Badger",35.1955715759,-106.641632737,2017-12-01,12,2017,29.92,1.61,0.01,0,0,0,.,.,.,0,4.33,0.21,1.7,0,0,0,0,0,0
21,"Badger",35.1955715759,-106.641632737,2018-12-01,12,2018,8.41,4.72,0,0.01,0.01,0,.,.,.,0,1.95,0.61,0.85,0.02,0,0,0,0,0.02
21,"Badger",35.1955715759,-106.641632737,2019-12-01,12,2019,158.77,5.02,0,0.02,0,0,.,.,.,0.31,22.12,0.65,4.02,0.12,0.01,0.01,0,0,0.12
21,"Badger",35.1955715759,-106.641632737,2020-12-01,12,2020,53.77,6.48,0,0,0.04,0,.,.,.,0.03,8.41,0.84,2.93,0,0.15,0,0,0,0.03
21,"Badger",35.1955715759,-106.641632737,2021-12-01,12,2021,75.73,4.95,3.74,0.09,0.44,0.01,.,.,.,0.09,12.38,0.64,4.48,0.68,0.04,0,0,0,0.31
21,"Badger",35.1955715759,-106.641632737,2022-12-01,12,2022,122.15,5.18,0.01,0.01,4.02,0.03,.,.,.,0.02,28.78,0.67,86.32,1.8,0.01,0.01,0,0,0.24
21,"Badger",35.1955715759,-106.641632737,2023-12-01,12,2023,98.46,.,1.77,0,4.41,0.4,.,.,0,0,16.82,2.68,1.25,0.26,0,0,0,0,0.06
22,"Bobcat",35.2010747789,-106.641162297,2007-01-01,1,2007,57.54,0.83,0,0,0,0.55,.,.,.,0,13.23,0.11,37.94,.,.,.,.,.,0
22,"Bobcat",35.2010747789,-106.641162297,2008-01-01,1,2008,33,2.09,0,0,0,0,.,.,.,0,5.13,0.27,0.86,0,0,0,.,0,0.03
22,"Bobcat",35.2010747789,-106.641162297,2009-01-01,1,2009,49.38,0.41,0,0,0,0,.,.,.,0,7.51,0.05,7.38,0.01,0,0,.,0,0
22,"Bobcat",35.2010747789,-106.641162297,2010-01-01,1,2010,53.54,0.63,0.15,0,0,0,.,.,.,0,7.43,0.1,0.78,1.46,0.32,0,.,0,0.24
22,"Bobcat",35.2010747789,-106.641162297,2011-01-01,1,2011,86.61,0.66,0.31,0,0,0,.,.,.,0,12.46,0.09,7.32,0.32,0,0.01,.,0,0.04
22,"Bobcat",35.2010747789,-106.641162297,2012-01-01,1,2012,57.26,1.14,0.01,0,0.02,0,.,.,.,0,11.24,0.15,26.5,0.71,0,0,.,0,0.09
22,"Bobcat",35.2010747789,-106.641162297,2013-01-01,1,2013,210.38,3.25,0.15,0.01,0.09,0,.,.,.,0,30.9,0.42,22.16,0.01,0.01,0,.,0,0.01
22,"Bobcat",35.2010747789,-106.641162297,2014-01-01,1,2014,113.69,0.72,0.46,0,0.09,0,.,.,.,0,16.01,0.09,4.4,1.55,0.01,0,.,0,0.2
22,"Bobcat",35.2010747789,-106.641162297,2015-01-01,1,2015,55.31,0.01,0.02,0.02,0.02,0,.,.,.,0,8.16,0.01,5.19,0,1.03,0,.,0,0.15
22,"Bobcat",35.2010747789,-106.641162297,2016-01-01,1,2016,54.54,0.4,0.38,0.01,0.02,0,.,.,.,0,7.87,0.05,4.4,0.02,0,0,.,0,0
22,"Bobcat",35.2010747789,-106.641162297,2017-01-01,1,2017,33.16,0.41,0.09,0,0.02,0,.,.,.,0,5.62,0.05,8.26,0.04,0,0,0,0,0
22,"Bobcat",35.2010747789,-106.641162297,2018-01-01,1,2018,31.47,0,0,0,0,0,.,.,.,0.01,4.22,0.04,0.15,0.02,0,0,0,0,0
22,"Bobcat",35.2010747789,-106.641162297,2019-01-01,1,2019,45.69,0,0.7,0,0.23,0,.,.,.,0,50.81,0,343.85,0.02,0,0,0,0,0
22,"Bobcat",35.2010747789,-106.641162297,2020-01-01,1,2020,46.54,0,0,0.01,0,0.26,.,.,.,0,6.49,0,2.39,0.08,0,0,0,0,0.01
22,"Bobcat",35.2010747789,-106.641162297,2021-01-01,1,2021,69.77,1.93,0,0,0,0.01,.,.,.,0,22.66,0.25,101.94,0.02,0,0,0,0,0
22,"Bobcat",35.2010747789,-106.641162297,2022-01-01,1,2022,55.31,1.27,0,0.08,0,0,.,.,.,0.09,8.16,0.16,5.1,0.19,0.01,0,0,0,0.03
22,"Bobcat",35.2010747789,-106.641162297,2023-01-01,1,2023,59.31,.,0,0.09,0.01,0,.,.,0,0.01,9.54,0.06,10.72,1.4,0.02,0,0.01,0,0.21
22,"Bobcat",35.2010747789,-106.641162297,2024-01-01,1,2024,135.31,.,0,0.01,0.01,0,0.64,0.08,0,0.01,18.27,0.09,2.72,0.18,0,0,0.01,0.08,0.07
22,"Bobcat",35.2010747789,-106.641162297,2007-02-01,2,2007,21.97,0.04,0.01,0.09,0,0,.,.,.,0,2.99,0.01,0.35,.,.,.,.,.,0
22,"Bobcat",35.2010747789,-106.641162297,2008-02-01,2,2008,24.62,0.05,0.15,0,0,0,.,.,.,0,3.41,0.03,0.93,0,0,0,.,0,0
22,"Bobcat",35.2010747789,-106.641162297,2009-02-01,2,2009,.,.,.,.,.,.,.,.,.,.,.,.,.,.,.,.,.,.,.
22,"Bobcat",35.2010747789,-106.641162297,2010-02-01,2,2010,66.46,0.86,0,0.01,0,0,.,.,.,0,9.61,0.11,4.69,0.38,0,0,.,0,0.14
22,"Bobcat",35.2010747789,-106.641162297,2011-02-01,2,2011,31.92,0.03,0,0,0,0,.,.,.,0,4.46,0,2.08,0,0,0,.,0,0
22,"Bobcat",35.2010747789,-106.641162297,2012-02-01,2,2012,36.04,0.13,0.02,0,0,0,.,.,.,0,4.84,0.02,0.16,0.11,0,0,.,0,0.02
22,"Bobcat",35.2010747789,-106.641162297,2013-02-01,2,2013,234.51,1.13,0.01,0.01,0.01,0,.,.,.,0,31.63,0.15,6.3,0.12,0.01,0,.,0,0.02
22,"Bobcat",35.2010747789,-106.641162297,2014-02-01,2,2014,55.15,1.02,0.02,0.08,0,0,.,.,.,0,7.92,0.2,3.09,0.02,0,0,.,0,0
22,"Bobcat",35.2010747789,-106.641162297,2015-02-01,2,2015,36.08,0.02,0,0.01,0,0,.,.,.,0.02,5.11,0,1.17,1.63,0,0,.,0,0.22
22,"Bobcat",35.2010747789,-106.641162297,2016-02-01,2,2016,30.77,0.04,0.01,0,0,0,.,.,.,0,5.27,0.01,9.25,0.02,0,0,.,0,0
22,"Bobcat",35.2010747789,-106.641162297,2017-02-01,2,2017,64.15,0.65,0.03,0.01,0.01,0,.,.,.,0,9.52,0.08,7.62,0.24,0,0,0,0,0.03
22,"Bobcat",35.2010747789,-106.641162297,2018-02-01,2,2018,76.54,0.29,0,0,0.02,0,.,.,.,0,10.13,0.04,0.32,0.02,0,0,0,0,0
22,"Bobcat",35.2010747789,-106.641162297,2019-02-01,2,2019,10.54,0,0,0,0,0,.,.,.,0,2.84,0,0,0,0,0,0,0,0
22,"Bobcat",35.2010747789,-106.641162297,2020-02-01,2,2020,29.92,0.32,0,0,0,0.01,.,.,.,0,4.12,0.05,0.63,0.03,0,0.01,0,0,0.01
22,"Bobcat",35.2010747789,-106.641162297,2021-02-01,2,2021,31.85,0.24,0,0,0,0.01,.,.,.,0.23,6.17,0.03,14.49,0.02,0,0,0,0,0.01
22,"Bobcat",35.2010747789,-106.641162297,2022-02-01,2,2022,94.23,0.51,0,0.01,0.02,0,.,.,.,0.02,12.63,0.07,1.58,0.01,0,0,0,0,0
22,"Bobcat",35.2010747789,-106.641162297,2023-02-01,2,2023,253.69,.,0,0.01,0.08,0.02,.,.,0,0,38.83,0.26,33.92,1.72,0.01,0,0,0,0.29
22,"Bobcat",35.2010747789,-106.641162297,2024-02-01,2,2024,75.38,.,0,0.01,0.01,0,0.33,0,0,0,10.33,0.04,2.7,0.19,0.01,0,0.03,0,0.05
22,"Bobcat",35.2010747789,-106.641162297,2007-03-01,3,2007,52.99,0.43,0,0,0.35,0,.,.,.,0,9.51,0.06,18.38,.,.,.,.,.,0
22,"Bobcat",35.2010747789,-106.641162297,2008-03-01,3,2008,51.23,0.49,0.01,0,0,0.01,.,.,.,0,9.78,0.06,19.85,0.09,0,0,.,0,0.14
22,"Bobcat",35.2010747789,-106.641162297,2009-03-01,3,2009,33.92,0.55,0,0.01,0.01,0,.,.,.,0,4.72,0.07,1.32,0,0,0,.,0,0
22,"Bobcat",35.2010747789,-106.641162297,2010-03-01,3,2010,53.54,0.05,0.01,0,0,0,.,.,.,0,7.7,0.01,1.47,2.41,0,0,.,0,0.32
22,"Bobcat",35.2010747789,-106.641162297,2011-03-01,3,2011,84.38,0.25,0,0,0.09,0,.,.,.,0.15,13.7,0.03,20.25,0.01,0,0,.,0,0
22,"Bobcat",35.2010747789,-106.641162297,2012-03-01,3,2012,104.77,0.62,0,0,0,0,.,.,.,0,15.52,0.08,13.92,0.15,0,0,.,0,0.02
22,"Bobcat",35.2010747789,-106.641162297,2013-03-01,3,2013,67.32,0.65,0,0,0.08,0,.,.,.,0,9.37,0.08,3.65,0,0.01,0,.,0,0
22,"Bobcat",35.2010747789,-106.641162297,2014-03-01,3,2014,45,0.65,0.01,0,0,0,.,.,.,0,6.36,0.08,2.24,0.01,0,0,.,0,0
22,"Bobcat",35.2010747789,-106.641162297,2015-03-01,3,2015,35.08,0.19,0.17,0,0.01,0,.,.,.,0,5.01,0.02,0.5,0,0,0,.,0,0
22,"Bobcat",35.2010747789,-106.641162297,2016-03-01,3,2016,18.31,0.03,0.01,0,0,0,.,.,.,0,2.61,0,1.31,0,0,0,.,0,0
22,"Bobcat",35.2010747789,-106.641162297,2017-03-01,3,2017,64.15,0.7,0.01,0,0.08,0,.,.,.,0,9.09,0.09,3.93,0.09,0,0,0.01,0,0
22,"Bobcat",35.2010747789,-106.641162297,2018-03-01,3,2018,132.47,0.02,0,0,0,0,.,.,.,0,20.16,0,20.17,0.39,0,0,0,0,0.07
22,"Bobcat",35.2010747789,-106.641162297,2019-03-01,3,2019,34.63,0.27,0,0,0.01,0,.,.,.,0,5.95,0.04,9.62,0.01,0,0,0,0,0
22,"Bobcat",35.2010747789,-106.641162297,2020-03-01,3,2020,21.54,0.1,0,0,0,0.01,.,.,.,0.09,3.48,0.01,3.42,0.44,0,0,0,0,0.06
22,"Bobcat",35.2010747789,-106.641162297,2021-03-01,3,2021,39.49,0.63,0,0.01,0.01,0,.,.,.,0,5.93,0.08,4.3,0.28,0.01,0,0,0,0.04
22,"Bobcat",35.2010747789,-106.641162297,2022-03-01,3,2022,59.47,0.55,0,0,0,0,.,.,.,0,12.94,0.07,39.16,0.03,0,0,0,0,0.01
22,"Bobcat",35.2010747789,-106.641162297,2023-03-01,3,2023,72.69,0.92,0,0,0,0,0.92,0,0,0,12.22,0.12,5.77,0.09,0,0,0,0,0.01
22,"Bobcat",35.2010747789,-106.641162297,2024-03-01,3,2024,244.92,.,0,0,0.01,0.01,2.64,0.01,0,0,34.7,0.34,8.32,0.57,0,0,0,0,0.13
22,"Bobcat",35.2010747789,-106.641162297,2007-04-01,4,2007,22.31,0,0,0,0,0,.,.,.,0,21.86,0,130.68,0,0,0,.,0,0.47
22,"Bobcat",35.2010747789,-106.641162297,2008-04-01,4,2008,10,0.01,0,0,0,0,.,.,.,0,2.38,0,6.08,1.71,0,0,.,0,0.22
22,"Bobcat",35.2010747789,-106.641162297,2009-04-01,4,2009,74.46,0.19,0.02,0.02,0,0,.,.,.,0,15.48,0.02,24.17,19.08,0,0,.,0,2.48
22,"Bobcat",35.2010747789,-106.641162297,2010-04-01,4,2010,59.67,0.67,0,0,0,0,.,.,.,0,12.93,0.09,12.54,26.7,0,0,.,0,3.49
22,"Bobcat",35.2010747789,-106.641162297,2011-04-01,4,2011,115.46,1.23,0.47,0,0,0,.,.,.,0,26.29,0.16,48.63,34.92,0,0,.,0,4.54
22,"Bobcat",35.2010747789,-106.641162297,2012-04-01,4,2012,29.93,0.77,0,0,0.01,0,.,.,.,0,9.96,0.1,13.32,31.62,0.01,0,.,0,4.15
22,"Bobcat",35.2010747789,-106.641162297,2013-04-01,4,2013,133.46,0.7,0,0,0.47,0,.,.,.,0,21.38,0.09,3.63,17.15,0.31,0,.,0,3.24
22,"Bobcat",35.2010747789,-106.641162297,2014-04-01,4,2014,21.46,0.12,0.01,0,0,0,.,.,.,0,6.52,0.02,2.32,24.92,0,0,.,0,3.27
22,"Bobcat",35.2010747789,-106.641162297,2015-04-01,4,2015,40.23,0.05,0.01,0,0.01,0,.,.,.,0,9.9,0.01,2.48,31.46,0,0,.,0,4.17
22,"Bobcat",35.2010747789,-106.641162297,2016-04-01,4,2016,75.77,0.19,0.01,0,0.01,0,.,.,.,0,14.84,0.03,6.09,28.39,0,0,.,0,0.27
22,"Bobcat",35.2010747789,-106.641162297,2017-04-01,4,2017,15.16,0,0.02,0,0.1,0.31,.,.,.,0,6.75,0,2.18,32.85,0,0,0.26,0,0.03
22,"Bobcat",35.2010747789,-106.641162297,2018-04-01,4,2018,41,0.32,0,0,0,0,.,.,.,0,205.74,0.04,1510.44,21.69,0.08,0,0.03,0,2.98
22,"Bobcat",35.2010747789,-106.641162297,2019-04-01,4,2019,40.32,0,0.02,0.02,0,0,.,.,.,0,8.95,0,5.08,17.92,0,0,0.02,0,2.33
22,"Bobcat",35.2010747789,-106.641162297,2020-04-01,4,2020,28.08,0.27,0,0,0,0,.,.,.,0,9.42,0.03,1.88,40.54,0,0,0.15,0,5.29
22,"Bobcat",35.2010747789,-106.641162297,2021-04-01,4,2021,8.74,0.2,0,0,0.01,0,.,.,.,0,3.07,0.03,1.14,13.08,0,0,0.05,0,1.71
22,"Bobcat",35.2010747789,-106.641162297,2022-04-01,4,2022,45.85,0.17,0.08,0,0,0,.,.,.,0,8.02,0.02,14.86,1.18,0,0,0.01,0,0.15
22,"Bobcat",35.2010747789,-106.641162297,2024-04-01,4,2024,52.32,.,0,0.01,0.01,0,0.01,0.04,0,0,13.06,0,7.2,19.83,0,0,0.15,0,2.37
22,"Bobcat",35.2010747789,-106.641162297,2007-05-01,5,2007,16.47,0,0,0,0,0,.,.,.,0,5.46,0,4.55,11.23,0.08,0,.,0,2.14
22,"Bobcat",35.2010747789,-106.641162297,2008-05-01,5,2008,22.77,0.18,0,0,0,0,.,.,.,0,8.26,0.02,6.86,28.85,0.56,0,.,0,4.3
22,"Bobcat",35.2010747789,-106.641162297,2009-05-01,5,2009,25.46,0.08,0,0,0,0,.,.,.,0,8.21,0.01,6.01,28.46,0.48,0.01,.,0,3.77
22,"Bobcat",35.2010747789,-106.641162297,2010-05-01,5,2010,32.31,0.56,0.02,0.01,0.01,0,.,.,.,0,10.16,0.07,17.25,24.07,0,0.01,.,0,3.13
22,"Bobcat",35.2010747789,-106.641162297,2011-05-01,5,2011,38.29,0.45,0,0,0,0,.,.,.,0,7.17,0.06,4.37,10.6,0.21,0.02,.,0,1.41
22,"Bobcat",35.2010747789,-106.641162297,2012-05-01,5,2012,18.77,0.02,0.02,0,0.02,0,.,.,.,0,6.36,0,13.47,14.92,0.39,0.01,.,0,2.03
22,"Bobcat",35.2010747789,-106.641162297,2013-05-01,5,2013,36.75,0.2,0.01,0,0,0,.,.,.,0.01,10.27,0.03,6.42,27.69,0.63,0.17,.,0,4.14
22,"Bobcat",35.2010747789,-106.641162297,2014-05-01,5,2014,23.69,0.05,0.01,0.01,0.01,0.01,.,.,.,0,6.58,0.01,6.48,18.38,0.26,0.01,.,0,2.44
22,"Bobcat",35.2010747789,-106.641162297,2015-05-01,5,2015,34.15,0.16,0,0,0,0,.,.,.,0,9.85,0.02,24.08,3.62,2.85,0,.,0,1.14
22,"Bobcat",35.2010747789,-106.641162297,2016-05-01,5,2016,19.62,0.09,0.01,0,0,0,.,.,.,0,5.44,0.01,3.89,17.47,0.1,0,.,0,0.02
22,"Bobcat",35.2010747789,-106.641162297,2017-05-01,5,2017,8.09,0.16,0,0,0.01,0.01,.,.,.,0,5.34,0.03,13.47,15.54,0.03,0,0.02,0,0.01
22,"Bobcat",35.2010747789,-106.641162297,2018-05-01,5,2018,0.46,0,0,0,0,0,.,.,.,0,3.86,0,1.08,14.47,1.24,0,0.01,0,2.04
22,"Bobcat",35.2010747789,-106.641162297,2019-05-01,5,2019,7.24,0.01,0,0.01,0,0.02,.,.,.,0,4.86,0,1,22.72,0.71,0,0.05,0,3.07
22,"Bobcat",35.2010747789,-106.641162297,2020-05-01,5,2020,14.09,0.29,0.01,0,0,0,.,.,.,0,5.16,0.04,1.71,20.31,1.96,0,0.04,0,2.9
22,"Bobcat",35.2010747789,-106.641162297,2021-05-01,5,2021,28.85,1.19,0.02,0,0,0.08,.,.,.,0,10.2,0.15,4.79,42.15,0.86,0,0.02,0,5.6
22,"Bobcat",35.2010747789,-106.641162297,2022-05-01,5,2022,25.74,0.34,0,0,0.01,0,.,.,.,0.01,9.61,0.04,2.01,44.51,0.27,0,0.07,0,4.08
22,"Bobcat",35.2010747789,-106.641162297,2007-06-01,6,2007,41.92,0.03,0.02,0.01,0,0,.,.,.,0.01,9.96,0.02,13.92,15.39,0,0,.,0,2.22
22,"Bobcat",35.2010747789,-106.641162297,2008-06-01,6,2008,30.39,0.19,0,0,0,0,.,.,.,0,8.07,0.03,14.43,15.87,0.24,0,.,0,2.16
22,"Bobcat",35.2010747789,-106.641162297,2009-06-01,6,2009,9.46,0.19,0,0,0,0,.,.,.,0,4.26,0.03,2.77,16.54,1.7,0,.,0,2.37
22,"Bobcat",35.2010747789,-106.641162297,2010-06-01,6,2010,12.65,0.21,0.01,0,0,0,.,.,.,0,3.92,0.03,1.65,12.39,1.31,0,.,0,1.82
22,"Bobcat",35.2010747789,-106.641162297,2011-06-01,6,2011,37.27,5.56,0,0,0.43,0,.,.,.,0,9.64,0.72,12.14,15.9,0.27,0.01,.,0,2.28
22,"Bobcat",35.2010747789,-106.641162297,2012-06-01,6,2012,10,0,0.01,0,0,0,.,.,.,0,8.86,0,31.21,26.41,0,0,.,0,3.43
22,"Bobcat",35.2010747789,-106.641162297,2013-06-01,6,2013,24.77,0.05,0,0,0,0,.,.,.,0,12.15,0.04,47.46,20.61,0,0,.,0,2.68
22,"Bobcat",35.2010747789,-106.641162297,2014-06-01,6,2014,11.78,0.02,0.01,0,0.02,0.12,.,.,.,0,6.25,0,0.01,28.84,0,0.01,.,0,3.79
22,"Bobcat",35.2010747789,-106.641162297,2015-06-01,6,2015,23.08,0.44,0,0.01,0,0,.,.,.,0,5.97,0.06,4.56,14.08,1.7,0,.,0,2.15
22,"Bobcat",35.2010747789,-106.641162297,2016-06-01,6,2016,7.39,0.56,0,0,0.01,0,.,.,.,0.23,5.33,0.07,0.96,30.31,0.26,0.01,0,0,0.05
22,"Bobcat",35.2010747789,-106.641162297,2017-06-01,6,2017,16.32,0.09,0.02,0,0,0,.,.,.,0,6.48,0.01,7.93,22.77,0,0,0,0,0.06
22,"Bobcat",35.2010747789,-106.641162297,2018-06-01,6,2018,5.78,0.02,0.03,0,0,0,.,.,.,0,4.48,0,0.55,27,0,0,0,0,3.53
22,"Bobcat",35.2010747789,-106.641162297,2019-06-01,6,2019,5.85,0.63,0,0,0,0,.,.,.,0,4.94,0.08,7.69,17.85,0,0,0,0,3.68
22,"Bobcat",35.2010747789,-106.641162297,2020-06-01,6,2020,12.4,0.36,0,0,0,0.02,.,.,.,0.02,9.95,0.05,4.39,42.38,0.02,0,0,0,5.76
22,"Bobcat",35.2010747789,-106.641162297,2021-06-01,6,2021,109.91,3.27,0,0.01,0.02,0,.,.,.,0,32.04,0.42,85.38,39.74,4.99,0,0,0,5.32
22,"Bobcat",35.2010747789,-106.641162297,2022-06-01,6,2022,7.62,0,0.33,0,0,0,.,.,.,0,3.49,0,1.95,16.77,0,0,0,0,2.18
22,"Bobcat",35.2010747789,-106.641162297,2023-06-01,6,2023,40.39,0.63,0,0.01,0.01,0,0.63,0.09,0,0,17.74,0.09,11.94,76.46,1.7,0,0.21,0,10.3
22,"Bobcat",35.2010747789,-106.641162297,2007-07-01,7,2007,11,0.09,0,0,0.01,0,.,.,.,0,4.81,0.06,8.7,13.69,0,0,.,0,2.04
22,"Bobcat",35.2010747789,-106.641162297,2008-07-01,7,2008,.,.,.,.,.,.,.,.,.,.,.,.,.,.,.,.,.,.,.
22,"Bobcat",35.2010747789,-106.641162297,2009-07-01,7,2009,6.77,0,0,0,0,0.02,.,.,.,2.23,6.39,0,22.4,17.32,0,0,.,0,2.25
22,"Bobcat",35.2010747789,-106.641162297,2010-07-01,7,2010,.,.,.,.,.,.,.,.,.,.,.,.,.,.,.,.,.,.,.
22,"Bobcat",35.2010747789,-106.641162297,2011-07-01,7,2011,7.55,0.27,0,0,0,0.01,.,.,.,0,2.7,0.03,0.96,10.47,0.56,0,.,0,1.44
22,"Bobcat",35.2010747789,-106.641162297,2012-07-01,7,2012,2.49,0.18,0.01,0.01,0,3.16,.,.,.,0,2.59,0.02,0.97,11.05,0,0,.,0,1.44
22,"Bobcat",35.2010747789,-106.641162297,2013-07-01,7,2013,7.85,0.17,0,0,0,0,.,.,.,0,5.29,0.02,7.46,18.54,6.48,0,.,0,3.25
22,"Bobcat",35.2010747789,-106.641162297,2014-07-01,7,2014,3.87,0.18,0.01,0,0.02,0,.,.,.,0,2.65,0.02,0.24,11.01,0.78,0,.,0,1.53
22,"Bobcat",35.2010747789,-106.641162297,2015-07-01,7,2015,9.09,0.26,0,0,0,0,.,.,.,0,4.62,0.03,1.47,23.92,0,0,.,0,3.12
22,"Bobcat",35.2010747789,-106.641162297,2016-07-01,7,2016,5.64,0.26,0.02,0.01,0.02,0,.,.,.,0,4.22,0.03,1.46,23.85,0,0.01,0,0,0
22,"Bobcat",35.2010747789,-106.641162297,2017-07-01,7,2017,8.79,0.12,0,0,0.08,0,.,.,.,0,5.06,0.02,16.18,10.85,0,0,0,0,0.08
22,"Bobcat",35.2010747789,-106.641162297,2018-07-01,7,2018,5.32,0,0.01,0,0.01,0,.,.,.,0,3.13,0.05,4.55,12.93,0,0.23,0,0,1.71
22,"Bobcat",35.2010747789,-106.641162297,2019-07-01,7,2019,3.56,0.02,0,0,0,0,.,.,.,0.01,3.32,0,0.35,19.54,0,0,0.01,0.01,2.59
22,"Bobcat",35.2010747789,-106.641162297,2020-07-01,7,2020,4.95,0.42,0,0.01,0,0,.,.,.,0,2.14,0.05,2.47,7.85,0,0,0,0,1.02
22,"Bobcat",35.2010747789,-106.641162297,2021-07-01,7,2021,11.46,0.49,0,0,0,0.16,.,.,.,0.11,9.92,0.06,20.54,39.77,1.97,0,0,0,5.43
22,"Bobcat",35.2010747789,-106.641162297,2022-07-01,7,2022,2.05,0.46,0,0.02,0,0.02,.,.,.,6.15,2.16,0.06,1.71,5.4,0.17,0,0,0.02,0.38
22,"Bobcat",35.2010747789,-106.641162297,2023-07-01,7,2023,5.32,0,0,0,0,0.01,0,0,0,0.01,7.27,0,1.26,47.85,0,0,0,0,6.22
22,"Bobcat",35.2010747789,-106.641162297,2007-08-01,8,2007,2.32,0.52,0.17,0,0,0,.,.,.,0,5.84,0.07,32.32,0.09,0,0,.,0,0.38
22,"Bobcat",35.2010747789,-106.641162297,2008-08-01,8,2008,2.49,1.86,0.46,0,0.08,0,.,.,.,0,1.39,0.24,2.42,1.65,0.01,0,.,0,0.29
22,"Bobcat",35.2010747789,-106.641162297,2009-08-01,8,2009,4.48,0.02,0,0,0,0,.,.,.,0.48,1.51,0.03,0.96,2.33,0.78,0,.,0,0.45
22,"Bobcat",35.2010747789,-106.641162297,2010-08-01,8,2010,0.92,0.41,0.01,0,0,0,.,.,.,0,1.85,0.05,9.62,1.03,1.54,0,.,0,0.33
22,"Bobcat",35.2010747789,-106.641162297,2011-08-01,8,2011,3.92,1.25,0,0,0,0,.,.,.,0,1.94,0.16,4.56,0.88,1.31,0,.,0,0.57
22,"Bobcat",35.2010747789,-106.641162297,2012-08-01,8,2012,8.28,0.58,0,0,0,0,.,.,.,0,2.98,0.08,10.68,1.16,0,0,.,0,0.15
22,"Bobcat",35.2010747789,-106.641162297,2013-08-01,8,2013,15.92,0,0.31,0,0.01,0,.,.,.,1.31,8.58,0.14,46.23,0.94,0.15,0,.,0,0.14
22,"Bobcat",35.2010747789,-106.641162297,2014-08-01,8,2014,1.79,0.32,0.71,0,0.39,0.01,.,.,.,0,3.18,0.04,0.35,0.03,0,0,.,0,0.19
22,"Bobcat",35.2010747789,-106.641162297,2015-08-01,8,2015,4.16,0.04,0.01,0.01,0,0,.,.,.,0,2.37,0,8.08,1.66,0,0,.,0,0.22
22,"Bobcat",35.2010747789,-106.641162297,2016-08-01,8,2016,2.19,0.78,0.01,0.01,0.01,0.46,.,.,.,0,1.02,0.1,2.11,2.02,0,0.01,0,0,0
22,"Bobcat",35.2010747789,-106.641162297,2017-08-01,8,2017,4.37,0,0,0,0.01,0,.,.,.,0,2.09,0.09,5.32,1.04,0,0,0.01,0,0
22,"Bobcat",35.2010747789,-106.641162297,2018-08-01,8,2018,11.62,0,0,0,0,1.63,.,.,.,0.18,5.39,0,24.88,2.15,0,0,0,0,0.28
22,"Bobcat",35.2010747789,-106.641162297,2019-08-01,8,2019,2.05,0.63,0,0.01,0,0,.,.,.,0,16.53,0.08,121.39,0.58,0.01,0,0,0,0.16
22,"Bobcat",35.2010747789,-106.641162297,2020-08-01,8,2020,12.39,0.88,0,0,0,0,.,.,.,0.93,7.4,0.11,32.23,7.93,0.31,0,0,0,1.07
22,"Bobcat",35.2010747789,-106.641162297,2021-08-01,8,2021,5.56,0.03,0,0,0,0,.,.,.,0,1.22,0,0.42,0.04,0.01,0,0,0,0.01
22,"Bobcat",35.2010747789,-106.641162297,2022-08-01,8,2022,0.62,0.38,0,0,0,0,.,.,.,7.52,1.35,0.05,0.98,0.6,0,0,0,0,0.03
22,"Bobcat",35.2010747789,-106.641162297,2023-08-01,8,2023,5.01,0.1,0,0,0,0,0.1,0,0,0.85,2.03,0.01,1.41,6.32,0.02,0,0.02,0,0.87
22,"Bobcat",35.2010747789,-106.641162297,2007-09-01,9,2007,5.85,1.85,0,0,0,0,.,.,.,0,1.41,0.24,0.46,1.24,0,0,.,0,0.3
22,"Bobcat",35.2010747789,-106.641162297,2008-09-01,9,2008,5.48,0.1,0,0,0,0,.,.,.,0,3.86,0.01,21.15,0.78,0.08,0,.,0,0.11
22,"Bobcat",35.2010747789,-106.641162297,2009-09-01,9,2009,6.24,0.09,0,0.01,0,0,.,.,.,1.08,1.95,0.01,4.93,0.38,0.62,0,.,0,0.2
22,"Bobcat",35.2010747789,-106.641162297,2010-09-01,9,2010,2.23,0.31,0.01,0.01,0,0,.,.,.,0,2.09,0.04,7.85,1.01,0.54,0,.,0,0.2
22,"Bobcat",35.2010747789,-106.641162297,2011-09-01,9,2011,4.64,0,0,0,0,0,.,.,.,0,1.84,0,3.66,0.29,0,0,.,0,0.26
22,"Bobcat",35.2010747789,-106.641162297,2012-09-01,9,2012,1.62,0.11,0.15,0,0,0,.,.,.,0,0.68,0.01,1.61,0.09,0,0,.,0,0.04
22,"Bobcat",35.2010747789,-106.641162297,2013-09-01,9,2013,5.02,0.38,0,0,0,0.92,.,.,.,0,1.6,0.05,4.92,0.31,0.08,0,.,0,0.05
22,"Bobcat",35.2010747789,-106.641162297,2014-09-01,9,2014,0.96,2.08,0.01,0.01,0.01,0,.,.,.,0,0.7,0.27,0.02,0,0.02,0.01,.,0,0.1
22,"Bobcat",35.2010747789,-106.641162297,2015-09-01,9,2015,7.77,0.09,0.08,0,0.01,0,.,.,.,0,1.64,0.01,1.01,0.62,0,0.08,.,0,0.39
22,"Bobcat",35.2010747789,-106.641162297,2016-09-01,9,2016,3.85,0.21,0.02,0,0,0,.,.,.,0,1.54,0.03,4.9,1.07,0,0.01,0.01,0,0.17
22,"Bobcat",35.2010747789,-106.641162297,2017-09-01,9,2017,4.79,0.01,0,0,0,0,.,.,.,0,1.13,0.08,1.56,0.25,0,0,0,0,0.01
22,"Bobcat",35.2010747789,-106.641162297,2018-09-01,9,2018,3.02,0,0.63,0,0,0,.,.,.,0.62,0.84,0,1.02,0.02,0,0.01,0,0,0.01
22,"Bobcat",35.2010747789,-106.641162297,2019-09-01,9,2019,2.71,0.02,0.01,0,0,0,.,.,.,0,0.73,0,0.57,0.27,0.01,0,0,0,0.14
22,"Bobcat",35.2010747789,-106.641162297,2020-09-01,9,2020,7.41,0.18,0,0,0,0.01,.,.,.,0.46,1.92,0.02,3.4,1.09,0,0,0,0,0.14
22,"Bobcat",35.2010747789,-106.641162297,2021-09-01,9,2021,2.7,0.41,0.01,0,0,0,.,.,.,0,0.93,0.05,0.72,0.69,0.01,0,0,0,0.07
22,"Bobcat",35.2010747789,-106.641162297,2022-09-01,9,2022,2.98,0.27,0,0,0,0,.,.,.,1.92,1.82,0.04,3.09,0.28,0.03,0,0,0,0.11
22,"Bobcat",35.2010747789,-106.641162297,2023-09-01,9,2023,1.35,0.08,0,0.01,0.01,0.77,0.08,0.01,0,0,1.35,0.01,4.18,0.34,0.01,0.08,0,0,0.06
22,"Bobcat",35.2010747789,-106.641162297,2006-10-01,10,2006,45.31,0.95,0,0,0,0,.,.,.,1.08,7.05,0.12,5.62,.,.,.,.,.,0.03
22,"Bobcat",35.2010747789,-106.641162297,2007-10-01,10,2007,8.92,2.32,0,0,0,0,.,.,.,0,1.83,0.32,1.4,0.4,0.01,0,.,0,0.05
22,"Bobcat",35.2010747789,-106.641162297,2008-10-01,10,2008,11.15,0,0,0.7,0,1.78,.,.,.,0,4.6,0.37,16.55,0,0,0,.,0,0.09
22,"Bobcat",35.2010747789,-106.641162297,2009-10-01,10,2009,56.92,2.02,0.08,0,0,0,.,.,.,0,10.09,0.26,9.47,1.49,0.15,0,.,0,0.39
22,"Bobcat",35.2010747789,-106.641162297,2010-10-01,10,2010,13.77,1.64,0.01,0,0.01,0,.,.,.,0,4.03,0.21,14.86,0.1,0.15,0,.,0,0.04
22,"Bobcat",35.2010747789,-106.641162297,2011-10-01,10,2011,8.79,0.24,0,0,0,0.01,.,.,.,0.71,2.45,0.05,4.18,0.38,0,0,.,0,0.13
22,"Bobcat",35.2010747789,-106.641162297,2012-10-01,10,2012,10.93,0.72,0.23,0,0.02,0,.,.,.,0,2.11,0.09,1.17,0.18,0.01,0,.,0,0.03
22,"Bobcat",35.2010747789,-106.641162297,2013-10-01,10,2013,6.15,0.96,0.24,0,0,0,.,.,.,1.39,2.18,0.12,6.56,0.36,0,0,.,0,0.05
22,"Bobcat",35.2010747789,-106.641162297,2014-10-01,10,2014,3.39,4.32,0,0.01,0,0,.,.,.,0,1.4,0.67,0.01,0.71,0.01,0.01,.,0,0.09
22,"Bobcat",35.2010747789,-106.641162297,2015-10-01,10,2015,38.31,2.56,0.08,0.01,0.01,0.32,.,.,.,0,6.26,0.33,3.65,0.41,0,0.01,.,0,0.06
22,"Bobcat",35.2010747789,-106.641162297,2016-10-01,10,2016,3.48,1.01,0.02,0,0.02,0,.,.,.,0,0.85,0.13,1.26,0.63,0,0,0,0,0.08
22,"Bobcat",35.2010747789,-106.641162297,2017-10-01,10,2017,2.94,1.02,0,0,0,0,.,.,.,0,0.93,0.13,0.27,0.35,0,0,0,0,0
22,"Bobcat",35.2010747789,-106.641162297,2018-10-01,10,2018,34.32,0.25,0,0,0,0,.,.,.,1.39,5.98,0.03,5.64,1.72,0,0,0,0,0.27
22,"Bobcat",35.2010747789,-106.641162297,2019-10-01,10,2019,1.98,0.06,0,0.01,0,0,.,.,.,0.62,1.31,0.01,0.5,0.18,0.08,0,0,0.01,0.78
22,"Bobcat",35.2010747789,-106.641162297,2020-10-01,10,2020,5.39,0.5,0.01,0.02,0,0.47,.,.,.,0,1.15,0.06,0.96,0.01,0.02,0,0,0,0.01
22,"Bobcat",35.2010747789,-106.641162297,2021-10-01,10,2021,7.09,0.86,0,0.01,0,0,.,.,.,1.38,1.5,0.11,1.23,0.32,0.01,0,0,0,0.04
22,"Bobcat",35.2010747789,-106.641162297,2022-10-01,10,2022,4.08,0.63,0,0,0,0,.,.,.,0.62,0.8,0.08,0.32,0.01,0,0,0,0,0
22,"Bobcat",35.2010747789,-106.641162297,2023-10-01,10,2023,4.86,0.16,0.24,0.01,0,0.02,0.16,0.01,0,0,1.22,0.02,2.02,0.56,0.02,0.15,0,0,0.12
22,"Bobcat",35.2010747789,-106.641162297,2006-11-01,11,2006,112.82,6.33,0,0,0.02,0,.,.,.,0,27.29,0.82,85.3,.,.,.,.,.,0
22,"Bobcat",35.2010747789,-106.641162297,2007-11-01,11,2007,59.54,1.92,0,0,0,0,.,.,.,0,10.46,0.29,4.62,0.46,0,0,.,0,0.06
22,"Bobcat",35.2010747789,-106.641162297,2008-11-01,11,2008,86.77,16.47,0,0.01,0,2,.,.,.,0,29.11,2.14,114.69,0,0,0,.,0,0.04
22,"Bobcat",35.2010747789,-106.641162297,2009-11-01,11,2009,67.46,7.62,0.01,0,0,0,.,.,.,0,10.94,0.99,4.54,0.32,0,0,.,0,0.05
22,"Bobcat",35.2010747789,-106.641162297,2010-11-01,11,2010,94.36,9.06,0.34,0.09,0.09,0,.,.,.,1.37,15.37,1.18,11.89,0.04,0,0,.,0,0.01
22,"Bobcat",35.2010747789,-106.641162297,2011-11-01,11,2011,103.92,7.18,0.16,0,0.16,0.01,.,.,.,0,15.98,0.93,9.15,0.11,0.02,0,.,0,0.03
22,"Bobcat",35.2010747789,-106.641162297,2012-11-01,11,2012,42,6.78,0.08,0,0.08,0,.,.,.,0,7.2,0.88,0.47,0.72,0,0,.,0,0.09
22,"Bobcat",35.2010747789,-106.641162297,2013-11-01,11,2013,76,9.73,0,0,0.77,0,.,.,.,0,12.41,1.26,8.47,0.15,0,0,.,0,0.02
22,"Bobcat",35.2010747789,-106.641162297,2014-11-01,11,2014,55.15,8.01,0.32,0,0.55,0,.,.,.,0,9.04,1.04,0.25,0.02,0,0,.,0,0
22,"Bobcat",35.2010747789,-106.641162297,2015-11-01,11,2015,126.54,7.47,0.24,0,0.62,0.01,.,.,.,0,18.54,0.97,3.34,0.09,0,0,.,0,0.01
22,"Bobcat",35.2010747789,-106.641162297,2016-11-01,11,2016,149.54,9.62,0.23,0.02,1.09,0,.,.,.,0,22.26,1.25,9.32,0.09,0.01,0,0,0,0.01
22,"Bobcat",35.2010747789,-106.641162297,2017-11-01,11,2017,114.92,12.17,0.01,0.01,0.23,0,.,.,.,0,17.14,1.58,2.93,0.09,0,0,0,0,0
22,"Bobcat",35.2010747789,-106.641162297,2018-11-01,11,2018,87.85,0,0,0.01,0.01,0,.,.,.,0.15,13.28,0.63,8.08,0.04,0,0,0,0,0.01
22,"Bobcat",35.2010747789,-106.641162297,2019-11-01,11,2019,84.77,9.19,0,0,0,0,.,.,.,0,12.47,1.19,0.94,0.1,0.01,0,0,0,0.05
22,"Bobcat",35.2010747789,-106.641162297,2020-11-01,11,2020,158.46,8.94,0,0.24,0.01,1.42,.,.,.,0,22.88,1.16,4.21,0.64,0,0,0,0,0.09
22,"Bobcat",35.2010747789,-106.641162297,2021-11-01,11,2021,38.8,6.93,0,0.6,0.01,0,.,.,.,1.79,7.21,0.9,5.33,1.21,0,0,0,0,0.14
22,"Bobcat",35.2010747789,-106.641162297,2022-11-01,11,2022,94.61,9.32,0,0.01,0.31,0.01,.,.,.,0.08,19.62,1.21,30.78,0.05,0.01,0,0,0,1.14
22,"Bobcat",35.2010747789,-106.641162297,2023-11-01,11,2023,51.23,.,0.01,0.02,0.02,0,.,.,0,0,8.68,0.85,6.77,0.12,0,0,0,0,0.05
22,"Bobcat",35.2010747789,-106.641162297,2006-12-01,12,2006,20.39,0.64,0.02,0,0.08,0.39,.,.,.,0,2.99,0.08,0.63,.,.,.,.,.,0.02
22,"Bobcat",35.2010747789,-106.641162297,2007-12-01,12,2007,.,.,.,.,.,.,.,.,.,.,.,.,.,.,.,.,.,.,.
22,"Bobcat",35.2010747789,-106.641162297,2008-12-01,12,2008,133.69,8.23,0.01,0.01,0,0,.,.,.,0,19.68,1.07,7.08,1.54,0,0,.,0,0.2
22,"Bobcat",35.2010747789,-106.641162297,2009-12-01,12,2009,255.77,7.55,0.01,0,0.02,0,.,.,.,0.16,35.65,0.98,9,1.19,0,0,.,0,0.16
22,"Bobcat",35.2010747789,-106.641162297,2010-12-01,12,2010,130.62,6.39,0.16,0.01,0.16,0,.,.,.,0,19.42,0.83,11.23,0.16,0.01,0,.,0,0.02
22,"Bobcat",35.2010747789,-106.641162297,2011-12-01,12,2011,316.69,8.24,0.15,0,1.15,0,.,.,.,0.24,48.45,1.07,44.77,0.64,0,0,.,0,0.09
22,"Bobcat",35.2010747789,-106.641162297,2012-12-01,12,2012,234.9,6.35,0.01,0,0.38,0,.,.,.,0,32.05,0.82,3.27,0,0,0,.,0.02,0.12
22,"Bobcat",35.2010747789,-106.641162297,2013-12-01,12,2013,126.08,2.02,0.09,0.01,0,0,.,.,.,0,18.85,0.26,15.55,0.02,0,0,.,0,0
22,"Bobcat",35.2010747789,-106.641162297,2014-12-01,12,2014,117,7.86,0.62,0.02,1.94,0,.,.,.,0,19.29,1.02,18.79,0.86,0,0,.,0,0.12
22,"Bobcat",35.2010747789,-106.641162297,2015-12-01,12,2015,82.62,8.48,0.54,0.01,2.92,0,.,.,.,0,17.35,1.1,36.78,0.15,0,0,.,0,0.07
22,"Bobcat",35.2010747789,-106.641162297,2016-12-01,12,2016,124.08,7.78,0.54,0.02,6.86,2,.,.,.,0,19.73,1.01,9.38,0.02,0,0,.,0,0
22,"Bobcat",35.2010747789,-106.641162297,2017-12-01,12,2017,45.98,1.97,0,0,0,0,.,.,.,0,7.02,0.26,4.7,0,0,0,0,0,0
22,"Bobcat",35.2010747789,-106.641162297,2018-12-01,12,2018,141.31,8.32,0,0.08,0,0,.,.,.,0.09,20.57,1.08,7.49,0.01,0,0,0,0,0.01
22,"Bobcat",35.2010747789,-106.641162297,2019-12-01,12,2019,0.95,0.09,0,0.01,0,0,.,.,.,0,0.21,0.01,0.09,0.02,0,0,0,0,0.01
22,"Bobcat",35.2010747789,-106.641162297,2020-12-01,12,2020,108.77,8.39,0,0.01,0,0.24,.,.,.,0,16.75,1.09,10.26,0.32,0,0,0,0,0.05
22,"Bobcat",35.2010747789,-106.641162297,2021-12-01,12,2021,191.15,4.09,0,0.16,0,0,.,.,.,0,26.19,0.53,5.23,0.02,0,0,0,0,0
22,"Bobcat",35.2010747789,-106.641162297,2022-12-01,12,2022,185.46,3.33,0,0.55,0.56,0,.,.,.,0,26.34,0.43,11.72,0.03,0,0,0,0,0.04
22,"Bobcat",35.2010747789,-106.641162297,2023-12-01,12,2023,140,2.49,0,0.4,0.08,0,2.49,0.09,0,0.16,20.03,0.33,9.18,1.02,0.02,0,0,0,0.14
23,"BioPark",35.0799846256,-106.669723455,2008-01-01,1,2008,36.07,0,0.01,0,0.78,0,.,.,.,0,5.26,0,0.34,0.01,0,0,.,0,0.03
23,"BioPark",35.0799846256,-106.669723455,2009-01-01,1,2009,50.43,0,0.09,0,0,0,.,.,.,0,7.48,0,6.59,0,0,0.02,.,0,0
23,"BioPark",35.0799846256,-106.669723455,2010-01-01,1,2010,18.29,0,0.01,0,0,0,.,.,.,0,2.4,0,0,0,0,0,.,0,0
23,"BioPark",35.0799846256,-106.669723455,2011-01-01,1,2011,27.31,0,0,0,0,0,.,.,.,0,3.59,0,0.02,0.32,0,0,.,0,0.04
23,"BioPark",35.0799846256,-106.669723455,2012-01-01,1,2012,18.46,0.23,0.15,0,0,0,.,.,.,0,3.95,0.03,2.38,0,0,0,.,0,0.02
23,"BioPark",35.0799846256,-106.669723455,2013-01-01,1,2013,31.54,0.02,0,0,0,0,.,.,.,0,5.38,0,3.93,0.01,0,0,.,0,0.18
23,"BioPark",35.0799846256,-106.669723455,2014-01-01,1,2014,10.24,0,0.01,0.01,0,0,.,.,.,0,1.76,0,1.64,0.02,0,0.01,.,0,0.05
23,"BioPark",35.0799846256,-106.669723455,2015-01-01,1,2015,43.93,0,0,0,0,0,.,.,.,0,5.85,0,0.19,0,0,0,.,0,0
23,"BioPark",35.0799846256,-106.669723455,2016-01-01,1,2016,11.15,0,0.01,0,0,0,.,.,.,0,1.48,0,0.02,0.01,0,0,.,0,0.01
23,"BioPark",35.0799846256,-106.669723455,2017-01-01,1,2017,17.08,0,0.15,0,0,0,.,.,.,0,2.29,0,0,0.02,0,0,0,0,0.02
23,"BioPark",35.0799846256,-106.669723455,2018-01-01,1,2018,13.54,0.01,0.09,0,0,0,.,.,.,0,2.06,0,0.24,0.64,0,0,0,0,0.12
23,"BioPark",35.0799846256,-106.669723455,2019-01-01,1,2019,29,0.01,0.08,0.02,0,0,.,.,.,0,4.86,0,7.17,0.04,0,0,0,0,0.02
23,"BioPark",35.0799846256,-106.669723455,2020-01-01,1,2020,30.77,0.01,0,0,0,0,.,.,.,0,5.93,0,4.7,0.02,0,0.09,0,0.23,0.94
23,"BioPark",35.0799846256,-106.669723455,2021-01-01,1,2021,14.7,0.01,0.15,0.01,0.01,0,.,.,.,0,2.78,0,3.78,0.02,0,0.01,0,0,0.12
23,"BioPark",35.0799846256,-106.669723455,2022-01-01,1,2022,12.08,0.01,0.54,0,0,0,.,.,.,0,1.68,0.01,0.02,0.02,0,0.08,0,0,0.01
23,"BioPark",35.0799846256,-106.669723455,2023-01-01,1,2023,10.47,.,1.47,0,0.01,0,.,.,0,0,2.14,0,2.94,0.09,0,0,0,0,0.04
23,"BioPark",35.0799846256,-106.669723455,2024-01-01,1,2024,19.06,.,0.78,0,0,0,0,0,0,0,3.59,0,1.63,0,0,0,0,0,0.31
23,"BioPark",35.0799846256,-106.669723455,2008-02-01,2,2008,34.15,0,0,0,0.08,0,.,.,.,0.01,4.67,0,0.86,0.02,0,0,.,0,0.04
23,"BioPark",35.0799846256,-106.669723455,2009-02-01,2,2009,82.39,0.01,0.01,0,0,0,.,.,.,0,11.05,0,2.22,0.18,0,0,.,0,0.02
23,"BioPark",35.0799846256,-106.669723455,2010-02-01,2,2010,70.38,0.01,0,0.16,0.08,0,.,.,.,0,10.24,0,2.85,0.1,0,0,.,0,0.52
23,"BioPark",35.0799846256,-106.669723455,2011-02-01,2,2011,45.15,0,0.01,0,0,0,.,.,.,0,5.99,0,0.46,0.02,0,0.01,.,0,0.03
23,"BioPark",35.0799846256,-106.669723455,2012-02-01,2,2012,8,0,0.08,0,0,0,.,.,.,0,1.35,0,0.01,0,0,0,.,0,0.24
23,"BioPark",35.0799846256,-106.669723455,2013-02-01,2,2013,29.74,0.01,0,0,0,0,.,.,.,0,4.3,0,1.03,0,0,0,.,0,0.17
23,"BioPark",35.0799846256,-106.669723455,2014-02-01,2,2014,12.77,0,0,0,0,0,.,.,.,0,1.85,0,0,0.02,0,0.01,.,0,0.03
23,"BioPark",35.0799846256,-106.669723455,2015-02-01,2,2015,12.77,0,0,0,0,0,.,.,.,0,1.73,0,0.01,0,0,0,.,0,0.01
23,"BioPark",35.0799846256,-106.669723455,2016-02-01,2,2016,17.7,0.01,0.01,0,0,0,.,.,.,0,3.35,0,3.32,0.09,0,0,.,0,0.03
23,"BioPark",35.0799846256,-106.669723455,2017-02-01,2,2017,32.23,0,0,0,0.08,0.01,.,.,.,0,7.58,0,13.54,0,0,0,0,0,0
23,"BioPark",35.0799846256,-106.669723455,2018-02-01,2,2018,52,0,0.31,0,0,0,.,.,.,0,7.47,0,4.32,0,0,0,0,0,0.06
23,"BioPark",35.0799846256,-106.669723455,2019-02-01,2,2019,28.15,0,0,0,0,0,.,.,.,0,3.8,0,0.25,0.03,0,0,0,0,0.05
23,"BioPark",35.0799846256,-106.669723455,2020-02-01,2,2020,13.08,0.02,0.02,0.01,0,0,.,.,.,0.02,3.84,0,15.39,0.06,0,0,0,0,0.01
23,"BioPark",35.0799846256,-106.669723455,2021-02-01,2,2021,4.18,0,0.02,0.02,0,0,.,.,.,0,0.7,0,0.63,0.01,0,0.01,0,0,0
23,"BioPark",35.0799846256,-106.669723455,2022-02-01,2,2022,35.69,0.01,0.01,0.01,0,0,.,.,.,0,5.4,0,4.63,0.16,0,0.08,0,0,0.03
23,"BioPark",35.0799846256,-106.669723455,2023-02-01,2,2023,38.17,.,0.31,0,0.01,0,.,.,0.02,0.01,6.99,0,3.04,0.17,0,0,0,0,0.69
23,"BioPark",35.0799846256,-106.669723455,2024-02-01,2,2024,7.36,.,0,0,0.09,0,0,0,0,0,1.41,0,0.8,0,0,0,0,0,0.08
23,"BioPark",35.0799846256,-106.669723455,2008-03-01,3,2008,12.4,0,0,0.01,0,0,.,.,.,0,5.18,0,27.25,0.01,0,0,.,0,0
23,"BioPark",35.0799846256,-106.669723455,2009-03-01,3,2009,34.31,0,0.08,0,0,0,.,.,.,0,4.96,0,2.78,0.24,0,0,.,0,0.03
23,"BioPark",35.0799846256,-106.669723455,2010-03-01,3,2010,40.85,0.01,0.02,0.02,0.02,0,.,.,.,0,5.43,0,0.02,0.02,0,0,.,0,0.01
23,"BioPark",35.0799846256,-106.669723455,2011-03-01,3,2011,48.77,0,0.01,0,0.01,0,.,.,.,0,7.6,0,3.32,0.18,0,0.02,.,0,0.24
23,"BioPark",35.0799846256,-106.669723455,2012-03-01,3,2012,23.69,0.01,0.02,0,0,0,.,.,.,0,4.35,0,8.62,0.33,0,0,.,0,0.09
23,"BioPark",35.0799846256,-106.669723455,2013-03-01,3,2013,10.92,0.01,0,0,0,0,.,.,.,0,1.71,0,0.16,0.15,0,0,.,0,0.02
23,"BioPark",35.0799846256,-106.669723455,2014-03-01,3,2014,4.02,0,0,0,0,0,.,.,.,0,0.63,0,0.55,0.01,0,0,.,0,0
23,"BioPark",35.0799846256,-106.669723455,2015-03-01,3,2015,16.31,0,0.01,0,0,0,.,.,.,0,2.77,0,4.58,0.02,0,0,.,0,0
23,"BioPark",35.0799846256,-106.669723455,2016-03-01,3,2016,6.63,0,0,0,0,0,.,.,.,0,1.11,0,0.09,0,0,0,.,0,0
23,"BioPark",35.0799846256,-106.669723455,2017-03-01,3,2017,7.18,0.01,0,0,0,0,.,.,.,0,3.63,0,6.12,0.25,0,0,0,0,0.01
23,"BioPark",35.0799846256,-106.669723455,2018-03-01,3,2018,26.58,0,0,0,0,0,.,.,.,0,7.7,0,19.93,0,0,0,0,0,0.05
23,"BioPark",35.0799846256,-106.669723455,2019-03-01,3,2019,3.39,0,0.01,0,0,0,.,.,.,0.01,0.7,0,0.36,0.18,0,0,0,0,0.02
23,"BioPark",35.0799846256,-106.669723455,2020-03-01,3,2020,8.55,0.01,0.01,0,0,0,.,.,.,0,1.27,0,0.02,0.05,0,0,0,0,0.01
23,"BioPark",35.0799846256,-106.669723455,2021-03-01,3,2021,10.55,0,0.08,0,0.01,0,.,.,.,0,2.4,0,7.32,0.08,0,0,0,0,0.01
23,"BioPark",35.0799846256,-106.669723455,2022-03-01,3,2022,6.79,0,0.08,0.03,0,0,.,.,.,0,2.08,0,7.64,0.09,0,0.15,0,0,0.04
23,"BioPark",35.0799846256,-106.669723455,2023-03-01,3,2023,140.25,.,1.69,0.01,0.55,0,.,.,0.46,0,23.39,0,15.62,0.06,0,0.01,0.01,0,0.29
23,"BioPark",35.0799846256,-106.669723455,2024-03-01,3,2024,26.33,.,0.17,0.01,0.18,0,0,0,0,0,6.84,0,6.69,0.04,0,0.01,0.03,0,0.04
23,"BioPark",35.0799846256,-106.669723455,2007-04-01,4,2007,3.62,0,0,0,0.01,0,.,.,.,0,3.4,0,0.12,20.77,0,0,.,0,2.71
23,"BioPark",35.0799846256,-106.669723455,2008-04-01,4,2008,16.31,0,0,0,0,0,.,.,.,0,5.56,0,8.25,17,0,0,.,0.32,2.32
23,"BioPark",35.0799846256,-106.669723455,2009-04-01,4,2009,56.32,0,0.02,0,0,0,.,.,.,0,10.75,0,4.62,17.15,0,0,.,0,2.58
23,"BioPark",35.0799846256,-106.669723455,2010-04-01,4,2010,58.62,0.01,0,0.01,0.09,0,.,.,.,0,11.17,0,1.79,21.92,0,0,.,0,2.85
23,"BioPark",35.0799846256,-106.669723455,2011-04-01,4,2011,30.86,0,0.01,0,0,0,.,.,.,0,6.29,0,3.08,14.08,0,0,.,0,1.84
23,"BioPark",35.0799846256,-106.669723455,2012-04-01,4,2012,3.09,0,0,0,0,0,.,.,.,0,3.83,0,0.79,25.38,0,0,.,0,3.31
23,"BioPark",35.0799846256,-106.669723455,2013-04-01,4,2013,13.54,0.01,0,0,0.01,0,.,.,.,0,3.87,0,1.16,13.46,0,0,.,0,1.75
23,"BioPark",35.0799846256,-106.669723455,2014-04-01,4,2014,6,0,0,0,0,0,.,.,.,0,4.78,0,6.93,18.23,0,0,.,0,2.37
23,"BioPark",35.0799846256,-106.669723455,2015-04-01,4,2015,7.46,0.01,0.01,0,0.01,0,.,.,.,0,11.58,0,47.95,32.61,0,0,.,0,4.24
23,"BioPark",35.0799846256,-106.669723455,2016-04-01,4,2016,13.08,0.01,0,0,0.01,0,.,.,.,0,7.78,0,9.7,29.15,0,0,.,0,0
23,"BioPark",35.0799846256,-106.669723455,2017-04-01,4,2017,0.47,0,0,0,0,0,.,.,.,0,4.32,0,3.55,28,0,0,0.1,0,0.01
23,"BioPark",35.0799846256,-106.669723455,2018-04-01,4,2018,3.55,0,0,10.46,0,0,.,.,.,0,7.39,0,14.64,21.62,0,0,0.02,0,2.82
23,"BioPark",35.0799846256,-106.669723455,2019-04-01,4,2019,2.71,0,0.02,0,0.01,0,.,.,.,0,4.11,0,9.39,17.46,0,0,0.03,0,2.28
23,"BioPark",35.0799846256,-106.669723455,2020-04-01,4,2020,7.24,0.01,0.01,0.01,0,0,.,.,.,0,6.7,0,4.31,37.08,0,0,0.22,0,4.85
23,"BioPark",35.0799846256,-106.669723455,2022-04-01,4,2022,4.77,0,0.01,0,0.02,0,.,.,.,0.01,2.41,0,5.18,6.64,0,0.08,0.12,0,0.96
23,"BioPark",35.0799846256,-106.669723455,2023-04-01,4,2023,24.79,.,0.15,0,0.01,0,.,.,0.01,0,4.26,0,0.26,1.48,0,0,0,0,0.29
23,"BioPark",35.0799846256,-106.669723455,2024-04-01,4,2024,2.49,.,0,0.08,0.08,0,0,0,0,0,1.96,0,6.57,3.86,0,0.08,0.12,0,0.56
23,"BioPark",35.0799846256,-106.669723455,2007-05-01,5,2007,1.81,0,0,0,0.01,0,.,.,.,0,2.03,0,4.91,5.22,0,0,.,0,0.89
23,"BioPark",35.0799846256,-106.669723455,2008-05-01,5,2008,6.01,0,0,0,1.7,0,.,.,.,0,4.68,0,11.15,16.46,0,0,.,0,2.16
23,"BioPark",35.0799846256,-106.669723455,2009-05-01,5,2009,19.38,0,0,0,0,0,.,.,.,0,5.04,0,1.01,17.31,0,0,.,0,2.32
23,"BioPark",35.0799846256,-106.669723455,2010-05-01,5,2010,25.38,0,0.02,0,0,0,.,.,.,0,10.98,0,35.65,21.88,0,0,.,0,2.86
23,"BioPark",35.0799846256,-106.669723455,2011-05-01,5,2011,8.64,0,0.01,0,0,0.01,.,.,.,0,4.46,0,6.58,18.63,0,0,.,0,2.42
23,"BioPark",35.0799846256,-106.669723455,2012-05-01,5,2012,7.62,0,0,0,0,0,.,.,.,0,3.54,0,7.38,7.69,0,0.02,.,0,1.01
23,"BioPark",35.0799846256,-106.669723455,2013-05-01,5,2013,16.69,0.47,0.01,0,0.02,0,.,.,.,0,5.94,0.06,10.16,13.46,0,0.01,.,0,1.77
23,"BioPark",35.0799846256,-106.669723455,2014-05-01,5,2014,8.32,0.01,0,0.01,0,0.01,.,.,.,0,4.21,0,17.26,5.31,0,0,.,0,0.69
23,"BioPark",35.0799846256,-106.669723455,2015-05-01,5,2015,4.64,0,0,0,0,0,.,.,.,0,1.92,0,4.16,5.39,0,0,.,0,0.7
23,"BioPark",35.0799846256,-106.669723455,2016-05-01,5,2016,8.15,0.01,0,0,0,0,.,.,.,0.01,3.34,0,3.73,7.31,0,0,.,0,0.08
23,"BioPark",35.0799846256,-106.669723455,2017-05-01,5,2017,0.36,0,0,0,0,0,.,.,.,0,2.35,0,7.16,5.31,0,0,0,0,0
23,"BioPark",35.0799846256,-106.669723455,2018-05-01,5,2018,6.31,0,0.03,0.01,0,0,.,.,.,0,4.38,0,14.56,11.15,0,0.08,0,0,1.51
23,"BioPark",35.0799846256,-106.669723455,2019-05-01,5,2019,2.7,0,0.17,0,0,0,.,.,.,0,3.1,0,6.26,9.74,0,0.27,0,0,1.62
23,"BioPark",35.0799846256,-106.669723455,2020-05-01,5,2020,4.86,0,0.09,0,0,0,.,.,.,0,13.31,0,82.64,12.15,0,0.31,0.02,0,1.82
23,"BioPark",35.0799846256,-106.669723455,2021-05-01,5,2021,4.54,0,0.08,0,0.15,0,.,.,.,0,4.65,0,12.42,16.85,0.01,0.23,0,0,2.3
23,"BioPark",35.0799846256,-106.669723455,2022-05-01,5,2022,14.46,0.01,0.24,0.01,0.02,0.01,.,.,.,0,13.75,0,75.7,7.26,0,0.85,0,0,1.58
23,"BioPark",35.0799846256,-106.669723455,2023-05-01,5,2023,4,0,0.03,0,0.02,0,0,0.02,0,0,13.76,0,51.08,5.71,0,0,0,0,0.37
23,"BioPark",35.0799846256,-106.669723455,2024-05-01,5,2024,17.94,.,0,0,0,0,0,0,0,0,5.48,0,6.08,0.59,0,0.62,0,0,0.25
23,"BioPark",35.0799846256,-106.669723455,2007-06-01,6,2007,11.54,0,0.01,0,0.01,0,.,.,.,0,9.64,0,21.32,21.46,0.01,0,.,0,5.24
23,"BioPark",35.0799846256,-106.669723455,2008-06-01,6,2008,5.39,0,0,0,0,0,.,.,.,0,3.28,0,3.85,13.46,0,0,.,0,1.92
23,"BioPark",35.0799846256,-106.669723455,2009-06-01,6,2009,7.01,0,0,0,0,0,.,.,.,0,3.16,0,3.62,13.31,0,0,.,0,1.73
23,"BioPark",35.0799846256,-106.669723455,2010-06-01,6,2010,5.48,0,0,0,0,0,.,.,.,0,3.34,0,2.83,12.91,0,0,.,0,2.23
23,"BioPark",35.0799846256,-106.669723455,2011-06-01,6,2011,13.08,0,0,0,0,0,.,.,.,0,6.64,0,5.08,32.38,0,0,.,0,4.21
23,"BioPark",35.0799846256,-106.669723455,2012-06-01,6,2012,17.16,0,0,0,0,0,.,.,.,0,6.1,0,0.38,28.16,0,0,.,0,3.66
23,"BioPark",35.0799846256,-106.669723455,2013-06-01,6,2013,14.62,0,0,0,0,0,.,.,.,0,4.07,0,4.62,10.23,0,0,.,0,1.33
23,"BioPark",35.0799846256,-106.669723455,2014-06-01,6,2014,3.48,0,0,0,0,0,.,.,.,0,2.68,0,0.72,15.54,0,0,.,0,2.05
23,"BioPark",35.0799846256,-106.669723455,2015-06-01,6,2015,1.49,0,0,0,0,0.01,.,.,.,0,3.6,0,9.85,13.77,0,0,.,0,2.02
23,"BioPark",35.0799846256,-106.669723455,2016-06-01,6,2016,2.62,0,0,0,0,0,.,.,.,0,4.04,0,0.77,25.48,0,0,0,0,0.16
23,"BioPark",35.0799846256,-106.669723455,2017-06-01,6,2017,3.47,0,0,0,0,0,.,.,.,0,5.63,0,3.32,27.77,0,0.01,0,0,0.85
23,"BioPark",35.0799846256,-106.669723455,2018-06-01,6,2018,0,0,0,0,0,0,.,.,.,0,2.96,0,2.33,19.92,0,0,0,0,2.61
23,"BioPark",35.0799846256,-106.669723455,2019-06-01,6,2019,12.94,0.01,0.54,0,0,0,.,.,.,0.01,9.5,0,20.38,26.31,0,0.39,0,0,4.84
23,"BioPark",35.0799846256,-106.669723455,2020-06-01,6,2020,4.63,0,0.01,0.01,0,0,.,.,.,0,6.04,0,13.77,24.1,0,0,0,0,3.29
23,"BioPark",35.0799846256,-106.669723455,2021-06-01,6,2021,5.9,0.01,0.14,0,0.01,0,.,.,.,0,3.83,0,7.71,11.92,0,0.64,0,0,1.11
23,"BioPark",35.0799846256,-106.669723455,2022-06-01,6,2022,11.21,0,0.02,0.01,0.09,0,.,.,.,0,3.06,0,4.97,4.97,0,0.01,0,0,0.64
23,"BioPark",35.0799846256,-106.669723455,2023-06-01,6,2023,12.41,0,0.02,0.01,0.17,0,0,0,0,1.54,7.1,0,20.88,14.2,0,0.02,0.1,0,1.91
23,"BioPark",35.0799846256,-106.669723455,2024-06-01,6,2024,4.86,.,0.02,0,0.69,0,0,0,0,0,2.56,0,0.8,9.09,0,0.01,0,0,1.59
23,"BioPark",35.0799846256,-106.669723455,2007-07-01,7,2007,13.46,0,0,0,0,0,.,.,.,0,3.79,0,6.18,0.46,0,0,.,0,0.43
23,"BioPark",35.0799846256,-106.669723455,2008-07-01,7,2008,3.25,0,0,0,0,0,.,.,.,0,4.52,0,10.85,19.62,0,0,.,0,2.55
23,"BioPark",35.0799846256,-106.669723455,2009-07-01,7,2009,6.08,0,0,0,0,0,.,.,.,0,7.2,0,21.63,26.85,0,0,.,0,3.51
23,"BioPark",35.0799846256,-106.669723455,2010-07-01,7,2010,19.62,0,0,0,0.01,0,.,.,.,0,13.28,0,48.85,32.5,0,0,.,0.01,4.24
23,"BioPark",35.0799846256,-106.669723455,2011-07-01,7,2011,63.62,0,0,0,0,0,.,.,.,0.01,10.29,0,4.02,8.86,0,0,.,0,1.17
23,"BioPark",35.0799846256,-106.669723455,2012-07-01,7,2012,62,0,0,0.01,0,0,.,.,.,0,9.01,0,1.25,5.02,0,0,.,0,0.69
23,"BioPark",35.0799846256,-106.669723455,2013-07-01,7,2013,4.46,0,0,0,0,0,.,.,.,0,2.98,0,8.19,9.24,0.01,0,.,0,1.2
23,"BioPark",35.0799846256,-106.669723455,2014-07-01,7,2014,0.66,0,0,0,0,0,.,.,.,0,1.33,0,0,4.17,0,0,.,0,0.54
23,"BioPark",35.0799846256,-106.669723455,2015-07-01,7,2015,1.93,0,0,0,0,0,.,.,.,0,2,0,0.85,11.24,0,0,.,0,1.59
23,"BioPark",35.0799846256,-106.669723455,2016-07-01,7,2016,2.02,0,0,0,0,0.01,.,.,.,0,2.58,0,3.8,12.92,0,0,0,0,0.01
23,"BioPark",35.0799846256,-106.669723455,2017-07-01,7,2017,2.25,0,0.02,0,0.02,0,.,.,.,0,1.9,0,0.65,8.32,0,0,0,0,0.31
23,"BioPark",35.0799846256,-106.669723455,2018-07-01,7,2018,1.94,0,0.01,0,0.01,0,.,.,.,0,2.97,0,5.17,14.77,0,0.01,0,0,1.92
23,"BioPark",35.0799846256,-106.669723455,2019-07-01,7,2019,2.62,0,0.01,0,0,0,.,.,.,0,3.64,0,7.48,13.38,0,0,0,0,2.13
23,"BioPark",35.0799846256,-106.669723455,2020-07-01,7,2020,4.11,0.01,0.01,0,0,0,.,.,.,0.01,1.32,0,0.36,4.29,0,0,0,0,0.54
23,"BioPark",35.0799846256,-106.669723455,2021-07-01,7,2021,32.92,0.03,0.08,0.01,1.15,0,.,.,.,0,22.31,0,114.56,21.23,0.01,0,0.01,0,2.78
23,"BioPark",35.0799846256,-106.669723455,2022-07-01,7,2022,0.86,0.01,0,0,0,0,.,.,.,0,1.12,0,4.28,3.17,0,0,0,0,0.38
23,"BioPark",35.0799846256,-106.669723455,2023-07-01,7,2023,2.91,0,0,0,0,0,0,0,0,0,1.78,0,1.63,7.62,0,0,0,0,1.04
23,"BioPark",35.0799846256,-106.669723455,2024-07-01,7,2024,0,.,0,0,0,1.92,0,0.58,0,0,1.52,0.07,1.35,2.79,2.4,0,0,0,0.64
23,"BioPark",35.0799846256,-106.669723455,2007-08-01,8,2007,3.5,0,0,0,0.01,0,.,.,.,0,1.06,0,1.62,0.18,0,0,.,0,0.12
23,"BioPark",35.0799846256,-106.669723455,2008-08-01,8,2008,0.63,0.01,0,0,0,0,.,.,.,0,2.82,0,18.15,2.15,0,0,.,0,0.32
23,"BioPark",35.0799846256,-106.669723455,2009-08-01,8,2009,1.48,0.01,0,0,0,0,.,.,.,0,1.35,0,1.43,3.86,0,0.01,.,0,0.96
23,"BioPark",35.0799846256,-106.669723455,2010-08-01,8,2010,10.94,0,0,0,0.02,0,.,.,.,0.01,14.55,0,97.09,3.16,0,0,.,0,0.41
23,"BioPark",35.0799846256,-106.669723455,2011-08-01,8,2011,33.62,0,0,0,0,0,.,.,.,0,5.07,0,3.79,1.25,0,0,.,0,0.19
23,"BioPark",35.0799846256,-106.669723455,2012-08-01,8,2012,7.01,0,0,0,0,0,.,.,.,0,2.19,0,8.17,0.94,0,0,.,0,0.12
23,"BioPark",35.0799846256,-106.669723455,2013-08-01,8,2013,5.41,0,0,0,0,0,.,.,.,0,3.17,0,18.32,0.06,0,0,.,0,0.01
23,"BioPark",35.0799846256,-106.669723455,2014-08-01,8,2014,1.94,0,0,0,0,0,.,.,.,0,1.02,0,0.39,0,0,0,.,0,0
23,"BioPark",35.0799846256,-106.669723455,2015-08-01,8,2015,0.8,0.01,0,0,0,0,.,.,.,0,0.54,0,2.26,0.4,0,0,.,0,0.05
23,"BioPark",35.0799846256,-106.669723455,2016-08-01,8,2016,6.17,0,0,0.01,0,0,.,.,.,0,1.32,0,2.89,0.49,0,0,0,0,0
23,"BioPark",35.0799846256,-106.669723455,2017-08-01,8,2017,0.66,0,0,0,0,0,.,.,.,0,0.22,0,0.19,0.48,0,0,0,0,0.03
23,"BioPark",35.0799846256,-106.669723455,2018-08-01,8,2018,12.16,0,0.15,0,0,0,.,.,.,0,2.88,0,7.46,0.33,0,0.23,0,0,0.18
23,"BioPark",35.0799846256,-106.669723455,2019-08-01,8,2019,0.66,0,0.16,0,0,0,.,.,.,0,0.67,0,2.33,0.66,0,0.01,0.01,0,0.13
23,"BioPark",35.0799846256,-106.669723455,2020-08-01,8,2020,1.18,0.01,0.02,0,0,0.01,.,.,.,0,5.68,0,41.59,0.25,0.01,0,0,0,0.04
23,"BioPark",35.0799846256,-106.669723455,2021-08-01,8,2021,17.49,0,0.54,0,0,0,.,.,.,0,3.65,0,6.94,2.33,0,0,0,0,0.3
23,"BioPark",35.0799846256,-106.669723455,2022-08-01,8,2022,0.71,0,0.01,0,0,0,.,.,.,0,1.32,0,8.81,0.1,0,0,0.01,0,0.01
23,"BioPark",35.0799846256,-106.669723455,2023-08-01,8,2023,1.55,0,0.01,0,0.01,0,0,0,0,0,0.98,0,4.57,0.09,0,0,0,0,0.1
23,"BioPark",35.0799846256,-106.669723455,2024-08-01,8,2024,1.31,.,0.01,0,0.01,0,0,0,0,0,1.22,0,3.01,0.18,0,0,0,0,0.03
23,"BioPark",35.0799846256,-106.669723455,2007-09-01,9,2007,16.62,0,0,0,0.55,0,.,.,.,0,3.39,0,0.4,0.01,0,0,.,0.46,1.08
23,"BioPark",35.0799846256,-106.669723455,2008-09-01,9,2008,2.33,0,0,0,0.01,0,.,.,.,0,0.95,0,0.01,0.09,0,0,.,0,0.19
23,"BioPark",35.0799846256,-106.669723455,2009-09-01,9,2009,1.39,0,0,0,0,0,.,.,.,0,0.38,0,0.39,0.09,0,0,.,0,0.01
23,"BioPark",35.0799846256,-106.669723455,2010-09-01,9,2010,5.93,0,0,0,0.15,0.01,.,.,.,0,1.34,0,3.46,0.47,0,0,.,0,0.06
23,"BioPark",35.0799846256,-106.669723455,2011-09-01,9,2011,4.02,0,0.01,0,0,0,.,.,.,0,0.69,0,0.45,0.38,0,0,.,0,0.05
23,"BioPark",35.0799846256,-106.669723455,2012-09-01,9,2012,2.46,0,0,0,0,0,.,.,.,0,0.96,0,0.01,0.02,0,0,.,0,0.25
23,"BioPark",35.0799846256,-106.669723455,2013-09-01,9,2013,1.17,0,0,0,0,0,.,.,.,0,0.3,0,0.78,0.01,0,0,.,0,0
23,"BioPark",35.0799846256,-106.669723455,2014-09-01,9,2014,0.81,0,0,0,0,0,.,.,.,0.01,1.24,0,5.26,0.01,0,0,.,0,0.02
23,"BioPark",35.0799846256,-106.669723455,2015-09-01,9,2015,2.73,0,0,0,0,0,.,.,.,0,1.18,0,0.01,0.01,0,0,.,0,0.04
23,"BioPark",35.0799846256,-106.669723455,2017-09-01,9,2017,1.86,0,0,0,0,0.01,.,.,.,0,0.5,0,1.39,0.03,0,0,0,0,0
23,"BioPark",35.0799846256,-106.669723455,2018-09-01,9,2018,2.82,0,0.6,0,0,0.01,.,.,.,0,0.81,0,1.72,0.1,0,0,0,0,0.01
23,"BioPark",35.0799846256,-106.669723455,2019-09-01,9,2019,0.36,0.08,0.25,0.02,0,0,.,.,.,0,0.44,0.01,2.02,0.01,0,0,0,0,0
23,"BioPark",35.0799846256,-106.669723455,2020-09-01,9,2020,8.16,0.02,0.08,0,0,0.01,.,.,.,0,3.54,0,12.71,0.49,0,0.01,0,0,0.15
23,"BioPark",35.0799846256,-106.669723455,2021-09-01,9,2021,1.3,0,1.54,0,0,0,.,.,.,0,0.66,0,1.12,0.02,0,0,0,0,0.01
23,"BioPark",35.0799846256,-106.669723455,2022-09-01,9,2022,0.79,0,0.31,0,0,0,.,.,.,0,0.93,0,1.18,0.09,0,0,0,0,0.49
23,"BioPark",35.0799846256,-106.669723455,2023-09-01,9,2023,1.4,0,0.55,0,0,0,0,0,0,0,1.21,0,1.16,0.09,0,0,0,0,0.16
23,"BioPark",35.0799846256,-106.669723455,2024-09-01,9,2024,0.93,.,0.16,0.02,0.03,0,0,0,0,0,0.48,0,0.42,0.18,0.01,0,0,0,0.06
23,"BioPark",35.0799846256,-106.669723455,2007-10-01,10,2007,58.38,0.01,0,0,1.39,0,.,.,.,0,7.99,0,1.02,0.02,0,0,.,0,0.01
23,"BioPark",35.0799846256,-106.669723455,2008-10-01,10,2008,9.46,0,0,0,0.31,0,.,.,.,0,6.61,0,39.71,0.39,0,0,.,0,0.05
23,"BioPark",35.0799846256,-106.669723455,2009-10-01,10,2009,18.16,0,0.02,0,0.09,0,.,.,.,0,2.83,0,2.09,0.42,0,0,.,0,0.06
23,"BioPark",35.0799846256,-106.669723455,2010-10-01,10,2010,14.85,0.01,0,0.01,0.38,0.01,.,.,.,0,2.73,0,5.17,0.1,0,0.01,.,0,0.01
23,"BioPark",35.0799846256,-106.669723455,2011-10-01,10,2011,15.73,0.01,0,0,0,0,.,.,.,0,2.51,0,3.52,0,0,0,.,0,0
23,"BioPark",35.0799846256,-106.669723455,2012-10-01,10,2012,15.15,0,0.02,0,0,0,.,.,.,0,2.47,0,2.4,0.01,0,0,.,0,0.06
23,"BioPark",35.0799846256,-106.669723455,2013-10-01,10,2013,7.26,0.01,0,0.01,0,0,.,.,.,0,1.18,0,1.62,0.03,0,0,.,0,0
23,"BioPark",35.0799846256,-106.669723455,2014-10-01,10,2014,12.16,0.7,0,0,0,0,.,.,.,0,1.93,0.09,0.01,0.26,0,0,.,0,0.03
23,"BioPark",35.0799846256,-106.669723455,2015-10-01,10,2015,74.96,0.43,0,0,0,0.26,.,.,.,0,11.99,0.06,12.75,0.7,0,0,.,0,0.11
23,"BioPark",35.0799846256,-106.669723455,2016-10-01,10,2016,9.83,0,0,0,0,0.51,.,.,.,0,2.57,0,7.48,0.69,0,0,0,0,0
23,"BioPark",35.0799846256,-106.669723455,2017-10-01,10,2017,3.56,0,0,0,0,0.15,.,.,.,0,0.73,0,1.39,0.09,0,0,0,0,0
23,"BioPark",35.0799846256,-106.669723455,2018-10-01,10,2018,9.92,0,0.6,0,0.02,0,.,.,.,0.01,1.76,0,2.33,0.04,0,0,0,0,0
23,"BioPark",35.0799846256,-106.669723455,2019-10-01,10,2019,2.63,0,0.46,0,0.01,0,.,.,.,0.01,0.79,0,0.43,0.41,0,0,0,0,0.19
23,"BioPark",35.0799846256,-106.669723455,2020-10-01,10,2020,18.62,0.03,1.23,0,0.02,0,.,.,.,0,3.09,0,0.9,0.02,0,0,0,0,0.01
23,"BioPark",35.0799846256,-106.669723455,2021-10-01,10,2021,6.84,0,0.09,0,0.02,0,.,.,.,0,1.76,0,3.86,1.55,0,0,0,0,0.18
23,"BioPark",35.0799846256,-106.669723455,2022-10-01,10,2022,4.62,0,1.15,0,0.01,0,.,.,.,0,1.46,0,2.24,0.02,0,0,0,0,0.12
23,"BioPark",35.0799846256,-106.669723455,2023-10-01,10,2023,2.08,0,0.85,0,0.02,0,0,0,0,0,1.5,0,1.93,0.25,0,0,0,0,0.32
23,"BioPark",35.0799846256,-106.669723455,2024-10-01,10,2024,4.93,.,0.23,0.01,0.19,0,0.02,0,0,0,1.06,0,0.79,0.01,0.01,0,0,0,0.05
23,"BioPark",35.0799846256,-106.669723455,2007-11-01,11,2007,143.38,0.02,0.02,0,9.62,0.78,.,.,.,0,20.49,0,2.55,0,0,0,.,0,0.02
23,"BioPark",35.0799846256,-106.669723455,2008-11-01,11,2008,90.23,0.02,0,0,1.85,0,.,.,.,1.39,12.89,0,0.02,0.03,0,0,.,0,0.12
23,"BioPark",35.0799846256,-106.669723455,2009-11-01,11,2009,63.68,0.03,0,0,0.51,0.34,.,.,.,0,9.33,0,6.78,0.01,0,0,.,0,0
23,"BioPark",35.0799846256,-106.669723455,2010-11-01,11,2010,102.31,0,1.85,0,0.03,0,.,.,.,0,13.82,0,0.92,0.17,0,0,.,0,0.02
23,"BioPark",35.0799846256,-106.669723455,2011-11-01,11,2011,87.62,0,1.54,0,0,0,.,.,.,0,19.78,0,61.38,0,0,0,.,0,0.14
23,"BioPark",35.0799846256,-106.669723455,2012-11-01,11,2012,82.38,0,0,0,0.08,0,.,.,.,0,11.28,0,4.32,0,0,0,.,0,0
23,"BioPark",35.0799846256,-106.669723455,2013-11-01,11,2013,96.23,0.09,0,0.01,0.01,0,.,.,.,0.23,14.19,0.01,11.01,0,0,0,.,0,0.02
23,"BioPark",35.0799846256,-106.669723455,2014-11-01,11,2014,97.92,0,0,0,0.01,0,.,.,.,0.38,14,0,0.02,0.25,0,0,.,0,0.03
23,"BioPark",35.0799846256,-106.669723455,2015-11-01,11,2015,94.69,0.02,0.01,0,0.47,0,.,.,.,1.85,14.52,0,9.17,0.32,0,0,.,0,0.15
23,"BioPark",35.0799846256,-106.669723455,2016-11-01,11,2016,56.62,0,0.01,0,0.01,0.47,.,.,.,0,8.46,0,7.56,0.01,0,0,0,0,0
23,"BioPark",35.0799846256,-106.669723455,2017-11-01,11,2017,123.23,0.02,1.31,0.01,0.16,0,.,.,.,0.92,18.29,0,11.86,0.01,0,0,0.01,0,0.1
23,"BioPark",35.0799846256,-106.669723455,2018-11-01,11,2018,81.39,0.02,0.62,0,0.01,1.92,.,.,.,0,12.34,0,10.18,0.06,0,0,0,0,0.01
23,"BioPark",35.0799846256,-106.669723455,2019-11-01,11,2019,88.62,0.09,2.22,0.02,0.09,3.94,.,.,.,0,15.02,0.01,9.5,0,0,0,0,0,0
23,"BioPark",35.0799846256,-106.669723455,2020-11-01,11,2020,158.69,0.12,1.63,0.02,0.85,0,.,.,.,0,21.96,0.02,4.89,0,0,0.01,0,0,0.07
23,"BioPark",35.0799846256,-106.669723455,2021-11-01,11,2021,27.52,0,0.01,0,0.04,0,.,.,.,1.97,4.31,0,2.58,0.03,0,0,0,0,0
23,"BioPark",35.0799846256,-106.669723455,2022-11-01,11,2022,64.69,0.02,1.85,0.01,2.78,0,.,.,.,0,40.09,0,226.59,0.11,0,0.15,0,0,0.77
23,"BioPark",35.0799846256,-106.669723455,2023-11-01,11,2023,62.66,.,0.68,0.02,1.73,0,.,.,0,0,9.81,0,3.26,0.04,0,0,0,0,0.04
23,"BioPark",35.0799846256,-106.669723455,2024-11-01,11,2024,51.24,.,0.31,0.04,0.17,0,0.41,0,0.01,0,10.8,0.05,28.17,0,0,0,0,0,0.15
23,"BioPark",35.0799846256,-106.669723455,2007-12-01,12,2007,53.68,0.02,0.02,0.02,4.62,0,.,.,.,0,7.76,0,0.62,0.14,0,0,.,0,0.02
23,"BioPark",35.0799846256,-106.669723455,2008-12-01,12,2008,206.16,0.01,0.09,0.01,0.48,0,.,.,.,0,28.28,0,7.62,1.16,0,0,.,0,0.17
23,"BioPark",35.0799846256,-106.669723455,2009-12-01,12,2009,222.16,0.01,1.79,0.02,0.77,0,.,.,.,0,29.84,0,2.7,1.24,0.38,0,.,0,0.21
23,"BioPark",35.0799846256,-106.669723455,2010-12-01,12,2010,86.15,0.03,0,0,0,0.02,.,.,.,0,11.42,0,1.39,0.01,0,0,.,0,0
23,"BioPark",35.0799846256,-106.669723455,2011-12-01,12,2011,255.21,0.02,0.18,0,0.18,0,.,.,.,0.02,45.58,0,88.21,1.04,0,0.02,.,0,0.76
23,"BioPark",35.0799846256,-106.669723455,2012-12-01,12,2012,87.46,0.08,0.23,0,0,0,.,.,.,0,11.63,0.01,0.78,0.02,0.01,0,.,0,0.03
23,"BioPark",35.0799846256,-106.669723455,2013-12-01,12,2013,85.15,0.02,0.31,0,0,0,.,.,.,0,12.71,0,10.93,0,0,0,.,0.01,0.07
23,"BioPark",35.0799846256,-106.669723455,2014-12-01,12,2014,94.15,0.09,0.02,0,0.23,0,.,.,.,0,13.56,0.01,8,0,0,0,.,0,0.01
23,"BioPark",35.0799846256,-106.669723455,2015-12-01,12,2015,37.52,0.02,0.26,0.01,0.43,0,.,.,.,0,5.34,0,0.14,0.2,0,0,.,0,0.03
23,"BioPark",35.0799846256,-106.669723455,2016-12-01,12,2016,115,0.1,0.85,0,0.24,0,.,.,.,0,16.49,0.01,8.94,0.19,0,0,0.01,0,0.07
23,"BioPark",35.0799846256,-106.669723455,2017-12-01,12,2017,51.92,0.01,0.01,0,0.01,0,.,.,.,0,7.28,0,3.87,0.01,0,0,0,0,0
23,"BioPark",35.0799846256,-106.669723455,2018-12-01,12,2018,128,0.08,0.79,0.02,0.19,0,.,.,.,0,17.25,0.01,2.1,0.79,0,0,0.01,0,0.13
23,"BioPark",35.0799846256,-106.669723455,2019-12-01,12,2019,122.77,0.02,2.02,0.02,0,0,.,.,.,0.15,17.78,0,4.32,0.02,0,0.08,0,0,0.19
23,"BioPark",35.0799846256,-106.669723455,2020-12-01,12,2020,32.92,0,0.31,0,0.08,0,.,.,.,0,4.43,0,0.39,0,0,0,0,0,0
23,"BioPark",35.0799846256,-106.669723455,2021-12-01,12,2021,90.69,0.02,2.02,0.03,0.39,0,.,.,.,0,13.64,0,6.88,1.65,0,0.01,0,0,0.39
23,"BioPark",35.0799846256,-106.669723455,2022-12-01,12,2022,30.46,0,2.48,0.01,0.03,0,.,.,.,0,5.05,0,2.55,0.01,0,0.46,0,0,0.23
23,"BioPark",35.0799846256,-106.669723455,2023-12-01,12,2023,80.51,0.02,0.43,0.11,0.68,0,0.02,0,0,0,11.21,0,0.44,0.03,0,0,0,0,0.24
23,"BioPark",35.0799846256,-106.669723455,2024-12-01,12,2024,37.77,.,0.47,0.1,1.39,0,0,0,0,0,5.83,0,1.47,0,0,0,0,0,0.21
24,"Santo Domingo",35.50989,-106.3896,2009-01-01,1,2009,25.64,0.01,0.01,0,0,0.01,.,.,.,0,9.61,0,38.72,0,0,0,.,0,0.43
24,"Santo Domingo",35.50989,-106.3896,2010-01-01,1,2010,16.38,0.01,0,0,0,0,.,.,.,0,2.25,0,0.86,0,0,0,.,0,0
24,"Santo Domingo",35.50989,-106.3896,2011-01-01,1,2011,3.46,0.15,0,0.01,0,0,.,.,.,0,0.98,0.02,1.71,0.15,0,0,.,0,0.02
24,"Santo Domingo",35.50989,-106.3896,2012-01-01,1,2012,5.54,0.15,0.77,0,0,0,.,.,.,0,0.85,0.02,0,0,0,0,.,0,0
24,"Santo Domingo",35.50989,-106.3896,2013-01-01,1,2013,16.69,0.23,0,0,0,0,.,.,.,0,2.26,0.03,0.02,0.02,0,0,.,0,0.02
24,"Santo Domingo",35.50989,-106.3896,2014-01-01,1,2014,19.15,0.38,0.01,0,0,0,.,.,.,0,7.58,0.05,37.08,0,0,0,.,0,0.03
24,"Santo Domingo",35.50989,-106.3896,2015-01-01,1,2015,9.77,0.23,0.01,0,0,0,.,.,.,0,1.47,0.03,0.88,0,0,0.01,.,0,0
24,"Santo Domingo",35.50989,-106.3896,2016-01-01,1,2016,5.16,1.15,0.01,0,0,0,.,.,.,0,1.13,0.15,0.63,0.01,0,0,.,0,0
24,"Santo Domingo",35.50989,-106.3896,2017-01-01,1,2017,1.39,0.08,0,0.09,0,0,.,.,.,0,0.25,0.01,0.11,0.02,0,0,0,0,0
24,"Santo Domingo",35.50989,-106.3896,2018-01-01,1,2018,7.69,0.15,0,0,0,0,.,.,.,0,1.07,0.02,0.09,0,0,0.01,0,0,0
24,"Santo Domingo",35.50989,-106.3896,2019-01-01,1,2019,29.15,0.01,0.02,0,0,0,.,.,.,0,10.05,0,47.62,0.02,0,0,0,0,0.01
24,"Santo Domingo",35.50989,-106.3896,2020-01-01,1,2020,32.24,0,0.02,0,0,0,.,.,.,0,4.42,0.1,0.1,0,0,0,0,0,0
24,"Santo Domingo",35.50989,-106.3896,2023-01-01,1,2023,13.24,.,0.01,0,0,0,.,.,0,0,2.5,0,0.41,0.04,0.01,0,0,0,0.09
24,"Santo Domingo",35.50989,-106.3896,2008-02-01,2,2008,8.48,0.01,0,0,0,0,.,.,.,0,2.82,0,9.62,0.01,0,0,.,0,0.05
24,"Santo Domingo",35.50989,-106.3896,2009-02-01,2,2009,10.47,0.01,0,0.01,0,0,.,.,.,0,3.35,0,12.39,0,0,0,.,0,0.16
24,"Santo Domingo",35.50989,-106.3896,2010-02-01,2,2010,19.93,0.08,0.01,0,0,0,.,.,.,0,3.77,0.01,9,0.01,0,0.01,.,0,0
24,"Santo Domingo",35.50989,-106.3896,2011-02-01,2,2011,4.54,0,0,0,0,0,.,.,.,0,1.26,0,4.08,0,0,0,.,0,0
24,"Santo Domingo",35.50989,-106.3896,2012-02-01,2,2012,8.08,0.08,0,0,0,0,.,.,.,0,1.39,0.01,1.92,0,0,0,.,0,0
24,"Santo Domingo",35.50989,-106.3896,2013-02-01,2,2013,34.77,0.46,0,0,0,0,.,.,.,0,4.85,0.06,0.93,0,0,0.15,.,0,0.03
24,"Santo Domingo",35.50989,-106.3896,2014-02-01,2,2014,15.31,0.01,0.01,0,0,0,.,.,.,0,2.7,0,4.47,0.01,0,0,.,0,0
24,"Santo Domingo",35.50989,-106.3896,2015-02-01,2,2015,5.62,0,0,0,0,0,.,.,.,0,0.95,0,0.55,0,0,0.16,.,0,0.02
24,"Santo Domingo",35.50989,-106.3896,2016-02-01,2,2016,1.35,0,0,0,0,0,.,.,.,0,0.64,0,0.02,0.02,0,0,.,0,0
24,"Santo Domingo",35.50989,-106.3896,2017-02-01,2,2017,5.39,0.01,0,0,0,0,.,.,.,0,0.78,0,0.11,0.01,0,0.01,0,0,0
24,"Santo Domingo",35.50989,-106.3896,2018-02-01,2,2018,23.09,0,0,0,0,0,.,.,.,0,4.1,0,7.42,0.09,0,0,0,0,0.01
24,"Santo Domingo",35.50989,-106.3896,2019-02-01,2,2019,20.78,0.32,0,0,0,0,.,.,.,0,4.62,0.04,13.86,0.01,0,0,0,0,0.01
24,"Santo Domingo",35.50989,-106.3896,2020-02-01,2,2020,10.86,0.15,0,0,0,0,.,.,.,0,1.47,0.02,0.02,0.01,0,0,0,0,0
24,"Santo Domingo",35.50989,-106.3896,2023-02-01,2,2023,3.39,.,0,0,0,0,.,.,0,0,0.78,0,0.32,0,0,0,0,0,0.09
24,"Santo Domingo",35.50989,-106.3896,2008-03-01,3,2008,3.32,0,0.01,0,0,0,.,.,.,0,0.74,0,1.85,0.01,0,0,.,0,0.03
24,"Santo Domingo",35.50989,-106.3896,2009-03-01,3,2009,12.48,0.01,0.09,0,0,0,.,.,.,0,3.38,0,5.56,0,0,0,.,0,0
24,"Santo Domingo",35.50989,-106.3896,2010-03-01,3,2010,25.04,0.01,0,0,0,0,.,.,.,0,3.71,0,2.57,0,0,0,.,0,0
24,"Santo Domingo",35.50989,-106.3896,2011-03-01,3,2011,7.55,0,0,0,0,0,.,.,.,0,3.37,0,13,0,0,0,.,0,0.01
24,"Santo Domingo",35.50989,-106.3896,2012-03-01,3,2012,13.08,0.01,0,0.01,0,0,.,.,.,0,2.09,0,1.02,0,0,0,.,0,0.05
24,"Santo Domingo",35.50989,-106.3896,2013-03-01,3,2013,21.46,0,0,0,0,0,.,.,.,0,2.93,0,0.49,0.01,0,0,.,0,0
24,"Santo Domingo",35.50989,-106.3896,2014-03-01,3,2014,17.62,0.01,0,0,0,0,.,.,.,0,2.76,0,0.25,0,0,0,.,0,0
24,"Santo Domingo",35.50989,-106.3896,2015-03-01,3,2015,12.62,0.08,0,0,0,0,.,.,.,0,2.27,0.01,4.72,0.02,0,0,.,0,0
24,"Santo Domingo",35.50989,-106.3896,2016-03-01,3,2016,2.56,0,0,0,0,0,.,.,.,0,0.34,0,0.02,0,0,0,.,0,0
24,"Santo Domingo",35.50989,-106.3896,2018-03-01,3,2018,7.78,0,0,0,0,0,.,.,.,0,1.08,0,0.19,0,0,0,0,0,0
24,"Santo Domingo",35.50989,-106.3896,2019-03-01,3,2019,12.33,0.01,0,0,0,0,.,.,.,0,2.28,0,3.43,0.79,0,0,0,0,0.1
24,"Santo Domingo",35.50989,-106.3896,2023-03-01,3,2023,23.7,.,0.01,0.03,0,0,.,.,0,0,4.94,0,5.25,0.02,0,0,0.01,0,0.21
24,"Santo Domingo",35.50989,-106.3896,2008-04-01,4,2008,2.32,0,0,0,0,0,.,.,.,0,7.16,0,52.48,0,0,0,.,0,0.02
24,"Santo Domingo",35.50989,-106.3896,2009-04-01,4,2009,2.75,0,0,0,0,0,.,.,.,0,1.11,0,4.61,0.01,0,0,.,0,0
24,"Santo Domingo",35.50989,-106.3896,2010-04-01,4,2010,112.77,0,0,0,0,0,.,.,.,0,15.28,0,2.92,0.09,0,0,.,0,0.12
24,"Santo Domingo",35.50989,-106.3896,2011-04-01,4,2011,3.48,0,0.01,0,0,0,.,.,.,0,7.24,0,48.69,0.31,0,0,.,0,0.27
24,"Santo Domingo",35.50989,-106.3896,2012-04-01,4,2012,3.32,0,0.01,0,0.01,0,.,.,.,0,0.78,0,1.55,0.96,0,0,.,0,0.14
24,"Santo Domingo",35.50989,-106.3896,2013-04-01,4,2013,38.39,0.01,0,0,0,0,.,.,.,0,5.1,0,0.77,0,0,0,.,0,0
24,"Santo Domingo",35.50989,-106.3896,2014-04-01,4,2014,0.31,0,0,0,0,0,.,.,.,0,0.19,0,0.49,0.01,0,0,.,0,0
24,"Santo Domingo",35.50989,-106.3896,2015-04-01,4,2015,4.17,0.15,0,0,0,0,.,.,.,0,0.95,0.02,0.39,2.18,0,0,.,0,0.28
24,"Santo Domingo",35.50989,-106.3896,2016-04-01,4,2016,2.31,0.09,0,0,0,0,.,.,.,0,1.21,0.01,3.71,2.56,0.01,0,.,0,0
24,"Santo Domingo",35.50989,-106.3896,2017-04-01,4,2017,2.08,0.08,0,0,0,0,.,.,.,0,1.26,0.01,0.73,6.62,0,0,0,0,0
24,"Santo Domingo",35.50989,-106.3896,2018-04-01,4,2018,0.42,0,0,0,0,0,.,.,.,0,0.12,0,0.02,0.17,0,0,0,0,0.02
24,"Santo Domingo",35.50989,-106.3896,2019-04-01,4,2019,3.28,0,0,0,0,0,.,.,.,0,1.23,0,5.56,0.01,0,0,0,0,0
24,"Santo Domingo",35.50989,-106.3896,2023-04-01,4,2023,3.79,.,0,0,0,0,.,.,0,0,1.96,0,1.02,0,0,0,0,0,0.18
24,"Santo Domingo",35.50989,-106.3896,2008-05-01,5,2008,1.32,0,0,3.61,0,0,.,.,.,0,6.97,0,45.31,2.95,0,0,.,0.02,0.38
24,"Santo Domingo",35.50989,-106.3896,2009-05-01,5,2009,.,.,.,.,.,.,.,.,.,.,.,.,.,.,.,.,.,.,.
24,"Santo Domingo",35.50989,-106.3896,2010-05-01,5,2010,1.31,0,0,0,0,0,.,.,.,0,0.93,0,0,5.69,0,0,.,0,0.74
24,"Santo Domingo",35.50989,-106.3896,2011-05-01,5,2011,0.89,0,0.01,0,0,0,.,.,.,0,5.33,0,34.7,2.78,0,0,.,0,0.48
24,"Santo Domingo",35.50989,-106.3896,2012-05-01,5,2012,1.72,0,0,0,0,0,.,.,.,0,1.75,0,1.09,2.95,0,0,.,0,0.53
24,"Santo Domingo",35.50989,-106.3896,2013-05-01,5,2013,9.01,0,0,0,0,0,.,.,.,0,1.8,0,0.4,2.4,0,0,.,0,0.55
24,"Santo Domingo",35.50989,-106.3896,2014-05-01,5,2014,1.78,0,0,0,0,0,.,.,.,0,0.38,0,0.02,0.57,0,0,.,0,0.08
24,"Santo Domingo",35.50989,-106.3896,2015-05-01,5,2015,1.4,0.01,0,0,0,0,.,.,.,0,0.74,0,0.72,3.33,0,0,.,0,0.43
24,"Santo Domingo",35.50989,-106.3896,2016-05-01,5,2016,0.56,0.01,0,0,0,0,.,.,.,0,1.17,0,4.24,4.02,0,0,0,0,0
24,"Santo Domingo",35.50989,-106.3896,2017-05-01,5,2017,1.18,0,0,0,0,0,.,.,.,0,0.75,0,1.55,0.58,0,0,0,0,0
24,"Santo Domingo",35.50989,-106.3896,2018-05-01,5,2018,0.1,0,0,0,0,0.02,.,.,.,0,0.89,0,0.32,5.85,0,0,0,0,0.79
24,"Santo Domingo",35.50989,-106.3896,2019-05-01,5,2019,0.78,0.22,0,0,0,0,.,.,.,0,1.07,0.03,2.15,3.68,0.02,0,0,0,0.57
24,"Santo Domingo",35.50989,-106.3896,2023-05-01,5,2023,3.12,0,0,0,0,0,0,0.01,0,0,1.34,0,3.08,3.31,0,0,0,0,0.47
24,"Santo Domingo",35.50989,-106.3896,.,5,.,3.85,0.08,0,0,0,0,.,.,.,0,5.3,0.01,10,25.38,0,0,0,0,3.3
24,"Santo Domingo",35.50989,-106.3896,2008-06-01,6,2008,1.78,0,0.01,0,0,0,.,.,.,0,1.44,0,7.41,0.59,0,0.01,.,0,0.08
24,"Santo Domingo",35.50989,-106.3896,2009-06-01,6,2009,.,.,.,.,.,.,.,.,.,.,.,.,.,.,.,.,.,.,.
24,"Santo Domingo",35.50989,-106.3896,2010-06-01,6,2010,7.54,0,0.15,0,0,0,.,.,.,0,1.38,0,0.8,0.96,0,0.17,.,0,0.19
24,"Santo Domingo",35.50989,-106.3896,2011-06-01,6,2011,3.32,0,0,0,0,0,.,.,.,0,0.63,0,1.1,0.25,0,0,.,0,0.04
24,"Santo Domingo",35.50989,-106.3896,2012-06-01,6,2012,2.26,0,0,0,0,0,.,.,.,0,1.15,0,2.69,2.62,0,0,.,0.01,0.34
24,"Santo Domingo",35.50989,-106.3896,2013-06-01,6,2013,6.01,0.02,0,1.46,0,0,.,.,.,0,1.32,0,0.96,0.96,0,0,.,0,0.12
24,"Santo Domingo",35.50989,-106.3896,2014-06-01,6,2014,3.69,0.34,0.01,0.01,0,0,.,.,.,0,2.86,0.04,1.42,1.23,0,0.01,.,0,0.19
24,"Santo Domingo",35.50989,-106.3896,2015-06-01,6,2015,0.49,0,0,0.01,0,0,.,.,.,0,0.24,0,0.1,0.79,0,0,.,0,0.1
24,"Santo Domingo",35.50989,-106.3896,2016-06-01,6,2016,0.34,0,0,0,0,0,.,.,.,0,0.54,0,0.42,3.11,0,0,.,0,0
24,"Santo Domingo",35.50989,-106.3896,2017-06-01,6,2017,1.49,0.01,0,0,0,0,.,.,.,0,0.84,0,3.32,0.81,0,0,0,0,0
24,"Santo Domingo",35.50989,-106.3896,2018-06-01,6,2018,0.66,0.01,0,0,0.01,0,.,.,.,0.01,0.38,0,0.72,0.8,0,0,0,0,0.11
24,"Santo Domingo",35.50989,-106.3896,2019-06-01,6,2019,0.09,0,0,0,0,0,.,.,.,0,0.21,0,0.18,0.17,0,0,0,0,0.06
24,"Santo Domingo",35.50989,-106.3896,2022-06-01,6,2022,42.49,0.02,0.01,0,0,0,.,.,.,0,7,0,3.47,6.77,0,0,0,0,0.88
24,"Santo Domingo",35.50989,-106.3896,2008-07-01,7,2008,1.7,0,0.08,0,0,0,.,.,.,0,1.06,0,3.7,1.78,0,0,.,0,0.23
24,"Santo Domingo",35.50989,-106.3896,2009-07-01,7,2009,1.03,0.01,0.01,0,0,0,.,.,.,0,0.35,0,0.27,0.49,0,0,.,0,0.07
24,"Santo Domingo",35.50989,-106.3896,2010-07-01,7,2010,3.97,0.01,0.01,0,0,0,.,.,.,0,0.93,0,0.05,2.46,0,0.01,.,0,0.32
24,"Santo Domingo",35.50989,-106.3896,2011-07-01,7,2011,2.01,0.08,0,0,0,0,.,.,.,0,0.34,0.01,0.17,0.09,0,0,.,0,0.01
24,"Santo Domingo",35.50989,-106.3896,2012-07-01,7,2012,1.96,0.01,0.01,0.01,0,0,.,.,.,0,7.54,0,55.24,0.56,0,0,.,0,0.07
24,"Santo Domingo",35.50989,-106.3896,2013-07-01,7,2013,3.79,0,0,0,0,0,.,.,.,0,1.51,0,1.55,1.57,0,0,.,0,0.2
24,"Santo Domingo",35.50989,-106.3896,2014-07-01,7,2014,1.49,0,0.01,0,0,0,.,.,.,0,0.28,0,0.13,0.05,0,0,.,0,0.01
24,"Santo Domingo",35.50989,-106.3896,2015-07-01,7,2015,1.24,0.01,0,0,0,0,.,.,.,0,0.32,0,0.03,0.64,0,0,.,0,0.09
24,"Santo Domingo",35.50989,-106.3896,2016-07-01,7,2016,0.35,0.09,0,0,0.02,0,.,.,.,0.01,1.24,0.01,2.8,5.73,0,0,0,0,0
24,"Santo Domingo",35.50989,-106.3896,2017-07-01,7,2017,0.26,0.15,0,0,0,0,.,.,.,0,0.26,0.02,0.03,0.95,0,0,0,0,0
24,"Santo Domingo",35.50989,-106.3896,2018-07-01,7,2018,0,0,0.01,0,0,0,.,.,.,0,0.56,0,1.87,0.32,0,0,0,0,0.04
24,"Santo Domingo",35.50989,-106.3896,2019-07-01,7,2019,0.81,0.01,0,0,0,0,.,.,.,0,0.3,0,0.12,0.42,0,0.01,0,0,0.14
24,"Santo Domingo",35.50989,-106.3896,2022-07-01,7,2022,0.72,0,0,0,0,0,.,.,.,0,0.43,0,0.8,1.56,0,0,0,0,0.21
24,"Santo Domingo",35.50989,-106.3896,2008-08-01,8,2008,1.35,0,0.01,0,0,0,.,.,.,0,2.22,0,11.87,0.02,0,0,.,0,0
24,"Santo Domingo",35.50989,-106.3896,2009-08-01,8,2009,0.28,0.08,0,0,0,0,.,.,.,0,0.25,0.01,1.57,0.02,0,0,.,0,0
24,"Santo Domingo",35.50989,-106.3896,2010-08-01,8,2010,8.78,0.54,0,0,0,0,.,.,.,0,3.27,0.07,15.15,0.32,0,0,.,0,0.04
24,"Santo Domingo",35.50989,-106.3896,2011-08-01,8,2011,1.03,0.01,0.01,0,0,0,.,.,.,0,0.14,0,0,0,0,0,.,0,0
24,"Santo Domingo",35.50989,-106.3896,2012-08-01,8,2012,2.64,0.01,0,0,0,0,.,.,.,0,0.4,0,0.32,0.09,0,0,.,0,0.01
24,"Santo Domingo",35.50989,-106.3896,2013-08-01,8,2013,1.26,0,0,0,0,0,.,.,.,0,0.17,0,0.01,0.01,0,0,.,0,0
24,"Santo Domingo",35.50989,-106.3896,2014-08-01,8,2014,1.39,0,0,0,0,0,.,.,.,0,0.22,0,0.03,0,0,0,.,0,0
24,"Santo Domingo",35.50989,-106.3896,2015-08-01,8,2015,5.64,0.08,0,0,0,0,.,.,.,0,0.86,0.01,0.56,0.04,0,0.01,.,0,0.02
24,"Santo Domingo",35.50989,-106.3896,2016-08-01,8,2016,0.79,0.03,0,0,0,0,.,.,.,0,0.31,0,0.56,0.04,0,0,0,0,0.02
24,"Santo Domingo",35.50989,-106.3896,2017-08-01,8,2017,0.56,0.01,0.01,0,0,0,.,.,.,0,0.12,0,0.01,0.09,0,0.08,0,0,0.01
24,"Santo Domingo",35.50989,-106.3896,2018-08-01,8,2018,1.02,0.01,0,0,0,0,.,.,.,0,0.26,0,0.71,0.02,0,0,0,0,0
24,"Santo Domingo",35.50989,-106.3896,2019-08-01,8,2019,1.01,0.01,0,0,0,0,.,.,.,0,0.36,0,0.9,0.11,0,0,0,0,0.04
24,"Santo Domingo",35.50989,-106.3896,2022-08-01,8,2022,1.23,0,0,0,0,0,.,.,.,0,0.35,0,0.45,0.01,0,0,0,0,0.01
24,"Santo Domingo",35.50989,-106.3896,2008-09-01,9,2008,1.31,0,0,0,0,0,.,.,.,0,2.01,0,12.54,0,0,0,.,0,0
24,"Santo Domingo",35.50989,-106.3896,2009-09-01,9,2009,4.79,0.01,0.01,0,0,0,.,.,.,0,1.75,0,8.4,0,0,0,.,0,0.01
24,"Santo Domingo",35.50989,-106.3896,2010-09-01,9,2010,8,0.15,0,0,0,0,.,.,.,0,4.07,0.02,22.72,0.02,0,0,.,0,0.03
24,"Santo Domingo",35.50989,-106.3896,2011-09-01,9,2011,0.39,0,0,0,0,0,.,.,.,0,0.11,0,0.34,0,0,0,.,0,0.01
24,"Santo Domingo",35.50989,-106.3896,2012-09-01,9,2012,1.79,0,0.01,0,0,0,.,.,.,0,0.25,0,0.03,0.01,0,0,.,0,0
24,"Santo Domingo",35.50989,-106.3896,2013-09-01,9,2013,1.12,0,0,0,0,0,.,.,.,0,0.33,0,1.32,0.02,0,0,.,0,0
24,"Santo Domingo",35.50989,-106.3896,2014-09-01,9,2014,2.1,0.02,0,0,0,0.01,.,.,.,0,3.5,0,0.2,0,0,0,.,0,0.08
24,"Santo Domingo",35.50989,-106.3896,2015-09-01,9,2015,22.1,0.24,0,0.01,0.01,0,.,.,.,0,3.06,0.03,0.73,0.02,0,0,.,0,0
24,"Santo Domingo",35.50989,-106.3896,2016-09-01,9,2016,2.16,0.01,0,0,0,0,.,.,.,0,1.06,0,3.61,0.03,0,0,0,0,0
24,"Santo Domingo",35.50989,-106.3896,2017-09-01,9,2017,1.96,0.01,0,0,0,0,.,.,.,0,0.41,0,0.65,0.05,0,0,0,0,0
24,"Santo Domingo",35.50989,-106.3896,2018-09-01,9,2018,2.02,0.01,0,0,0,0,.,.,.,0,0.52,0,0.55,0,0,0,0,0,0
24,"Santo Domingo",35.50989,-106.3896,2019-09-01,9,2019,2.39,0.08,0,0,0,0,.,.,.,0,0.38,0.01,0.16,0.01,0,0,0,0,0
24,"Santo Domingo",35.50989,-106.3896,2022-09-01,9,2022,0.85,0,0.02,0,0,0,.,.,.,0,0.15,0,0.01,0,0,0,0,0,0
24,"Santo Domingo",35.50989,-106.3896,2008-10-01,10,2008,3.7,0,0.01,0,0,0,.,.,.,0,3.13,0,20.23,0,0,0,.,0,0
24,"Santo Domingo",35.50989,-106.3896,2009-10-01,10,2009,27.16,0.02,0.01,0,0,0,.,.,.,0,6.47,0,21.85,0.15,0,0,.,0,0.02
24,"Santo Domingo",35.50989,-106.3896,2010-10-01,10,2010,43.54,0.01,0.01,0,0,0,.,.,.,0,10.77,0,35.08,0.92,0,0,.,0,0.36
24,"Santo Domingo",35.50989,-106.3896,2011-10-01,10,2011,8.15,0.01,0.01,0,0,0,.,.,.,0,1.18,0,0.69,0.01,0,0.15,.,0,0.02
24,"Santo Domingo",35.50989,-106.3896,2012-10-01,10,2012,12.23,0.01,0,0,0,0,.,.,.,0,3.93,0,17.94,0,0,0,.,0,0
24,"Santo Domingo",35.50989,-106.3896,2013-10-01,10,2013,2.48,0.01,0,0,0,0,.,.,.,0,0.83,0,1.47,0.38,0,0,.,0,0.16
24,"Santo Domingo",35.50989,-106.3896,2014-10-01,10,2014,15.08,0.01,0.01,0,0,0,.,.,.,0,3.14,0,0,0.03,0.01,0,.,0,0
24,"Santo Domingo",35.50989,-106.3896,2015-10-01,10,2015,21.31,0.01,0,0,0,0,.,.,.,0,2.78,0,0.02,0,0,0.01,.,0,0
24,"Santo Domingo",35.50989,-106.3896,2016-10-01,10,2016,23.76,0.51,0,0,0,0,.,.,.,0,3.44,0.07,2.22,0,0,0,0,0,0
24,"Santo Domingo",35.50989,-106.3896,2017-10-01,10,2017,11.28,0,0,0,0,0,.,.,.,0,5.69,0,31.55,0.01,0,0.02,0.01,0,0.01
24,"Santo Domingo",35.50989,-106.3896,2018-10-01,10,2018,13.38,0,0,0,0,0,.,.,.,0,1.97,0,0.85,0,0,0,0,0,0.04
24,"Santo Domingo",35.50989,-106.3896,2019-10-01,10,2019,12.92,0.01,0,0,0,0,.,.,.,0,1.73,0,0.02,0.01,0,0,0,0,0
24,"Santo Domingo",35.50989,-106.3896,2022-10-01,10,2022,5.62,0.08,0.01,0,0,0,.,.,.,0,0.83,0.01,0.11,0.02,0,0.15,0,0,0.05
24,"Santo Domingo",35.50989,-106.3896,2008-11-01,11,2008,66.77,0,0,0,0,0,.,.,.,0,10.32,0,10.4,0,0,0.08,.,0,0.15
24,"Santo Domingo",35.50989,-106.3896,2009-11-01,11,2009,58.54,0.01,0.02,0,0,0,.,.,.,0,8.55,0,2.95,0.01,0,0,.,0,0.47
24,"Santo Domingo",35.50989,-106.3896,2010-11-01,11,2010,40.77,0.08,0,0,0,0,.,.,.,0,10.15,0.01,35.24,0,0,0,.,0,0
24,"Santo Domingo",35.50989,-106.3896,2011-11-01,11,2011,90.43,0,0,0.01,0,0,.,.,.,0,12.29,0,0,4.53,0,0,.,0,0.59
24,"Santo Domingo",35.50989,-106.3896,2012-11-01,11,2012,74.92,0.08,0,0,0,0,.,.,.,0,9.88,0.01,0.78,0,0,0,.,0,0
24,"Santo Domingo",35.50989,-106.3896,2013-11-01,11,2013,55,0,0,0,0,0,.,.,.,0,9.1,0,1.85,0,0,0,.,0,0.05
24,"Santo Domingo",35.50989,-106.3896,2014-11-01,11,2014,50.92,0.16,0,0,0,0,.,.,.,0,6.72,0.02,0.19,0,0,0,.,0,0.01
24,"Santo Domingo",35.50989,-106.3896,2015-11-01,11,2015,24,0.62,0.01,0.01,0,0,.,.,.,0,4.36,0.08,7.55,0,0,0,.,0,0.06
24,"Santo Domingo",35.50989,-106.3896,2016-11-01,11,2016,42.41,1.15,0.01,0,0,0,.,.,.,0,6.32,0.15,4.42,0.03,0,0.01,0,0,0.01
24,"Santo Domingo",35.50989,-106.3896,2017-11-01,11,2017,61,0.39,0,0,0,0,.,.,.,0,8.12,0.05,1.01,0,0,0,0,0,0
24,"Santo Domingo",35.50989,-106.3896,2018-11-01,11,2018,50.16,0.02,0,0,0,0,.,.,.,0,7.28,0,5.49,0,0,0.08,0,0,0.02
24,"Santo Domingo",35.50989,-106.3896,2019-11-01,11,2019,41.85,0.01,0.01,0,0,0,.,.,.,0,5.94,0,2.56,0.56,0,0.01,0,0,0.08
24,"Santo Domingo",35.50989,-106.3896,2022-11-01,11,2022,48.15,0.02,0.02,0,0,0,.,.,.,0,6.59,0,0.71,0,0,0.01,0,0,0.05
24,"Santo Domingo",35.50989,-106.3896,2008-12-01,12,2008,38.62,0,0.01,0,0,0.01,.,.,.,0,5.27,0,1.08,0,0,0,.,0,0
24,"Santo Domingo",35.50989,-106.3896,2009-12-01,12,2009,61.54,0.01,0.01,0,0,0,.,.,.,0,8.23,0,0.62,0,0,0,.,0,0.07
24,"Santo Domingo",35.50989,-106.3896,2010-12-01,12,2010,8.7,0.02,0.01,0.02,0,0,.,.,.,0,1.87,0,0.18,0,0,0,.,0,0
24,"Santo Domingo",35.50989,-106.3896,2011-12-01,12,2011,.,.,.,.,.,.,.,.,.,.,.,.,.,.,.,.,.,.,.
24,"Santo Domingo",35.50989,-106.3896,2012-12-01,12,2012,17.92,0.54,0,0,0,0,.,.,.,0,2.72,0.07,1.25,0.01,0,0,.,0,0
24,"Santo Domingo",35.50989,-106.3896,2013-12-01,12,2013,68.31,1.69,0,0,0,0,.,.,.,0,10.65,0.22,0.93,0.01,0,0,.,0,0.08
24,"Santo Domingo",35.50989,-106.3896,2014-12-01,12,2014,19.92,0.39,0,0,0,0,.,.,.,0,6.21,0.05,1.23,0.03,0.01,0,.,0,0.01
24,"Santo Domingo",35.50989,-106.3896,2015-12-01,12,2015,.,.,.,.,.,.,.,.,.,.,.,.,.,.,.,.,.,.,.
24,"Santo Domingo",35.50989,-106.3896,2016-12-01,12,2016,7.26,0.77,0.01,0.01,0,0,.,.,.,0,1.16,0.1,0.01,0.02,0,0,0,0,0.06
24,"Santo Domingo",35.50989,-106.3896,2017-12-01,12,2017,3.62,0,0.01,0,0,0,.,.,.,0,0.48,0,0.02,0,0,0,0,0,0
25,"Crawford",34.637561057629,-106.74347269011,2011-01-01,1,2011,0.15,0,0.02,0.02,0,0,.,.,.,0,0.38,0,0.02,0.08,0.01,0.01,.,0,0.21
25,"Crawford",34.637561057629,-106.74347269011,2012-01-01,1,2012,0.09,0,0.01,0.02,0,0,.,.,.,0,0.98,0,6.62,0,0,0,.,0.23,0.07
25,"Crawford",34.637561057629,-106.74347269011,2013-01-01,1,2013,0.46,0,0.01,0.39,0,0,.,.,.,0,0.99,0,0.32,0,0,0,.,0,0.57
25,"Crawford",34.637561057629,-106.74347269011,2014-01-01,1,2014,1.77,0.02,0.02,0.19,0,0,.,.,.,0,0.49,0,0.26,0,0,0,.,0,0.07
25,"Crawford",34.637561057629,-106.74347269011,2015-01-01,1,2015,0.48,0.46,0.02,0.11,0,0,.,.,.,0,0.38,0.06,0.04,0,0,0,.,0,0
25,"Crawford",34.637561057629,-106.74347269011,2016-01-01,1,2016,0.02,0.02,0.41,0.57,0,0,.,.,.,0,3.17,0,0,0,0,0,.,0,0.01
25,"Crawford",34.637561057629,-106.74347269011,2017-01-01,1,2017,0.63,0,0.25,0.01,0,0,.,.,.,0,0.19,0,0.01,0,0,0.01,0,0,0.02
25,"Crawford",34.637561057629,-106.74347269011,2018-01-01,1,2018,2.78,0.01,0.87,0.02,0,0,.,.,.,0,0.82,0,0.02,0,0,0,0,0,0
25,"Crawford",34.637561057629,-106.74347269011,2019-01-01,1,2019,13.62,0.17,0,1.18,0,0,.,.,.,0,2.1,0.02,0,0,0,0,0,0,0
25,"Crawford",34.637561057629,-106.74347269011,2020-01-01,1,2020,4.39,0,0.4,0.18,0,0,.,.,.,0,1,0,0.01,0,0,0.01,0,0,0.04
25,"Crawford",34.637561057629,-106.74347269011,2021-01-01,1,2021,14.54,0,1.34,0.41,0,0,.,.,.,0,2.65,0,0.34,0.01,0,2.02,0,0,0.36
25,"Crawford",34.637561057629,-106.74347269011,2022-01-01,1,2022,11.39,0.01,1.79,0.28,0,0,.,.,.,0,2.01,0,0.34,0,0,0.39,0,0,0.05
25,"Crawford",34.637561057629,-106.74347269011,2023-01-01,1,2023,2.55,.,1.03,0.26,0,0,.,.,0,0,0.65,0,0.1,0,0,0.78,0,0,0.1
25,"Crawford",34.637561057629,-106.74347269011,2024-01-01,1,2024,21,.,2.94,0.12,0,0,0,0,0,0,3.32,0,0.62,0.01,0,0.02,0.01,0,0.09
25,"Crawford",34.637561057629,-106.74347269011,2011-02-01,2,2011,0.01,0,0,0.02,0,0,.,.,.,0,0.22,0,0,0,0,0,.,0,0.14
25,"Crawford",34.637561057629,-106.74347269011,2012-02-01,2,2012,0.02,0,0,0,0,0,.,.,.,0,0.13,0,0.09,0,0,0,.,0,0
25,"Crawford",34.637561057629,-106.74347269011,2013-02-01,2,2013,0.35,0,0.09,0.11,0,0,.,.,.,0,0.64,0,0.01,0,0,0,.,0,0.35
25,"Crawford",34.637561057629,-106.74347269011,2014-02-01,2,2014,0.02,0.01,0.01,0.25,0,0,.,.,.,0,0.36,0,0.01,0.01,0,0,.,0,0.04
25,"Crawford",34.637561057629,-106.74347269011,2015-02-01,2,2015,0.25,0,0,0.02,0,0,.,.,.,0,0.22,0,0.08,0,0,0,.,0,0
25,"Crawford",34.637561057629,-106.74347269011,2016-02-01,2,2016,0.1,0.04,0.01,0.19,0,0,.,.,.,0,0.12,0,0.49,0,0,0,.,0,0
25,"Crawford",34.637561057629,-106.74347269011,2017-02-01,2,2017,0.86,0,0.01,0.02,0,0,.,.,.,0,0.4,0,0,0,0,0,0,0,0
25,"Crawford",34.637561057629,-106.74347269011,2018-02-01,2,2018,2.62,0.49,0,0,0,0,.,.,.,0,1.08,0.06,0.09,0,0,0,0,0,0
25,"Crawford",34.637561057629,-106.74347269011,2020-02-01,2,2020,3.72,0,0.09,0.02,0,0,.,.,.,0.38,1.21,0,0.02,0.01,0,0,0,0,0
25,"Crawford",34.637561057629,-106.74347269011,2021-02-01,2,2021,11.86,0,0.09,0.04,0,0,.,.,.,0,1.73,0.01,0.62,0,0,0.55,0,0,0.07
25,"Crawford",34.637561057629,-106.74347269011,2022-02-01,2,2022,2.33,0.02,0.23,0.03,0,0,.,.,.,0,0.54,0,0.55,0,0,0.44,0,0,0.05
25,"Crawford",34.637561057629,-106.74347269011,2023-02-01,2,2023,7,.,1.1,0.41,0,0,.,.,0,0,1.87,0,4.92,0.09,0,0.15,0,0,0.03
25,"Crawford",34.637561057629,-106.74347269011,2024-02-01,2,2024,14.24,.,0.42,0.17,0,0,0,0,0,0,2.17,0,0.42,0.01,0,0.16,0.01,0,0.07
25,"Crawford",34.637561057629,-106.74347269011,2011-03-01,3,2011,0.01,0.01,0,0.01,0,0,.,.,.,0,0.51,0,0.01,0,0,0,.,0,0.29
25,"Crawford",34.637561057629,-106.74347269011,2012-03-01,3,2012,0.15,0,0,0.23,0,0,.,.,.,0,79.34,0,609.96,0,0,0,.,0,0
25,"Crawford",34.637561057629,-106.74347269011,2013-03-01,3,2013,0.08,0,0,0.09,0,0,.,.,.,0,0.14,0,0.02,0.01,0,0,.,0,0
25,"Crawford",34.637561057629,-106.74347269011,2014-03-01,3,2014,0.24,0,0,0.63,0,0,.,.,.,0,0.24,0,0.62,0,0,0,.,0,0.04
25,"Crawford",34.637561057629,-106.74347269011,2015-03-01,3,2015,0.04,0,0,0.02,0,0,.,.,.,0,0.25,0,0.01,0.01,0.01,0,.,0,0
25,"Crawford",34.637561057629,-106.74347269011,2016-03-01,3,2016,0.46,0,0.01,0.01,0,0,.,.,.,0,0.08,0,0.01,0,0,0,.,0,0
25,"Crawford",34.637561057629,-106.74347269011,2017-03-01,3,2017,0,0,0.01,0.02,0.09,0,.,.,.,0,0.51,0,0.11,0,0,0,0,0,0.22
25,"Crawford",34.637561057629,-106.74347269011,2018-03-01,3,2018,0.86,0,0.04,0.11,0,0,.,.,.,0,0.82,0,0.01,0,0,0,0,0,0.15
25,"Crawford",34.637561057629,-106.74347269011,2019-03-01,3,2019,1.33,0,0.4,0.02,0,0,.,.,.,0,0.4,0,0.27,0,0,0,0,0,0.06
25,"Crawford",34.637561057629,-106.74347269011,2020-03-01,3,2020,3.94,0.01,0.25,0.04,0,0,.,.,.,0.15,0.64,0,0.02,0.01,0,0,0,0,0
25,"Crawford",34.637561057629,-106.74347269011,2021-03-01,3,2021,6.79,0.02,0.32,0.19,0,0,.,.,.,0,1.21,0,0.55,0.01,0,0.15,0,0,0.03
25,"Crawford",34.637561057629,-106.74347269011,2022-03-01,3,2022,13.15,0.08,1.62,0.1,0,0,.,.,.,0,2.67,0.01,0.64,0.02,0,1.69,0,0,0.26
25,"Crawford",34.637561057629,-106.74347269011,2023-03-01,3,2023,1.92,.,0.18,0.02,0,0,.,.,0,0,0.58,0,1.55,0,0,0,0,0,0
25,"Crawford",34.637561057629,-106.74347269011,2024-03-01,3,2024,25.46,.,1.02,0.1,0,0,0,0.01,0,0,4.34,0,3.79,0.01,0,0.38,0,0,0.09
25,"Crawford",34.637561057629,-106.74347269011,2011-04-01,4,2011,0.02,0,0,0,0,0,.,.,.,0,0.9,0,2.77,0,0,0,.,0,0.34
25,"Crawford",34.637561057629,-106.74347269011,2012-04-01,4,2012,0.02,0,0,0.04,0,0,.,.,.,0,3.53,0,20.38,0,0,0,.,0,0.14
25,"Crawford",34.637561057629,-106.74347269011,2013-04-01,4,2013,0.02,0,0,0.02,0,0,.,.,.,0,0.57,0,0.02,0,0,0,.,0,0.35
25,"Crawford",34.637561057629,-106.74347269011,2014-04-01,4,2014,0.01,0,0.02,0.01,0,0,.,.,.,0,0.12,0,0.54,0,0,0,.,0,0
25,"Crawford",34.637561057629,-106.74347269011,2015-04-01,4,2015,0.09,0,0,0.17,0,0,.,.,.,0,0.1,0,0.25,0,0,0,.,0,0
25,"Crawford",34.637561057629,-106.74347269011,2016-04-01,4,2016,0,0.01,0.01,0.04,0,0,.,.,.,0,0.1,0,0.31,0,0,0,.,0,0
25,"Crawford",34.637561057629,-106.74347269011,2017-04-01,4,2017,0.01,0,0,0.01,0.01,0,.,.,.,0,0.44,0,0.92,0,0,0,0,0,0.12
25,"Crawford",34.637561057629,-106.74347269011,2018-04-01,4,2018,0.15,0,0.49,0.01,0,0,.,.,.,0,0.56,0,0.86,0.03,0,0.01,0,0,0.01
25,"Crawford",34.637561057629,-106.74347269011,2019-04-01,4,2019,1.02,0,0.27,0.03,0.01,0,.,.,.,0,0.34,0,0.01,0.17,0,0.08,0,0,0.03
25,"Crawford",34.637561057629,-106.74347269011,2020-04-01,4,2020,3.32,0,0.74,0.55,0,0,.,.,.,0,1.05,0,0.46,0.79,0,0,0.02,0,0.1
25,"Crawford",34.637561057629,-106.74347269011,2021-04-01,4,2021,3.01,0,0.49,0.03,0,0,.,.,.,0,0.61,0,0.32,0.01,0,0,0,0,0
25,"Crawford",34.637561057629,-106.74347269011,2022-04-01,4,2022,1.87,0,0.79,0.02,0,0,.,.,.,0,0.95,0,1.89,1.16,0,0.02,0.01,0,0.17
25,"Crawford",34.637561057629,-106.74347269011,2023-04-01,4,2023,0.32,0,0.22,0.02,0,0,0,0,0,0,0.38,0,1.77,0.02,0,0.01,0.02,0,0
25,"Crawford",34.637561057629,-106.74347269011,2024-04-01,4,2024,6.88,.,0.57,0.04,0.02,0,0,0,0,0,1.6,0,1.49,0.56,0,1.63,0.02,0,0.31
25,"Crawford",34.637561057629,-106.74347269011,2011-05-01,5,2011,0,0,0,0,0,0,.,.,.,0,0.17,0,0,0,0,0,.,0,0.05
25,"Crawford",34.637561057629,-106.74347269011,2012-05-01,5,2012,2.15,0,0,0.79,0,0,.,.,.,0,1,0,4.11,0,0,0,.,0,0
25,"Crawford",34.637561057629,-106.74347269011,2013-05-01,5,2013,0,0,0,0,0,0,.,.,.,0,0.22,0,0.09,0,0,0,.,0,0
25,"Crawford",34.637561057629,-106.74347269011,2014-05-01,5,2014,0.02,0.01,0,0.02,0,0.01,.,.,.,0,0.08,0,0.18,0.02,0,0,.,0.02,0.01
25,"Crawford",34.637561057629,-106.74347269011,2015-05-01,5,2015,0.1,0,0.01,1.42,0,0,.,.,.,0,0.21,0,0,0.02,0,0,.,0,0
25,"Crawford",34.637561057629,-106.74347269011,2016-05-01,5,2016,0.18,0,0.18,0.01,0,0,.,.,.,0,0.27,0,0.78,0.56,0,0.18,.,0,0.02
25,"Crawford",34.637561057629,-106.74347269011,2017-05-01,5,2017,0.02,0,0.08,0.02,0,0,.,.,.,0,0.13,0,0.03,0.46,0,0.01,0,0,0.02
25,"Crawford",34.637561057629,-106.74347269011,2018-05-01,5,2018,0.01,0,0.24,0,0,0,.,.,.,0,0.78,0,0.72,1,0,2.01,0,0,0.39
25,"Crawford",34.637561057629,-106.74347269011,2019-05-01,5,2019,0,0,1.97,0,0,0,.,.,.,0,0.66,0,0.77,0.04,0,1.93,0,0,0.26
25,"Crawford",34.637561057629,-106.74347269011,2020-05-01,5,2020,2.23,0.25,6.09,0.39,0.02,0.01,.,.,.,0,3.42,0.03,2.02,2.72,0.01,11.63,0,0,1.87
25,"Crawford",34.637561057629,-106.74347269011,2021-05-01,5,2021,2.02,0,2.12,0.32,0,0,.,.,.,0,2.14,0,0.08,3.03,0,6.56,0,0,1.25
25,"Crawford",34.637561057629,-106.74347269011,2022-05-01,5,2022,1.18,0,0.58,0.02,0,0,.,.,.,0,1.9,0,1.32,3.56,0,7.03,0.01,0,1.38
25,"Crawford",34.637561057629,-106.74347269011,2023-05-01,5,2023,0.77,0,0,0.08,0,0,0,0,0,0,1.3,0,2.31,6.92,0,0,0,0,0.09
25,"Crawford",34.637561057629,-106.74347269011,2024-05-01,5,2024,1.47,.,8.79,0.57,0,0,0,0.01,0,0,5.22,0,2.46,4.79,0.01,19.39,0,0,3.15
25,"Crawford",34.637561057629,-106.74347269011,2011-06-01,6,2011,0,0,0,0.09,0,0,.,.,.,0,0.45,0,0.01,0,0,0,.,0,0.21
25,"Crawford",34.637561057629,-106.74347269011,2012-06-01,6,2012,0.02,0,0,0.54,0,0,.,.,.,0,6.82,0,50.54,0.02,0,0,.,0.01,0.01
25,"Crawford",34.637561057629,-106.74347269011,2013-06-01,6,2013,0.26,0,0,0.33,0,0,.,.,.,0,0.57,0,0.39,2.49,0,0,.,0,0.38
25,"Crawford",34.637561057629,-106.74347269011,2014-06-01,6,2014,0.27,0.01,0.09,0.18,0,0,.,.,.,0,0.16,0,0.28,0.04,0.01,0.01,.,0.16,0.03
25,"Crawford",34.637561057629,-106.74347269011,2015-06-01,6,2015,0.32,0,0.48,0.78,0,0,.,.,.,0,0.26,0,0,0.01,0,0,.,0,0
25,"Crawford",34.637561057629,-106.74347269011,2016-06-01,6,2016,0.71,0.02,1.86,0.01,0,0.01,.,.,.,0,1.55,0,0.15,1.25,0.01,0.01,0,0,0.02
25,"Crawford",34.637561057629,-106.74347269011,2017-06-01,6,2017,3.33,0,1.05,0.1,0,0,.,.,.,0,1.21,0,0,1.22,0.09,0.02,0,0.77,0.11
25,"Crawford",34.637561057629,-106.74347269011,2018-06-01,6,2018,0,0,4.94,3.89,0,0,.,.,.,0,2.18,0,2.49,0.64,0,1.48,0,0,0.36
25,"Crawford",34.637561057629,-106.74347269011,2019-06-01,6,2019,0,.,.,.,.,.,.,.,.,.,.,.,.,.,.,.,.,.,.
25,"Crawford",34.637561057629,-106.74347269011,2020-06-01,6,2020,3.55,0.01,9.55,0.01,0,0,.,.,.,0,2.6,0,0,1.27,0.01,0.7,0,0,0.26
25,"Crawford",34.637561057629,-106.74347269011,2021-06-01,6,2021,1.09,0.02,3.1,0.55,0,0,.,.,.,0.01,1.69,0,2.32,0.8,0,4.32,0,0,0.67
25,"Crawford",34.637561057629,-106.74347269011,2022-06-01,6,2022,2.4,0.02,3.38,0.19,0,0,.,.,.,0,2.97,0,3.24,1.96,0.01,9.55,0,0,1.55
25,"Crawford",34.637561057629,-106.74347269011,2023-06-01,6,2023,20.98,0,8.87,0,0.02,0.02,0,0,0,0,8.15,0,18.08,3.1,0.02,10.39,0,0.02,0.73
25,"Crawford",34.637561057629,-106.74347269011,2024-06-01,6,2024,0.32,.,6.64,0.02,0,0,0,0,0,0,2.27,0,1.49,4.72,0.02,1.16,0,0,0.78
25,"Crawford",34.637561057629,-106.74347269011,2011-07-01,7,2011,0.02,0,0.01,0.16,0,0,.,.,.,0,0.22,0,0.08,0,0,0,.,0,0.06
25,"Crawford",34.637561057629,-106.74347269011,2012-07-01,7,2012,0.03,0,0,0.25,0,0,.,.,.,0,0.27,0,1.78,0,0,0,.,0,0.01
25,"Crawford",34.637561057629,-106.74347269011,2013-07-01,7,2013,0.09,0,0,0.54,0,0,.,.,.,0,0.19,0,0.23,0,0,0,.,0,0
25,"Crawford",34.637561057629,-106.74347269011,2014-07-01,7,2014,0.42,0,0.01,0.02,0,0,.,.,.,0,0.19,0,0.11,0,0,0,.,0,0.07
25,"Crawford",34.637561057629,-106.74347269011,2015-07-01,7,2015,5.85,0.02,0.69,0.25,0,0,.,.,.,0,1.81,0,0.01,0.08,0,0,.,5.94,0.78
25,"Crawford",34.637561057629,-106.74347269011,2016-07-01,7,2016,0.49,0,1.85,4.49,0,0,.,.,.,0,1.19,0,0.69,0.39,0,0.23,0,0.23,0.06
25,"Crawford",34.637561057629,-106.74347269011,2017-07-01,7,2017,2.02,0,0.63,2.95,0,0,.,.,.,0,0.86,0,0.39,0.02,0,0.38,0,0,0.05
25,"Crawford",34.637561057629,-106.74347269011,2018-07-01,7,2018,1.26,0,1.1,0.62,0,1.01,.,.,.,0,0.67,0,0.16,0,0,0.08,0,0,0.01
25,"Crawford",34.637561057629,-106.74347269011,2019-07-01,7,2019,1.63,0.01,4.33,2.79,0,0,.,.,.,0,3.92,0,8.69,0.39,0.01,1.15,0,1.56,0.61
25,"Crawford",34.637561057629,-106.74347269011,2020-07-01,7,2020,2.26,0.01,6.55,0.26,0,0,.,.,.,0.62,2.24,0,0.15,0.55,0,5.96,0,0,0.85
25,"Crawford",34.637561057629,-106.74347269011,2021-07-01,7,2021,1.24,0.01,3.48,1.19,0,0.08,.,.,.,0,2.47,0,2.86,4.62,0,2.54,0,0.55,1.12
25,"Crawford",34.637561057629,-106.74347269011,2022-07-01,7,2022,2.32,0,3.26,0.06,0,0,.,.,.,0,1.42,0,0.72,0.03,0,3.08,0,0.25,0.44
25,"Crawford",34.637561057629,-106.74347269011,2023-07-01,7,2023,0.77,0,7.05,0.29,0,0,0,0,0.01,0.01,2.57,0,4.72,0.72,0.01,2.15,0,1.62,0.64
25,"Crawford",34.637561057629,-106.74347269011,2024-07-01,7,2024,3.41,.,4.79,0.12,0.01,0,0,0.02,0,0,2.69,0,3.87,3.05,0.01,4.16,0,0.55,1.01
25,"Crawford",34.637561057629,-106.74347269011,2011-08-01,8,2011,0.15,0,0,0.09,0,0,.,.,.,0,0.09,0,0.02,0,0,0,.,0,0.03
25,"Crawford",34.637561057629,-106.74347269011,2012-08-01,8,2012,1.47,0,0,2.16,0,0,.,.,.,0,0.73,0,0.02,0,0,0,.,0,0.07
25,"Crawford",34.637561057629,-106.74347269011,2013-08-01,8,2013,0.62,0,0,0.54,0,0,.,.,.,0.46,1.02,0,0.23,0.01,0,0,.,0.01,0.17
25,"Crawford",34.637561057629,-106.74347269011,2014-08-01,8,2014,2.73,0,0.01,2.56,0,0,.,.,.,0,0.78,0,0.05,0,0,0,.,0,0.06
25,"Crawford",34.637561057629,-106.74347269011,2015-08-01,8,2015,22.92,1.47,0.62,19.56,0.08,0,.,.,.,0,6.49,0.19,0.15,0.01,0,0,.,0.01,0.15
25,"Crawford",34.637561057629,-106.74347269011,2016-08-01,8,2016,1.55,0.01,1.24,16.41,0,0,.,.,.,0,2.9,0,0.12,0.08,0,0.55,0,0,0.07
25,"Crawford",34.637561057629,-106.74347269011,2017-08-01,8,2017,6.72,0,0.47,15.88,0,0,.,.,.,0,3.13,0,0.17,0.01,0.01,0,0,0,0
25,"Crawford",34.637561057629,-106.74347269011,2018-08-01,8,2018,3.93,0,5.69,3.92,0,0,.,.,.,0,2.56,0,1.25,0,0,1.31,0,0,0.19
25,"Crawford",34.637561057629,-106.74347269011,2019-08-01,8,2019,2.42,0,2.27,6.65,0,0,.,.,.,0,2.79,0,1.49,0.01,0,4.55,0,0,0.59
25,"Crawford",34.637561057629,-106.74347269011,2020-08-01,8,2020,8.62,0.09,2.7,0.89,0,1,.,.,.,0,3.29,0.01,4.16,0,0,5.15,0,0,0.7
25,"Crawford",34.637561057629,-106.74347269011,2021-08-01,8,2021,1.09,0,6.39,4.58,0,0,.,.,.,0.01,3.57,0,1.51,0.1,0,6.38,0,0.08,0.86
25,"Crawford",34.637561057629,-106.74347269011,2022-08-01,8,2022,2.09,0,3.69,0.72,0,0,.,.,.,0,1.89,0,1.26,0,0.01,1.92,0.01,0.02,0.28
25,"Crawford",34.637561057629,-106.74347269011,2023-08-01,8,2023,1.18,0,4.86,0.32,0,0,0,0,0,0,1.61,0,0.92,0.09,0,3.55,0,0,0.48
25,"Crawford",34.637561057629,-106.74347269011,2024-08-01,8,2024,3.01,.,12.16,0.25,0,0,0,0,0,0,2.91,0,4.7,5.4,0,2.24,0,0.09,1.03
25,"Crawford",34.637561057629,-106.74347269011,2011-09-01,9,2011,3.46,0,0,2.33,0,0,.,.,.,0,1.55,0,0.62,0,0,0,.,0,0.04
25,"Crawford",34.637561057629,-106.74347269011,2012-09-01,9,2012,3.31,0,0,1.39,0,0,.,.,.,0,0.85,0,0,0,0,0,.,0,0.04
25,"Crawford",34.637561057629,-106.74347269011,2013-09-01,9,2013,0.39,0.01,0,1.55,0,0,.,.,.,0,0.64,0,0,0,0,0,.,0,0.07
25,"Crawford",34.637561057629,-106.74347269011,2014-09-01,9,2014,4.78,0.16,0.01,3.34,0,0,.,.,.,0,1.2,0.02,0.02,0.01,0,0.01,.,0.15,0.03
25,"Crawford",34.637561057629,-106.74347269011,2015-09-01,9,2015,13.39,0,1.08,9.49,0,0,.,.,.,0,3.52,0,0.39,0,0,0,.,0.01,0
25,"Crawford",34.637561057629,-106.74347269011,2016-09-01,9,2016,4.32,0.01,3.47,0.93,0,0,.,.,.,0,1.49,0,0.56,0,0,0,0,0,0
25,"Crawford",34.637561057629,-106.74347269011,2017-09-01,9,2017,17.17,0,1.7,12.23,0,0,.,.,.,0,5.25,0,0.7,0,0,0,0,0,0.32
25,"Crawford",34.637561057629,-106.74347269011,2018-09-01,9,2018,7.62,0,5.78,0,0,0,.,.,.,0,2.52,0,0,1.85,0,0,0,0,0.24
25,"Crawford",34.637561057629,-106.74347269011,2019-09-01,9,2019,14.32,0.02,1.31,4.42,0,0,.,.,.,0.01,3.31,0,0.4,0.01,0,0.08,0,0,0.01
25,"Crawford",34.637561057629,-106.74347269011,2021-09-01,9,2021,5.62,0.01,10.62,3.81,0,0,.,.,.,0,3.91,0,0.49,0.02,0,0.85,0,0.02,0.2
25,"Crawford",34.637561057629,-106.74347269011,2022-09-01,9,2022,11.54,0.01,10.94,1.81,0,0,.,.,.,0,4.04,0,0.43,0.03,0,1.31,0,0.09,0.2
25,"Crawford",34.637561057629,-106.74347269011,2023-09-01,9,2023,1.63,0.17,11.45,0.2,0.01,0,0.17,0.01,0,0,2.45,0.02,1.2,0.01,0,3.16,0,0,0.37
25,"Crawford",34.637561057629,-106.74347269011,2024-09-01,9,2024,7.54,.,13.94,0.1,0,0,0,0,0,0,3.2,0,0.49,0,0,0.08,0,0,0.01
25,"Crawford",34.637561057629,-106.74347269011,2010-10-01,10,2010,0.38,0.01,0,0,0,0,.,.,.,0,0.41,0,0,0,0,0,.,0.01,0.14
25,"Crawford",34.637561057629,-106.74347269011,2011-10-01,10,2011,1.92,0.01,0.01,0.32,0,0,.,.,.,0,0.57,0,0.01,0,0,0,.,0,0.08
25,"Crawford",34.637561057629,-106.74347269011,2012-10-01,10,2012,3.39,0,0.01,7.62,0,0,.,.,.,0,2.18,0,0.39,0,0,0,.,0,0.38
25,"Crawford",34.637561057629,-106.74347269011,2013-10-01,10,2013,4.32,0,0.02,6.24,0,0,.,.,.,0,3,0,0.16,0,0,0,.,0.01,0.03
25,"Crawford",34.637561057629,-106.74347269011,2014-10-01,10,2014,18.87,4.56,0.32,0.5,0,0,.,.,.,0,3.67,0.59,2.87,0,0,0,.,0,0.03
25,"Crawford",34.637561057629,-106.74347269011,2015-10-01,10,2015,22.08,0.08,3.01,3.48,0,0,.,.,.,0,4.57,0.01,0.01,0.01,0,0,.,0,0.37
25,"Crawford",34.637561057629,-106.74347269011,2016-10-01,10,2016,15.23,0,0,0.7,0,0,.,.,.,0.01,3.75,0.69,0.17,0,0,0.15,0,0,0.08
25,"Crawford",34.637561057629,-106.74347269011,2017-10-01,10,2017,25.7,0.23,2.23,4.01,0,0,.,.,.,0,5.81,0.03,2.09,2.85,0,1,0,0,0.49
25,"Crawford",34.637561057629,-106.74347269011,2018-10-01,10,2018,18.15,0,5.71,3.16,0,0,.,.,.,0,3.88,0,0.03,0,0,0,0,0,0
25,"Crawford",34.637561057629,-106.74347269011,2019-10-01,10,2019,23.86,0.02,3.04,3.8,0,0,.,.,.,0,4.72,0,0,0,0,0.01,0,0.01,0.1
25,"Crawford",34.637561057629,-106.74347269011,2020-10-01,10,2020,33.69,0.01,21.96,3.97,0.01,0,.,.,.,0,8.43,0,0.02,0.01,0,0.15,0,0.01,0.03
25,"Crawford",34.637561057629,-106.74347269011,2021-10-01,10,2021,27.31,0.01,16.09,1.88,0,0,.,.,.,0,7.23,0,0.87,0.01,0,2.54,0,0,0.39
25,"Crawford",34.637561057629,-106.74347269011,2022-10-01,10,2022,23.93,0,10.96,0.89,0,0,.,.,.,0,5.24,0,0.52,0,0,0.69,0,0.01,0.08
25,"Crawford",34.637561057629,-106.74347269011,2023-10-01,10,2023,10.39,0.08,17.19,6.32,0,0,0.08,0.01,0,0,5.47,0.01,2.01,0.01,0,3.54,0,0,0.54
25,"Crawford",34.637561057629,-106.74347269011,2024-10-01,10,2024,22.62,.,12.39,0.25,0,0,0,0,0,0,4.86,0,0.25,0,0,0,0,0,0.02
25,"Crawford",34.637561057629,-106.74347269011,2010-11-01,11,2010,4.23,0.08,0.01,0.72,0,0,.,.,.,0,4.6,0.01,0.64,0,0,0,.,0,1.39
25,"Crawford",34.637561057629,-106.74347269011,2011-11-01,11,2011,6.62,0.02,0.02,10.17,0,0.08,.,.,.,0,2.56,0,0.09,0,0,0,.,0,0
25,"Crawford",34.637561057629,-106.74347269011,2012-11-01,11,2012,13.47,0.02,0.02,16.03,0,0,.,.,.,0,4.44,0,0.01,0.54,0,0,.,0,0.5
25,"Crawford",34.637561057629,-106.74347269011,2013-11-01,11,2013,24.55,0.01,1.32,22.79,0.01,0,.,.,.,0,6.75,0,0,0,0,0,.,0,0.08
25,"Crawford",34.637561057629,-106.74347269011,2014-11-01,11,2014,8.31,0,1,21.57,0,0,.,.,.,0,4.31,0,0.33,0.54,0,0.92,.,0,0.19
25,"Crawford",34.637561057629,-106.74347269011,2015-11-01,11,2015,7.61,0.01,4.53,8.82,0,0,.,.,.,0,3.16,0,0,0,0,0,.,0,0.05
25,"Crawford",34.637561057629,-106.74347269011,2016-11-01,11,2016,20.46,0,3.31,0.03,0,0,.,.,.,0,3.82,0,0.19,0.01,0,0,0,0,0.12
25,"Crawford",34.637561057629,-106.74347269011,2017-11-01,11,2017,37.92,0.03,9.16,2.1,0,0,.,.,.,0,7.68,0,1.1,0,0,0,0,0,0.59
25,"Crawford",34.637561057629,-106.74347269011,2018-11-01,11,2018,31.31,0.02,6.17,14.27,0,0,.,.,.,0.01,7.26,0,0.25,0,0,0,0,0,0.14
25,"Crawford",34.637561057629,-106.74347269011,2019-11-01,11,2019,81.08,0.01,13,21.5,0,0,.,.,.,0.08,15.52,0.02,0.32,0,0,0.62,0.01,0,0.08
25,"Crawford",34.637561057629,-106.74347269011,2020-11-01,11,2020,51.46,0.11,23.56,20.87,0.01,0,.,.,.,0,13.02,0.01,0.18,0,0,0.32,0,0,0.04
25,"Crawford",34.637561057629,-106.74347269011,2021-11-01,11,2021,56.7,0.02,32.01,1.36,0,0,.,.,.,0,12.67,0,1.56,0.38,0,0.47,0.02,0,0.4
25,"Crawford",34.637561057629,-106.74347269011,2022-11-01,11,2022,69.39,0.24,24.54,10.57,0.08,0,.,.,.,0,14.55,0.03,3.03,0.02,0,2.23,0,0,0.29
25,"Crawford",34.637561057629,-106.74347269011,2023-11-01,11,2023,101.31,.,39.32,8.33,0,0,.,.,0,0,19.89,0.02,1.08,0.02,0,0.32,0,0,0.05
25,"Crawford",34.637561057629,-106.74347269011,2024-11-01,11,2024,72.77,.,22.39,9.63,0,0,0.01,0.09,0,0,14.52,0.01,3.32,0.09,0,0.69,0,0,0.1
25,"Crawford",34.637561057629,-106.74347269011,2010-12-01,12,2010,0.24,0.02,0.01,0.02,0,0,.,.,.,0,0.74,0,0.09,0,0,0,.,0,0.54
25,"Crawford",34.637561057629,-106.74347269011,2011-12-01,12,2011,1.09,0,0.01,1.26,0,0,.,.,.,0,0.73,0,1.32,0,0,0.01,.,0,0.06
25,"Crawford",34.637561057629,-106.74347269011,2012-12-01,12,2012,1.92,0,0.15,0.49,0,0,.,.,.,0,0.83,0,0.55,0,0,0,.,0,0.17
25,"Crawford",34.637561057629,-106.74347269011,2013-12-01,12,2013,0.95,0.01,0.02,0.39,0,0,.,.,.,0,0.4,0,0,0,0,0,.,0,0.02
25,"Crawford",34.637561057629,-106.74347269011,2014-12-01,12,2014,3.42,0.03,0.69,0,0,0,.,.,.,0,1.37,0,0.27,0,0,0,.,0,0.58
25,"Crawford",34.637561057629,-106.74347269011,2015-12-01,12,2015,0.54,0.02,2.08,1.43,0.01,0,.,.,.,0,1.04,0,0.33,0,0,0,.,0,0.25
25,"Crawford",34.637561057629,-106.74347269011,2016-12-01,12,2016,12.18,0.17,2.78,0.79,0,0,.,.,.,0,3.42,0.02,0.78,0.08,0.01,0.01,0,0,0.15
25,"Crawford",34.637561057629,-106.74347269011,2017-12-01,12,2017,0.78,0,0.03,0.39,0,0,.,.,.,0,0.7,0,0,0,0,0,0,0,0
25,"Crawford",34.637561057629,-106.74347269011,2018-12-01,12,2018,20.39,0.02,11.32,3.81,0,0,.,.,.,0,4.87,0,0.02,0.02,0,0.08,0,0,0.06
25,"Crawford",34.637561057629,-106.74347269011,2019-12-01,12,2019,31.24,0.03,15.16,3.67,0,0,.,.,.,0,7.14,0,1.19,0,0,0.01,0,0,0.16
25,"Crawford",34.637561057629,-106.74347269011,2020-12-01,12,2020,6.93,0.02,5.32,0.43,0,0,.,.,.,0,2.2,0,0.55,0,0.01,1.79,0,0,0.25
25,"Crawford",34.637561057629,-106.74347269011,2021-12-01,12,2021,36.77,0.02,12.7,1.49,0,1.39,.,.,.,0,7.75,0,0.69,0.01,0,0.38,0,0,0.27
25,"Crawford",34.637561057629,-106.74347269011,2022-12-01,12,2022,2.78,0.02,9.46,1.27,0,0,.,.,.,0,1.93,0,0.31,0,0,0.32,0,0,0.05
25,"Crawford",34.637561057629,-106.74347269011,2023-12-01,12,2023,37,0,7.08,2.66,0,0,0,0.01,0,0,6.3,0,0.36,0.03,0,0.69,0,0.01,0.1
25,"Crawford",34.637561057629,-106.74347269011,2024-12-01,12,2024,10.38,.,6.08,0.97,0,0,0.08,0.09,0,0,2.43,0.02,0.01,0,0,0.09,0,0,0.05
26,"Mesilla",32.248328,-106.821014,2012-01-01,1,2012,0,0,0,0,0,0,.,.,.,0,0.04,0,0.03,0.01,0,0,.,0,0
26,"Mesilla",32.248328,-106.821014,2013-01-01,1,2013,.,.,.,.,.,.,.,.,.,.,.,.,.,.,.,.,.,.,.
26,"Mesilla",32.248328,-106.821014,2014-01-01,1,2014,0,0,0,0,0,0,.,.,.,0,0.27,0,0.08,0,0,0,.,0,0
26,"Mesilla",32.248328,-106.821014,2015-01-01,1,2015,0,0,0,0,0,0,.,.,.,0,1.34,0,0,0,0,0,.,0,0
26,"Mesilla",32.248328,-106.821014,2016-01-01,1,2016,0,0,0,0,0,0,.,.,.,0,1.42,0,3.63,0.02,0,0,.,0,0.01
26,"Mesilla",32.248328,-106.821014,2017-01-01,1,2017,0,0,0,0,0,0,.,.,.,0,0.92,0,2.01,0,0,0,0,0,0.17
26,"Mesilla",32.248328,-106.821014,2018-01-01,1,2018,0,0,0,0,0,0,.,.,.,0,0.95,0,0.01,0,0,0,0,0,0.16
26,"Mesilla",32.248328,-106.821014,2019-01-01,1,2019,0,0.01,0,0,0,0,.,.,.,0,0.4,0,0.01,0,0,0,0,0,0
26,"Mesilla",32.248328,-106.821014,2020-01-01,1,2020,0,0.01,0,0.01,0,0,.,.,.,0,0.26,0,1.15,0,0.01,0,0,0,0
26,"Mesilla",32.248328,-106.821014,2021-01-01,1,2021,0,0.01,0,0.01,0,0,.,.,.,0,0.01,0,0.01,0,0,0,0,0,0
26,"Mesilla",32.248328,-106.821014,2023-01-01,1,2023,0,.,0,0.02,0,0,.,.,0,0,2.94,0,0.01,0,0,0,0,0,2.83
26,"Mesilla",32.248328,-106.821014,2024-01-01,1,2024,0,.,0,0,0,0,0,0,0,0,1.47,0,0.08,0,0,0,0,0,0.16
26,"Mesilla",32.248328,-106.821014,2012-02-01,2,2012,0,0,0,0,0,0,.,.,.,0,0.07,0,0.1,0,0,0,.,0,0
26,"Mesilla",32.248328,-106.821014,2013-02-01,2,2013,0,0,0,0,0,0,.,.,.,0,2.84,0,0.27,18.39,0,0,.,0,2.39
26,"Mesilla",32.248328,-106.821014,2014-02-01,2,2014,2.23,0,0,0,0,0,.,.,.,0,0.58,0,2.23,0,0,0,.,0,0
26,"Mesilla",32.248328,-106.821014,2015-02-01,2,2015,0,0,0,0,0,0,.,.,.,0,0,0,0,0,0,0,.,0,0
26,"Mesilla",32.248328,-106.821014,2017-02-01,2,2017,0,0,0,0,0,0,.,.,.,0,3.41,0,0,0,0,0,0,0,0
26,"Mesilla",32.248328,-106.821014,2018-02-01,2,2018,0,0,0,0,0,0,.,.,.,0,1.14,0,0,0,0,0,0,0,0.01
26,"Mesilla",32.248328,-106.821014,2019-02-01,2,2019,0,0,0,0,0,0,.,.,.,0,0.65,0,0.23,0,0,0,0,0,0.22
26,"Mesilla",32.248328,-106.821014,2020-02-01,2,2020,0,0.01,0,0,0,0,.,.,.,0,0.26,0,2.01,0.01,0,0,0,0,0
26,"Mesilla",32.248328,-106.821014,2021-02-01,2,2021,0,0.01,0,0.01,0,0,.,.,.,0,0.69,0,4.77,0,0,0,0,0,0
26,"Mesilla",32.248328,-106.821014,2023-02-01,2,2023,0,0,0,0.01,0,0,0,0,0,0,8.44,0,57.33,0,0,0,0,0,0.14
26,"Mesilla",32.248328,-106.821014,2024-02-01,2,2024,0,.,0,0,0,0,0,0,0,0,0.11,0,0,0,0,0,0,0,0.05
26,"Mesilla",32.248328,-106.821014,2012-03-01,3,2012,0,0,0,0,0,0,.,.,.,0,0.13,0,0.63,0,0,0,.,0,0
26,"Mesilla",32.248328,-106.821014,2013-03-01,3,2013,0,0,0,0,0,0,.,.,.,0,0.42,0,0.02,2.8,0,0,.,0,0.36
26,"Mesilla",32.248328,-106.821014,2014-03-01,3,2014,1.03,0,0,0,0,0,.,.,.,0,0.08,0,0.35,0,0,0,.,0,0
26,"Mesilla",32.248328,-106.821014,2015-03-01,3,2015,.,.,.,.,.,.,.,.,.,.,.,.,.,.,.,.,.,.,.
26,"Mesilla",32.248328,-106.821014,2016-03-01,3,2016,0,0,0,0,0,0,.,.,.,0,0.8,0,0,0,0,0,.,0,0
26,"Mesilla",32.248328,-106.821014,2017-03-01,3,2017,0,0,0.01,0,0,0,.,.,.,0,0.73,0,1.24,0,0.01,0,0,0.01,0.12
26,"Mesilla",32.248328,-106.821014,2018-03-01,3,2018,0,0,0,0,0,0,.,.,.,0,1.26,0,1.54,0,0,0,0,0,0.02
26,"Mesilla",32.248328,-106.821014,2019-03-01,3,2019,0,0,0,0.01,0,0,.,.,.,0,0.21,0,0,0,0,0,0,0,0
26,"Mesilla",32.248328,-106.821014,2020-03-01,3,2020,0,0,0,0,0,0,.,.,.,0,0.12,0,0.01,0,0,0,0,0,0
26,"Mesilla",32.248328,-106.821014,2021-03-01,3,2021,0,0.02,0,0,0,0,.,.,.,0,0.08,0,0.01,0,0,0,0,0,0
26,"Mesilla",32.248328,-106.821014,2023-03-01,3,2023,0,.,0,0.01,0,0,.,.,0,0,2.06,0,0.16,0,0,0,0,0,0.14
26,"Mesilla",32.248328,-106.821014,2024-03-01,3,2024,0,.,0,0.01,0,0,0,0,0,0,0.37,0,1.07,0,0,0,0,0,0.04
26,"Mesilla",32.248328,-106.821014,2012-04-01,4,2012,0,0,0,0,0,0,.,.,.,0,0.2,0,0.08,0,0,0,.,0,0.01
26,"Mesilla",32.248328,-106.821014,2013-04-01,4,2013,.,.,.,.,.,.,.,.,.,.,.,.,.,.,.,.,.,.,.
26,"Mesilla",32.248328,-106.821014,2014-04-01,4,2014,0,0,0,0,0,0,.,.,.,0,0.05,0,0.38,0,0,0,.,0,0
26,"Mesilla",32.248328,-106.821014,2015-04-01,4,2015,.,.,.,.,.,.,.,.,.,.,.,.,.,.,.,.,.,.,.
26,"Mesilla",32.248328,-106.821014,2016-04-01,4,2016,0,0,0,0,0,0,.,.,.,0,0.2,0,0.31,0,0,0,0,0.08,0.06
26,"Mesilla",32.248328,-106.821014,2017-04-01,4,2017,0,0,0,0,0,0,.,.,.,0,3.5,0,1.16,0,0,0,0,0,0
26,"Mesilla",32.248328,-106.821014,2018-04-01,4,2018,0,0,0,0,0,0,.,.,.,0,0.85,0,0,0,0,0,0,0,0
26,"Mesilla",32.248328,-106.821014,2019-04-01,4,2019,0,0,0,0,0,0,.,.,.,0,0.58,0,3.63,0,0,0,0,0,0
26,"Mesilla",32.248328,-106.821014,2021-04-01,4,2021,0,0,0,0,0,0,.,.,.,0,0.01,0,0,0,0,0,0,0,0
26,"Mesilla",32.248328,-106.821014,2023-04-01,4,2023,0,.,0,0.01,0,0,.,.,0,0,0.01,0,0.01,0,0,0,0,0,0
26,"Mesilla",32.248328,-106.821014,2012-05-01,5,2012,0,0,0,0.01,0,0,.,.,.,0,0.22,0,0.24,0,0,0,.,0,0.1
26,"Mesilla",32.248328,-106.821014,2013-05-01,5,2013,.,.,.,.,.,.,.,.,.,.,.,.,.,.,.,.,.,.,.
26,"Mesilla",32.248328,-106.821014,2014-05-01,5,2014,0,0,0,0,0,0,.,.,.,0,0,0,0,0,0,0,.,0,0
26,"Mesilla",32.248328,-106.821014,2015-05-01,5,2015,.,.,.,.,.,.,.,.,.,.,.,.,.,.,.,.,.,.,.
26,"Mesilla",32.248328,-106.821014,2016-05-01,5,2016,0,0,0,0.02,0,0,.,.,.,0,0.57,0.16,1.39,0,0,0,.,0,0.01
26,"Mesilla",32.248328,-106.821014,2017-05-01,5,2017,0,0,0,0,0,0,.,.,.,0,0.58,0,0,0,0,0,0,0,0
26,"Mesilla",32.248328,-106.821014,2018-05-01,5,2018,0,0,0,0,0,0,.,.,.,0,0.61,0,0,0,0,0,0,0,0
26,"Mesilla",32.248328,-106.821014,2019-05-01,5,2019,0,0,0,0,0,0.7,.,.,.,0,0.11,0,0.08,0,0,0.02,0,0,0
26,"Mesilla",32.248328,-106.821014,2021-05-01,5,2021,0,0,0,0,0,0,.,.,.,0,0.02,0,0,0,0,0,0,0,0
26,"Mesilla",32.248328,-106.821014,2022-05-01,5,2022,0,0,0,0.01,0,0,.,.,.,0,0.03,0,0.09,0,0,0,0,0,0
26,"Mesilla",32.248328,-106.821014,2023-05-01,5,2023,0,0,0,0.01,0,0,0,0,0,0,1.12,0,0.26,0,0,0,0,0,0
26,"Mesilla",32.248328,-106.821014,2011-06-01,6,2011,.,.,.,.,.,.,.,.,.,.,.,.,.,.,.,.,.,.,.
26,"Mesilla",32.248328,-106.821014,2012-06-01,6,2012,0,0.01,0,0,0,0,.,.,.,0,0.8,0,0,0,0,0,.,0,0
26,"Mesilla",32.248328,-106.821014,2013-06-01,6,2013,.,.,.,.,.,.,.,.,.,.,.,.,.,.,.,.,.,.,.
26,"Mesilla",32.248328,-106.821014,2014-06-01,6,2014,0,0.01,0,0,0,0,.,.,.,0,0.99,0,7.23,0,0,0,.,0,0
26,"Mesilla",32.248328,-106.821014,2015-06-01,6,2015,0,0,0,0,0,0,.,.,.,0,0,0,0,0,0,0,.,0,0
26,"Mesilla",32.248328,-106.821014,2016-06-01,6,2016,0,0,0,0.01,0,0,.,.,.,0,0.24,0.24,0,0,0,0,0,0,0
26,"Mesilla",32.248328,-106.821014,2017-06-01,6,2017,0,0,0,0,0,0,.,.,.,0,0.59,0,0.15,0,0,0,0,0,0
26,"Mesilla",32.248328,-106.821014,2018-06-01,6,2018,0,0,0,0,0,0,.,.,.,0,1.06,0.04,0.01,0,0,0,0,0,0.03
26,"Mesilla",32.248328,-106.821014,2019-06-01,6,2019,0,0,0,0.01,0,0,.,.,.,0,0.69,0,0,0,0,0,0,0,0.05
26,"Mesilla",32.248328,-106.821014,2020-06-01,6,2020,0,0,0,0,0,0,.,.,.,0,0.06,0,0.44,0,0,0,0.01,0,0
26,"Mesilla",32.248328,-106.821014,2021-06-01,6,2021,0,0,0,0,0,0,.,.,.,0,0.01,0,0.02,0,0,0,0,0,0
26,"Mesilla",32.248328,-106.821014,2022-06-01,6,2022,0,0.01,0,0.02,0,0,.,.,.,0,0.11,0,0,0,0,0,0,0,0
26,"Mesilla",32.248328,-106.821014,2023-06-01,6,2023,0,0,0,0,0,0,0,0,0,0,0.17,0,0,0,0,0,0,0,0.03
26,"Mesilla",32.248328,-106.821014,2011-07-01,7,2011,0,0,0,0.01,0,0,.,.,.,0,0.14,0,0.03,0,0,0,.,0,0
26,"Mesilla",32.248328,-106.821014,2012-07-01,7,2012,0,0,0,0,0,0,.,.,.,0,0.22,0,0.01,0,0,0,.,0,0.03
26,"Mesilla",32.248328,-106.821014,2013-07-01,7,2013,.,.,.,.,.,.,.,.,.,.,.,.,.,.,.,.,.,.,.
26,"Mesilla",32.248328,-106.821014,2014-07-01,7,2014,0,0,0,0,0,0,.,.,.,0,0,0,0,0,0,0,.,0,0
26,"Mesilla",32.248328,-106.821014,2015-07-01,7,2015,0,0,0,0,0,0,.,.,.,0,0,0,0,0,0,0,.,0,0
26,"Mesilla",32.248328,-106.821014,2016-07-01,7,2016,0,0,0,0,0,0,.,.,.,0,0.69,0.62,0,0,0,0,0,0,0
26,"Mesilla",32.248328,-106.821014,2017-07-01,7,2017,0,0,0.7,0.02,0,0,.,.,.,0,0.1,0,0.01,0,0,0,0,0,0
26,"Mesilla",32.248328,-106.821014,2018-07-01,7,2018,0,1.61,0,0,0,0,.,.,.,0,1.14,0.21,0.01,0,0,0,0,0,0
26,"Mesilla",32.248328,-106.821014,2019-07-01,7,2019,0,0,0,0,0,0,.,.,.,0,0.54,0,0.15,0,0,0,0,0,0
26,"Mesilla",32.248328,-106.821014,2020-07-01,7,2020,0,0,0,0.01,0,0,.,.,.,0,0,0,0,0,0,0,0,0,0
26,"Mesilla",32.248328,-106.821014,2021-07-01,7,2021,0,0,0,0,0,0,.,.,.,0,0.02,0,0.01,0,0,0,0,0,0
26,"Mesilla",32.248328,-106.821014,2022-07-01,7,2022,0,0,0,0.01,0,0,.,.,.,0,0.13,0,0,0,0,0,0,0,0.04
26,"Mesilla",32.248328,-106.821014,2023-07-01,7,2023,0,0,0,0,0,0,0,0,0,0,0.03,0,0.01,0,0,0,0,0,0
26,"Mesilla",32.248328,-106.821014,2011-08-01,8,2011,0,0,0,0.01,0,0,.,.,.,0,0.06,0,0.02,0,0,0,.,0,0
26,"Mesilla",32.248328,-106.821014,2012-08-01,8,2012,0,0,0,0,0,0,.,.,.,0,0.41,0,0.02,0,0,0,.,0,0.08
26,"Mesilla",32.248328,-106.821014,2013-08-01,8,2013,.,.,.,.,.,.,.,.,.,.,.,.,.,.,.,.,.,.,.
26,"Mesilla",32.248328,-106.821014,2014-08-01,8,2014,0,0,0,0,0,0,.,.,.,0,0,0,0,0,0,0,.,0,0
26,"Mesilla",32.248328,-106.821014,2015-08-01,8,2015,0,0,0,0,0,0,.,.,.,0,0,0,0,0,0,0,.,0,0
26,"Mesilla",32.248328,-106.821014,2016-08-01,8,2016,0,0,0,0,0,0,.,.,.,0,0.61,0,0.08,0,0,0,0,0,0
26,"Mesilla",32.248328,-106.821014,2017-08-01,8,2017,0,0,0,0,0,0,.,.,.,0,0.09,0,0.01,0,0,0,0,0,0
26,"Mesilla",32.248328,-106.821014,2018-08-01,8,2018,0,0,0,0.01,0,0,.,.,.,0,0.09,0,0.08,0,0,0,0,0,0
26,"Mesilla",32.248328,-106.821014,2019-08-01,8,2019,0,0.01,0,0,0,0,.,.,.,0,0.65,0.02,0.79,0.08,0,0,0,0,0.01
26,"Mesilla",32.248328,-106.821014,2020-08-01,8,2020,0,0,0,0,0,0,.,.,.,0,0.01,0,0,0,0,0,0,0,0
26,"Mesilla",32.248328,-106.821014,2021-08-01,8,2021,0,0,0,0,0,0,.,.,.,0,0.06,0,0,0,0,0,0,0,0
26,"Mesilla",32.248328,-106.821014,2022-08-01,8,2022,0,0,0,0,0,0,.,.,.,0,0.12,0,0.01,0,0,0,0,0,0
26,"Mesilla",32.248328,-106.821014,2023-08-01,8,2023,0,0,0,0,0,0,0,0,0,0,0.01,0,0,0,0,0,0,0,0
26,"Mesilla",32.248328,-106.821014,2011-09-01,9,2011,0,0,0,0,0,0,.,.,.,0,0.15,0,0.02,0,0,0,.,0,0
26,"Mesilla",32.248328,-106.821014,2012-09-01,9,2012,0,0,0,0,0,0,.,.,.,0,0.22,0,0,0,0,0,.,0,0
26,"Mesilla",32.248328,-106.821014,2013-09-01,9,2013,.,.,.,.,.,.,.,.,.,.,.,.,.,.,.,.,.,.,.
26,"Mesilla",32.248328,-106.821014,2014-09-01,9,2014,0,0,0,0,0,0,.,.,.,0,0,0,0,0,0,0,.,0,0
26,"Mesilla",32.248328,-106.821014,2015-09-01,9,2015,.,.,.,.,.,.,.,.,.,.,.,.,.,.,.,.,.,.,.
26,"Mesilla",32.248328,-106.821014,2016-09-01,9,2016,0,0,0,0,0,0,.,.,.,0,0.57,0,0,0,0,0,0,0,0.2
26,"Mesilla",32.248328,-106.821014,2017-09-01,9,2017,0,0,0,0,0,0,.,.,.,0,5.7,0,0.01,0,0,0,0,0,0.55
26,"Mesilla",32.248328,-106.821014,2018-09-01,9,2018,0,0,0,0,0,0,.,.,.,0,2.45,0,0,0,0,0,0,0,0
26,"Mesilla",32.248328,-106.821014,2019-09-01,9,2019,0,0,0,0,0,0,.,.,.,0,0.01,0,0,0,0,0,0,0,0
26,"Mesilla",32.248328,-106.821014,2020-09-01,9,2020,0,0,0,0.02,0,0,.,.,.,0,0.02,0,0,0,0,0,0,0,0
26,"Mesilla",32.248328,-106.821014,2021-09-01,9,2021,0,0,0,0,0,0,.,.,.,0,0.04,0,0.01,0,0,0,0,0,0
26,"Mesilla",32.248328,-106.821014,2022-09-01,9,2022,0,0,0,0,0,0,.,.,.,0,0.11,0,0.02,0,0,0,0,0,0
26,"Mesilla",32.248328,-106.821014,2023-09-01,9,2023,0,0,0,0.01,0,0,0,0,0,0,0.02,0,0,0,0,0,0,0,0
26,"Mesilla",32.248328,-106.821014,2011-10-01,10,2011,0,0,0,0,0,0,.,.,.,0,0.18,0,0.02,0,0,0,.,0,0
26,"Mesilla",32.248328,-106.821014,2012-10-01,10,2012,.,.,.,.,.,.,.,.,.,.,.,.,.,.,.,.,.,.,.
26,"Mesilla",32.248328,-106.821014,2013-10-01,10,2013,.,.,.,.,.,.,.,.,.,.,.,.,.,.,.,.,.,.,.
26,"Mesilla",32.248328,-106.821014,2014-10-01,10,2014,0,0,0,0,0,0,.,.,.,0,0,0,0,0,0,0,.,0,0
26,"Mesilla",32.248328,-106.821014,2015-10-01,10,2015,0,0,0,0,0,0,.,.,.,0,3.53,0,1.85,0,0,0,.,0,0.15
26,"Mesilla",32.248328,-106.821014,2016-10-01,10,2016,0,0,0,0,0,0,.,.,.,0,0.62,0,0.15,0,0,0,0,0,0.35
26,"Mesilla",32.248328,-106.821014,2017-10-01,10,2017,0,4.23,0,0,0,0,.,.,.,0,2.33,0.55,0.69,0,8.69,0,0,0,1.13
26,"Mesilla",32.248328,-106.821014,2018-10-01,10,2018,0,0,0,0,0,0,.,.,.,0,1.26,0,0,0,0,0,0,0,0.03
26,"Mesilla",32.248328,-106.821014,2019-10-01,10,2019,0,0,0,0,0,0,.,.,.,0,0.07,0,0.02,0,0,0,0,0,0
26,"Mesilla",32.248328,-106.821014,2020-10-01,10,2020,0,0,0,0,0,0,.,.,.,0,0,0,0,0,0,0,0,0,0
26,"Mesilla",32.248328,-106.821014,2022-10-01,10,2022,0,0.01,0,0,0,0,.,.,.,0,0.12,0,0,0,0,0,0,0,0.07
26,"Mesilla",32.248328,-106.821014,2023-10-01,10,2023,0,0,0,0,0,0,0,0,0,0,0.59,0,0.01,0,0,0,0,0,0.05
26,"Mesilla",32.248328,-106.821014,2011-11-01,11,2011,0,0,0,0,0,0,.,.,.,0,0.65,0,0.03,0,0,0,.,0,0
26,"Mesilla",32.248328,-106.821014,2012-11-01,11,2012,0,3,0,0,0,0,.,.,.,0,2.74,0.39,0.01,0,0,0,.,0,0.19
26,"Mesilla",32.248328,-106.821014,2013-11-01,11,2013,0,0,0,0.01,0,0,.,.,.,0,1.59,0,0,0,0,0,.,0,0
26,"Mesilla",32.248328,-106.821014,2014-11-01,11,2014,0,0,0,0,0,0,.,.,.,0,0.11,0,0.85,0,0,0,.,0,0
26,"Mesilla",32.248328,-106.821014,2015-11-01,11,2015,0,0,0,0,0,0,.,.,.,0,0.5,0,0.31,0,0,0,.,0,0.15
26,"Mesilla",32.248328,-106.821014,2016-11-01,11,2016,0,3.23,0,0,0,0,.,.,.,0,0.44,0.42,0.02,0.01,0,0,0,0,0
26,"Mesilla",32.248328,-106.821014,2017-11-01,11,2017,0,0,0,0,0,0,.,.,.,0,1.02,0,0.09,0,0,0,0,0,0
26,"Mesilla",32.248328,-106.821014,2018-11-01,11,2018,0,0,0,0,0,0,.,.,.,0,1.23,0,0.23,0,0,0,0,0,0.04
26,"Mesilla",32.248328,-106.821014,2019-11-01,11,2019,0,0,0,0.03,0,0,.,.,.,0,0.51,0,0.01,0,0,0,0,0,0.17
26,"Mesilla",32.248328,-106.821014,2020-11-01,11,2020,0,0,0,0,0,0,.,.,.,0,0.03,0,0.16,0,0,0,0,0,0
26,"Mesilla",32.248328,-106.821014,2022-11-01,11,2022,0,0,0,0,0,0,.,.,.,0,1.13,0,0,0,0,0,0,0,0.76
26,"Mesilla",32.248328,-106.821014,2023-11-01,11,2023,0,0,0,0,0,0,0,0,0,0.02,0.12,0,0,0,0,0,0,0,0.07
26,"Mesilla",32.248328,-106.821014,2011-12-01,12,2011,.,.,.,.,.,.,.,.,.,.,.,.,.,.,.,.,.,.,.
26,"Mesilla",32.248328,-106.821014,2012-12-01,12,2012,.,.,.,.,.,.,.,.,.,.,.,.,.,.,.,.,.,.,.
26,"Mesilla",32.248328,-106.821014,2013-12-01,12,2013,0,0,0,0,0,0,.,.,.,0,1.18,0,0,0,0,0,.,0,0
26,"Mesilla",32.248328,-106.821014,2014-12-01,12,2014,0,0,0,0,0,0,.,.,.,0,0,0,0,0,0,0,.,0,0
26,"Mesilla",32.248328,-106.821014,2015-12-01,12,2015,0,0,0,0,0,0,.,.,.,0,0.22,0,0.01,0,0,0,.,0,0
26,"Mesilla",32.248328,-106.821014,2016-12-01,12,2016,0,0,0,0.18,0,0,.,.,.,0,2.52,0,0.23,0,0,0,0,0.02,0
26,"Mesilla",32.248328,-106.821014,2017-12-01,12,2017,0,0,0,0,0,0,.,.,.,0,0.41,0,0.39,0,0,0,0,0,0.01
26,"Mesilla",32.248328,-106.821014,2018-12-01,12,2018,0.08,0.01,0,0.02,0,0,.,.,.,0,0.89,0,0.15,0,0,0,0,0,0.02
26,"Mesilla",32.248328,-106.821014,2019-12-01,12,2019,0,0.01,0,0.01,0,0,.,.,.,0,0.46,0,0,0,0,0,0,0,0.08
26,"Mesilla",32.248328,-106.821014,2020-12-01,12,2020,0,0,0,0,0,0,.,.,.,0,0.01,0,0,0,0,0,0,0,0
26,"Mesilla",32.248328,-106.821014,2023-12-01,12,2023,0,0,0,0.01,0,0,0,0,0,0,0.21,0,0.01,0,0,0,0,0,0.03
27,"Bosque Farm",34.8477697505695,-106.714997116643,2013-01-01,1,2013,14.81,0.51,0,0.01,0,0,.,.,.,0,2.1,0.07,0.68,0,0,0,.,0,0
27,"Bosque Farm",34.8477697505695,-106.714997116643,2014-01-01,1,2014,62.74,0.78,0.69,0.01,0,0,.,.,.,0,8.68,0.1,1.13,0,0,0,.,0,0
27,"Bosque Farm",34.8477697505695,-106.714997116643,2015-01-01,1,2015,.,.,.,.,.,.,.,.,.,.,.,.,.,.,.,.,.,.,.
27,"Bosque Farm",34.8477697505695,-106.714997116643,2017-01-01,1,2017,11.23,0.19,0.62,0,0,0,.,.,.,0,1.9,0.02,2.01,0.04,0,0,0,0,0
27,"Bosque Farm",34.8477697505695,-106.714997116643,2018-01-01,1,2018,20.7,0.02,1.17,0,0,0,.,.,.,0,3.13,0,1.02,0.01,0,0,0,0,0
27,"Bosque Farm",34.8477697505695,-106.714997116643,2019-01-01,1,2019,27.92,0.09,0.69,0.02,0,0,.,.,.,0,3.97,0.01,0.55,0.04,0,0,0,0,0.01
27,"Bosque Farm",34.8477697505695,-106.714997116643,2020-01-01,1,2020,15,0.02,0.55,0.01,0,0,.,.,.,0,2.15,0,0.65,0.01,0,0.01,0,0,0
27,"Bosque Farm",34.8477697505695,-106.714997116643,2021-01-01,1,2021,27.01,0.09,0.47,0.01,0,0,.,.,.,0,3.65,0.01,0.01,0.08,0,0.01,0,0,0.01
27,"Bosque Farm",34.8477697505695,-106.714997116643,2022-01-01,1,2022,21.69,0.15,1.08,0.03,0,0,.,.,.,0,3.11,0.02,0.2,0.03,0,0.08,0,0,0.02
27,"Bosque Farm",34.8477697505695,-106.714997116643,2023-01-01,1,2023,14.53,.,0.96,0.02,0,0,.,.,0,0,2.3,0,1.13,0,0,0.85,0,0,0.1
27,"Bosque Farm",34.8477697505695,-106.714997116643,2024-01-01,1,2024,39,.,0.86,0,0,0,0,0.01,0,0,5.59,0,1.57,0.01,0,0.69,0,0,0.09
27,"Bosque Farm",34.8477697505695,-106.714997116643,2013-02-01,2,2013,7.39,0.12,0.08,0,0,0,.,.,.,0,2,0.02,7.71,0,0,0,.,0,0
27,"Bosque Farm",34.8477697505695,-106.714997116643,2014-02-01,2,2014,27.61,0.19,1,0,0,0,.,.,.,0,15.45,0.02,88.09,0.71,0,0,.,0,0.09
27,"Bosque Farm",34.8477697505695,-106.714997116643,2015-02-01,2,2015,.,.,.,.,.,.,.,.,.,.,.,.,.,.,.,.,.,.,.
27,"Bosque Farm",34.8477697505695,-106.714997116643,2016-02-01,2,2016,4.78,0.19,0.02,0.29,0,0,.,.,.,0,1.22,0.02,1.75,0,0.01,0.02,.,0,0.12
27,"Bosque Farm",34.8477697505695,-106.714997116643,2017-02-01,2,2017,12.39,0.01,0.31,0,0,0.01,.,.,.,0,5.18,0,25.95,0,0,0.01,0,0,0
27,"Bosque Farm",34.8477697505695,-106.714997116643,2018-02-01,2,2018,43.59,0.45,1.97,0.18,0,0,.,.,.,0,6.62,0.06,1.91,0,0,0.01,0,0,0
27,"Bosque Farm",34.8477697505695,-106.714997116643,2019-02-01,2,2019,82.08,0.31,0.25,0.01,0,0.01,.,.,.,0,11.87,0.08,8.09,0.02,0,0,0,0,0
27,"Bosque Farm",34.8477697505695,-106.714997116643,2020-02-01,2,2020,11.77,0.16,0.47,0.01,0,0,.,.,.,0,1.88,0.02,1.24,0.01,0,0.01,0,0,0
27,"Bosque Farm",34.8477697505695,-106.714997116643,2021-02-01,2,2021,10.7,0.1,0.16,0,0,0,.,.,.,0,8.15,0.01,51.48,0.01,0,0,0,0,0
27,"Bosque Farm",34.8477697505695,-106.714997116643,2022-02-01,2,2022,47.46,0.09,0.39,0.01,0,0,.,.,.,0,6.49,0.01,0.05,0.08,0,0.08,0,0,0.02
27,"Bosque Farm",34.8477697505695,-106.714997116643,2023-02-01,2,2023,45.47,.,1.14,0.03,0.09,0,.,.,0.01,0,7.94,0.01,13.27,0.09,0.01,0.09,0.01,0,0.04
27,"Bosque Farm",34.8477697505695,-106.714997116643,2024-02-01,2,2024,40.77,.,0.68,0.01,0,0.01,0.02,0.01,0,0,5.99,0,2.57,0.03,0,0.86,0,0,0.1
27,"Bosque Farm",34.8477697505695,-106.714997116643,2012-03-01,3,2012,13.97,0.01,0,0.02,0,0,.,.,.,0,3.2,0,9.68,0,0,0,.,0,0
27,"Bosque Farm",34.8477697505695,-106.714997116643,2013-03-01,3,2013,3.24,0.11,0.01,0,0,0,.,.,.,0,0.44,0.01,0.02,0.02,0,0,.,0,0
27,"Bosque Farm",34.8477697505695,-106.714997116643,2014-03-01,3,2014,15.08,0.01,0.01,0,0,0,.,.,.,0,2.42,0,2.56,0,0,0,.,0,0
27,"Bosque Farm",34.8477697505695,-106.714997116643,2015-03-01,3,2015,.,.,.,.,.,.,.,.,.,.,.,.,.,.,.,.,.,.,.
27,"Bosque Farm",34.8477697505695,-106.714997116643,2016-03-01,3,2016,6.39,0.03,0.02,0,0,0,.,.,.,0,1.97,0,5.25,2.79,0,0,.,0,0
27,"Bosque Farm",34.8477697505695,-106.714997116643,2017-03-01,3,2017,7.33,0.04,0,0,0,0,.,.,.,0,1.38,0,2.19,0.02,0,0,0,0,0
27,"Bosque Farm",34.8477697505695,-106.714997116643,2018-03-01,3,2018,25.38,0.01,0.01,0.02,0,0,.,.,.,0,4.9,0,9.85,0.16,0.85,0,0,0,0.13
27,"Bosque Farm",34.8477697505695,-106.714997116643,2019-03-01,3,2019,12.55,0.01,0.02,0.01,0,0,.,.,.,0,8.31,0,50.08,0.02,0.01,0.01,0,0,0
27,"Bosque Farm",34.8477697505695,-106.714997116643,2020-03-01,3,2020,8,0.02,0.01,0,0,0,.,.,.,0,1.1,0,0,0.01,0,0,0,0,0
27,"Bosque Farm",34.8477697505695,-106.714997116643,2021-03-01,3,2021,9.94,0.02,0.09,0.02,0,0,.,.,.,0,1.41,0,0.66,0,0.01,0,0,0,0.01
27,"Bosque Farm",34.8477697505695,-106.714997116643,2022-03-01,3,2022,46.92,0.32,0.4,0.02,0,0,.,.,.,0,27.02,0.04,154.63,4.5,0,0,0,0,0.59
27,"Bosque Farm",34.8477697505695,-106.714997116643,2023-03-01,3,2023,14.79,0.02,0.37,0.03,0.09,0.01,0.02,0,0,0,81.39,0,601.45,1.15,0,0,0,0,0.14
27,"Bosque Farm",34.8477697505695,-106.714997116643,2024-03-01,3,2024,21.23,.,0.39,0.02,0,0,0.02,0.08,0,0,3.86,0.01,5.65,0.34,0,0.01,0,0,0.05
27,"Bosque Farm",34.8477697505695,-106.714997116643,2012-04-01,4,2012,1.22,0,0,0,0,0,.,.,.,0,1.19,0,0.9,6.39,0,0,.,0,0.83
27,"Bosque Farm",34.8477697505695,-106.714997116643,2013-04-01,4,2013,1.92,0.02,0.01,0,0,0,.,.,.,0,0.67,0,1.17,0.62,0,0.01,.,0,0.08
27,"Bosque Farm",34.8477697505695,-106.714997116643,2014-04-01,4,2014,3.24,0.01,0,0.02,0,0,.,.,.,0,1,0,0.96,2.02,0,0,.,0,0.27
27,"Bosque Farm",34.8477697505695,-106.714997116643,2015-04-01,4,2015,.,.,.,.,.,.,.,.,.,.,.,.,.,.,.,.,.,.,.
27,"Bosque Farm",34.8477697505695,-106.714997116643,2016-04-01,4,2016,5.39,0,0.08,0,0,0,.,.,.,0,2.27,0,2.55,8.23,0,0,.,0,0.04
27,"Bosque Farm",34.8477697505695,-106.714997116643,2017-04-01,4,2017,2.19,0,0.38,0,0,0,.,.,.,0,3.97,0,13.35,13.85,0,0.01,0,0,0
27,"Bosque Farm",34.8477697505695,-106.714997116643,2018-04-01,4,2018,0.01,0.08,0.02,0.01,0,0,.,.,.,0,2.52,0.01,5.03,13.38,0,0,0,0,1.74
27,"Bosque Farm",34.8477697505695,-106.714997116643,2019-04-01,4,2019,4.86,0.02,0.03,0.02,0,0,.,.,.,0,1.54,0,0.12,5.09,0,0.01,0,0,0.68
27,"Bosque Farm",34.8477697505695,-106.714997116643,2020-04-01,4,2020,5.21,0.01,0.35,0.02,0,0,.,.,.,0,3.03,0,1.67,14.7,0,0.01,0.03,0,1.73
27,"Bosque Farm",34.8477697505695,-106.714997116643,2021-04-01,4,2021,3.93,0.01,0.01,0,0,0,.,.,.,0,0.77,0,0.1,0.66,0,0.01,0,0,0.09
27,"Bosque Farm",34.8477697505695,-106.714997116643,2022-04-01,4,2022,10.6,0.01,0.09,0,0,0,.,.,.,0,4.32,0,1.16,19.74,0,1.11,0,0,2.44
27,"Bosque Farm",34.8477697505695,-106.714997116643,2023-04-01,4,2023,2.92,0.01,1.11,0,0,0,0.01,0.01,0,0,2.17,0,3.69,7.27,0,0,0.02,0,0.87
27,"Bosque Farm",34.8477697505695,-106.714997116643,2024-04-01,4,2024,18.89,.,0.26,0,0,0,0,0.01,0,0,4.42,0,1.99,11.02,0,0.09,0.03,0,1.3
27,"Bosque Farm",34.8477697505695,-106.714997116643,2012-05-01,5,2012,0.89,0.01,0.01,0,0,0,.,.,.,0,0.62,0,1.07,1.66,0.11,0,.,0,0.23
27,"Bosque Farm",34.8477697505695,-106.714997116643,2013-05-01,5,2013,5.16,0.01,0.02,0,0,0,.,.,.,0,4.79,0,12.07,16.33,0.01,1.55,.,0,2.33
27,"Bosque Farm",34.8477697505695,-106.714997116643,2014-05-01,5,2014,9.11,0.02,0.32,0,0,0.01,.,.,.,0,5.01,0,9.55,14.85,0.54,3.31,.,0,2.43
27,"Bosque Farm",34.8477697505695,-106.714997116643,2015-05-01,5,2015,.,.,.,.,.,.,.,.,.,.,.,.,.,.,.,.,.,.,.
27,"Bosque Farm",34.8477697505695,-106.714997116643,2016-05-01,5,2016,8.71,0.26,0.39,0,0,0,.,.,.,0,12.7,0.03,66.04,14.7,0,5.16,.,0,0.67
27,"Bosque Farm",34.8477697505695,-106.714997116643,2017-05-01,5,2017,.,.,.,.,.,.,.,.,.,.,.,.,.,.,.,.,.,.,.
27,"Bosque Farm",34.8477697505695,-106.714997116643,2018-05-01,5,2018,0,0.01,2.39,0,0,0,.,.,.,0,2.35,0,0.38,8.24,0,5,0,0,1.72
27,"Bosque Farm",34.8477697505695,-106.714997116643,2019-05-01,5,2019,3.11,0,2.7,0,0,0,.,.,.,0,3.77,0,9.87,7.95,0.01,1.92,0,0,1.28
27,"Bosque Farm",34.8477697505695,-106.714997116643,2020-05-01,5,2020,4.24,0.16,3.23,0,0,0,.,.,.,0,4.73,0.02,3.56,15.16,0.01,8.15,0.01,0,3.06
27,"Bosque Farm",34.8477697505695,-106.714997116643,2021-05-01,5,2021,5.64,0.01,1.39,0.01,0,0,.,.,.,0,6.33,0,5.22,32.14,0.09,3.68,0,0,4.2
27,"Bosque Farm",34.8477697505695,-106.714997116643,2022-05-01,5,2022,1.91,0.01,1.03,0,0,0,.,.,.,0,3.52,0,5.23,12.56,0.01,5.38,0,0,2.1
27,"Bosque Farm",34.8477697505695,-106.714997116643,2023-05-01,5,2023,1.57,0,0.28,0.01,0,0,0,0.09,0,0,2.19,0.01,2.23,10.52,0.02,0.94,0.02,0,1.34
27,"Bosque Farm",34.8477697505695,-106.714997116643,2024-05-01,5,2024,1.64,.,1.49,0,0,0,0.01,0.02,0,0,7.15,0,14.88,20.62,0.04,6.09,0.01,0,3.52
27,"Bosque Farm",34.8477697505695,-106.714997116643,2012-06-01,6,2012,3.94,0.11,0,0,0,0,.,.,.,0,1.45,0.01,1.06,4.14,0,0,.,0,0.59
27,"Bosque Farm",34.8477697505695,-106.714997116643,2013-06-01,6,2013,20.85,0.33,0,0.09,0,0,.,.,.,0,5.74,0.07,15.93,5.4,0.23,0,.,0,0.73
27,"Bosque Farm",34.8477697505695,-106.714997116643,2014-06-01,6,2014,3.39,0,1.55,0,0,0.02,.,.,.,0,2.11,0,0.02,5.64,0,3.54,.,0,1.19
27,"Bosque Farm",34.8477697505695,-106.714997116643,2015-06-01,6,2015,.,.,.,.,.,.,.,.,.,.,.,.,.,.,.,.,.,.,.
27,"Bosque Farm",34.8477697505695,-106.714997116643,2016-06-01,6,2016,6.17,0.24,2.93,0,0.01,0,.,.,.,0,4.53,0.03,11.08,13.15,0.15,0.38,0,0,0.07
27,"Bosque Farm",34.8477697505695,-106.714997116643,2017-06-01,6,2017,3.78,0.18,3.85,0,0,0,.,.,.,0,3.58,0.02,13.09,3.16,0.01,1.55,0,0,0.2
27,"Bosque Farm",34.8477697505695,-106.714997116643,2018-06-01,6,2018,2.77,0.02,8,0,0,0,.,.,.,0,3.24,0,3.16,8.55,0,0,0,0,1.11
27,"Bosque Farm",34.8477697505695,-106.714997116643,2020-06-01,6,2020,5.47,0.02,4.8,0,0,0.01,.,.,.,0,5.4,0,5.48,19.07,0.02,0.78,0,0,2.6
27,"Bosque Farm",34.8477697505695,-106.714997116643,2021-06-01,6,2021,5.4,0.02,2.55,0,0,0,.,.,.,0,3.06,0,5.79,4.48,0.01,3.85,0,0,1.09
27,"Bosque Farm",34.8477697505695,-106.714997116643,2022-06-01,6,2022,3.16,0.09,2.56,0.01,0,0,.,.,.,0.01,4.9,0.01,19.33,7.45,0.01,3.59,0,0.01,1.31
27,"Bosque Farm",34.8477697505695,-106.714997116643,2023-06-01,6,2023,2.8,0.05,7.69,0,0,0,0.05,0.1,0,0,2.8,0.01,3.57,5.87,0,1.16,0,0,0.73
27,"Bosque Farm",34.8477697505695,-106.714997116643,2024-06-01,6,2024,2.24,.,3.01,0,0,0,0.08,0,0,0,3.84,0.01,5.55,14.16,0,0.62,0,0,1.94
27,"Bosque Farm",34.8477697505695,-106.714997116643,2012-07-01,7,2012,4.01,0.02,0,0,0,0,.,.,.,0,1.25,0,2.62,2.02,0,0,.,0,0.26
27,"Bosque Farm",34.8477697505695,-106.714997116643,2013-07-01,7,2013,3.86,0.09,0,0.02,0,0,.,.,.,0,1.49,0.01,4.63,2.86,0,0,.,0,0.37
27,"Bosque Farm",34.8477697505695,-106.714997116643,2014-07-01,7,2014,1.09,0.78,0.01,0,0,0.01,.,.,.,0,0.84,0.1,0.05,2.72,0,0,.,0,0.45
27,"Bosque Farm",34.8477697505695,-106.714997116643,2015-07-01,7,2015,.,.,.,.,.,.,.,.,.,.,.,.,.,.,.,.,.,.,.
27,"Bosque Farm",34.8477697505695,-106.714997116643,2016-07-01,7,2016,2.48,0.01,2.54,0,0,0,.,.,.,0,3.62,0,0.7,20.7,0.09,0.92,0,0,0.15
27,"Bosque Farm",34.8477697505695,-106.714997116643,2017-07-01,7,2017,2.26,0.02,0.78,0.01,0,0,.,.,.,0,1.46,0,0.66,3.64,0.01,3.54,0,0,0.46
27,"Bosque Farm",34.8477697505695,-106.714997116643,2018-07-01,7,2018,2.69,0.02,2.08,0,0,0,.,.,.,0,2.17,0,2.56,8.26,0,0.46,0,0,1.14
27,"Bosque Farm",34.8477697505695,-106.714997116643,2019-07-01,7,2019,3.48,0.03,1.55,0.02,0,0,.,.,.,0,6.58,0,37.52,5.82,0,0.18,0,0.01,0.8
27,"Bosque Farm",34.8477697505695,-106.714997116643,2020-07-01,7,2020,6.08,0.18,5.85,0.01,0.01,0,.,.,.,0.01,3.39,0.02,4.92,4.1,0.17,2.16,0,0,0.91
27,"Bosque Farm",34.8477697505695,-106.714997116643,2021-07-01,7,2021,5.32,0.09,2.85,0.02,0,0,.,.,.,0,6.21,0.01,10.25,27.54,0.16,0.15,0,0,3.63
27,"Bosque Farm",34.8477697505695,-106.714997116643,2022-07-01,7,2022,10.71,0.02,3.27,0.12,0,0,.,.,.,0,2.99,0,0.64,3.1,0.44,2.31,0,0,0.89
27,"Bosque Farm",34.8477697505695,-106.714997116643,2023-07-01,7,2023,13.68,0.01,6.07,0.01,0,0,0.01,0,0,0,8.71,0,33.52,12.57,0,1.03,0,0.09,1.6
27,"Bosque Farm",34.8477697505695,-106.714997116643,2024-07-01,7,2024,1.26,.,1.32,0,0,0,0,0.02,0,0,1.83,0,3.87,5.94,0.08,0.02,0,0,0.82
27,"Bosque Farm",34.8477697505695,-106.714997116643,2012-08-01,8,2012,1.1,0.01,0.01,0,0,0,.,.,.,0,0.3,0,0.71,0.11,0,0,.,0,0.02
27,"Bosque Farm",34.8477697505695,-106.714997116643,2013-08-01,8,2013,4.49,0.09,3.01,0,0,0,.,.,.,0,1.78,0.01,4.12,0.57,0,0,.,0,0.1
27,"Bosque Farm",34.8477697505695,-106.714997116643,2014-08-01,8,2014,1.79,0.32,0.24,0,0,0.32,.,.,.,0,0.54,0.04,0.06,0.05,0,0,.,0,0.08
27,"Bosque Farm",34.8477697505695,-106.714997116643,2015-08-01,8,2015,.,.,.,.,.,.,.,.,.,.,.,.,.,.,.,.,.,.,.
27,"Bosque Farm",34.8477697505695,-106.714997116643,2016-08-01,8,2016,1.26,0.02,2.55,0,0,0.01,.,.,.,0,0.96,0,0.55,0.49,0.01,1.23,.,0,0.16
27,"Bosque Farm",34.8477697505695,-106.714997116643,2017-08-01,8,2017,1.24,0.09,2.38,0,0,0,.,.,.,0,0.84,0.01,0.41,0.1,0.01,0.78,0,0,0.1
27,"Bosque Farm",34.8477697505695,-106.714997116643,2018-08-01,8,2018,1.78,0.02,1.16,0.01,0,0,.,.,.,0,1.1,0,4.11,0.02,0,0.01,0,0,0.01
27,"Bosque Farm",34.8477697505695,-106.714997116643,2019-08-01,8,2019,3.88,0.18,1.13,0.01,0,0,.,.,.,0,2.83,0.02,11.83,0.88,0,1.29,0,0.01,0.3
27,"Bosque Farm",34.8477697505695,-106.714997116643,2020-08-01,8,2020,14.38,0.16,2.09,0.01,0,0,.,.,.,0,2.88,0.02,1.66,1.79,0,0.85,0,0,0.34
27,"Bosque Farm",34.8477697505695,-106.714997116643,2021-08-01,8,2021,2.01,0.02,5.92,0,0,0,.,.,.,0,1.75,0,1.04,3.4,0.08,0.08,0,0,0.46
27,"Bosque Farm",34.8477697505695,-106.714997116643,2022-08-01,8,2022,5.12,0.01,3.7,0,0,0,.,.,.,0,1.65,0,0.28,1.11,0,1.55,0,0,0.34
27,"Bosque Farm",34.8477697505695,-106.714997116643,2023-08-01,8,2023,2.51,0,1.38,0.01,0,0,0,0.01,0,0,1.32,0,1.65,0.06,0.01,2.05,0,0,0.25
27,"Bosque Farm",34.8477697505695,-106.714997116643,2024-08-01,8,2024,9.7,.,6.15,0.02,0,0,0.01,0.01,0,0,2.91,0,3.09,0.34,0.01,1.23,0,0,0.22
27,"Bosque Farm",34.8477697505695,-106.714997116643,2012-09-01,9,2012,71.15,0.25,0.62,0,0,0,.,.,.,0,10.29,0.03,6.63,0,0,0,.,0,0
27,"Bosque Farm",34.8477697505695,-106.714997116643,2013-09-01,9,2013,0.19,0.09,1.55,0.01,0,0,.,.,.,0,0.54,0.01,1.57,0.02,0,0,.,0,0
27,"Bosque Farm",34.8477697505695,-106.714997116643,2014-09-01,9,2014,.,.,.,.,.,.,.,.,.,.,.,.,.,.,.,.,.,.,.
27,"Bosque Farm",34.8477697505695,-106.714997116643,2015-09-01,9,2015,.,.,.,.,.,.,.,.,.,.,.,.,.,.,.,.,.,.,.
27,"Bosque Farm",34.8477697505695,-106.714997116643,2016-09-01,9,2016,1.62,0.02,6.78,0.01,0,0,.,.,.,0,1.61,0,2.08,0.02,0,0.38,0,0,0.05
27,"Bosque Farm",34.8477697505695,-106.714997116643,2017-09-01,9,2017,5.86,0.08,8.08,0,0,0,.,.,.,0,2.23,0.01,0,0,0,0,0,0,0.01
27,"Bosque Farm",34.8477697505695,-106.714997116643,2018-09-01,9,2018,2.48,0,2.77,0,0,0,.,.,.,0,0.84,0,0.25,0.02,0,0,0,0,0.01
27,"Bosque Farm",34.8477697505695,-106.714997116643,2019-09-01,9,2019,8.24,0.02,2.32,0.02,0,0,.,.,.,0,1.7,0,0.7,0.1,0,0.01,0,0,0.02
27,"Bosque Farm",34.8477697505695,-106.714997116643,2021-09-01,9,2021,3.17,0.1,6.92,0.01,0,0,.,.,.,0,2.08,0.01,2.51,2.07,0.01,0.09,0,0,0.26
27,"Bosque Farm",34.8477697505695,-106.714997116643,2022-09-01,9,2022,17.69,0.25,7.1,0.05,0,0,.,.,.,0,3.6,0.03,0.89,0.28,0.01,0.46,0,0,0.1
27,"Bosque Farm",34.8477697505695,-106.714997116643,2023-09-01,9,2023,0.04,0,3.6,0.01,0,0,0,0,0,0,1.02,0,2.84,0.04,0.01,0.01,0,0,0.01
27,"Bosque Farm",34.8477697505695,-106.714997116643,2024-09-01,9,2024,6.01,.,0.49,0.01,0,0,0.01,0.46,0,0,3.63,0.06,11.65,0.11,0,4.7,0,0,0.63
27,"Bosque Farm",34.8477697505695,-106.714997116643,2012-10-01,10,2012,45.08,2.47,0.16,0,0,0,.,.,.,0,6.99,0.32,3.16,0.08,0,0,.,0,0.01
27,"Bosque Farm",34.8477697505695,-106.714997116643,2013-10-01,10,2013,13.77,0.85,3.32,0,0,0,.,.,.,0,3.69,0.11,9.02,0.02,0,0,.,0,0.04
27,"Bosque Farm",34.8477697505695,-106.714997116643,2014-10-01,10,2014,.,.,.,.,.,.,.,.,.,.,.,.,.,.,.,.,.,.,.
27,"Bosque Farm",34.8477697505695,-106.714997116643,2015-10-01,10,2015,.,.,.,.,.,.,.,.,.,.,.,.,.,.,.,.,.,.,.
27,"Bosque Farm",34.8477697505695,-106.714997116643,2016-10-01,10,2016,10.01,1.22,6.33,0,0,0,.,.,.,0,3.37,0.16,6.44,0.03,0,0,0,0,0
27,"Bosque Farm",34.8477697505695,-106.714997116643,2017-10-01,10,2017,74.92,2.17,4.38,0,0,0.15,.,.,.,0,14.12,0.28,22.77,0.01,0,0,0,0,0.04
27,"Bosque Farm",34.8477697505695,-106.714997116643,2018-10-01,10,2018,6.76,0.95,3.34,0.01,0,0,.,.,.,0.01,1.91,0.12,2.05,0.22,0.02,0.01,0,0,0.05
27,"Bosque Farm",34.8477697505695,-106.714997116643,2019-10-01,10,2019,18.39,0.56,4.31,0,0,0,.,.,.,0,3.53,0.07,0.03,0.02,0,0.01,0,0,0.01
27,"Bosque Farm",34.8477697505695,-106.714997116643,2020-10-01,10,2020,78.01,1.94,5.69,0.01,0,0,.,.,.,0.01,12.21,0.25,5.39,0.86,0,0.01,0,0,0.12
27,"Bosque Farm",34.8477697505695,-106.714997116643,2021-10-01,10,2021,13.54,0.7,6.24,0.01,0.01,0,.,.,.,0,3.22,0.09,1.1,0.62,0.01,0.15,0,0,0.1
27,"Bosque Farm",34.8477697505695,-106.714997116643,2022-10-01,10,2022,42.08,2.38,5.24,0,0,0,.,.,.,0,6.9,0.31,0.87,0.33,0,1.01,0,0,0.18
27,"Bosque Farm",34.8477697505695,-106.714997116643,2023-10-01,10,2023,8.92,0.15,5.08,0.01,0,0,0.15,1,0,0,2.63,0.15,1.09,0.03,0,1.24,0,0,0.2
27,"Bosque Farm",34.8477697505695,-106.714997116643,2024-10-01,10,2024,27.23,.,8.85,0.08,0,0,0.38,0.85,0,0,5.9,0.16,5.78,0.18,0,0.15,0.01,0,0.05
27,"Bosque Farm",34.8477697505695,-106.714997116643,2012-11-01,11,2012,38.66,3.38,0.01,0.19,0,0,.,.,.,0,5.86,0.44,0.19,0,0,0,.,0,0
27,"Bosque Farm",34.8477697505695,-106.714997116643,2013-11-01,11,2013,82.46,7.56,9.78,0,0,0,.,.,.,0,13.92,0.98,5.24,1,0,0,.,0,0.16
27,"Bosque Farm",34.8477697505695,-106.714997116643,2014-11-01,11,2014,.,.,.,.,.,.,.,.,.,.,.,.,.,.,.,.,.,.,.
27,"Bosque Farm",34.8477697505695,-106.714997116643,2015-11-01,11,2015,.,.,.,.,.,.,.,.,.,.,.,.,.,.,.,.,.,.,.
27,"Bosque Farm",34.8477697505695,-106.714997116643,2016-11-01,11,2016,142.69,1.48,6.7,1.19,0,0,.,.,.,0,21.54,0.24,6.73,0.02,0,0.23,0,0.01,0.04
27,"Bosque Farm",34.8477697505695,-106.714997116643,2017-11-01,11,2017,127.35,0.18,10.69,0.09,0,0,.,.,.,0,18.46,0.08,0,0.01,0,0,0,0.26,0.09
27,"Bosque Farm",34.8477697505695,-106.714997116643,2018-11-01,11,2018,23.54,0,1.7,0.01,0,0,.,.,.,0,3.66,0,0.55,0.26,0,0.01,0,0,0.04
27,"Bosque Farm",34.8477697505695,-106.714997116643,2019-11-01,11,2019,148.77,6.25,9.02,0.16,0,0,.,.,.,0,22.6,0.81,5.89,0.02,0,0,0,0,0.06
27,"Bosque Farm",34.8477697505695,-106.714997116643,2020-11-01,11,2020,207.62,1.56,8.54,0.35,0,0,.,.,.,1.39,30.29,0.32,6.55,0.01,0.01,0.01,0,0,0.01
27,"Bosque Farm",34.8477697505695,-106.714997116643,2021-11-01,11,2021,48.23,3.8,4.92,0.02,0,0,.,.,.,0,8.77,0.49,8.32,0.03,0,0.15,0,0,0.03
27,"Bosque Farm",34.8477697505695,-106.714997116643,2022-11-01,11,2022,193.76,3.85,8.14,0.03,0,0,.,.,.,0,30.14,0.5,18.21,0.56,0.01,1.37,0,0,0.23
27,"Bosque Farm",34.8477697505695,-106.714997116643,2023-11-01,11,2023,71.23,.,4.08,0.24,0,0,.,.,0,0,13.28,0.7,18.09,0.05,0.02,0,0,0,0.02
27,"Bosque Farm",34.8477697505695,-106.714997116643,2024-11-01,11,2024,83.39,.,4.49,0.25,0,0,2.25,1.08,0,0,12.65,0.43,4.24,0.23,0,0,0,0,0.04
27,"Bosque Farm",34.8477697505695,-106.714997116643,2012-12-01,12,2012,38.46,1.73,0.09,0.11,0,0,.,.,.,0,5.42,0.22,0.34,0.01,0,0,.,0,0
27,"Bosque Farm",34.8477697505695,-106.714997116643,2013-12-01,12,2013,.,.,.,.,.,.,.,.,.,.,.,.,.,.,.,.,.,.,.
27,"Bosque Farm",34.8477697505695,-106.714997116643,2014-12-01,12,2014,.,.,.,.,.,.,.,.,.,.,.,.,.,.,.,.,.,.,.
27,"Bosque Farm",34.8477697505695,-106.714997116643,2015-12-01,12,2015,.,.,.,.,.,.,.,.,.,.,.,.,.,.,.,.,.,.,.
27,"Bosque Farm",34.8477697505695,-106.714997116643,2016-12-01,12,2016,45.77,1.02,3.15,0,0,0,.,.,.,0,7.43,0.14,7.11,0.02,0.01,0.02,0,0.02,0.01
27,"Bosque Farm",34.8477697505695,-106.714997116643,2017-12-01,12,2017,11.62,2.43,0.15,0.01,0,0,.,.,.,0,1.91,0.32,0.04,0,0,0,0,0,0
27,"Bosque Farm",34.8477697505695,-106.714997116643,2018-12-01,12,2018,96.38,0.62,2.46,0.17,0.01,0,.,.,.,0,15,0.08,12.48,0.23,0.39,0,0,0,0.1
27,"Bosque Farm",34.8477697505695,-106.714997116643,2019-12-01,12,2019,84.39,0.65,2.85,0.1,0,0,.,.,.,0,11.98,0.08,1.5,0.02,0,0.15,0,0,0.03
27,"Bosque Farm",34.8477697505695,-106.714997116643,2020-12-01,12,2020,28.46,0.1,2.38,0.01,0,0,.,.,.,0,4.87,0.01,4.74,0.01,0,0.23,0,0,0.03
27,"Bosque Farm",34.8477697505695,-106.714997116643,2021-12-01,12,2021,216.15,1.85,7.25,0.16,0,0.01,.,.,.,0,30.7,0.24,8.57,1.02,0,0.08,0.01,0,0.15
27,"Bosque Farm",34.8477697505695,-106.714997116643,2022-12-01,12,2022,22.05,0.2,3.69,0.04,0.01,0,.,.,.,0,3.67,0.03,1.63,0,0,0.17,0,0,0.02
27,"Bosque Farm",34.8477697505695,-106.714997116643,2023-12-01,12,2023,118.31,1.4,5.86,0.09,0,0.01,1.4,0.32,0,0,17.35,0.22,6.18,0.19,0.01,0.31,0,0,0.09
27,"Bosque Farm",34.8477697505695,-106.714997116643,2024-12-01,12,2024,43.38,.,2.47,0.01,0,0,0,0,0,0,6.39,0,2.16,0.01,0.01,0,0,0,0
28,"Valle de Oro",34.9797688406,-106.680112434,2014-01-01,1,2014,.,.,.,.,.,.,.,.,.,.,.,.,.,.,.,.,.,.,.
28,"Valle de Oro",34.9797688406,-106.680112434,2015-01-01,1,2015,0,0,0,0,0,0,.,.,.,0,0.62,0,0,0,0,0,.,0,0
28,"Valle de Oro",34.9797688406,-106.680112434,2016-01-01,1,2016,0,0,0,0,0,0,.,.,.,0,0.23,0,0,0,0,0,.,0,0.01
28,"Valle de Oro",34.9797688406,-106.680112434,2017-01-01,1,2017,0.01,0,0,0,0,0,.,.,.,0,0.25,0,0.4,0.01,0,0,0,0,0
28,"Valle de Oro",34.9797688406,-106.680112434,2018-01-01,1,2018,0,0,0,0,0,0,.,.,.,0,0.16,0,0,0,0,0,0,0,0
28,"Valle de Oro",34.9797688406,-106.680112434,2019-01-01,1,2019,0,0.01,0,0,0.01,0,.,.,.,0,0.33,0,0.01,0,0,0,0,0,0.1
28,"Valle de Oro",34.9797688406,-106.680112434,2023-01-01,1,2023,16,.,0.08,0,0,0,.,.,0,0,2.2,0,0.27,0.01,0,0,0,0,0.01
28,"Valle de Oro",34.9797688406,-106.680112434,2024-01-01,1,2024,1.08,.,0,0,1,0,0,0,0,0,1.34,0,0.17,0,0,0,0,0,0.73
28,"Valle de Oro",34.9797688406,-106.680112434,2014-02-01,2,2014,0.01,0,0,0,0,0,.,.,.,0,0,0,0.01,0,0,0,.,0,0
28,"Valle de Oro",34.9797688406,-106.680112434,2015-02-01,2,2015,0,0,0,0,0,0,.,.,.,0,0.15,0,0,0,0,0,.,0,0.07
28,"Valle de Oro",34.9797688406,-106.680112434,2016-02-01,2,2016,0,0,0,0,0,0,.,.,.,0,0.04,0,0.06,0,0,0,.,0,0.01
28,"Valle de Oro",34.9797688406,-106.680112434,2017-02-01,2,2017,0,0,0,0,0,0,.,.,.,0,2.47,0,0,0,0,0,0,0,0
28,"Valle de Oro",34.9797688406,-106.680112434,2018-02-01,2,2018,0.08,0,0,0,0,0,.,.,.,0,1.53,0,0.7,0,0,0,0,0,0
28,"Valle de Oro",34.9797688406,-106.680112434,2019-02-01,2,2019,0.31,0,0,0,0,0,.,.,.,0,0.84,0,0.25,0,0,0,0,0,0.05
28,"Valle de Oro",34.9797688406,-106.680112434,2023-02-01,2,2023,0,.,0,0,0.01,0,.,.,0,0,1.86,0,2.39,0,0,0,0,0,0.98
28,"Valle de Oro",34.9797688406,-106.680112434,2024-02-01,2,2024,0.01,.,0,0.01,0.08,0,0,0,0,0,0.79,0,0.07,0,0,0,0,0,0.7
28,"Valle de Oro",34.9797688406,-106.680112434,2014-03-01,3,2014,0.01,0,0,0,0,0,.,.,.,0,0.02,0,0,0.03,0,0,.,0,0
28,"Valle de Oro",34.9797688406,-106.680112434,2015-03-01,3,2015,0,0,0,0,0,0,.,.,.,0,0.22,0,0,0,0,0,.,0,0
28,"Valle de Oro",34.9797688406,-106.680112434,2016-03-01,3,2016,0,0,0,0,0,0,.,.,.,0,0.06,0,0,0,0,0,.,0,0
28,"Valle de Oro",34.9797688406,-106.680112434,2017-03-01,3,2017,0,0,0,0,0.01,0,.,.,.,0,2.15,0,0,0,0,0,0,0,0
28,"Valle de Oro",34.9797688406,-106.680112434,2018-03-01,3,2018,0,0,0,0,0,0,.,.,.,0,3.63,0,0.01,0,0,0,0,0,0.2
28,"Valle de Oro",34.9797688406,-106.680112434,2019-03-01,3,2019,0,0.01,0,0,0,0,.,.,.,0,0.72,0,0.01,0,0.02,0,0,0,0.03
28,"Valle de Oro",34.9797688406,-106.680112434,2023-03-01,3,2023,0,.,0,0,0,0,.,.,0,0,8.94,0,0.77,0,0,0,0,0,0.23
28,"Valle de Oro",34.9797688406,-106.680112434,2024-03-01,3,2024,0,.,0,0,0.04,0,0,0,0,0,3.03,0,3.86,0,0,0,0,0,0.36
28,"Valle de Oro",34.9797688406,-106.680112434,2014-04-01,4,2014,0,0,0,0,0,0,.,.,.,0,0,0,0,0,0,0,.,0,0
28,"Valle de Oro",34.9797688406,-106.680112434,2015-04-01,4,2015,0,0.63,0,0,0,0,.,.,.,0,0.16,0.08,0.4,0.02,0.08,0,.,0,0.02
28,"Valle de Oro",34.9797688406,-106.680112434,2016-04-01,4,2016,0,0,0,0,0,0,.,.,.,0,0.44,0,0.62,0,0,0,.,0,0
28,"Valle de Oro",34.9797688406,-106.680112434,2017-04-01,4,2017,0,0,0,0,0,0,.,.,.,0,0.41,0,0,0,0,0,0,0,0.06
28,"Valle de Oro",34.9797688406,-106.680112434,2018-04-01,4,2018,0,0,0,0,0,0,.,.,.,0,0.59,0,0,0,0,0,0,0,0.02
28,"Valle de Oro",34.9797688406,-106.680112434,2019-04-01,4,2019,0,0.02,0,0,0,0,.,.,.,0,0.64,0,0,0,0,0,0.01,0,0.01
28,"Valle de Oro",34.9797688406,-106.680112434,2023-04-01,4,2023,0,0,0,0,0.01,0,0,0,0,0,0.59,0,0.01,0,0,0,0.01,0,0
28,"Valle de Oro",34.9797688406,-106.680112434,2024-04-01,4,2024,0,.,0,0,0.16,0,0,0,0,0,0.91,0,0.03,0,0,0,0.01,0,0.02
28,"Valle de Oro",34.9797688406,-106.680112434,2014-05-01,5,2014,0,0,0,0.09,0,0,.,.,.,0,0.07,0,0.08,0,0,0,.,0,0
28,"Valle de Oro",34.9797688406,-106.680112434,2015-05-01,5,2015,0,0,0,0,0,0,.,.,.,0,0.17,0,0,0,0,0,.,0,0
28,"Valle de Oro",34.9797688406,-106.680112434,2016-05-01,5,2016,0,0,0,0,0.02,0,.,.,.,0,0.45,0,0,0,0,0,.,0,0
28,"Valle de Oro",34.9797688406,-106.680112434,2017-05-01,5,2017,0.01,0,0,0,0.01,0,.,.,.,0,0.79,0,3.85,0,0,0,0,0,0.01
28,"Valle de Oro",34.9797688406,-106.680112434,2018-05-01,5,2018,0,0,0,0,0,0,.,.,.,0,0.8,0,0,0,0,0,0,0,0
28,"Valle de Oro",34.9797688406,-106.680112434,2019-05-01,5,2019,0,0,0,0,0,0,.,.,.,0,0.72,0,0,0,0,0,0,0,0.16
28,"Valle de Oro",34.9797688406,-106.680112434,2023-05-01,5,2023,0.04,0,0,0.02,0,0,0,0,0,0,0.98,0,3.1,0,0,0,0,0,0.02
28,"Valle de Oro",34.9797688406,-106.680112434,2024-05-01,5,2024,0,.,0,0,0.47,0,0,0,0,0,0.11,0,0.32,0.01,0,0,0.01,0,0
28,"Valle de Oro",34.9797688406,-106.680112434,2014-06-01,6,2014,0,0.02,0,0,0,0,.,.,.,0,0.02,0,0.02,0.01,0.02,0,.,0,0.01
28,"Valle de Oro",34.9797688406,-106.680112434,2015-06-01,6,2015,0.01,0,0,0,0,0,.,.,.,0,0.16,0,0.01,0,0,0,.,0,0.11
28,"Valle de Oro",34.9797688406,-106.680112434,2016-06-01,6,2016,0,0,0,0,0,0,.,.,.,0,1,0,0.38,0,0,0,0,0,0.29
28,"Valle de Oro",34.9797688406,-106.680112434,2017-06-01,6,2017,0,0,0,0,0,0,.,.,.,0,1.25,0,0,0,0,0,0,0,0.72
28,"Valle de Oro",34.9797688406,-106.680112434,2018-06-01,6,2018,0,0,0,0,0,0,.,.,.,0,1.21,0,0,0,0,0,0,0,0
28,"Valle de Oro",34.9797688406,-106.680112434,2019-06-01,6,2019,0.02,0,0,0.01,0.01,0,.,.,.,0,0.78,0,0.05,0,0,0.02,0.01,0,0.58
28,"Valle de Oro",34.9797688406,-106.680112434,2023-06-01,6,2023,0.02,0,0.01,0,0.1,0,0,0,0,0,1.04,0,5.31,0,0,0,0,0,0.24
28,"Valle de Oro",34.9797688406,-106.680112434,2024-06-01,6,2024,0.85,.,0.01,0,0.08,0,0,0,0,0,0.34,0,0.02,0.02,0,0,0,0,0.04
28,"Valle de Oro",34.9797688406,-106.680112434,2014-07-01,7,2014,0,0,0,0,0,0,.,.,.,0,0.06,0,0.02,0,0,0,.,0,0.06
28,"Valle de Oro",34.9797688406,-106.680112434,2015-07-01,7,2015,0,0,0,0,0,0,.,.,.,0,1.69,0,0,0,0,0,.,0,0.72
28,"Valle de Oro",34.9797688406,-106.680112434,2016-07-01,7,2016,0,0,0,0,0,0,.,.,.,0,1.6,0,0,0,0,0,0,0,0.11
28,"Valle de Oro",34.9797688406,-106.680112434,2017-07-01,7,2017,0.08,0,0.01,0,0,0,.,.,.,0,0.96,0,0.47,0,0,0,0,0,0
28,"Valle de Oro",34.9797688406,-106.680112434,2018-07-01,7,2018,0,0,0,0.01,0,0,.,.,.,0,0.18,0,0.32,0,0,0,0,0,0.03
28,"Valle de Oro",34.9797688406,-106.680112434,2019-07-01,7,2019,0,0,0,0,0.02,0,.,.,.,0,0.11,0,0.02,0.01,0,0,0,0,0.01
28,"Valle de Oro",34.9797688406,-106.680112434,2023-07-01,7,2023,0,0,0.02,0.01,0.02,0,0,0,0,0,1.34,0,2.74,0.02,0,0.01,0,0,0.01
28,"Valle de Oro",34.9797688406,-106.680112434,2024-07-01,7,2024,0,.,0,0,0.24,0,0,0,0,0,1.07,0,0.01,0,0,0,0,0,0.04
28,"Valle de Oro",34.9797688406,-106.680112434,2014-08-01,8,2014,0.01,0,0,0,0,0,.,.,.,0,2.79,0,0,0,0,0,.,0,1.37
28,"Valle de Oro",34.9797688406,-106.680112434,2015-08-01,8,2015,0,0,0,0,0,0,.,.,.,0,11.61,0,0,0,0,0,.,0,2.47
28,"Valle de Oro",34.9797688406,-106.680112434,2016-08-01,8,2016,0,0,0,0,0,0,.,.,.,0,0.37,0,0,0,0,0,0,0,0.1
28,"Valle de Oro",34.9797688406,-106.680112434,2017-08-01,8,2017,0,0,0,0,0,0,.,.,.,0,1.16,0,0.15,0,0,0,0,0,1
28,"Valle de Oro",34.9797688406,-106.680112434,2018-08-01,8,2018,0,0,0,0,0.02,0,.,.,.,0,0.92,0,0,0,0,0,0,0,0
28,"Valle de Oro",34.9797688406,-106.680112434,2019-08-01,8,2019,0,0.15,0,0,0.23,0,.,.,.,0,2.4,0.02,3.97,0,0,0,0,0,0.65
28,"Valle de Oro",34.9797688406,-106.680112434,2023-08-01,8,2023,0,0,0,0,0.49,0,0,0.01,0,0,0.49,0,0.87,0.02,0,0,0,0,0.12
28,"Valle de Oro",34.9797688406,-106.680112434,2024-08-01,8,2024,0,.,0,0,0.12,0,0,0,0,0,1.41,0,0,0,0,0,0,0,0.29
28,"Valle de Oro",34.9797688406,-106.680112434,2014-09-01,9,2014,0,0,0,0,0,0,.,.,.,0,1.86,0,0,0,0,0,.,0,0
28,"Valle de Oro",34.9797688406,-106.680112434,2015-09-01,9,2015,0,0,0,0,0.02,0,.,.,.,0,1.34,0,0,0,0,0,.,0,0.02
28,"Valle de Oro",34.9797688406,-106.680112434,2016-09-01,9,2016,0,0,0,0,0,0,.,.,.,0,1.04,0,0,0,0,0,0,0,0
28,"Valle de Oro",34.9797688406,-106.680112434,2017-09-01,9,2017,0,0.38,0,0,0,0,.,.,.,0,2,0.05,0.32,0,0,0,0,0,0
28,"Valle de Oro",34.9797688406,-106.680112434,2018-09-01,9,2018,0.54,0,0,0,0,0,.,.,.,0,0.23,0,0.23,0,0,0,0,0,0
28,"Valle de Oro",34.9797688406,-106.680112434,2022-09-01,9,2022,0.01,0,0,0,0,0,.,.,.,0,0.94,0,0.04,0.1,0,0,0,0,0.6
28,"Valle de Oro",34.9797688406,-106.680112434,2023-09-01,9,2023,0,0,0,0.02,0.09,0,0,0,0,0,0.47,0,0.86,0,0,0,0,0,0.04
28,"Valle de Oro",34.9797688406,-106.680112434,2014-10-01,10,2014,0,0.33,0,0,0,0,.,.,.,0,3.01,0.04,12.16,0,0,0,.,0,1.31
28,"Valle de Oro",34.9797688406,-106.680112434,2015-10-01,10,2015,0,0,0,0,0,0,.,.,.,0,3.87,0,0,0,0,0,.,0,2.44
28,"Valle de Oro",34.9797688406,-106.680112434,2016-10-01,10,2016,0,0,0,0,0,0,.,.,.,0,0.97,0,0,0,0,0,0,0,0.17
28,"Valle de Oro",34.9797688406,-106.680112434,2017-10-01,10,2017,0,0,0,0,0,0,.,.,.,0,0.57,0,0.02,0,0,0,0,0,0
28,"Valle de Oro",34.9797688406,-106.680112434,2018-10-01,10,2018,0,0,0,0,0.09,0,.,.,.,0,1.28,0,0,0,0,0,0,0,0.08
28,"Valle de Oro",34.9797688406,-106.680112434,2022-10-01,10,2022,0,0,0,0,0,0,.,.,.,0,0.17,0,0.01,0,0,0,0,0,0.02
28,"Valle de Oro",34.9797688406,-106.680112434,2023-10-01,10,2023,0,0,0,0,0.32,0,0,0,0,0,0.63,0,0.24,0.01,0,0,0,0,0.18
28,"Valle de Oro",34.9797688406,-106.680112434,2014-11-01,11,2014,0.02,0,0,0,0,0,.,.,.,0,0.67,0,1.23,0.08,0,0,.,0,0.25
28,"Valle de Oro",34.9797688406,-106.680112434,2015-11-01,11,2015,0,0,0,0,0.01,0,.,.,.,0,0.46,0,0.23,0,0,0,.,0,0.41
28,"Valle de Oro",34.9797688406,-106.680112434,2016-11-01,11,2016,0.01,0,0,0,0,0,.,.,.,0,0.37,0,0,0.01,0,0,0,0,0.22
28,"Valle de Oro",34.9797688406,-106.680112434,2017-11-01,11,2017,0,0,0,0,0.01,0,.,.,.,0,1.07,0,0.01,0,0,0,0,0,0.03
28,"Valle de Oro",34.9797688406,-106.680112434,2018-11-01,11,2018,0,0,0,0,1.85,0.01,.,.,.,0,2.77,0,0.78,0,0,0,0,0,2.3
28,"Valle de Oro",34.9797688406,-106.680112434,2022-11-01,11,2022,0,0,0,0,0.19,0,.,.,.,0,1.52,0,0.02,0,0,0,0,0,1.24
28,"Valle de Oro",34.9797688406,-106.680112434,2023-11-01,11,2023,0,0.01,0,0.01,5.78,0,0.01,0,0,0,1.19,0,0.01,0,0,0,0,0,0.25
28,"Valle de Oro",34.9797688406,-106.680112434,2014-12-01,12,2014,0,0,0,0,0,0,.,.,.,0,0.14,0,0.1,0,0,0,.,0,0.11
28,"Valle de Oro",34.9797688406,-106.680112434,2015-12-01,12,2015,0,0,0,0,0,0,.,.,.,0,1.23,0,0.02,0,0,0,.,0,0.23
28,"Valle de Oro",34.9797688406,-106.680112434,2016-12-01,12,2016,0.01,0,0,0,0,0,.,.,.,0,0.34,0,0,0,0,0,0,0,0.04
28,"Valle de Oro",34.9797688406,-106.680112434,2017-12-01,12,2017,0,0.01,0,0,0,0,.,.,.,0,0.45,0,0,0,0,0,0,0,0.01
28,"Valle de Oro",34.9797688406,-106.680112434,2018-12-01,12,2018,0,0,0,0,1.02,0,.,.,.,0,1.69,0,0,0,0,0.15,0,0,0.46
28,"Valle de Oro",34.9797688406,-106.680112434,2022-12-01,12,2022,0,0,0,0,0.01,0,.,.,.,0,0.63,0,0.09,0,0,0,0,0,0.12
28,"Valle de Oro",34.9797688406,-106.680112434,2023-12-01,12,2023,0,0,0,0,1.56,0,0,0,0,0,2.62,0,0.42,0,0,0,0.01,0,1.11
28,"Valle de Oro",34.9797688406,-106.680112434,2024-12-01,12,2024,0,.,0,0,0.16,0,0,0,0,0,1.15,0,0,0,0,0,0,0,0.75
29,"Albuquerque Overbank Project",35.0452081969,-106.665732215,2015-01-01,1,2015,0.18,1.46,1.02,0,0.39,0,.,.,.,0,1.49,0.19,1.47,0,0.08,4.69,.,0,0.69
29,"Albuquerque Overbank Project",35.0452081969,-106.665732215,2016-01-01,1,2016,4.4,0.02,0.46,0,0,0,.,.,.,0,1.22,0,1.69,0,0,0.01,.,0,0
29,"Albuquerque Overbank Project",35.0452081969,-106.665732215,2017-01-01,1,2017,2.73,0.02,0.42,0,0,0,.,.,.,0,0.76,0,0.52,0.57,0,0,0.01,0,0.02
29,"Albuquerque Overbank Project",35.0452081969,-106.665732215,2018-01-01,1,2018,7.09,0.34,1.27,0.01,0,0,.,.,.,0.01,1.3,0.05,0,0,0,0,0,0,0
29,"Albuquerque Overbank Project",35.0452081969,-106.665732215,2019-01-01,1,2019,9.46,0.87,1.47,0.01,0.01,0,.,.,.,0,1.66,0.11,0.03,0.09,0,0.02,0,0,0.01
29,"Albuquerque Overbank Project",35.0452081969,-106.665732215,2020-01-01,1,2020,4.32,0.04,0.96,0,0.01,0,.,.,.,0,1.15,0,0.33,0,0,0,0,0,0
29,"Albuquerque Overbank Project",35.0452081969,-106.665732215,2021-01-01,1,2021,3.01,0.35,2.25,0,0.19,0,.,.,.,0,1.1,0.05,0.15,0.01,0,0,0,0,0.01
29,"Albuquerque Overbank Project",35.0452081969,-106.665732215,2022-01-01,1,2022,5.08,0.06,0.92,0,0.08,0,.,.,.,0,1.06,0.01,0.5,0.01,0.01,0.32,0,0,0.06
29,"Albuquerque Overbank Project",35.0452081969,-106.665732215,2023-01-01,1,2023,7.23,.,2.31,0.01,0.25,0,.,.,0.02,0,1.82,0.03,2.41,0,0.01,0.55,0,0,0.08
29,"Albuquerque Overbank Project",35.0452081969,-106.665732215,2024-01-01,1,2024,16.86,.,1.18,0.01,0.72,0,0.01,0.26,0,0,2.67,0.04,0.26,0.04,0,0.17,0,0,0.03
29,"Albuquerque Overbank Project",35.0452081969,-106.665732215,2015-02-01,2,2015,2.24,0.34,0.02,0,0,0,.,.,.,0,1,0.04,0.46,0,0,0,.,0,0
29,"Albuquerque Overbank Project",35.0452081969,-106.665732215,2016-02-01,2,2016,5.25,0.04,0.02,0,0,0,.,.,.,0,0.87,0,0.02,0,0,0,.,0,0
29,"Albuquerque Overbank Project",35.0452081969,-106.665732215,2017-02-01,2,2017,0.32,0,0.02,0,0,0,.,.,.,0,0.2,0,0.1,0.01,0,0.01,0,0,0
29,"Albuquerque Overbank Project",35.0452081969,-106.665732215,2018-02-01,2,2018,8.08,0,0.27,0,0.01,0,.,.,.,0,1.55,0.08,0.08,0,0,0,0,0,0
29,"Albuquerque Overbank Project",35.0452081969,-106.665732215,2019-02-01,2,2019,8.47,0.02,0.33,0,0,0,.,.,.,0.01,1.85,0,0.06,0,0,0,0,0,0.01
29,"Albuquerque Overbank Project",35.0452081969,-106.665732215,2020-02-01,2,2020,3.71,0.04,0.11,0,0.01,0,.,.,.,0.01,1.03,0,0.11,0.05,0,0.02,0,0,0.01
29,"Albuquerque Overbank Project",35.0452081969,-106.665732215,2021-02-01,2,2021,5.41,0.06,1.02,0,0.23,0,.,.,.,0,1.17,0.01,0.09,0,0.01,0,0,0,0.01
29,"Albuquerque Overbank Project",35.0452081969,-106.665732215,2022-02-01,2,2022,4.95,0.1,0.62,0,0.01,0,.,.,.,0,0.89,0.01,0.49,0,0.01,0,0,0,0
29,"Albuquerque Overbank Project",35.0452081969,-106.665732215,2023-02-01,2,2023,5.78,0.25,2.86,0.03,2.55,0,0.25,0,0,0,3.79,0.03,3.25,0,0.01,0.02,0,0,0.01
29,"Albuquerque Overbank Project",35.0452081969,-106.665732215,2024-02-01,2,2024,9.94,.,0.26,0,0.55,0,0,0.09,0,0,3.15,0.01,4.09,0,0,0.04,0.12,0,0.02
29,"Albuquerque Overbank Project",35.0452081969,-106.665732215,2014-03-01,3,2014,.,.,.,.,.,.,.,.,.,.,.,.,.,.,.,.,.,.,.
29,"Albuquerque Overbank Project",35.0452081969,-106.665732215,2015-03-01,3,2015,1.08,0.11,0.01,0.01,0.01,0,.,.,.,0,0.55,0.02,0.34,0.01,0,0,.,0,0.01
29,"Albuquerque Overbank Project",35.0452081969,-106.665732215,2016-03-01,3,2016,2.62,0,0.03,0,0,0,.,.,.,0,0.49,0,0.04,0,0,0.09,.,0,0.01
29,"Albuquerque Overbank Project",35.0452081969,-106.665732215,2017-03-01,3,2017,0.17,0,0,0,0.01,0,.,.,.,0,0.21,0,0.19,0.01,0,0,0,0,0
29,"Albuquerque Overbank Project",35.0452081969,-106.665732215,2018-03-01,3,2018,4.85,0,0.23,0.01,0,0,.,.,.,0,0.91,0,0.08,0,0,0,0,0,0
29,"Albuquerque Overbank Project",35.0452081969,-106.665732215,2019-03-01,3,2019,2.02,0.12,0.02,0.01,0.01,0,.,.,.,0,0.72,0.02,0.18,0.01,0,0,0,0,0
29,"Albuquerque Overbank Project",35.0452081969,-106.665732215,2020-03-01,3,2020,1.24,0.02,0.03,0.01,0,0,.,.,.,0.02,0.42,0,0.09,0.06,0,0.01,0,0,0.01
29,"Albuquerque Overbank Project",35.0452081969,-106.665732215,2021-03-01,3,2021,0.72,0.04,0.02,0,0.01,0,.,.,.,0,0.26,0,0.04,0.02,0,0.01,0.02,0,0.01
29,"Albuquerque Overbank Project",35.0452081969,-106.665732215,2022-03-01,3,2022,4.08,0.04,2.33,0.01,1.69,0.08,.,.,.,0,1.75,0,3.24,0.08,0,0.09,0.04,0,0.04
29,"Albuquerque Overbank Project",35.0452081969,-106.665732215,2023-03-01,3,2023,1.39,.,0.86,0,0.31,0,.,.,0.01,0,0.77,0,0.58,0,0,0.08,0.09,0,0.02
29,"Albuquerque Overbank Project",35.0452081969,-106.665732215,2024-03-01,3,2024,50.69,.,1.94,0,0.56,0,0,1.33,0,0,9.03,0.17,5.69,0.01,0,0.1,0.49,0,0.08
29,"Albuquerque Overbank Project",35.0452081969,-106.665732215,2014-04-01,4,2014,0.54,0.02,0.02,0,0.02,0,.,.,.,0,0.86,0,0.32,0.79,0,0.01,.,0,0.32
29,"Albuquerque Overbank Project",35.0452081969,-106.665732215,2015-04-01,4,2015,0.63,1.65,0.02,0,0,0,.,.,.,0,0.71,0.21,1.39,1.65,0.01,0,.,0,0.22
29,"Albuquerque Overbank Project",35.0452081969,-106.665732215,2016-04-01,4,2016,1.56,0,0.03,0,0,0,.,.,.,0,1.75,0,2.17,2.88,0,0,.,0,0.01
29,"Albuquerque Overbank Project",35.0452081969,-106.665732215,2017-04-01,4,2017,0.67,0.02,0,0,0,0,.,.,.,0,0.48,0,0.05,1.55,0,0,0.03,0,0.01
29,"Albuquerque Overbank Project",35.0452081969,-106.665732215,2018-04-01,4,2018,1.62,0,0.02,0,0,0,.,.,.,0,1,0,0.54,0.39,0,0,0.09,0,0.07
29,"Albuquerque Overbank Project",35.0452081969,-106.665732215,2019-04-01,4,2019,1.56,0,0.02,0,0.01,0,.,.,.,0,0.78,0,0.09,1.55,0,0.01,0.04,0,0.21
29,"Albuquerque Overbank Project",35.0452081969,-106.665732215,2020-04-01,4,2020,2.09,0.02,0.19,0.01,0.02,0.01,.,.,.,0,1.34,0,0.87,2.42,0.01,0.11,0.14,0,0.35
29,"Albuquerque Overbank Project",35.0452081969,-106.665732215,2021-04-01,4,2021,2.39,0.02,0.87,0,0.09,0,.,.,.,0,2.07,0,8.23,1.01,0,0.02,0.01,0,0.15
29,"Albuquerque Overbank Project",35.0452081969,-106.665732215,2022-04-01,4,2022,2.62,0.42,0.41,0,0.17,0,.,.,.,0,1.69,0.05,2.72,2.1,0,0.02,0.2,0,0.31
29,"Albuquerque Overbank Project",35.0452081969,-106.665732215,2023-04-01,4,2023,0.62,.,0.64,0,1.16,0,.,.,0,0,1.06,0,0.78,1.41,0,0,0.65,0,0.3
29,"Albuquerque Overbank Project",35.0452081969,-106.665732215,2024-04-01,4,2024,5.09,.,0.19,0,0.78,0,0,0.18,0,0,2.06,0.02,1.87,3.4,0,0.15,2.32,0,0.81
29,"Albuquerque Overbank Project",35.0452081969,-106.665732215,2014-05-01,5,2014,0.17,0.01,0.09,0,0.02,0,.,.,.,0,0.5,0,1.88,0.24,0.03,0.16,.,0,0.06
29,"Albuquerque Overbank Project",35.0452081969,-106.665732215,2015-05-01,5,2015,0.39,0.01,0.09,0,0,0,.,.,.,0,0.3,0,0.31,0,0,0.46,.,0,0.06
29,"Albuquerque Overbank Project",35.0452081969,-106.665732215,2016-05-01,5,2016,0.78,0.01,0.05,0,0.02,0,.,.,.,0,0.56,0,1.81,0.39,0.02,0.12,.,0,0.02
29,"Albuquerque Overbank Project",35.0452081969,-106.665732215,2018-05-01,5,2018,0.53,0,0.27,0,0.35,0,.,.,.,0,1.36,0,0.44,4.28,0,2.15,0,0,0.76
29,"Albuquerque Overbank Project",35.0452081969,-106.665732215,2019-05-01,5,2019,0,0,0.08,0,0,0,.,.,.,0,0.1,0,0.08,0,0,0,0,0,0
29,"Albuquerque Overbank Project",35.0452081969,-106.665732215,2020-05-01,5,2020,3.63,0.19,1.39,0,1.03,0.01,.,.,.,0,2.12,0.02,0.96,1.32,3.01,3.86,0.02,0,1.07
29,"Albuquerque Overbank Project",35.0452081969,-106.665732215,2021-05-01,5,2021,2.95,0.11,2.02,0,0.71,0,.,.,.,0,1.78,0.01,1.24,2.65,0.26,1.17,0.92,0,0.65
29,"Albuquerque Overbank Project",35.0452081969,-106.665732215,2022-05-01,5,2022,2.59,0.03,1.57,0,4.45,0,.,.,.,0,3.94,0,4.27,0.96,2.17,8.99,0,0,1.42
29,"Albuquerque Overbank Project",35.0452081969,-106.665732215,2023-05-01,5,2023,0.16,0,0.38,0,0.54,0,0,0,0,0,0.98,0,2.99,0.13,0.14,0.16,0,0,0.03
29,"Albuquerque Overbank Project",35.0452081969,-106.665732215,2024-05-01,5,2024,0.39,.,1.57,0,2.69,0.01,0.31,0.64,0,0,4.21,0.12,5.38,8.39,0.24,3.02,0.04,0,1.52
29,"Albuquerque Overbank Project",35.0452081969,-106.665732215,2014-06-01,6,2014,0.32,0.26,0.01,0,0,0,.,.,.,0,0.46,0.03,0.04,0.03,1.33,0,.,0,0.18
29,"Albuquerque Overbank Project",35.0452081969,-106.665732215,2015-06-01,6,2015,1.03,0.02,0.72,0,0.02,0,.,.,.,0,0.95,0,1.11,0.01,3.35,0.03,.,0,0.44
29,"Albuquerque Overbank Project",35.0452081969,-106.665732215,2016-06-01,6,2016,0.63,0.17,0.86,0,0.16,0,.,.,.,0,0.56,0.02,0.86,0.41,0.11,0.02,0,0,0.02
29,"Albuquerque Overbank Project",35.0452081969,-106.665732215,2017-06-01,6,2017,1.56,0.01,4,0,0,0.01,.,.,.,0,4.18,0,22.78,0.02,0.02,0,0,0,0
29,"Albuquerque Overbank Project",35.0452081969,-106.665732215,2018-06-01,6,2018,0.45,0,1.88,0,0,0,.,.,.,0,0.89,0,1.13,0.18,1.89,0.17,0,0,0.29
29,"Albuquerque Overbank Project",35.0452081969,-106.665732215,2020-06-01,6,2020,0.63,0.03,3.95,0,0.47,0,.,.,.,0,1.84,0,1.85,0.03,3.17,0.18,0,0,0.44
29,"Albuquerque Overbank Project",35.0452081969,-106.665732215,2021-06-01,6,2021,1.1,0.19,2.39,0.01,0.94,0,.,.,.,0,2.03,0.03,0.42,0.16,2.48,2.78,0,0,0.72
29,"Albuquerque Overbank Project",35.0452081969,-106.665732215,2022-06-01,6,2022,0.8,0.26,4.09,0,2.03,0,.,.,.,0,2.14,0.03,2.24,0.03,2.32,1.42,0,0,0.52
29,"Albuquerque Overbank Project",35.0452081969,-106.665732215,2023-06-01,6,2023,0.26,0,15.92,0,4.62,0,0,0.03,0,0,3.27,0,0.8,0.05,0.54,1.28,0.05,0,0.1
29,"Albuquerque Overbank Project",35.0452081969,-106.665732215,2024-06-01,6,2024,0,.,5.31,0,1.85,0,0,0.02,0,0,2.44,0,2.26,0.96,0,2.1,0.01,0,0.43
29,"Albuquerque Overbank Project",35.0452081969,-106.665732215,2014-07-01,7,2014,0.02,0.46,0.26,0,0.01,0,.,.,.,0,0.24,0.06,0.02,0.03,0.97,0.01,.,0,0.13
29,"Albuquerque Overbank Project",35.0452081969,-106.665732215,2015-07-01,7,2015,0.92,4.85,2.62,0,0.08,0,.,.,.,0,1.88,0.63,0.02,0.23,0.32,3.24,.,0,0.61
29,"Albuquerque Overbank Project",35.0452081969,-106.665732215,2016-07-01,7,2016,0.05,0.11,0.42,0,0.09,0,.,.,.,0,0.25,0.01,0.01,0.19,0,0.47,0,0,0.06
29,"Albuquerque Overbank Project",35.0452081969,-106.665732215,2017-07-01,7,2017,0.01,1.62,0,0.01,0.32,0.01,.,.,.,0,0.61,0.21,1.16,0.02,1.01,0,0,0,0.13
29,"Albuquerque Overbank Project",35.0452081969,-106.665732215,2018-07-01,7,2018,0.1,0.4,1.4,0,2.25,0,.,.,.,0,1.18,0.05,0.32,0.62,0,0.46,0,0,0.18
29,"Albuquerque Overbank Project",35.0452081969,-106.665732215,2019-07-01,7,2019,0.4,0.01,2.42,0,0.48,0,.,.,.,0.01,0.69,0,0.21,0.11,0,0.5,0,0,0.08
29,"Albuquerque Overbank Project",35.0452081969,-106.665732215,2020-07-01,7,2020,2.48,2.26,3.25,0,0.56,0,.,.,.,0.01,2.06,0.3,3.32,0.46,0.4,1.78,0,0,0.35
29,"Albuquerque Overbank Project",35.0452081969,-106.665732215,2021-07-01,7,2021,0.3,1.08,2.91,0.02,0.8,0,.,.,.,0.01,1.57,0.15,0.16,0.11,0.31,1.35,0,0,0.43
29,"Albuquerque Overbank Project",35.0452081969,-106.665732215,2022-07-01,7,2022,0.17,0.58,1.7,0,0.78,0,.,.,.,0,2.53,0.07,3.18,0.18,0.04,8.49,0,0,1.27
29,"Albuquerque Overbank Project",35.0452081969,-106.665732215,2023-07-01,7,2023,0.08,0,3.32,0.01,2.32,0,0,0.12,0.01,0,10.6,0.02,62.41,0.16,0.18,0.56,0,0.01,0.12
29,"Albuquerque Overbank Project",35.0452081969,-106.665732215,2024-07-01,7,2024,1.86,.,5.01,0.01,3.39,0,0,0.72,0,0,2.39,0.09,2.4,0.4,0.15,1.92,0,0.08,0.35
29,"Albuquerque Overbank Project",35.0452081969,-106.665732215,2014-08-01,8,2014,8.78,0.57,2.42,0.01,0,0,.,.,.,0,2.8,0.07,8.48,0.08,0,0,.,0,0.01
29,"Albuquerque Overbank Project",35.0452081969,-106.665732215,2015-08-01,8,2015,2.17,3.25,3.55,0.01,0.54,0,.,.,.,0,2.08,0.42,0.08,0.02,0,3.7,.,0,0.48
29,"Albuquerque Overbank Project",35.0452081969,-106.665732215,2016-08-01,8,2016,0.11,0.42,0.95,0,1,0,.,.,.,0,0.66,0.05,0.01,0,0,1.23,0,0,0.23
29,"Albuquerque Overbank Project",35.0452081969,-106.665732215,2017-08-01,8,2017,0.02,0.02,1.25,0.01,0.32,0,.,.,.,0,0.71,0,0.04,0,0,1.46,0,0,0.19
29,"Albuquerque Overbank Project",35.0452081969,-106.665732215,2018-08-01,8,2018,0,0,6.88,0,1.55,0,.,.,.,0,2.5,0,3.18,0,0,1.38,0,0,0.37
29,"Albuquerque Overbank Project",35.0452081969,-106.665732215,2019-08-01,8,2019,1.72,0.02,1.36,0,1.17,0,.,.,.,0,1.49,0,1.39,0.01,0,0.93,0,0,0.14
29,"Albuquerque Overbank Project",35.0452081969,-106.665732215,2020-08-01,8,2020,1.12,1.57,3.88,0.01,2.36,0,.,.,.,0.02,1.84,0.2,0.24,0.02,0.01,2.72,0,0,0.36
29,"Albuquerque Overbank Project",35.0452081969,-106.665732215,2021-08-01,8,2021,1.17,1.62,11.81,0.02,1.49,0,.,.,.,0,3.82,0.23,2.66,0.23,0.01,1.78,0.15,0,0.36
29,"Albuquerque Overbank Project",35.0452081969,-106.665732215,2022-08-01,8,2022,0.88,2.47,6.33,0,1.39,0.08,.,.,.,0.01,2.44,0.32,0.88,0.01,0.02,1.69,0,0,0.23
29,"Albuquerque Overbank Project",35.0452081969,-106.665732215,2023-08-01,8,2023,0.19,0,0.28,0,0.35,0.38,0,11.87,0.01,0,2.05,1.54,1.26,0,0.03,0.63,0,0,0.09
29,"Albuquerque Overbank Project",35.0452081969,-106.665732215,2024-08-01,8,2024,1.32,.,7.32,0.01,6.16,0.09,0,1.41,0,0,3,0.18,0.42,0.08,0,1.4,0,0,0.2
29,"Albuquerque Overbank Project",35.0452081969,-106.665732215,2014-09-01,9,2014,0.55,2.7,3.47,0,1.86,0,.,.,.,0,1.39,0.35,0.58,0,0,0,.,0,0.14
29,"Albuquerque Overbank Project",35.0452081969,-106.665732215,2015-09-01,9,2015,2.25,4.25,0.85,0,0.94,0,.,.,.,0,2.21,0.55,0.34,0,0,1.08,.,0,0.14
29,"Albuquerque Overbank Project",35.0452081969,-106.665732215,2016-09-01,9,2016,0.41,2.32,5.63,0,4.86,0,.,.,.,0,2.21,0.3,0.77,0,0,0.01,0,0,0.03
29,"Albuquerque Overbank Project",35.0452081969,-106.665732215,2017-09-01,9,2017,0.09,0.56,6.39,0,2.78,0,.,.,.,0,1.89,0.07,0.24,0,0,0.69,0,0,0.1
29,"Albuquerque Overbank Project",35.0452081969,-106.665732215,2018-09-01,9,2018,0.86,1.25,10.94,0,7.16,0,.,.,.,0,3.13,0.16,0.17,0.01,0.15,1.61,0,0,0.24
29,"Albuquerque Overbank Project",35.0452081969,-106.665732215,2019-09-01,9,2019,0.55,0.3,2.13,0,1.65,0,.,.,.,0,1.06,0.04,0.01,0,0,0.3,0,0,0.04
29,"Albuquerque Overbank Project",35.0452081969,-106.665732215,2020-09-01,9,2020,1.77,1.33,15.93,0,1.65,0,.,.,.,0.01,3.85,0.17,2.08,0,0,0.86,0,0,0.19
29,"Albuquerque Overbank Project",35.0452081969,-106.665732215,2021-09-01,9,2021,0.87,5.4,17.26,0,4.7,0,.,.,.,0.02,5.18,0.7,2.02,0,0,0.62,0.38,0,0.26
29,"Albuquerque Overbank Project",35.0452081969,-106.665732215,2022-09-01,9,2022,2.15,1.03,16.25,0,3.94,0.08,.,.,.,0,3.51,0.13,1.72,0,0.02,0.46,0,0,0.08
29,"Albuquerque Overbank Project",35.0452081969,-106.665732215,2023-09-01,9,2023,0.26,0,4.26,0,13,0,0,14.32,0,0.08,5.2,1.86,2.64,0.02,0.02,0.38,0,0,0.06
29,"Albuquerque Overbank Project",35.0452081969,-106.665732215,2024-09-01,9,2024,1.02,.,11.4,0.02,6.86,0,0,0.94,0,0,3.05,0.12,0.64,0.02,0.01,0.02,0,0,0.04
29,"Albuquerque Overbank Project",35.0452081969,-106.665732215,2014-10-01,10,2014,4.69,19.85,3.63,0,3.09,0,.,.,.,0,4.34,2.58,0.02,0.01,0.62,0.38,.,0,0.18
29,"Albuquerque Overbank Project",35.0452081969,-106.665732215,2015-10-01,10,2015,7.65,13.71,8.79,0,2.7,0,.,.,.,0,5.43,1.78,3.79,0.01,0,0.77,.,0,0.1
29,"Albuquerque Overbank Project",35.0452081969,-106.665732215,2016-10-01,10,2016,1.4,3.64,0.02,0,0.41,0,.,.,.,0,4.95,2.6,1.7,0.02,0,0,0,0,0.02
29,"Albuquerque Overbank Project",35.0452081969,-106.665732215,2017-10-01,10,2017,0.02,6.62,9.02,0,1.77,1.23,.,.,.,0,68.28,0.86,501.9,0,0,1.77,0,0,0.34
29,"Albuquerque Overbank Project",35.0452081969,-106.665732215,2018-10-01,10,2018,1.79,12.17,14.56,0.01,10.64,0,.,.,.,1.31,6.02,1.58,0.32,0,0.09,1.16,0,0,0.44
29,"Albuquerque Overbank Project",35.0452081969,-106.665732215,2019-10-01,10,2019,1.02,2.79,1.24,0,4.71,0,.,.,.,0.01,1.79,0.36,0.88,0,0,0.62,0,0,0.2
29,"Albuquerque Overbank Project",35.0452081969,-106.665732215,2020-10-01,10,2020,2.33,11.92,12.79,0,10.33,0,.,.,.,0,5.8,1.55,0.73,0,0.01,0.23,0,0,0.22
29,"Albuquerque Overbank Project",35.0452081969,-106.665732215,2021-10-01,10,2021,2.69,12.18,20.47,0.02,10.77,0,.,.,.,0,7.66,1.58,1.79,0.01,0.01,5.15,0,0,0.86
29,"Albuquerque Overbank Project",35.0452081969,-106.665732215,2022-10-01,10,2022,4.55,8.09,13.1,0,9.77,0,.,.,.,0,6.03,1.05,0.57,0.01,0,0.62,0,0,0.14
29,"Albuquerque Overbank Project",35.0452081969,-106.665732215,2023-10-01,10,2023,0.34,0.01,5.77,0,5.62,0,0.01,2.16,0,0,2.42,0.28,1.41,0.01,0.01,0.62,0,0,0.16
29,"Albuquerque Overbank Project",35.0452081969,-106.665732215,2024-10-01,10,2024,1.85,.,20.31,0,30.85,0,0,5.18,0,0,7.9,0.67,0,0,0,0,0.01,0,0
29,"Albuquerque Overbank Project",35.0452081969,-106.665732215,2014-11-01,11,2014,18.23,6.1,5.31,0,5,0,.,.,.,0.77,4.96,0.79,1.48,0,0,0,.,0,0.05
29,"Albuquerque Overbank Project",35.0452081969,-106.665732215,2015-11-01,11,2015,17,4.94,3.15,0,15.24,0,.,.,.,0,5.57,0.64,0.23,0,0,0,.,0,0
29,"Albuquerque Overbank Project",35.0452081969,-106.665732215,2016-11-01,11,2016,6.77,7.57,3.01,0,2.69,5.24,.,.,.,0,3.88,1.24,0.36,0,0,0,0,0,0.13
29,"Albuquerque Overbank Project",35.0452081969,-106.665732215,2017-11-01,11,2017,27.23,31.48,4.02,0.01,11.86,0.62,.,.,.,0,10.79,4.12,4.72,0.01,0,0.01,0,0,0.05
29,"Albuquerque Overbank Project",35.0452081969,-106.665732215,2018-11-01,11,2018,11.47,14.4,10.09,0.02,14.25,0,.,.,.,0.69,6.99,1.87,0,0,0,0.01,0.01,0,0.06
29,"Albuquerque Overbank Project",35.0452081969,-106.665732215,2019-11-01,11,2019,29.78,40.18,7.94,0.02,20.26,0.01,.,.,.,0.39,13.79,5.22,0.9,0.02,0,0.08,0,0,0.06
29,"Albuquerque Overbank Project",35.0452081969,-106.665732215,2020-11-01,11,2020,33.77,22.24,35.33,0.02,36.39,0,.,.,.,0,17.88,2.89,2.19,0,0,0.02,0,0,0.17
29,"Albuquerque Overbank Project",35.0452081969,-106.665732215,2021-11-01,11,2021,21.31,19.01,18.4,0.32,25.79,0,.,.,.,0.01,12.65,2.47,1.8,0.01,0,1.55,0,0,0.33
29,"Albuquerque Overbank Project",35.0452081969,-106.665732215,2022-11-01,11,2022,26.67,32.15,9.5,0.03,67.02,0,.,.,.,0,18.86,4.2,1.66,0.01,0,0.18,0.03,0,0.03
29,"Albuquerque Overbank Project",35.0452081969,-106.665732215,2023-11-01,11,2023,26.86,.,10.25,0.02,47.39,0,.,.,0,0,13.37,1.42,0.86,0.02,0.02,1.17,0,0,0.26
29,"Albuquerque Overbank Project",35.0452081969,-106.665732215,2024-11-01,11,2024,14.01,.,10.15,0.02,39.93,0,0,8.02,0,0,10.75,1.04,4.15,0,0,1.85,0,0,0.24
29,"Albuquerque Overbank Project",35.0452081969,-106.665732215,2014-12-01,12,2014,19.32,0.73,4.08,0,0.93,0,.,.,.,0,3.53,0.1,0.04,0,0,0.01,.,0,0
29,"Albuquerque Overbank Project",35.0452081969,-106.665732215,2015-12-01,12,2015,11.33,0.65,4.7,0,3.71,0,.,.,.,0,2.88,0.09,0.06,0,0.01,0.39,.,0,0.06
29,"Albuquerque Overbank Project",35.0452081969,-106.665732215,2016-12-01,12,2016,33.31,1.36,7.01,0,4.55,0,.,.,.,0,8.31,0.18,12.19,0,0,0.15,0,0,0.12
29,"Albuquerque Overbank Project",35.0452081969,-106.665732215,2017-12-01,12,2017,11.93,0.62,6.15,0,1.85,2.08,.,.,.,0,6.41,0.08,25.23,0,1,0,0,0,0.17
29,"Albuquerque Overbank Project",35.0452081969,-106.665732215,2018-12-01,12,2018,29.69,1.11,6.1,0.01,0.86,0,.,.,.,0,5.73,0.14,4.72,0,0,0.02,0,0,0.01
29,"Albuquerque Overbank Project",35.0452081969,-106.665732215,2019-12-01,12,2019,32.84,2.26,5.47,0.02,0.1,0,.,.,.,0,5.68,0.29,0,0,0,0.23,0,0,0.07
29,"Albuquerque Overbank Project",35.0452081969,-106.665732215,2020-12-01,12,2020,7.87,2.32,9.26,0.02,0.17,0,.,.,.,0,3.13,0.3,1.12,0,0,0.01,0,0,0.01
29,"Albuquerque Overbank Project",35.0452081969,-106.665732215,2021-12-01,12,2021,36.54,1.93,12.85,0,2.38,0,.,.,.,0,8.45,0.25,1.94,0,0,6.15,0,0,0.82
29,"Albuquerque Overbank Project",35.0452081969,-106.665732215,2022-12-01,12,2022,13.15,2.25,7.62,0,2.78,0,.,.,.,0,3.54,0.29,0.18,0,0,0.02,0,0,0.01
29,"Albuquerque Overbank Project",35.0452081969,-106.665732215,2023-12-01,12,2023,37.69,0.08,6.55,0.02,5.32,0,0.08,2.41,0.01,0.01,7.8,0.32,4.89,0.02,0.01,0.08,0.01,0,0.05
29,"Albuquerque Overbank Project",35.0452081969,-106.665732215,2024-12-01,12,2024,27.46,.,5.24,0.02,51.85,0,0,3.93,0,0,12,0.51,0.25,0.01,0,0,0,0,0.01
30,"State Land Office",34.9679188689,-106.685667747,2015-01-01,1,2015,84,0.16,0,0.01,0.01,0,.,.,.,0,12.38,0.02,0.72,0.09,0,0.01,.,0,0.69
30,"State Land Office",34.9679188689,-106.685667747,2016-01-01,1,2016,13.69,0.55,0.01,0.01,0,0,.,.,.,0,2.42,0.07,1.62,0,0,0,.,0,0
30,"State Land Office",34.9679188689,-106.685667747,2017-01-01,1,2017,8.38,0.02,0,0.02,0,0,.,.,.,0,1.25,0,0.31,0.02,0,0,0,0,0
30,"State Land Office",34.9679188689,-106.685667747,2018-01-01,1,2018,21.31,0,0,0,0,0,.,.,.,0,3.14,0,2,0,0,0,0,0,0
30,"State Land Office",34.9679188689,-106.685667747,2019-01-01,1,2019,12.01,0.39,0.23,0,0,0,.,.,.,0.01,1.83,0.05,0.33,0.02,0,0,0,0,0.02
30,"State Land Office",34.9679188689,-106.685667747,2020-01-01,1,2020,11.31,0.01,0,0,0,0,.,.,.,0,1.6,0,0.02,0.03,0,0,0,0,0.02
30,"State Land Office",34.9679188689,-106.685667747,2021-01-01,1,2021,3.78,0.15,0.02,0,0,0,.,.,.,0,0.64,0.02,0.02,0,0,0,0,0,0.04
30,"State Land Office",34.9679188689,-106.685667747,2022-01-01,1,2022,9.4,0.18,0.01,0,0,0,.,.,.,0,2.59,0.02,2.67,0.02,0,0.17,0,0,0.06
30,"State Land Office",34.9679188689,-106.685667747,2023-01-01,1,2023,13,.,0.02,0,0,0,.,.,0.08,0,1.94,0.02,0.25,0.01,0,0.01,0,0,0.09
30,"State Land Office",34.9679188689,-106.685667747,2024-01-01,1,2024,26.77,.,0,0,0,0,0,0.01,0,0,3.97,0,1.82,0.01,0,0.01,0,0,0.02
30,"State Land Office",34.9679188689,-106.685667747,2015-02-01,2,2015,20.54,0,0,0,0,0,.,.,.,0,3.28,0,0.78,0.01,0,0,.,0,0.25
30,"State Land Office",34.9679188689,-106.685667747,2016-02-01,2,2016,3.39,0.01,0,0,0,0,.,.,.,0,0.82,0,0.01,0.02,0,0,.,0,0.11
30,"State Land Office",34.9679188689,-106.685667747,2017-02-01,2,2017,27.17,0,0,0.02,0,0,.,.,.,0,7.89,0,29.15,0.16,0,0,0,0,0
30,"State Land Office",34.9679188689,-106.685667747,2018-02-01,2,2018,27.69,0,0.01,0,0,0,.,.,.,0,5.55,0,0.48,0.01,0,0,0,0,0
30,"State Land Office",34.9679188689,-106.685667747,2019-02-01,2,2019,10.54,0.09,0.02,0,0,0,.,.,.,0,2.48,0.01,3.55,0.01,0,0,0,0,0.02
30,"State Land Office",34.9679188689,-106.685667747,2020-02-01,2,2020,7.31,0.02,0,0,0,0,.,.,.,0.01,1.21,0,1,0.02,0,0,0,0,0.02
30,"State Land Office",34.9679188689,-106.685667747,2021-02-01,2,2021,2.1,0.03,0,0.01,0,0,.,.,.,0,0.96,0,1.64,0.85,0,0,0.01,0,0.14
30,"State Land Office",34.9679188689,-106.685667747,2022-02-01,2,2022,11.85,0,0.15,0,0,0,.,.,.,0,3.37,0,2.02,0.01,0,0,0,0,0.23
30,"State Land Office",34.9679188689,-106.685667747,2023-02-01,2,2023,15.46,.,0.01,0,0,0,.,.,0,0,3.07,0.02,2.25,0.01,0,0,0,0,0.31
30,"State Land Office",34.9679188689,-106.685667747,2024-02-01,2,2024,15.23,.,0.01,0.02,0,0,0,0,0,0,2.03,0,0.01,0.02,0,0,0,0,0.01
30,"State Land Office",34.9679188689,-106.685667747,2015-03-01,3,2015,29.92,0.15,0,0,0,0,.,.,.,0,4.35,0.02,1.02,0.23,0,0,.,0,0.03
30,"State Land Office",34.9679188689,-106.685667747,2016-03-01,3,2016,4.94,0.03,0,0.01,0,0.01,.,.,.,0,1.34,0,3.02,0.02,0,0,.,0,0.15
30,"State Land Office",34.9679188689,-106.685667747,2017-03-01,3,2017,0.72,0,0,0,0,0,.,.,.,0,0.77,0,2.5,0.39,0,0,0,0,0.07
30,"State Land Office",34.9679188689,-106.685667747,2018-03-01,3,2018,7.01,0,0,0,0,0,.,.,.,0,4.68,0,23.4,0.34,0,0,0,0,0.04
30,"State Land Office",34.9679188689,-106.685667747,2019-03-01,3,2019,2.64,0,0.02,0,0,0,.,.,.,0,0.78,0,1.79,0.01,0,0,0,0,0
30,"State Land Office",34.9679188689,-106.685667747,2020-03-01,3,2020,5.79,0.02,0,0,0,0,.,.,.,0,0.93,0,0.03,0,0,0,0,0,0
30,"State Land Office",34.9679188689,-106.685667747,2021-03-01,3,2021,0.96,0.02,0,0,0,0,.,.,.,0,0.26,0,0.05,0.01,0,0,0,0,0.07
30,"State Land Office",34.9679188689,-106.685667747,2022-03-01,3,2022,4.71,0.09,0.34,0,0.01,0,.,.,.,0,3.34,0.01,12.59,0.02,0,0,0.01,0,0.17
30,"State Land Office",34.9679188689,-106.685667747,2023-03-01,3,2023,3.32,.,0,0,0,0,.,.,0,0,0.9,0.01,2.24,0.09,0,0,0,0,0.01
30,"State Land Office",34.9679188689,-106.685667747,2024-03-01,3,2024,70.51,.,0.01,0.01,0,0,0,0.01,0,0.01,14.07,0,17.88,0.21,0,0,0.01,0,0.14
30,"State Land Office",34.9679188689,-106.685667747,2015-04-01,4,2015,5.16,0.01,0,0,0,0,.,.,.,0,3.87,0,5,16.92,0,0,.,0,2.2
30,"State Land Office",34.9679188689,-106.685667747,2016-04-01,4,2016,6.02,0.01,0,0,0,0,.,.,.,0,3.98,0,1.01,19.31,0,0,.,0,0.04
30,"State Land Office",34.9679188689,-106.685667747,2017-04-01,4,2017,0.56,0,0,0,0,0,.,.,.,0,1.94,0,0.02,0.01,0,0,0.01,0,1.77
30,"State Land Office",34.9679188689,-106.685667747,2018-04-01,4,2018,1.39,0,0,0,0,0,.,.,.,0,1.77,0,0.47,8.93,0,0,0,0,1.16
30,"State Land Office",34.9679188689,-106.685667747,2019-04-01,4,2019,0.96,0,0.01,0,0,0,.,.,.,0,0.91,0,0.49,4.85,0,0,0,0,0.63
30,"State Land Office",34.9679188689,-106.685667747,2020-04-01,4,2020,4.02,0.01,0,0,0,0,.,.,.,0,3.61,0,0.72,19.08,0.01,0,0.04,0,2.67
30,"State Land Office",34.9679188689,-106.685667747,2021-04-01,4,2021,5.63,0.01,0.02,0,0,0,.,.,.,0,2.33,0,0.25,5.38,0.01,0,0,0,1.21
30,"State Land Office",34.9679188689,-106.685667747,2022-04-01,4,2022,2.87,0.01,0.23,0.01,0,0,.,.,.,0,1.93,0,0.79,2.39,0,0,0.01,0,0.36
30,"State Land Office",34.9679188689,-106.685667747,2023-04-01,4,2023,0.5,.,0.01,0,0,0,.,.,0,0,0.78,0,1.74,0.79,0,0,0.01,0,0.18
30,"State Land Office",34.9679188689,-106.685667747,2015-05-01,5,2015,1.94,0,0,0,0,0,.,.,.,0,2.31,0,3.63,7.26,0,0,.,0,0.95
30,"State Land Office",34.9679188689,-106.685667747,2016-05-01,5,2016,0.11,0.02,0,0.01,0,0,.,.,.,0,2.36,0,2.17,12.16,0,0,.,0,0
30,"State Land Office",34.9679188689,-106.685667747,2017-05-01,5,2017,1.88,0,0,0.01,0,0.85,.,.,.,0,2.28,0,0.72,8.1,0.08,0,0,0,0.01
30,"State Land Office",34.9679188689,-106.685667747,2018-05-01,5,2018,0.37,0,0,0,0,0,.,.,.,0,3.07,0,3.34,16.5,0.09,0,0,0,1.97
30,"State Land Office",34.9679188689,-106.685667747,2019-05-01,5,2019,3.94,0.01,0,0,0,0,.,.,.,0,3.66,0,3.17,19.4,0.09,0.01,0.01,0,2.54
30,"State Land Office",34.9679188689,-106.685667747,2020-05-01,5,2020,6.7,0.04,0,0,0,0,.,.,.,0,2.75,0,2.39,8.38,0,0,0,0,1.19
30,"State Land Office",34.9679188689,-106.685667747,2021-05-01,5,2021,12.7,1.55,0.19,0,0,0,.,.,.,0,5.58,0.2,7.22,18.85,0.01,0.01,0,0,1.99
30,"State Land Office",34.9679188689,-106.685667747,2022-05-01,5,2022,8,0.09,0.15,0,0,0,.,.,.,0,5.74,0.01,10.08,14.15,0.01,0,0,0,2.08
30,"State Land Office",34.9679188689,-106.685667747,2023-05-01,5,2023,16.55,0,0,0,0.01,0,0,0,0,0,4.8,0,5.86,12.21,0,0,0.1,0,1.28
30,"State Land Office",34.9679188689,-106.685667747,2024-05-01,5,2024,10.02,.,0,0,0,0,0,0.01,0,0,3.52,0,3.22,11.69,0,0.01,0,0,0.92
30,"State Land Office",34.9679188689,-106.685667747,2014-06-01,6,2014,71.57,0,0,0.01,0,0,.,.,.,0,53.24,0,318.82,18.63,0,0,.,0,2.42
30,"State Land Office",34.9679188689,-106.685667747,2015-06-01,6,2015,0.9,0.01,0,0,0,0,.,.,.,0,2.85,0,6.41,12.32,0.01,0,.,0,1.6
30,"State Land Office",34.9679188689,-106.685667747,2016-06-01,6,2016,4.89,0.02,0,0,0,0,.,.,.,0.78,4.61,0,0.35,28.04,0,0,0,0,0.01
30,"State Land Office",34.9679188689,-106.685667747,2017-06-01,6,2017,4.11,0.09,0,0,0,0,.,.,.,0,3.43,0.01,1.25,18.92,0.23,0,0,0,0.03
30,"State Land Office",34.9679188689,-106.685667747,2018-06-01,6,2018,0.08,0.23,0,0,0,0,.,.,.,0,3.28,0.03,1.47,19.31,0.16,0,0,0,2.53
30,"State Land Office",34.9679188689,-106.685667747,2019-06-01,6,2019,1.48,0,0,0,0,0,.,.,.,0,4.49,0,14.64,16.48,0,0,0,0,2.14
30,"State Land Office",34.9679188689,-106.685667747,2020-06-01,6,2020,5.39,0.7,0.01,0.01,0,0,.,.,.,0,5.5,0.09,13.88,18.02,0.46,0,0,0,2.4
30,"State Land Office",34.9679188689,-106.685667747,2021-06-01,6,2021,12.92,1.16,0.16,0,0.01,0,.,.,.,0,4.9,0.15,10.62,8.32,0.32,0.01,0,0,1.16
30,"State Land Office",34.9679188689,-106.685667747,2022-06-01,6,2022,8.63,0.17,0.54,0.02,0.02,0,.,.,.,0,2.39,0.02,1.64,5.09,0.09,0,0,0,0.7
30,"State Land Office",34.9679188689,-106.685667747,2023-06-01,6,2023,7.58,0,0,0,0,0,0,0.01,0,0,4.36,0,1,23.53,0,0,0,0,2.14
30,"State Land Office",34.9679188689,-106.685667747,2024-06-01,6,2024,12.25,.,0.01,0,0,0.08,0,0.08,0,0,4.97,0.01,5.47,17.48,1.31,0.01,0,0,2.45
30,"State Land Office",34.9679188689,-106.685667747,2014-07-01,7,2014,14.32,0,0,0,0,0,.,.,.,0,4.96,0,6.01,13.15,0,0,.,0,1.71
30,"State Land Office",34.9679188689,-106.685667747,2015-07-01,7,2015,2.01,0,0,0.01,0,0,.,.,.,0,1.82,0,1.23,8.71,0,0,.,0,1.13
30,"State Land Office",34.9679188689,-106.685667747,2016-07-01,7,2016,7.24,0.09,0,0,0.01,0,.,.,.,0,3.3,0.01,2.09,14.69,0.01,0,0,0,0
30,"State Land Office",34.9679188689,-106.685667747,2017-07-01,7,2017,0.74,0.16,0,0,0,0,.,.,.,0,1.45,0.02,0.02,3.1,1.39,0,0,0,0.58
30,"State Land Office",34.9679188689,-106.685667747,2018-07-01,7,2018,0,0.02,0,0,0,0,.,.,.,0,1.56,0,1.31,5.94,0,0,0,0,0.77
30,"State Land Office",34.9679188689,-106.685667747,2019-07-01,7,2019,1.62,0,0,0,0,0,.,.,.,0,3.67,0,18.47,6.53,0.01,0,0,0,0.87
30,"State Land Office",34.9679188689,-106.685667747,2020-07-01,7,2020,9.25,0.08,0,0,0,0,.,.,.,0,4.87,0.01,21.79,2.62,0.23,0,0,0,0.37
30,"State Land Office",34.9679188689,-106.685667747,2021-07-01,7,2021,8.48,0.85,0.31,0,0,0,.,.,.,0,3.33,0.11,6.56,4.48,0.09,0,0,0,0.59
30,"State Land Office",34.9679188689,-106.685667747,2022-07-01,7,2022,2.48,0.17,0.34,0,0.01,0,.,.,.,0,1.8,0.02,0.22,0.87,0.01,0,0,0,0.11
30,"State Land Office",34.9679188689,-106.685667747,2023-07-01,7,2023,2.48,0.01,0.03,0,0,0,0.01,0.08,0,0,2.69,0.01,3.47,7.86,0.16,0.01,0,0,1.05
30,"State Land Office",34.9679188689,-106.685667747,2024-07-01,7,2024,7.96,.,0,0,0,0,0,0.17,0,0,2.27,0.02,2.99,2.93,0.43,0,0,0,0.42
30,"State Land Office",34.9679188689,-106.685667747,2014-08-01,8,2014,5.05,0,0,0,0,0,.,.,.,0,1.03,0,0.64,0.18,0,0,.,0,0.02
30,"State Land Office",34.9679188689,-106.685667747,2015-08-01,8,2015,7.03,0.02,0,0.01,0,0,.,.,.,0,5.71,0,0.24,0.18,0,0,.,0,0.02
30,"State Land Office",34.9679188689,-106.685667747,2016-08-01,8,2016,1.02,0.09,0,0.01,0,0,.,.,.,0,0.5,0.01,1.71,0.02,0,0,0,0,0
30,"State Land Office",34.9679188689,-106.685667747,2017-08-01,8,2017,0.49,0.17,0,0.18,0,0.38,.,.,.,0,0.52,0.02,0.71,0.26,0,0,0,0,0
30,"State Land Office",34.9679188689,-106.685667747,2018-08-01,8,2018,3.43,0.69,0,0,0,0,.,.,.,0,1.1,0.09,1.19,1.56,0,0,0,0,0.2
30,"State Land Office",34.9679188689,-106.685667747,2019-08-01,8,2019,5.17,0.62,0,0,0,0,.,.,.,0,1.75,0.08,4.55,0.79,0.47,0,0,0,0.16
30,"State Land Office",34.9679188689,-106.685667747,2020-08-01,8,2020,5.62,2.86,0.01,0,0,0,.,.,.,0,2.47,0.37,3.93,0.02,0.54,0,0.01,0,0.07
30,"State Land Office",34.9679188689,-106.685667747,2021-08-01,8,2021,3.51,0.34,0.1,0.01,0,0,.,.,.,0,1.25,0.04,0.7,1.15,0.01,0,0,0,0.14
30,"State Land Office",34.9679188689,-106.685667747,2022-08-01,8,2022,2.39,0.24,0.02,0,0,0,.,.,.,0,1.87,0.03,9.63,1.02,0,0,0,0,0.13
30,"State Land Office",34.9679188689,-106.685667747,2023-08-01,8,2023,1.8,0,0,0,0,0,0,0.08,0,0,0.5,0.01,0.2,0.49,0.01,0,0,0,0.08
30,"State Land Office",34.9679188689,-106.685667747,2024-08-01,8,2024,12.52,.,0,0,0,0,0,0.17,0,0,2.89,0.02,7.7,0.04,0,0,0,0,0
30,"State Land Office",34.9679188689,-106.685667747,2014-09-01,9,2014,2.02,0.01,0,0,0,0,.,.,.,0,0.81,0,1.32,1.17,0,0,.,0,0.17
30,"State Land Office",34.9679188689,-106.685667747,2015-09-01,9,2015,12.69,0,0,0.01,0,0,.,.,.,0,2.31,0,2.23,0.08,0,0,.,0,0.01
30,"State Land Office",34.9679188689,-106.685667747,2016-09-01,9,2016,8.63,0.69,0,0.02,0,0,.,.,.,0,1.97,0.09,1.55,2.02,0,0,0,0,0.01
30,"State Land Office",34.9679188689,-106.685667747,2017-09-01,9,2017,2.95,0.48,0.02,0,0,0,.,.,.,0,0.87,0.06,0.86,0.03,0,0,0,0,0.01
30,"State Land Office",34.9679188689,-106.685667747,2018-09-01,9,2018,1.55,1.78,0,0,0,0,.,.,.,0,0.73,0.23,1.34,0.02,0,0,0,0,0
30,"State Land Office",34.9679188689,-106.685667747,2019-09-01,9,2019,44.09,0.23,0,0,0,0,.,.,.,0,16.93,0.03,83.24,0.15,0,0,0,0,0.02
30,"State Land Office",34.9679188689,-106.685667747,2021-09-01,9,2021,4.27,0.17,0,0,0,0,.,.,.,0,2.3,0.02,5.15,0.94,0,0,0,0,0.56
30,"State Land Office",34.9679188689,-106.685667747,2022-09-01,9,2022,3.08,1.62,0.01,0.01,0,0,.,.,.,0,1.83,0.21,7.21,0.03,0,0,0,0,0.01
30,"State Land Office",34.9679188689,-106.685667747,2023-09-01,9,2023,1.54,0,0,0,0,0,0,0.43,0,0,0.84,0.05,1.72,0.28,0.09,0,0,0,0.05
30,"State Land Office",34.9679188689,-106.685667747,2024-09-01,9,2024,1.64,.,0.02,0,0.01,0,0,2.15,0,0,1.63,0.28,3.85,0.04,0.01,0,0,0,0.02
30,"State Land Office",34.9679188689,-106.685667747,2014-10-01,10,2014,14.78,0,0,0,0,0,.,.,.,0,3.08,0,1.31,0,0,0,.,0,0
30,"State Land Office",34.9679188689,-106.685667747,2015-10-01,10,2015,30.44,0.01,0,0.01,0,0,.,.,.,0,5.34,0,3.44,0.03,0,0,.,0,0.51
30,"State Land Office",34.9679188689,-106.685667747,2016-10-01,10,2016,11.7,1.08,0,0.02,0,0,.,.,.,0,2.83,0.14,5.08,0.01,0,0,0,0,0
30,"State Land Office",34.9679188689,-106.685667747,2017-10-01,10,2017,3.62,1.54,0,0,0,0,.,.,.,0,1.32,0.2,1.04,0.02,0.02,0.02,0.02,0,0.02
30,"State Land Office",34.9679188689,-106.685667747,2018-10-01,10,2018,7.4,2.32,0,0,0,0,.,.,.,0,1.57,0.3,1.24,0.01,0,0,0,0,0.02
30,"State Land Office",34.9679188689,-106.685667747,2019-10-01,10,2019,3.94,0.85,0.01,0,0,0,.,.,.,0,1.25,0.11,2.24,0.02,0,0,0,0,0.04
30,"State Land Office",34.9679188689,-106.685667747,2020-10-01,10,2020,30.77,6.15,0.01,0,0,0,.,.,.,0,5.24,0.8,0.41,0.01,0,0,0,0,0
30,"State Land Office",34.9679188689,-106.685667747,2021-10-01,10,2021,5.56,4.03,3.08,0,0,0,.,.,.,0,3.55,0.52,6.32,0.09,0,0.01,0,0,0.06
30,"State Land Office",34.9679188689,-106.685667747,2022-10-01,10,2022,8.39,1.7,0.08,0.02,0,0,.,.,.,0,3.46,0.22,10.08,0,0,0,0,0,0.03
30,"State Land Office",34.9679188689,-106.685667747,2023-10-01,10,2023,5.78,0.08,0,0,0,0,0.08,1.55,0,0,1.35,0.21,1.69,0.17,0,0,0,0,0.02
30,"State Land Office",34.9679188689,-106.685667747,2024-10-01,10,2024,1.86,.,0,0.01,0,0,0,3.54,0,0,1.01,0.46,0.72,0.16,0,0,0,0,0.03
30,"State Land Office",34.9679188689,-106.685667747,2014-11-01,11,2014,108.54,0.01,0,0,0,0,.,.,.,0.02,14.37,0,0.49,0.01,0,0,.,0,0.01
30,"State Land Office",34.9679188689,-106.685667747,2015-11-01,11,2015,72.05,0.51,0,0.6,0,0,.,.,.,0.01,10.34,0.07,4.12,0,0,0,.,0,0.09
30,"State Land Office",34.9679188689,-106.685667747,2016-11-01,11,2016,38.63,2.69,0.01,0.92,0,0,.,.,.,0,6.82,0.35,7.32,0.17,0,0,0,0.01,0
30,"State Land Office",34.9679188689,-106.685667747,2017-11-01,11,2017,113.23,8.95,0.01,0,0,0,.,.,.,0,17.1,1.16,8.32,0.31,0,0,0,0,0
30,"State Land Office",34.9679188689,-106.685667747,2018-11-01,11,2018,62.92,6.31,0.01,0,0,0,.,.,.,0,11.19,0.82,13.19,1.32,0,0,0,0,0.17
30,"State Land Office",34.9679188689,-106.685667747,2019-11-01,11,2019,92.08,13.23,0.02,0,0,0,.,.,.,0,15.39,1.72,10.92,0.09,0,0,0,0,0.02
30,"State Land Office",34.9679188689,-106.685667747,2020-11-01,11,2020,100.54,13.93,0.46,0,0,0,.,.,.,0,16.26,1.81,5.26,0.19,0,0,0,0,0.06
30,"State Land Office",34.9679188689,-106.685667747,2021-11-01,11,2021,41.77,2.69,1.92,0,0,0,.,.,.,0,6.61,0.35,2.59,0,0,0,0,0,0
30,"State Land Office",34.9679188689,-106.685667747,2022-11-01,11,2022,76.24,3.68,0,0,0,0,.,.,.,0,14.06,0.48,23.19,0,0,0,0,0,0.05
30,"State Land Office",34.9679188689,-106.685667747,2023-11-01,11,2023,75.85,0.23,0.02,0.01,0,0,0.23,8.55,0,0,12.07,1.14,3.35,0.34,0.01,0,0,0,0.05
30,"State Land Office",34.9679188689,-106.685667747,2024-11-01,11,2024,47.92,.,0.17,0,0,0,0,4.38,0,0,7.87,0.57,3.61,0.31,0,0,0,0,0.23
30,"State Land Office",34.9679188689,-106.685667747,2014-12-01,12,2014,116.84,0.15,0,0,0,0,.,.,.,0,16.68,0.02,7.31,0.02,0,0,.,0,0.14
30,"State Land Office",34.9679188689,-106.685667747,2015-12-01,12,2015,27.09,1.21,0,0.44,0,0,.,.,.,0,51.53,0.16,366.27,0,0,0,.,0,0.08
30,"State Land Office",34.9679188689,-106.685667747,2016-12-01,12,2016,109.39,1.48,0,0.02,0,0,.,.,.,0,16.09,0.19,10.02,0.02,0.02,0,0,0,0.01
30,"State Land Office",34.9679188689,-106.685667747,2017-12-01,12,2017,34.85,0.32,0.01,0,0,0,.,.,.,0,5.1,0.04,1.4,0,0,0,0,0,0.08
30,"State Land Office",34.9679188689,-106.685667747,2018-12-01,12,2018,105.38,2.78,0.01,0,0,0.01,.,.,.,0,15.21,0.36,6.25,0.02,0,0,0,0,0.11
30,"State Land Office",34.9679188689,-106.685667747,2019-12-01,12,2019,73,1.31,0.01,0,0,0,.,.,.,0,9.97,0.17,0.12,0.05,0,0,0,0,0.04
30,"State Land Office",34.9679188689,-106.685667747,2020-12-01,12,2020,17.54,3.23,0.77,0,0,0,.,.,.,0,3.18,0.42,0.56,0.01,0,0,0,0,0.14
30,"State Land Office",34.9679188689,-106.685667747,2021-12-01,12,2021,129.46,1.17,0.78,0,0,0,.,.,.,0,18.56,0.15,6.95,0.16,0,0,0,0,0.02
30,"State Land Office",34.9679188689,-106.685667747,2022-12-01,12,2022,69.92,1.69,0.46,0,0,0,.,.,.,0,10.12,0.22,2.64,0.02,0,0,0.15,0,0.13
30,"State Land Office",34.9679188689,-106.685667747,2023-12-01,12,2023,80,0,0.08,0,0,0.01,0,0.39,0,0,11.13,0.05,4.17,0.02,0,0,0,0,0.02
30,"State Land Office",34.9679188689,-106.685667747,2024-12-01,12,2024,55.16,.,0,0,0,0,0,0.72,0,0,7.96,0.09,5.16,0,0,0.01,0,0,0
31,"San Jose",35.0124335977,-106.672728518,2016-01-01,1,2016,21.85,0.05,0,0,0,0,.,.,.,0,3.04,0.01,0.65,0.02,0,0,.,0,0
31,"San Jose",35.0124335977,-106.672728518,2017-01-01,1,2017,14.01,0,0.02,0,0,0,.,.,.,0,2.1,0,1.69,0.24,0,0,0,0,0.03
31,"San Jose",35.0124335977,-106.672728518,2018-01-01,1,2018,21.09,0.02,0,0,0,0,.,.,.,0,2.87,0,0,0,0,0,0,0,0
31,"San Jose",35.0124335977,-106.672728518,2019-01-01,1,2019,34.09,0.19,0,0,0,0,.,.,.,0,5.23,0.03,5.58,0.16,0.01,0,0,0,0.02
31,"San Jose",35.0124335977,-106.672728518,2020-01-01,1,2020,32.26,0.39,0,0,0,0,.,.,.,0,4.66,0.05,2.96,0.24,0,0,0,0,0.03
31,"San Jose",35.0124335977,-106.672728518,2021-01-01,1,2021,35.25,0.04,0,0,0,0,.,.,.,0,8.63,0.01,29.57,1.23,0,0,0,0,0.16
31,"San Jose",35.0124335977,-106.672728518,2022-01-01,1,2022,39.23,0.03,0,0,0,0,.,.,.,0,5.19,0.01,0.55,0,0,0,0,0,0
31,"San Jose",35.0124335977,-106.672728518,2023-01-01,1,2023,21.77,.,0,0,0,0,.,.,0.01,0,2.98,0,0.66,0,0,0.01,0.01,0,0
31,"San Jose",35.0124335977,-106.672728518,2024-01-01,1,2024,16.62,.,0,0.02,0,0,0,0.09,0.09,0,2.32,0.01,0.28,0.1,0,0,0,0,0.1
31,"San Jose",35.0124335977,-106.672728518,2016-02-01,2,2016,10.01,0.05,0,0,0,0,.,.,.,0,1.63,0.01,1.41,0,0,0,.,0,0
31,"San Jose",35.0124335977,-106.672728518,2017-02-01,2,2017,7.38,0.01,0,0,0,0,.,.,.,0,1.14,0,1.31,0,0,0,0,0,0
31,"San Jose",35.0124335977,-106.672728518,2018-02-01,2,2018,22.49,0.02,0,0,0,0,.,.,.,0,3.7,0,0.69,0,0,0,0,0,0.01
31,"San Jose",35.0124335977,-106.672728518,2019-02-01,2,2019,24.16,0.09,0,0,0,0,.,.,.,0,4.34,0.02,4.32,0.08,0,0,0,0,0.01
31,"San Jose",35.0124335977,-106.672728518,2020-02-01,2,2020,21.85,0.18,0,0,0,0,.,.,.,0,2.91,0.02,0.01,0.02,0,0,0,0,0
31,"San Jose",35.0124335977,-106.672728518,2021-02-01,2,2021,12.63,0.1,0,0,0,0,.,.,.,0,1.77,0.02,0.25,0,0,0,0,0,0
31,"San Jose",35.0124335977,-106.672728518,2022-02-01,2,2022,37.71,0.06,0,0,0.09,0,.,.,.,0,5.41,0.01,3.32,0.01,0,0,0,0,0
31,"San Jose",35.0124335977,-106.672728518,2023-02-01,2,2023,50.63,.,0.08,0,0.01,0,.,.,0,0,7.34,0.02,5.56,0,0,0,0,0,0
31,"San Jose",35.0124335977,-106.672728518,2024-02-01,2,2024,9.08,.,0,0.01,0,0,0,0.02,0.02,0,1.54,0,1.43,0.01,0,0,0,0,0.12
31,"San Jose",35.0124335977,-106.672728518,2016-03-01,3,2016,11.93,0.16,0,0,0,0,.,.,.,0,1.65,0.02,0.49,0,0,0,.,0,0
31,"San Jose",35.0124335977,-106.672728518,2017-03-01,3,2017,19.32,0.15,0,0,0,0,.,.,.,0,2.96,0.02,3.02,0.01,0,0,0,0,0
31,"San Jose",35.0124335977,-106.672728518,2018-03-01,3,2018,27.32,0.01,0,0,0,0,.,.,.,0,4.21,0,1.92,0,0,0,0,0,0
31,"San Jose",35.0124335977,-106.672728518,2019-03-01,3,2019,40.02,0.05,0,0.01,0,0,.,.,.,0,6.98,0.01,3.7,0.09,0,0,0,0,0.01
31,"San Jose",35.0124335977,-106.672728518,2020-03-01,3,2020,5.86,0.03,0,0,0,0,.,.,.,0,0.79,0,0.04,0,0,0,0,0,0
31,"San Jose",35.0124335977,-106.672728518,2021-03-01,3,2021,14.24,0.02,0.08,0,0,0,.,.,.,0,1.99,0,0.62,0.02,0,0,0,0,0
31,"San Jose",35.0124335977,-106.672728518,2022-03-01,3,2022,65.88,0.01,0.01,0.01,0,0,.,.,.,0,9.97,0,0.3,0,0,0,0,0,0
31,"San Jose",35.0124335977,-106.672728518,2023-03-01,3,2023,59.11,.,0,0.02,0,0,.,.,0.02,0,9.55,0,9.93,0.23,0,0,0,0,0.03
31,"San Jose",35.0124335977,-106.672728518,2024-03-01,3,2024,72.09,.,0,0.01,0,0,0,0.09,0.08,0,10.22,0.01,3.85,0.24,0,0,0,0,0.21
31,"San Jose",35.0124335977,-106.672728518,2016-04-01,4,2016,9.4,0.11,0,0.03,0,0,.,.,.,0,3.03,0.01,0.93,12.42,0,0,.,0,0
31,"San Jose",35.0124335977,-106.672728518,2017-04-01,4,2017,5.31,0.09,0,0,0,0,.,.,.,0,3.04,0.01,0.58,17.19,0,0,0.01,0,0
31,"San Jose",35.0124335977,-106.672728518,2018-04-01,4,2018,8.78,0,0,0,0,0,.,.,.,0,2.53,0,0.46,9.09,0.69,0,0.02,0,1.28
31,"San Jose",35.0124335977,-106.672728518,2019-04-01,4,2019,11.02,0.02,0,0,0,0,.,.,.,0,8.03,0,44.23,5.02,0.01,0,0,0,0.65
31,"San Jose",35.0124335977,-106.672728518,2020-04-01,4,2020,30.09,0.01,0,0,0,0,.,.,.,0,7.13,0,2.64,18.02,0,0,0.01,0,2.34
31,"San Jose",35.0124335977,-106.672728518,2021-04-01,4,2021,3.34,0.02,0,0,0,0,.,.,.,0,1.12,0,0.02,4.88,0.01,0,0,0,0.64
31,"San Jose",35.0124335977,-106.672728518,2022-04-01,4,2022,25.56,0.02,0,0.01,0,0,.,.,.,0,3.86,0,0.26,3.49,0,0,0,0,0.45
31,"San Jose",35.0124335977,-106.672728518,2023-04-01,4,2023,5.32,.,0,0,0,0,.,.,0.01,0,1,0,0.63,1.06,0.01,0,0,0,0.13
31,"San Jose",35.0124335977,-106.672728518,2016-05-01,5,2016,9.75,0.18,0.01,0,0,0,.,.,.,0,2.49,0.02,1.99,6.93,0.27,0,0,0,0.04
31,"San Jose",35.0124335977,-106.672728518,2017-05-01,5,2017,3.84,0,0,0,0,0,.,.,.,0,4.2,0,0,0,0,0,0,0,0
31,"San Jose",35.0124335977,-106.672728518,2018-05-01,5,2018,6.01,0.01,0,0,0,0,.,.,.,0,4.02,0,2.47,16.86,0.85,0,0,0,2.3
31,"San Jose",35.0124335977,-106.672728518,2019-05-01,5,2019,2.63,0.04,0,0.01,0.01,0,.,.,.,0,2.58,0.02,4.21,11.9,0.09,0,0,0,1.56
31,"San Jose",35.0124335977,-106.672728518,2020-05-01,5,2020,5.95,0.02,0,0,0,0,.,.,.,0,2.76,0,3.64,10.02,0.94,0,0,0,1.42
31,"San Jose",35.0124335977,-106.672728518,2021-05-01,5,2021,5.18,0.02,0,0,0,0,.,.,.,0,2.97,0,0.35,13.72,0.01,0.02,0,0.01,1.79
31,"San Jose",35.0124335977,-106.672728518,2022-05-01,5,2022,21.93,0.03,0,0,0,0,.,.,.,0,4.25,0,5.78,4.85,0.02,0,0,0,0.63
31,"San Jose",35.0124335977,-106.672728518,2023-05-01,5,2023,9.55,0,0,0,0,0,0,0,0.15,0,4.4,0,2,20.46,0,0,0.03,0,1.33
31,"San Jose",35.0124335977,-106.672728518,2024-05-01,5,2024,21.94,.,0.01,1.85,0,0.01,0,0,0.01,0,6.45,0,4.7,16.63,0.15,0,0,0,2.6
31,"San Jose",35.0124335977,-106.672728518,2016-06-01,6,2016,1.02,25.15,0,0,0,0.01,.,.,.,0,12.21,3.27,61.85,0.78,4.78,0,0,0,0.68
31,"San Jose",35.0124335977,-106.672728518,2017-06-01,6,2017,1.01,0.49,0,0,0,0,.,.,.,0,1.72,0.08,7.48,3.4,0.1,0,0,0,0.04
31,"San Jose",35.0124335977,-106.672728518,2018-06-01,6,2018,1.23,0,0,0,0,0,.,.,.,0,2.68,0,8.54,3.56,2.46,0,0,0,0.78
31,"San Jose",35.0124335977,-106.672728518,2019-06-01,6,2019,2.86,0.03,0,0,0,0,.,.,.,0,4.14,0,12.48,1.57,0,0,0,0,0.27
31,"San Jose",35.0124335977,-106.672728518,2020-06-01,6,2020,6.32,0.57,0,0.01,0,0,.,.,.,0,2.75,0.07,8,4.4,0.02,0,0,0,0.7
31,"San Jose",35.0124335977,-106.672728518,2021-06-01,6,2021,5.93,0.28,0,0,0,0,.,.,.,0,1.74,0.04,2.17,3.71,0.8,0,0,0,0.6
31,"San Jose",35.0124335977,-106.672728518,2022-06-01,6,2022,11.86,0.1,0,0,0,0,.,.,.,0,1.83,0.01,0.7,0.93,0.16,0,0,0,0.14
31,"San Jose",35.0124335977,-106.672728518,2023-06-01,6,2023,1.56,0,0.01,0,0,0,0,0.01,0.09,0,1.68,0,3.6,6.53,0.03,0,0,0,0.81
31,"San Jose",35.0124335977,-106.672728518,2024-06-01,6,2024,0.46,.,0,0,0,0,0.54,0.08,0,0,3.88,0.08,12,11.69,0.62,0,0,0,1.6
31,"San Jose",35.0124335977,-106.672728518,2016-07-01,7,2016,3.17,0.96,0,0,0,0,.,.,.,0,2.65,0.12,0.15,14.69,0.02,0,0,0,0
31,"San Jose",35.0124335977,-106.672728518,2017-07-01,7,2017,22.26,0.42,0,0,0,0,.,.,.,0,5.96,0.06,21.96,0.16,0.01,0,0,0,0
31,"San Jose",35.0124335977,-106.672728518,2018-07-01,7,2018,0.42,0.12,0,0.09,0,0,.,.,.,0,1.4,0.02,0.4,1.25,0.02,0,0,0,1.19
31,"San Jose",35.0124335977,-106.672728518,2019-07-01,7,2019,2.64,2.07,0,0,0,0,.,.,.,0,2.99,0.27,2.16,2.75,0.01,0,0,0,0.36
31,"San Jose",35.0124335977,-106.672728518,2020-07-01,7,2020,2.09,1.8,0,0,0,0,.,.,.,0,2.06,0.23,3.62,7.46,0.17,0,0,0,0.99
31,"San Jose",35.0124335977,-106.672728518,2021-07-01,7,2021,9.16,1,0,0,0,0,.,.,.,0,2.29,0.13,0.26,6.56,0.02,0,0,0,0.86
31,"San Jose",35.0124335977,-106.672728518,2022-07-01,7,2022,0.85,0.12,0,0.01,0,0,.,.,.,0,0.24,0.02,0.42,0.49,0.02,0,0,0,0.07
31,"San Jose",35.0124335977,-106.672728518,2023-07-01,7,2023,0.56,0,0.02,0,0,0,0,0.56,0,0,1.7,0.07,1.04,9.38,0.09,0,0,0,1.28
31,"San Jose",35.0124335977,-106.672728518,2024-07-01,7,2024,5.08,.,0.01,0,0,0,0,0.87,0,0.02,3.53,0.11,6.09,10.85,0.55,0.01,0,0,1.48
31,"San Jose",35.0124335977,-106.672728518,2016-08-01,8,2016,0.18,1.26,0,0,0,0,.,.,.,0,0.25,0.16,0.09,0.19,0.01,0.01,0,0,0
31,"San Jose",35.0124335977,-106.672728518,2017-08-01,8,2017,0.39,0.21,0,0,0,0,.,.,.,0,0.39,0.03,0,2.31,0,0,0,0,0
31,"San Jose",35.0124335977,-106.672728518,2018-08-01,8,2018,1,0.05,0,0,0.01,0,.,.,.,0,2.42,0.01,10.32,0,0.01,0,0,0,0.88
31,"San Jose",35.0124335977,-106.672728518,2019-08-01,8,2019,1.31,1.17,0,0,0,0,.,.,.,0,1.29,0.15,6.31,0.02,0,0,0,0,0
31,"San Jose",35.0124335977,-106.672728518,2020-08-01,8,2020,2.66,2.51,0,0,0,0,.,.,.,0,0.9,0.33,0.8,0,0.01,0,0,0,0
31,"San Jose",35.0124335977,-106.672728518,2021-08-01,8,2021,4.05,0.04,0,0.04,0,0,.,.,.,0,0.72,0.01,0.91,0.1,0.01,0,0,0,0.02
31,"San Jose",35.0124335977,-106.672728518,2022-08-01,8,2022,1.55,0.37,0,0,0,0,.,.,.,0,0.36,0.06,0.37,0.01,0.01,0,0,0,0.01
31,"San Jose",35.0124335977,-106.672728518,2023-08-01,8,2023,1.39,0,0,0,0.01,0,0,0.56,0,0,0.53,0.07,0.62,0,0.02,0,0,0,0
31,"San Jose",35.0124335977,-106.672728518,2024-08-01,8,2024,1.79,.,0,0,0,0,0,0.65,0.09,0,0.88,0.08,3.55,0.02,0.01,0,0,0,0.01
31,"San Jose",35.0124335977,-106.672728518,2016-09-01,9,2016,0.35,7.16,0,0,0,0,.,.,.,0,18.22,0.93,131.26,0.01,0,0,0,0,0
31,"San Jose",35.0124335977,-106.672728518,2017-09-01,9,2017,2.23,2.09,0,0,0,0,.,.,.,0,0.8,0.29,1.31,0.08,0,0,0,0,0
31,"San Jose",35.0124335977,-106.672728518,2018-09-01,9,2018,0.79,3.16,0,0,0.15,0,.,.,.,0,0.88,0.41,0,0.02,0,0,0,0,0.28
31,"San Jose",35.0124335977,-106.672728518,2019-09-01,9,2019,1.11,1.64,0,0,0,0,.,.,.,0,0.55,0.21,1.27,0.02,0,0,0,0,0
31,"San Jose",35.0124335977,-106.672728518,2020-09-01,9,2020,6.54,3.71,0,0.01,0,0,.,.,.,0,1.82,0.48,2.41,0.39,0,0,0,0,0.05
31,"San Jose",35.0124335977,-106.672728518,2021-09-01,9,2021,1.41,0.81,0.01,0,0.01,0,.,.,.,0,0.37,0.11,0.02,0.15,0,0,0,0,0.02
31,"San Jose",35.0124335977,-106.672728518,2022-09-01,9,2022,15.47,0.08,0,0.01,0.09,0,.,.,.,0,2.85,0.01,3.34,1.93,0,0,0,0,0.25
31,"San Jose",35.0124335977,-106.672728518,2023-09-01,9,2023,0.95,0,0,0,0.01,0,0,0.41,0.25,0,0.29,0.05,0.02,0.48,0,0,0,0,0.06
31,"San Jose",35.0124335977,-106.672728518,2024-09-01,9,2024,3.09,.,0,0,0,0,0,2.39,0.42,0,1.12,0.31,0.49,0.17,0,0,0,0,0.02
31,"San Jose",35.0124335977,-106.672728518,2016-10-01,10,2016,8.4,21.46,0,0,0,0,.,.,.,0,4.37,2.79,2.92,0,0,0,0,0,0
31,"San Jose",35.0124335977,-106.672728518,2017-10-01,10,2017,5.09,13.7,0,0,0,0,.,.,.,0,2.79,1.78,2.55,0.16,0,0,0,0,0
31,"San Jose",35.0124335977,-106.672728518,2018-10-01,10,2018,7.47,5.95,0,0,0,0,.,.,.,0,2.17,0.77,1.31,1.16,0.01,0,0,0,0.15
31,"San Jose",35.0124335977,-106.672728518,2019-10-01,10,2019,2.54,8.26,0,0,0,0,.,.,.,0,1.46,1.07,0.2,0.02,0.01,0,0,0,0.01
31,"San Jose",35.0124335977,-106.672728518,2020-10-01,10,2020,19.62,18.79,0.01,0,0,0,.,.,.,0,5.15,2.44,0.2,0.01,0.01,0,0,0,0
31,"San Jose",35.0124335977,-106.672728518,2021-10-01,10,2021,4.09,8.95,0,0,0,0,.,.,.,0,1.88,1.16,1.02,0.02,0,0,0,0,0
31,"San Jose",35.0124335977,-106.672728518,2022-10-01,10,2022,8.64,4.93,0,0,0,0,.,.,.,0,1.86,0.64,0.19,0.11,0,0,0,0,0.03
31,"San Jose",35.0124335977,-106.672728518,2023-10-01,10,2023,1.26,0.02,0,0.01,0,0,0.02,4.38,0,0,0.8,0.57,0.32,0.01,0,0,0,0,0
31,"San Jose",35.0124335977,-106.672728518,2024-10-01,10,2024,6.08,.,0,0,0,0,0.01,11.72,0.25,0,2.65,1.52,0.62,0.23,0,0,0.01,0,0.05
31,"San Jose",35.0124335977,-106.672728518,2016-11-01,11,2016,32.77,11.94,0.01,0,0.54,0,.,.,.,0,8.18,1.56,16.79,0.32,0.01,0,0,0,0.04
31,"San Jose",35.0124335977,-106.672728518,2017-11-01,11,2017,79.23,17.41,0,0,0,0,.,.,.,0,15.29,2.26,7.95,0.24,0,0,0,0,0
31,"San Jose",35.0124335977,-106.672728518,2018-11-01,11,2018,51.35,10.59,0,0,0,0,.,.,.,0,10.93,1.38,21.73,0.29,0.02,0,0,0,0.04
31,"San Jose",35.0124335977,-106.672728518,2019-11-01,11,2019,73.16,45.32,0,0,0.31,0.01,.,.,.,0,16.58,5.89,4.79,2.92,0,0,0,0,0.38
31,"San Jose",35.0124335977,-106.672728518,2020-11-01,11,2020,72.08,7.33,0,0.01,0,0,.,.,.,0,10.64,0.97,0.41,0,0,0,0,0,0
31,"San Jose",35.0124335977,-106.672728518,2021-11-01,11,2021,19.39,7.79,0,0,1.54,0,.,.,.,0,4.17,1.02,2.56,0,0,0,0,0,0
31,"San Jose",35.0124335977,-106.672728518,2022-11-01,11,2022,45.39,6.64,0,0,0,0,.,.,.,0,7.5,0.88,4.03,0.63,0,0,0,0,0.08
31,"San Jose",35.0124335977,-106.672728518,2023-11-01,11,2023,0,0.01,0,0,0,0,0.01,24.93,0.01,0,10.84,3.24,4.92,0,0,0,0,0,0
31,"San Jose",35.0124335977,-106.672728518,2024-11-01,11,2024,25.23,.,0.02,0,0,0,0.02,13.09,0.24,0.01,5.31,1.7,1.56,0.1,0,0,0,0,0.03
31,"San Jose",35.0124335977,-106.672728518,2016-12-01,12,2016,108.54,1.96,0,0,0,0,.,.,.,0,15.45,0.26,6.96,0.39,0,0,0,0,0.05
31,"San Jose",35.0124335977,-106.672728518,2017-12-01,12,2017,16.47,0.56,0,0,0,0,.,.,.,0,2.33,0.07,0.03,0,0.31,0,0,0,0.07
31,"San Jose",35.0124335977,-106.672728518,2018-12-01,12,2018,57.16,0.73,0,0.01,0,0,.,.,.,0,7.84,0.1,1.81,0.23,0,0,0,0,0.03
31,"San Jose",35.0124335977,-106.672728518,2019-12-01,12,2019,78.08,1.26,0.01,0,0,0,.,.,.,0,10.48,0.16,0.8,0.17,0.01,0.01,0,0,0.03
31,"San Jose",35.0124335977,-106.672728518,2020-12-01,12,2020,40.92,0.55,0,0,0,0,.,.,.,0,5.66,0.07,1.72,0,0,0,0,0,0
31,"San Jose",35.0124335977,-106.672728518,2021-12-01,12,2021,131.31,1.35,0.02,0.01,0.02,0,.,.,.,0,18.2,0.24,5.4,0.02,0,0,0,0,0
31,"San Jose",35.0124335977,-106.672728518,2022-12-01,12,2022,35.92,0.72,0.01,0,0,0,.,.,.,0,5.38,0.09,2.95,1.69,0,0,0,0,0.22
31,"San Jose",35.0124335977,-106.672728518,2023-12-01,12,2023,45.7,0.16,0.04,0.01,0,0,0.16,0.87,0.11,0,6.48,0.13,2.58,0.02,0.01,0,0,0,0.01
31,"San Jose",35.0124335977,-106.672728518,2024-12-01,12,2024,41.08,.,0,0,0.01,0,0.03,0.94,0.46,0,5.89,0.13,1.85,0.02,0,0,0,0,0
32,"Sandia",35.255,-106.5907,2017-01-01,1,2017,0.15,0.19,0.01,0,0,0,.,.,.,0,0.14,0.03,0.47,0,0,0,0,0,0
32,"Sandia",35.255,-106.5907,2018-01-01,1,2018,2.62,12.38,1.09,0,0,0,.,.,.,0,2.14,1.61,0.01,0,0,0,0,0,0
32,"Sandia",35.255,-106.5907,2019-01-01,1,2019,0.56,0.72,1,0,0,0,.,.,.,0,0.99,0.15,3.62,0,0.01,0,0,0,0.03
32,"Sandia",35.255,-106.5907,2020-01-01,1,2020,0.09,3.43,0,0.01,0.08,0.08,.,.,.,0,1.52,0.5,1.79,0,0.01,0,0,0,0.27
32,"Sandia",35.255,-106.5907,2021-01-01,1,2021,0.58,0.72,0.01,0,0,0,.,.,.,0,0.35,0.21,0.26,0,0.01,0,0,0,0
32,"Sandia",35.255,-106.5907,2022-01-01,1,2022,0.33,4.24,0,0.01,0,0,.,.,.,0,1.53,0.63,0.7,0,0.01,0,0,0,0.02
32,"Sandia",35.255,-106.5907,2023-01-01,1,2023,6.48,.,0.11,0.04,0,0,.,.,1.31,0,3.71,1.64,2.72,0,0.01,0,0,0,0.16
32,"Sandia",35.255,-106.5907,2024-01-01,1,2024,5.55,.,0,0,0,0,2.31,0,2.02,0,1.53,0.3,0.79,0,0.23,0,0,0,0.05
32,"Sandia",35.255,-106.5907,2017-02-01,2,2017,0.56,0.11,0.01,0,0,0,.,.,.,0,0.31,0.04,0.35,0,0,0,0,0,0
32,"Sandia",35.255,-106.5907,2018-02-01,2,2018,5.77,5.63,0.02,0.01,0,0,.,.,.,0,1.91,0.73,2.18,0,0,0,0,0,0
32,"Sandia",35.255,-106.5907,2019-02-01,2,2019,5.31,4.47,0.19,0,0,0,.,.,.,0,1.87,0.87,0.55,0,0,0,0,0,0.09
32,"Sandia",35.255,-106.5907,2020-02-01,2,2020,0.09,1.88,0,0.01,0,0,.,.,.,0,0.79,0.24,2.39,0,0.02,0,0.01,0,0.13
32,"Sandia",35.255,-106.5907,2021-02-01,2,2021,0.17,1.09,0.01,0,0,0,.,.,.,0,1.72,0.19,9.55,0,0,0,0,0,0.04
32,"Sandia",35.255,-106.5907,2022-02-01,2,2022,6,0.88,0.01,0.01,0,0,.,.,.,0,1.21,0.15,1.93,0,0,0,0,0,0
32,"Sandia",35.255,-106.5907,2023-02-01,2,2023,1,.,0.01,0,0,0,.,.,0.78,0,1.26,0.17,2.48,0,0.01,0,0,0,0.12
32,"Sandia",35.255,-106.5907,2024-02-01,2,2024,1.15,.,0,0,0,0,1.02,0,0.65,0,0.87,0.13,2.19,0,0.15,0,0,0,0.08
32,"Sandia",35.255,-106.5907,2017-03-01,3,2017,1.08,0.65,0.09,0,0.08,0,.,.,.,0,0.71,0.08,1.49,0,0,0,0,0,0.03
32,"Sandia",35.255,-106.5907,2018-03-01,3,2018,14.16,2.79,0.24,0.01,0,0.01,.,.,.,0,2.91,0.36,3.31,0,0,0,0,0,0.02
32,"Sandia",35.255,-106.5907,2019-03-01,3,2019,3.08,1.39,0.02,0,0,0,.,.,.,0,1.25,0.19,1.26,0,0,0,0,0,0.35
32,"Sandia",35.255,-106.5907,2020-03-01,3,2020,0.02,0.83,0,0.09,0,0,.,.,.,0.01,0.76,0.13,0.16,0.02,0,0,0,0,0.09
32,"Sandia",35.255,-106.5907,2021-03-01,3,2021,1.47,0.62,0,0,0,0,.,.,.,0,4.52,0.14,24.78,0.02,0,0.08,0,0,0.43
32,"Sandia",35.255,-106.5907,2022-03-01,3,2022,5.48,1.4,0.01,0,0,0,.,.,.,0,1.57,0.21,2.49,0,0.01,0.08,0,0,0.01
32,"Sandia",35.255,-106.5907,2023-03-01,3,2023,12.47,6.79,0,0.01,0,0,6.79,0,0.56,0,11.67,0.88,8.23,0.01,0.23,0,0,0,1.93
32,"Sandia",35.255,-106.5907,2024-03-01,3,2024,4.69,.,0,0,0,0,1.46,0,0.71,0,1.84,0.19,5.55,0.03,0.01,0.02,0,0,0.01
32,"Sandia",35.255,-106.5907,2016-04-01,4,2016,3.93,0.25,0,0,0,0,.,.,.,0,4.63,0.03,26.26,0.19,0,0,.,0,0
32,"Sandia",35.255,-106.5907,2017-04-01,4,2017,0,0.03,0,0,0,0.01,.,.,.,0,0.41,0,1.27,0.02,0,0,0.02,0,0
32,"Sandia",35.255,-106.5907,2018-04-01,4,2018,3.25,2.32,0,0,0.01,0,.,.,.,0,2.26,0.3,0.93,0.33,0.01,0,0,0,0.04
32,"Sandia",35.255,-106.5907,2019-04-01,4,2019,1.48,0,0.55,0.02,0,0,.,.,.,0,3.62,0,2.86,1.23,0,0,0,0,0.16
32,"Sandia",35.255,-106.5907,2021-04-01,4,2021,0.25,0.02,0,0,0,0.01,.,.,.,0,0.26,0.04,0.25,0,0,0,0,0,0.07
32,"Sandia",35.255,-106.5907,2022-04-01,4,2022,0.52,1.86,0.01,0,0,0,.,.,.,0.01,0.57,0.27,0.65,0.18,0.01,0.08,0.01,0,0.04
32,"Sandia",35.255,-106.5907,2023-04-01,4,2023,3.77,.,0,0,0,0,.,.,0.02,0,3.03,0.14,6.38,0.09,0,0,0,0,0.12
32,"Sandia",35.255,-106.5907,2024-04-01,4,2024,6.62,.,0,0,0,0,2.39,0,0.32,0,2.89,0.31,5.71,1.17,0.55,0,0.02,0,0.26
32,"Sandia",35.255,-106.5907,2016-05-01,5,2016,1.29,0.52,0.04,0,0,0,.,.,.,0,15.78,0.07,107.97,0.04,2.49,0,0,0,0.29
32,"Sandia",35.255,-106.5907,2017-05-01,5,2017,1.01,1.16,0,0,0,0,.,.,.,0,1.61,0.15,0.85,1.24,2.15,0,0,0,0.28
32,"Sandia",35.255,-106.5907,2018-05-01,5,2018,2.32,1.61,0.63,0,0,0.01,.,.,.,0,2.98,0.21,10.48,0.01,3.39,0.02,0,0,1
32,"Sandia",35.255,-106.5907,2019-05-01,5,2019,0.39,0.31,0,0,0,0.42,.,.,.,0,130.64,0.04,998.96,0.04,0.77,0,0,0,0.46
32,"Sandia",35.255,-106.5907,2021-05-01,5,2021,6.92,2.58,0.01,0.02,0,0,.,.,.,0,4.24,0.38,3.53,0.18,5.82,0,0,0,0.7
32,"Sandia",35.255,-106.5907,2022-05-01,5,2022,4.09,2.7,0.01,0,0,0,.,.,.,0,5.46,0.37,25.85,0.94,7.11,0,0.01,0,1.05
32,"Sandia",35.255,-106.5907,2023-05-01,5,2023,3.78,0.15,0.17,0.01,0,0.01,0.15,0,0.09,0,3.18,0.02,6.08,0.4,4.88,0,0.08,0,1.41
32,"Sandia",35.255,-106.5907,2024-05-01,5,2024,1.85,.,0,0,0,0.09,0.17,0.1,0.08,0.31,2,0.04,2.48,0.02,7.49,0,0.01,0,0.98
32,"Sandia",35.255,-106.5907,2016-06-01,6,2016,0.2,0,0,0,0,0.62,.,.,.,0,5.36,0.01,30.09,0.09,9.93,0,0,0,1.31
32,"Sandia",35.255,-106.5907,2017-06-01,6,2017,1.08,1.55,0.01,0,0,0,.,.,.,0,1.47,0.2,3.48,3.24,0.02,0.01,0,0,0.1
32,"Sandia",35.255,-106.5907,2018-06-01,6,2018,0.02,0.09,0.01,0,0.01,0,.,.,.,0.15,2.31,0.01,4.4,0.8,0.02,0.01,0,0,1.41
32,"Sandia",35.255,-106.5907,2019-06-01,6,2019,0.02,1.09,0.01,0,0,0,.,.,.,0,1.31,0.14,3.01,0.47,4.38,0,0,0,0.73
32,"Sandia",35.255,-106.5907,2021-06-01,6,2021,0.51,2.5,0.02,0,0,0,.,.,.,0,3.22,0.32,5.19,0.17,7.41,0.01,0,0,0.99
32,"Sandia",35.255,-106.5907,2022-06-01,6,2022,2.02,1.55,0,0.01,0,0,.,.,.,0.62,2.2,0.2,5.17,0.25,6.4,0,0,0,0.87
32,"Sandia",35.255,-106.5907,2023-06-01,6,2023,0.02,3.18,0.01,0.02,0,0,3.18,0,0.08,0,2.05,0.41,1.41,0.15,8.93,0,0,0,1.21
32,"Sandia",35.255,-106.5907,2024-06-01,6,2024,0.23,.,0.01,0,4.42,0.54,0,2.64,0.02,0,2.51,0.34,1.64,1.7,7.47,0,0,0,1.19
32,"Sandia",35.255,-106.5907,2016-07-01,7,2016,0.09,2.01,0,0,0,0.01,.,.,.,0,0.86,0.26,1.17,0.01,0.15,0,0,0,0.21
32,"Sandia",35.255,-106.5907,2017-07-01,7,2017,0.77,1.43,0.01,0,0,0,.,.,.,0,2.37,0.18,7.15,0.09,0,0,0,0,0.92
32,"Sandia",35.255,-106.5907,2018-07-01,7,2018,0.08,1.41,0.02,0.01,0,0,.,.,.,0.01,0.42,0.18,0.01,0.62,0,0,0,0,0.1
32,"Sandia",35.255,-106.5907,2019-07-01,7,2019,0.32,0.55,0,0,0,0,.,.,.,0,2.02,0.07,2.08,0,1,0,0,0,0.84
32,"Sandia",35.255,-106.5907,2021-07-01,7,2021,0.01,2.18,0.01,0,0,0.31,.,.,.,0,1.4,0.28,2.49,0.01,2.25,0,0,0,0.37
32,"Sandia",35.255,-106.5907,2022-07-01,7,2022,0,0.94,0,0,0,0.01,.,.,.,0.01,0.76,0.13,2.81,0.02,1,0,0,0,0.17
32,"Sandia",35.255,-106.5907,2023-07-01,7,2023,0,1.63,0,0.09,0,0.09,1.63,0,0.08,0,1.17,0.21,0.48,0.01,4.88,0,0,0,0.74
32,"Sandia",35.255,-106.5907,2024-07-01,7,2024,0,.,0,0,0,0,5.18,0,0.01,0,1.29,0.67,1.47,0.03,0.54,0,0,0,0.24
32,"Sandia",35.255,-106.5907,2016-08-01,8,2016,0.01,2.31,1.49,0,0,0,.,.,.,0,15.67,0.3,109.48,0.01,0,0.24,0,0,0.04
32,"Sandia",35.255,-106.5907,2017-08-01,8,2017,0.16,2.43,0.87,0,0,0,.,.,.,0,8.53,0.32,55.67,0,0,0.12,0,0,0.25
32,"Sandia",35.255,-106.5907,2018-08-01,8,2018,0,1.41,0,0,0.01,0,.,.,.,0,0.74,0.18,0.36,0,0,0,0,0,0.15
32,"Sandia",35.255,-106.5907,2019-08-01,8,2019,0,0.72,0.01,0.01,0,0,.,.,.,0,360.58,0.09,2733.18,0,0.02,0,0,0,1.13
32,"Sandia",35.255,-106.5907,2021-08-01,8,2021,0.02,0.09,0,0.01,0,0,.,.,.,0.01,0.61,0.01,2.64,0,1.01,0,0,0,0.13
32,"Sandia",35.255,-106.5907,2022-08-01,8,2022,0.02,1.02,0,0,0.01,0.01,.,.,.,0,0.47,0.2,0.35,0.02,0.55,0,0,0,0.16
32,"Sandia",35.255,-106.5907,2023-08-01,8,2023,0.01,1.34,0,0,0,0,1.34,0,0,0,0.88,0.17,0.73,0,2.47,0,0,0,0.34
32,"Sandia",35.255,-106.5907,2024-08-01,8,2024,0.01,.,0,0,0,0.1,3.34,0,1.23,0,1.18,0.43,1.17,0.01,1,0,0,0,0.28
32,"Sandia",35.255,-106.5907,2016-09-01,9,2016,0.78,0.77,0.16,0,0,0,.,.,.,0,0.96,0.11,3.21,0,0,0,0,0,0.03
32,"Sandia",35.255,-106.5907,2017-09-01,9,2017,0,0.23,0.08,0,0,0,.,.,.,0,2.98,0.03,4.48,0,0,0,0,0,0.12
32,"Sandia",35.255,-106.5907,2018-09-01,9,2018,0.01,3,0.54,0,0,0,.,.,.,0,0.8,0.39,1.02,0,0,0,0,0,0.09
32,"Sandia",35.255,-106.5907,2019-09-01,9,2019,0.78,1.17,0.02,0.01,0,0,.,.,.,0,2.55,0.15,1.18,0,0.01,0.01,0,0,0.07
32,"Sandia",35.255,-106.5907,2021-09-01,9,2021,0,0.01,0,0,0,0,.,.,.,0,0.52,0.08,0.02,0,0,0,0,0,0.23
32,"Sandia",35.255,-106.5907,2022-09-01,9,2022,0.01,0.1,0,0,0,0,.,.,.,0,0.66,0.14,2.81,0,0,0,0,0,0.09
32,"Sandia",35.255,-106.5907,2023-09-01,9,2023,0,0.72,0,0,0,0,0.72,0,0.54,0,0.75,0.09,0.95,0,0.55,0,0,0,0.18
32,"Sandia",35.255,-106.5907,2024-09-01,9,2024,0.15,.,0,0.01,0,0,3.86,0,1.7,0,1.55,0.5,2.55,0.01,1.31,0.01,0,0,0.31
32,"Sandia",35.255,-106.5907,2016-10-01,10,2016,0.17,2.09,0,0.01,0,0,.,.,.,0,0.91,0.3,1.11,0,0,0,0,0,0.03
32,"Sandia",35.255,-106.5907,2017-10-01,10,2017,0,0.64,0.01,0,1.78,0,.,.,.,0,0.77,0.08,2.23,0,0,0,0.08,0,0.01
32,"Sandia",35.255,-106.5907,2018-10-01,10,2018,0,1.69,8.77,0,0,0,.,.,.,1.08,2.37,0.22,0.02,0,0.92,0,0,0,0.8
32,"Sandia",35.255,-106.5907,2019-10-01,10,2019,0,2.15,0.01,0,0,0,.,.,.,0,2.86,0.35,16.26,0,0.01,0,0,0,0.1
32,"Sandia",35.255,-106.5907,2020-10-01,10,2020,0.55,16.56,0.01,0,0,0.38,.,.,.,0,12.64,2.27,24.54,0.09,2.23,0.01,0,0,2.78
32,"Sandia",35.255,-106.5907,2021-10-01,10,2021,0.02,1.41,0.01,0,0,0,.,.,.,0,0.59,0.31,1.2,0,0.02,0.01,0,0,0.03
32,"Sandia",35.255,-106.5907,2022-10-01,10,2022,0.04,4.19,0.01,0,0,0,.,.,.,0,1.03,0.61,0.31,0,0.01,0,0,0,0.19
32,"Sandia",35.255,-106.5907,2023-10-01,10,2023,0,3.32,0.08,0,0,0,3.32,0,0.88,0,1.85,0.43,5.4,0,0.23,0.01,0,0,0.16
32,"Sandia",35.255,-106.5907,2024-10-01,10,2024,0.02,.,0.01,0,0,1.46,3.93,0,0.56,0,1.61,0.51,3.56,0,0.01,0.09,0,0,0.07
32,"Sandia",35.255,-106.5907,2016-11-01,11,2016,11.09,1.87,0.06,0,0,0,.,.,.,0,11.71,1.91,58.4,0,0,0,0,0,0.04
32,"Sandia",35.255,-106.5907,2017-11-01,11,2017,4.46,23.78,0,0,0,0,.,.,.,0,4.17,3.13,2.08,0,0,0,0.01,0,0
32,"Sandia",35.255,-106.5907,2018-11-01,11,2018,3.87,15.96,0.64,0,0,0.01,.,.,.,0,3.01,2.19,0.28,0,0,0,0,0,0.11
32,"Sandia",35.255,-106.5907,2019-11-01,11,2019,2.15,29.95,0,0.01,0,0,.,.,.,0,5.05,4.06,1.48,0,0,0,0,0,0.13
32,"Sandia",35.255,-106.5907,2020-11-01,11,2020,7.18,49.93,0,0.01,0,0,.,.,.,0,8.82,6.59,3.38,0,0,0,0,0,0.09
32,"Sandia",35.255,-106.5907,2021-11-01,11,2021,2.93,30.69,0.15,0,0,0,.,.,.,0,5.19,4.09,1.03,0,0.01,0.09,0,0,0.02
32,"Sandia",35.255,-106.5907,2022-11-01,11,2022,2.32,63.34,0,0.09,0,0,.,.,.,0,9.78,8.23,5.48,0,0.01,0,0,0,0.34
32,"Sandia",35.255,-106.5907,2023-11-01,11,2023,3.54,49.48,0.01,0,0,0,49.48,0,0.09,0,7.85,6.43,0.23,0,0.31,0,0,0,0.22
32,"Sandia",35.255,-106.5907,2024-11-01,11,2024,3.85,.,0.54,0,0,0,48.01,0.01,0.09,0,7.59,6.24,1,0,0,0,0,0,0.02
32,"Sandia",35.255,-106.5907,2016-12-01,12,2016,4.02,0.25,0.03,0.01,0,0,.,.,.,0,2.15,0.74,6.41,0,0,0,0,0,0
32,"Sandia",35.255,-106.5907,2017-12-01,12,2017,1.32,5.63,0,0,0,0,.,.,.,0,0.94,0.73,0.03,0,0,0,0,0,0
32,"Sandia",35.255,-106.5907,2018-12-01,12,2018,53.62,7.39,1.62,0,0,0,.,.,.,0,10,1.51,2.24,0,0,0.01,0,0,0.27
32,"Sandia",35.255,-106.5907,2019-12-01,12,2019,2.02,1.86,0,0.01,0,0,.,.,.,0,4.89,0.43,24.43,0,0,0,0,0,0.26
32,"Sandia",35.255,-106.5907,2020-12-01,12,2020,1.96,6.85,0.02,0.03,0,0,.,.,.,0,1.41,0.96,0.25,0,0.01,0.01,0,0,0.04
32,"Sandia",35.255,-106.5907,2021-12-01,12,2021,85.99,30.26,0.28,0.02,0,0,.,.,.,0,20.02,4.08,20.26,0.02,0.02,0.09,0,0,0.05
32,"Sandia",35.255,-106.5907,2023-12-01,12,2023,11.88,15.74,0.01,0,0,0,15.74,0,0.69,0,4.17,1.84,0,0,0,0,0,0,0.09
32,"Sandia",35.255,-106.5907,2024-12-01,12,2024,5.17,.,0.01,0,0,0,23,0,1.39,0,4.43,2.99,0.32,0,0.02,0,0,0,0.08
33,"Bosque del Apache",33.8196650872,-106.854014975,2019-01-01,1,2019,5.46,0.02,0,0.06,0,0,.,.,.,0,0.77,0,0.01,0,0,0,0,0,0
33,"Bosque del Apache",33.8196650872,-106.854014975,2020-01-01,1,2020,2.64,0.02,0.01,0.43,0,0,.,.,.,0,1.18,0.02,5.56,0,0,0,0,0,0
33,"Bosque del Apache",33.8196650872,-106.854014975,2021-01-01,1,2021,1.56,0.08,0,0.66,0,0.01,.,.,.,0.01,0.41,0.01,0.42,0.01,0,0,0,0.01,0
33,"Bosque del Apache",33.8196650872,-106.854014975,2022-01-01,1,2022,6.02,0.09,0.09,0.87,0,0,.,.,.,0,0.99,0.01,0.4,0.08,0,0,0,0,0.01
33,"Bosque del Apache",33.8196650872,-106.854014975,2023-01-01,1,2023,2.78,.,0,0.73,0,0,.,.,0.01,0,0.47,0,0.05,0,0,0,0,0,0
33,"Bosque del Apache",33.8196650872,-106.854014975,2024-01-01,1,2024,27.85,.,0.01,0.87,0,0,0.01,0.01,0.02,0,3.87,0,0.8,0.01,0,0,0,0,0
33,"Bosque del Apache",33.8196650872,-106.854014975,2019-02-01,2,2019,0.81,0.01,0,0.88,0,0,.,.,.,0,0.32,0.01,0.17,0.02,0,0,0,0,0
33,"Bosque del Apache",33.8196650872,-106.854014975,2020-02-01,2,2020,1.79,0.02,0,0.87,0,0,.,.,.,0,0.54,0,0.8,0,0,0,0,0,0
33,"Bosque del Apache",33.8196650872,-106.854014975,2021-02-01,2,2021,1.32,0.03,0.01,0.35,0,0,.,.,.,0,0.49,0,1.06,0.33,0,0,0,0.01,0.05
33,"Bosque del Apache",33.8196650872,-106.854014975,2022-02-01,2,2022,2.25,0.01,0,0.59,0,0.01,.,.,.,0,1.21,0,5.79,0.23,0,0,0.01,0,0.03
33,"Bosque del Apache",33.8196650872,-106.854014975,2023-02-01,2,2023,3.1,.,0,0.49,0,0,.,.,0.09,0,2.58,0,15.62,0.39,0,0,0,0,0.05
33,"Bosque del Apache",33.8196650872,-106.854014975,2024-02-01,2,2024,14.77,.,0,0.28,0,0,0,0,0.02,0.15,2.08,0,0.36,0.02,0,0,0,0.01,0
33,"Bosque del Apache",33.8196650872,-106.854014975,2018-03-01,3,2018,0.02,0.01,0,0.42,0,0,.,.,.,0,1.42,0,7.09,2.92,0,0,0,0,0.38
33,"Bosque del Apache",33.8196650872,-106.854014975,2019-03-01,3,2019,0.66,0.01,0,0.2,0,0,.,.,.,0,2.39,0,2.5,14.32,0,0.01,0,0.08,1.87
33,"Bosque del Apache",33.8196650872,-106.854014975,2020-03-01,3,2020,0.35,0.02,0,0.02,0,0,.,.,.,0,1.57,0,0.62,10.55,0,0,0,0,1.37
33,"Bosque del Apache",33.8196650872,-106.854014975,2021-03-01,3,2021,0.04,0,0.01,0.5,0,0,.,.,.,0,2.02,0,14.09,0.12,0,0,0,0,0.02
33,"Bosque del Apache",33.8196650872,-106.854014975,2022-03-01,3,2022,0.02,0,0,0.06,0,0,.,.,.,0,0.15,0,0.96,0.02,0,0,0,0,0
33,"Bosque del Apache",33.8196650872,-106.854014975,2023-03-01,3,2023,0.49,.,0,0.02,0,0,.,.,0.08,0,1.8,0,0.56,12.62,0,0,0,0,1.64
33,"Bosque del Apache",33.8196650872,-106.854014975,2024-03-01,3,2024,13.94,.,0,0.42,0,0,0.01,0,0.01,0,3.1,0,3.24,5.85,0,0,0,0.01,0.78
33,"Bosque del Apache",33.8196650872,-106.854014975,2018-04-01,4,2018,1.71,0.01,0,0.47,0,0,.,.,.,0,10.48,0,36.7,39.23,0,0,0,0,5.23
33,"Bosque del Apache",33.8196650872,-106.854014975,2019-04-01,4,2019,1.1,0.01,0,0.1,0.01,0,.,.,.,0,5.03,0,3.24,34,0,0,0,0,4.42
33,"Bosque del Apache",33.8196650872,-106.854014975,2020-04-01,4,2020,1.36,0.01,0,0.18,0,0,.,.,.,0,7.75,0,1.03,55.92,0.08,0.01,0,0,7.28
33,"Bosque del Apache",33.8196650872,-106.854014975,2021-04-01,4,2021,0.8,0.03,0,0.14,0.01,0,.,.,.,0,5.39,0,2.31,37.59,0,0,0.01,0,4.89
33,"Bosque del Apache",33.8196650872,-106.854014975,2022-04-01,4,2022,0.72,0,0.01,0.36,0,0,.,.,.,0,4.89,0.01,0.51,36,0,0,0,0,4.68
33,"Bosque del Apache",33.8196650872,-106.854014975,2023-04-01,4,2023,0.8,0,0,0.12,0,0,0,0,0,0,4.79,0,2.5,32.92,0,0,0,0.01,4.28
33,"Bosque del Apache",33.8196650872,-106.854014975,2024-04-01,4,2024,0.69,.,0,0.23,0,0,0,0.08,0,0,4.58,0.01,3.92,28.38,0,0,0,0,3.69
33,"Bosque del Apache",33.8196650872,-106.854014975,2018-05-01,5,2018,15.46,0.01,0,0.03,0.01,0,.,.,.,0,4.6,0,2.32,12.93,0.87,0,0,0,1.89
33,"Bosque del Apache",33.8196650872,-106.854014975,2019-05-01,5,2019,0.02,0,0,0,0,0,.,.,.,0,0.01,0,0.03,0.02,0,0,0,0,0
33,"Bosque del Apache",33.8196650872,-106.854014975,2020-05-01,5,2020,12.7,0.02,0,0.02,0,0,.,.,.,0,9.99,0,1.48,59.92,1.85,0,0,0,8.03
33,"Bosque del Apache",33.8196650872,-106.854014975,2021-05-01,5,2021,8.32,0.02,0,0.27,0,0,.,.,.,0,4.57,0,15.78,10.46,0.02,0,0,0,1.36
33,"Bosque del Apache",33.8196650872,-106.854014975,2022-05-01,5,2022,7.32,0,0.01,0,0,0,.,.,.,0,6.99,0,16.78,28.54,0.01,0,0,0,3.76
33,"Bosque del Apache",33.8196650872,-106.854014975,2023-05-01,5,2023,3.71,0,0,0.26,0,0,0,0,0,0,3.68,0,5.08,18.77,0.02,0,0,0.02,2.44
33,"Bosque del Apache",33.8196650872,-106.854014975,2024-05-01,5,2024,2.25,.,0,0.1,0,0,0,0,0,0,4.32,0,1.54,29.31,0,0,0,0,3.81
33,"Bosque del Apache",33.8196650872,-106.854014975,2018-06-01,6,2018,43.62,0.09,0,0,0,0,.,.,.,0,11.65,0.01,1.32,43.69,0.01,0,0,0,5.68
33,"Bosque del Apache",33.8196650872,-106.854014975,2020-06-01,6,2020,23.31,0.39,0,0.32,0,0,.,.,.,0,7.98,0.05,2.32,31.77,0.7,0.01,0,0,4.32
33,"Bosque del Apache",33.8196650872,-106.854014975,2021-06-01,6,2021,3.01,0.03,0.01,0.19,0,0.01,.,.,.,0,4.5,0,3.65,27.09,0.32,0,0,0,3.56
33,"Bosque del Apache",33.8196650872,-106.854014975,2022-06-01,6,2022,2.78,0.02,0,0.3,0,0,.,.,.,0,3.94,0,10.03,16.08,0.48,0,0,0,2.15
33,"Bosque del Apache",33.8196650872,-106.854014975,2023-06-01,6,2023,4.94,0,0,0.79,0,0,0,0.01,0.08,0,5.43,0,4.47,31,0.48,0,0,0.01,4.09
33,"Bosque del Apache",33.8196650872,-106.854014975,2024-06-01,6,2024,4.02,.,0,0.11,0,0.01,0.01,0.01,0,0,5.38,0,4.63,31.77,0.39,0,0,0.23,4.21
33,"Bosque del Apache",33.8196650872,-106.854014975,2018-07-01,7,2018,57.85,1.72,0,2.58,0,0,.,.,.,0,8.68,0.22,2.62,1.56,0.01,0,0,0,0.2
33,"Bosque del Apache",33.8196650872,-106.854014975,2020-07-01,7,2020,29.57,0,0,0.27,0,0,.,.,.,0.01,5.36,0.34,6.77,1.13,0.02,0,0,0,0.14
33,"Bosque del Apache",33.8196650872,-106.854014975,2021-07-01,7,2021,5.71,0.08,0,0.81,0.02,0,.,.,.,0,2.86,0.01,8.39,6.41,0.08,0,0,0.01,0.84
33,"Bosque del Apache",33.8196650872,-106.854014975,2022-07-01,7,2022,2.02,0.02,0.01,0.27,0,0,.,.,.,0,0.57,0,1.12,0.56,0.08,0.02,0,0.08,0.1
33,"Bosque del Apache",33.8196650872,-106.854014975,2023-07-01,7,2023,4.1,0,0,0.12,0,0,0,0.15,0,0,2.77,0.02,2.91,12.86,0.02,0,0,0.01,1.69
33,"Bosque del Apache",33.8196650872,-106.854014975,2024-07-01,7,2024,2.33,.,0,0.11,0,0,0,0.02,0,0,1.95,0,2.59,6.85,0,0.01,0,0.09,1.27
33,"Bosque del Apache",33.8196650872,-106.854014975,2018-08-01,8,2018,8.95,0.4,0.01,7.22,0,0,.,.,.,0,3.74,0.05,11.74,0.02,0,0.01,0,0,0
33,"Bosque del Apache",33.8196650872,-106.854014975,2019-08-01,8,2019,1.32,0.08,0,0.06,0,0,.,.,.,0,0.51,0.01,2.08,0.01,0,0,0,0,0
33,"Bosque del Apache",33.8196650872,-106.854014975,2020-08-01,8,2020,18.46,0.56,0,0.27,0,0,.,.,.,0,3.55,0.07,5.87,1.87,0.02,0,0,0,0.24
33,"Bosque del Apache",33.8196650872,-106.854014975,2021-08-01,8,2021,4.92,0.02,0,0.2,0,0,.,.,.,0,1.11,0,2.96,0.11,0.01,0,0,0,0.02
33,"Bosque del Apache",33.8196650872,-106.854014975,2022-08-01,8,2022,8,0.23,0,0.56,0,0,.,.,.,0,1.84,0.03,5.2,0.07,0.01,0,0,0,0.01
33,"Bosque del Apache",33.8196650872,-106.854014975,2023-08-01,8,2023,3.46,0,0,0.56,0,0,0,0.16,0,0,1.24,0.02,4.49,0.33,0.01,0,0,0.16,0.07
33,"Bosque del Apache",33.8196650872,-106.854014975,2024-08-01,8,2024,2.17,.,0,0.29,0,0,0,0.02,0,0,0.39,0,1.02,0.35,0.02,0,0,0.02,0.05
33,"Bosque del Apache",33.8196650872,-106.854014975,2018-09-01,9,2018,9,0,0,1.18,0,0,.,.,.,0,1.61,0.1,0.39,0.02,0,0.15,0,0,0.02
33,"Bosque del Apache",33.8196650872,-106.854014975,2019-09-01,9,2019,13.15,0.03,0.01,1.93,0,0,.,.,.,0,7.16,0.01,32.66,0.02,0,0,0,0,0
33,"Bosque del Apache",33.8196650872,-106.854014975,2020-09-01,9,2020,45,0.02,0,1.73,0,0,.,.,.,0,8.17,0,11.17,0.41,0.01,0,0,0,0.06
33,"Bosque del Apache",33.8196650872,-106.854014975,2021-09-01,9,2021,18.69,0.15,0.01,0.65,0,0,.,.,.,0,3.78,0.02,7.24,0.07,0.08,0,0,0,0.25
33,"Bosque del Apache",33.8196650872,-106.854014975,2022-09-01,9,2022,9.15,0.25,0,0.42,0,0,.,.,.,0,1.4,0.03,0.18,0.01,0,0,0,0,0
33,"Bosque del Apache",33.8196650872,-106.854014975,2023-09-01,9,2023,5.46,0,0,0.2,0,0.08,0,0.09,0,0,1.61,0.01,4.72,0.4,0.01,0,0,0.02,0.06
33,"Bosque del Apache",33.8196650872,-106.854014975,2024-09-01,9,2024,0.09,.,0,0,0,0.26,0,2.31,0,0,1.83,0.27,4.44,0,0.26,0,0,0,0.13
33,"Bosque del Apache",33.8196650872,-106.854014975,2018-10-01,10,2018,34.46,1.93,0,1.48,0,0,.,.,.,0,5.44,0.25,3.25,0.01,0,0,0,0,0
33,"Bosque del Apache",33.8196650872,-106.854014975,2019-10-01,10,2019,88.69,0.54,0.08,0.74,0,0,.,.,.,0,12.58,0.07,5.08,0.05,0.02,0,0,0,0.01
33,"Bosque del Apache",33.8196650872,-106.854014975,2020-10-01,10,2020,47.69,0.78,0.02,3.46,0,0,.,.,.,0,7.22,0.1,1.35,0.02,0.02,0,0,0.86,0.12
33,"Bosque del Apache",33.8196650872,-106.854014975,2021-10-01,10,2021,72.77,0.56,0.01,2.79,0,0,.,.,.,0,11.73,0.08,11.79,1.49,0.01,0.01,0,0,0.22
33,"Bosque del Apache",33.8196650872,-106.854014975,2022-10-01,10,2022,17.61,0.32,0,0.72,0,0,.,.,.,0,2.89,0.05,2.58,0.72,0.01,0,0,0,0.1
33,"Bosque del Apache",33.8196650872,-106.854014975,2023-10-01,10,2023,10.92,0,0,0.73,0,0,0,0.17,0.23,0,2.17,0.02,3.89,0.48,0,0,0,0,0.07
33,"Bosque del Apache",33.8196650872,-106.854014975,2024-10-01,10,2024,49.08,.,0,1.73,0,0,0,0.46,0.16,0.01,7.16,0.06,2.88,0.49,0,0,0,0,0.07
33,"Bosque del Apache",33.8196650872,-106.854014975,2018-11-01,11,2018,170.31,0.54,0,2.33,0,0.01,.,.,.,0,23.35,0.13,5.18,0.26,0.23,0,0,0,0.06
33,"Bosque del Apache",33.8196650872,-106.854014975,2019-11-01,11,2019,411.69,9.85,0,21.17,0,0,.,.,.,0.01,59.56,1.28,12.62,0.79,0,0,0,0,0.1
33,"Bosque del Apache",33.8196650872,-106.854014975,2020-11-01,11,2020,126.92,1.02,0,14.02,0.15,0,.,.,.,0.01,19.05,0.14,3.12,0.03,0,0,0,0,0.04
33,"Bosque del Apache",33.8196650872,-106.854014975,2021-11-01,11,2021,161.08,2.33,0,9.7,0,0,.,.,.,0.01,23.29,0.3,5.19,0.33,0.01,0,0,0,0.06
33,"Bosque del Apache",33.8196650872,-106.854014975,2022-11-01,11,2022,223.54,1.31,0,11.39,0,0,.,.,.,0.02,31.69,0.17,5.86,0.87,0.01,0,0,0,0.11
33,"Bosque del Apache",33.8196650872,-106.854014975,2023-11-01,11,2023,126.15,.,0,13.02,0,0,.,.,0,0,18.86,0.11,3.63,0.65,0,0,0,0,0.09
33,"Bosque del Apache",33.8196650872,-106.854014975,2024-11-01,11,2024,168.69,.,0,7.49,0,0,0.08,0.78,0.32,0.02,23.64,0.11,3.65,0.33,0,0,0,0,0.04
33,"Bosque del Apache",33.8196650872,-106.854014975,2018-12-01,12,2018,34.63,0.32,0.25,16.71,0,0,.,.,.,0,6.98,0.04,1.03,0.02,0,0.01,0,0,0.01
33,"Bosque del Apache",33.8196650872,-106.854014975,2019-12-01,12,2019,24.48,3.09,0.01,11.79,0,0,.,.,.,0,41.53,0.4,279.09,0.01,0,0,0,0,0
33,"Bosque del Apache",33.8196650872,-106.854014975,2020-12-01,12,2020,53.16,0.64,0,1.66,0,0,.,.,.,0,8.13,0.08,6.73,0.02,0,0,0,0,0
33,"Bosque del Apache",33.8196650872,-106.854014975,2021-12-01,12,2021,34.79,0.79,0,4.88,0,0,.,.,.,0,5.37,0.1,0.11,0.01,0,0,0,0.02,0
33,"Bosque del Apache",33.8196650872,-106.854014975,2022-12-01,12,2022,38.15,0.24,0,5.02,0,0,.,.,.,0.01,5.91,0.07,1.48,0,0,0,0,0,0
33,"Bosque del Apache",33.8196650872,-106.854014975,2023-12-01,12,2023,78.61,0.08,0.01,3.25,0,0,0.08,0.16,0,0,11.2,0.03,3.66,0.31,0,0,0,0,0.04
33,"Bosque del Apache",33.8196650872,-106.854014975,2024-12-01,12,2024,30.34,.,0,2.59,0,0,0.01,0.17,0.1,0.01,4.32,0.02,0.04,0.01,0,0,0,0,0
34,"River Realignment",33.8227,-106.8419,2021-01-01,1,2021,0,0,0,0,0,0,.,.,.,0,0.01,0,0,0,0,0,0,0,0
34,"River Realignment",33.8227,-106.8419,2023-01-01,1,2023,0,0,0,0,0,0,0,0,0,0,0.01,0,0.08,0,0,0,0,0,0
34,"River Realignment",33.8227,-106.8419,2024-01-01,1,2024,35.38,.,0,0,0,0,0,0,0,0,4.6,0,0,0,0,0,0,0,0
34,"River Realignment",33.8227,-106.8419,2020-02-01,2,2020,0,0.08,0.08,0,0,0,.,.,.,0,0.1,0.01,0.77,0.08,0,0,0,0,0
34,"River Realignment",33.8227,-106.8419,2021-02-01,2,2021,0,0.08,0.08,0,0,0,.,.,.,0,0.01,0.01,0.08,0,0,0,0,0,0
34,"River Realignment",33.8227,-106.8419,2023-02-01,2,2023,0.08,.,0,0.08,0,0,.,.,0,0,0.01,0,0,0,0,0,0,0,0
34,"River Realignment",33.8227,-106.8419,2024-02-01,2,2024,0.08,.,0,0,0,0,0,0,0,0,0.01,0,0,0,0,0,0,0,0
34,"River Realignment",33.8227,-106.8419,2020-03-01,3,2020,0,0,0,0,0,0,.,.,.,0,.,0,0,0,0,0,0,0,0
34,"River Realignment",33.8227,-106.8419,2021-03-01,3,2021,0,0,0,0,0,0,.,.,.,0,0.01,0,0,0,0,0,0,0,0
34,"River Realignment",33.8227,-106.8419,2023-03-01,3,2023,0,.,0,0,0,0,.,.,0,0,0,0,0,0,0,0,0,0,0
34,"River Realignment",33.8227,-106.8419,2024-03-01,3,2024,2.31,.,0,0,0,0,0,0,0,0,0.3,0,0,0,0,0,0,0,0
34,"River Realignment",33.8227,-106.8419,2020-04-01,4,2020,0,0.08,0,0,0,0,.,.,.,0,2.5,0.01,3.85,15.38,0.08,0,0,0,0.2
34,"River Realignment",33.8227,-106.8419,2021-04-01,4,2021,0.08,0,0.08,0,0,0,.,.,.,0,1.1,0,0.08,8.46,0,0,0,0,0.11
34,"River Realignment",33.8227,-106.8419,2023-04-01,4,2023,0,.,0,0,0,0,.,.,0,0,0.1,0,0.08,0.08,0,0,0,0,0
34,"River Realignment",33.8227,-106.8419,2024-04-01,4,2024,0.08,.,0,0,0,0,0,0,0,0,0.2,0,0,1.54,0,0,0,0,0.02
34,"River Realignment",33.8227,-106.8419,2019-05-01,5,2019,0.01,0,0,0,0,0,.,.,.,0,0.9,0,0,6.92,0,0,0,0,0.9
34,"River Realignment",33.8227,-106.8419,2020-05-01,5,2020,0,12.31,0,0,0,0,.,.,.,0,6.7,1.6,0,3.08,35.38,0,0,0,0.5
34,"River Realignment",33.8227,-106.8419,2021-05-01,5,2021,0.08,0.08,0,0,0,0.08,.,.,.,0,0.4,0.01,0,0.77,0,0,0,0,0.03
34,"River Realignment",33.8227,-106.8419,2023-05-01,5,2023,0,0,0,0,0,0,0,0,0,0,0.01,0,0,0,0,0,0,0,0
34,"River Realignment",33.8227,-106.8419,2024-05-01,5,2024,0,.,0,0,0,0,0,0,0,0,0.1,0,0.08,0.77,0,0,0,0,0.01
34,"River Realignment",33.8227,-106.8419,2020-06-01,6,2020,0.08,6.15,1.54,0,0,0,.,.,.,0,8.5,0.8,36.92,6.15,11.54,0,0,0,0.23
34,"River Realignment",33.8227,-106.8419,2021-06-01,6,2021,0,10.77,0,0,0,0,.,.,.,0,3.8,1.4,3.08,0.77,13.08,0,0,0,0.18
34,"River Realignment",33.8227,-106.8419,2024-06-01,6,2024,0,.,0,0,0,0,0,0,0,0,0.2,0,1.54,0,0,0,0,0,0
34,"River Realignment",33.8227,-106.8419,2020-07-01,7,2020,0.08,0.77,0,0,0,0,.,.,.,0,1,0.1,5.38,0,0,0.77,0,0,0.01
34,"River Realignment",33.8227,-106.8419,2021-07-01,7,2021,1.54,0.77,0,0,0,0.77,.,.,.,0,0.8,0.1,0,0.08,0,0,0,0,0.02
34,"River Realignment",33.8227,-106.8419,2023-07-01,7,2023,.,.,.,.,.,.,.,.,.,.,.,0,.,.,.,.,.,.,0
34,"River Realignment",33.8227,-106.8419,2024-07-01,7,2024,0.08,.,0,0.08,0,0,0,0,0,0,0.2,0,0.77,0.77,0,0,0,0,0.01
34,"River Realignment",33.8227,-106.8419,2019-08-01,8,2019,1.54,0.08,0.77,0.08,0,0,.,.,.,0,6.3,0.01,17.69,0.08,10,0,0,0,1.31
34,"River Realignment",33.8227,-106.8419,2020-08-01,8,2020,0.08,0.08,0.08,0,0,0,.,.,.,0,0.01,0.01,0.08,0,0,0,0,0,0
34,"River Realignment",33.8227,-106.8419,2021-08-01,8,2021,0,1.54,0,0,0,0,.,.,.,0.08,0.4,0.2,0.77,0,0,0.77,0,0,0.01
34,"River Realignment",33.8227,-106.8419,2023-08-01,8,2023,0.77,0,0,0,0,0,0,0,0,0,0.1,0,0,0.08,0,0,0,0,0
34,"River Realignment",33.8227,-106.8419,2024-08-01,8,2024,0,.,0,0,0,0,0,0,0,0,0.01,0,0.08,0,0,0,0,0,0
34,"River Realignment",33.8227,-106.8419,2019-09-01,9,2019,0.15,0.08,0.08,0,0,0,.,.,.,0,0.4,0.01,0,0,0,0,0,0,0
34,"River Realignment",33.8227,-106.8419,2020-09-01,9,2020,2.31,0.08,2.31,0,0,0,.,.,.,0,0.6,0.01,0,0,0,0,0,0,0
34,"River Realignment",33.8227,-106.8419,2021-09-01,9,2021,0,3.08,0,0,0,0,.,.,.,0,0.4,0.4,0.08,0,0,0,0,0,0
34,"River Realignment",33.8227,-106.8419,2023-09-01,9,2023,0,0,0,0,0,0,0,0,0,0,0.01,0,0.08,0,0,0,0,0,0
34,"River Realignment",33.8227,-106.8419,2019-10-01,10,2019,0.46,6.15,0,0,0,0,.,.,.,0,1.5,0.8,0,0,0,0,0,0,0
34,"River Realignment",33.8227,-106.8419,2022-10-01,10,2022,0,0,0,0.08,0,0,.,.,.,0,0.7,0,0.08,0,0,0,0,0,0
34,"River Realignment",33.8227,-106.8419,2019-11-01,11,2019,12.46,103.85,0.08,0.08,0,0,.,.,.,0,30.8,13.5,6.15,0,0,0,0,0,0
34,"River Realignment",33.8227,-106.8419,2020-11-01,11,2020,0.08,1.54,0.08,0.08,0,0,.,.,.,0,0.7,0.2,0.77,0,0,0,0,0,0
34,"River Realignment",33.8227,-106.8419,2022-11-01,11,2022,3.85,0,0,0.77,0,0,.,.,.,0,0.6,0,0.08,0,0,0,0,0,0
34,"River Realignment",33.8227,-106.8419,2023-11-01,11,2023,6.15,0,0,0,0,0,0,0,0,0,0.9,0,0.77,0,0,0,0,0,0
34,"River Realignment",33.8227,-106.8419,2020-12-01,12,2020,0,0,0,0,0,0,.,.,.,0,0.01,0,0.08,0,0,0,0,0,0
34,"River Realignment",33.8227,-106.8419,2022-12-01,12,2022,14.62,0,0,0.08,0,0,.,.,.,0,3.5,0,11.54,0,0,0,0,0,0
34,"River Realignment",33.8227,-106.8419,2023-12-01,12,2023,20.77,0,0,0,0,0,0,0,0,0,2.7,0,0,0,0,0,0,0,0
